Copyright 1986-2022 Xilinx, Inc. All Rights Reserved. Copyright 2022-2026 Advanced Micro Devices, Inc. All Rights Reserved.
---------------------------------------------------------------------------------------------------------------------------------------------
| Tool Version : Vivado v.2026.1 (win64) Build 6511674 Tue Jun 16 11:02:23 MDT 2026
| Date         : Thu Oct  1 14:10:41 2026
| Host         : DESKTOP-2MR89AG running 64-bit major release  (build 9200)
| Command      : report_timing_summary -delay_type min_max -max_paths 20 -report_unconstrained -file reports/post_route_timing_summary.rpt
| Design       : vector_system
| Device       : 7k480t-ffg1156
| Speed File   : -2  PRODUCTION 1.12 2017-02-17
| Design State : Routed
---------------------------------------------------------------------------------------------------------------------------------------------

Timing Summary Report

------------------------------------------------------------------------------------------------
| Timer Settings
| --------------
------------------------------------------------------------------------------------------------

  Enable Multi Corner Analysis               :  Yes
  Enable Pessimism Removal                   :  Yes
  Pessimism Removal Resolution               :  Nearest Common Node
  Enable Input Delay Default Clock           :  No
  Enable Preset / Clear Arcs                 :  No
  Disable Flight Delays                      :  No
  Ignore I/O Paths                           :  No
  Timing Early Launch at Borrowing Latches   :  No
  Borrow Time for Max Delay Exceptions       :  Yes
  Merge Timing Exceptions                    :  Yes
  Inter-SLR Compensation                     :  Conservative

  Corner  Analyze    Analyze    
  Name    Max Paths  Min Paths  
  ------  ---------  ---------  
  Slow    Yes        Yes        
  Fast    Yes        Yes        


------------------------------------------------------------------------------------------------
| Report Methodology
| ------------------
------------------------------------------------------------------------------------------------

No report available as report_methodology has not been run prior. Run report_methodology on the current design for the summary of methodology violations.



check_timing report

Table of Contents
-----------------
1. checking no_clock (0)
2. checking constant_clock (0)
3. checking pulse_width_clock (0)
4. checking unconstrained_internal_endpoints (0)
5. checking no_input_delay (204)
6. checking no_output_delay (171)
7. checking multiple_clock (0)
8. checking generated_clocks (0)
9. checking loops (0)
10. checking partial_input_delay (0)
11. checking partial_output_delay (0)
12. checking latch_loops (0)

1. checking no_clock (0)
------------------------
 There are 0 register/latch pins with no clock.


2. checking constant_clock (0)
------------------------------
 There are 0 register/latch pins with constant_clock.


3. checking pulse_width_clock (0)
---------------------------------
 There are 0 register/latch pins which need pulse_width check


4. checking unconstrained_internal_endpoints (0)
------------------------------------------------
 There are 0 pins that are not constrained for maximum delay.

 There are 0 pins that are not constrained for maximum delay due to constant clock.


5. checking no_input_delay (204)
--------------------------------
 There are 204 input ports with no input delay specified. (HIGH)

 There are 0 input ports with no input delay but user has a false path constraint.


6. checking no_output_delay (171)
---------------------------------
 There are 171 ports with no output delay specified. (HIGH)

 There are 0 ports with no output delay but user has a false path constraint

 There are 0 ports with no output delay but with a timing clock defined on it or propagating through it


7. checking multiple_clock (0)
------------------------------
 There are 0 register/latch pins with multiple clocks.


8. checking generated_clocks (0)
--------------------------------
 There are 0 generated clocks that are not connected to a clock source.


9. checking loops (0)
---------------------
 There are 0 combinational loops in the design.


10. checking partial_input_delay (0)
------------------------------------
 There are 0 input ports with partial input delay specified.


11. checking partial_output_delay (0)
-------------------------------------
 There are 0 ports with partial output delay specified.


12. checking latch_loops (0)
----------------------------
 There are 0 combinational latch loops in the design through latch input



------------------------------------------------------------------------------------------------
| Design Timing Summary
| ---------------------
------------------------------------------------------------------------------------------------

    WNS(ns)      TNS(ns)  TNS Failing Endpoints  TNS Total Endpoints      WHS(ns)      THS(ns)  THS Failing Endpoints  THS Total Endpoints     WPWS(ns)     TPWS(ns)  TPWS Failing Endpoints  TPWS Total Endpoints  
    -------      -------  ---------------------  -------------------      -------      -------  ---------------------  -------------------     --------     --------  ----------------------  --------------------  
      0.023        0.000                      0                37666        0.001        0.000                      0                37666        1.732        0.000                       0                 14753  


All user specified timing constraints are met.


------------------------------------------------------------------------------------------------
| Clock Summary
| -------------
------------------------------------------------------------------------------------------------

Clock    Waveform(ns)         Period(ns)      Frequency(MHz)
-----    ------------         ----------      --------------
sys_clk  {0.000 2.500}        5.000           200.000         


------------------------------------------------------------------------------------------------
| Intra Clock Table
| -----------------
------------------------------------------------------------------------------------------------

Clock             WNS(ns)      TNS(ns)  TNS Failing Endpoints  TNS Total Endpoints      WHS(ns)      THS(ns)  THS Failing Endpoints  THS Total Endpoints     WPWS(ns)     TPWS(ns)  TPWS Failing Endpoints  TPWS Total Endpoints  
-----             -------      -------  ---------------------  -------------------      -------      -------  ---------------------  -------------------     --------     --------  ----------------------  --------------------  
sys_clk             0.023        0.000                      0                37666        0.001        0.000                      0                37666        1.732        0.000                       0                 14753  


------------------------------------------------------------------------------------------------
| Inter Clock Table
| -----------------
------------------------------------------------------------------------------------------------

From Clock    To Clock          WNS(ns)      TNS(ns)  TNS Failing Endpoints  TNS Total Endpoints      WHS(ns)      THS(ns)  THS Failing Endpoints  THS Total Endpoints  
----------    --------          -------      -------  ---------------------  -------------------      -------      -------  ---------------------  -------------------  


------------------------------------------------------------------------------------------------
| Other Path Groups Table
| -----------------------
------------------------------------------------------------------------------------------------

Path Group    From Clock    To Clock          WNS(ns)      TNS(ns)  TNS Failing Endpoints  TNS Total Endpoints      WHS(ns)      THS(ns)  THS Failing Endpoints  THS Total Endpoints  
----------    ----------    --------          -------      -------  ---------------------  -------------------      -------      -------  ---------------------  -------------------  


------------------------------------------------------------------------------------------------
| User Ignored Path Table
| -----------------------
------------------------------------------------------------------------------------------------

Path Group    From Clock    To Clock    
----------    ----------    --------    


------------------------------------------------------------------------------------------------
| Unconstrained Path Table
| ------------------------
------------------------------------------------------------------------------------------------

Path Group    From Clock    To Clock    
----------    ----------    --------    
(none)                                    
(none)        sys_clk                     
(none)                      sys_clk       


------------------------------------------------------------------------------------------------
| Timing Details
| --------------
------------------------------------------------------------------------------------------------


---------------------------------------------------------------------------------------------------
From Clock:  sys_clk
  To Clock:  sys_clk

Setup :            0  Failing Endpoints,  Worst Slack        0.023ns,  Total Violation        0.000ns
Hold  :            0  Failing Endpoints,  Worst Slack        0.001ns,  Total Violation        0.000ns
PW    :            0  Failing Endpoints,  Worst Slack        1.732ns,  Total Violation        0.000ns
---------------------------------------------------------------------------------------------------


Max Delay Paths
--------------------------------------------------------------------------------------
Slack (MET) :             0.023ns  (required time - arrival time)
  Source:                 scratchpad_c/write_state[1].wr_request_head_reg[1]/C
                            (rising edge-triggered cell FDRE clocked by sys_clk  {rise@0.000ns fall@2.500ns period=5.000ns})
  Destination:            scratchpad_c/banks[0].ram/data_reg_1/ADDRARDADDR[12]
                            (rising edge-triggered cell RAMB36E1 clocked by sys_clk  {rise@0.000ns fall@2.500ns period=5.000ns})
  Path Group:             sys_clk
  Path Type:              Setup (Max at Slow Process Corner)
  Requirement:            5.000ns  (sys_clk rise@5.000ns - sys_clk rise@0.000ns)
  Data Path Delay:        4.505ns  (logic 0.968ns (21.489%)  route 3.537ns (78.511%))
  Logic Levels:           7  (CARRY4=1 LUT3=1 LUT6=4 RAMD32=1)
  Clock Path Skew:        -0.021ns (DCD - SCD + CPR)
    Destination Clock Delay (DCD):    4.498ns = ( 9.498 - 5.000 ) 
    Source Clock Delay      (SCD):    4.826ns
    Clock Pessimism Removal (CPR):    0.307ns
  Clock Uncertainty:      0.035ns  ((TSJ^2 + TIJ^2)^1/2 + DJ) / 2 + PE
    Total System Jitter     (TSJ):    0.071ns
    Total Input Jitter      (TIJ):    0.000ns
    Discrete Jitter          (DJ):    0.000ns
    Phase Error              (PE):    0.000ns

    Location             Delay type                Incr(ns)  Path(ns)    Netlist Resource(s)
  -------------------------------------------------------------------    -------------------
                         (clock sys_clk rise edge)    0.000     0.000 r  <hidden>
    AL20                                              0.000     0.000 r  clk
                         net (fo=0)                   0.000     0.000    clk
    AL20                 IBUF (Prop_ibuf_I_O)         0.776     0.776 r  clk_IBUF_inst/O
                         net (fo=1, routed)           2.715     3.491    clk_IBUF
    BUFGCTRL_X0Y0        BUFG (Prop_bufg_I_O)         0.093     3.584 r  clk_IBUF_BUFG_inst/O
                         net (fo=14784, routed)       1.242     4.826    scratchpad_c/clk_IBUF_BUFG
    SLICE_X110Y164       FDRE                                         r  scratchpad_c/write_state[1].wr_request_head_reg[1]/C
  -------------------------------------------------------------------    -------------------
    SLICE_X110Y164       FDRE (Prop_fdre_C_Q)         0.259     5.085 r  scratchpad_c/write_state[1].wr_request_head_reg[1]/Q
                         net (fo=161, routed)         0.580     5.665    scratchpad_c/write_state[1].wr_request_addr_reg[1][0]_0_1_0_5/ADDRC0
    SLICE_X110Y163       RAMD32 (Prop_ramd32_RADR0_O)
                                                      0.046     5.711 r  scratchpad_c/write_state[1].wr_request_addr_reg[1][0]_0_1_0_5/RAMC/O
                         net (fo=7, routed)           0.691     6.403    scratchpad_c/banks[1].ram/client_decode[3].write_port.bank[0].address[0]
    SLICE_X111Y167       LUT6 (Prop_lut6_I1_O)        0.132     6.535 r  scratchpad_c/banks[1].ram/data_reg_0_i_141/O
                         net (fo=1, routed)           0.000     6.535    scratchpad_c/banks[1].ram/data_reg_0_i_141_n_0
    SLICE_X111Y167       CARRY4 (Prop_carry4_S[0]_CO[2])
                                                      0.273     6.808 r  scratchpad_c/banks[1].ram/data_reg_0_i_130__0/CO[2]
                         net (fo=4, routed)           0.427     7.235    scratchpad_c/banks[0].ram/pending_addr[0][1][31]_i_3_0[0]
    SLICE_X112Y166       LUT6 (Prop_lut6_I4_O)        0.129     7.364 r  scratchpad_c/banks[0].ram/data_reg_0_i_116/O
                         net (fo=3, routed)           0.355     7.719    scratchpad_c/banks[0].ram/data_reg_0_i_116_n_0
    SLICE_X115Y166       LUT6 (Prop_lut6_I1_O)        0.043     7.762 r  scratchpad_c/banks[0].ram/pending_addr[0][1][31]_i_4/O
                         net (fo=36, routed)          0.439     8.201    scratchpad_c/banks[0].ram_n_7
    SLICE_X115Y164       LUT6 (Prop_lut6_I1_O)        0.043     8.244 r  scratchpad_c/slot_addr_inferred__0/data_reg_0_i_95/O
                         net (fo=1, routed)           0.378     8.623    scratchpad_c/slot_addr15_in[11]
    SLICE_X116Y165       LUT3 (Prop_lut3_I1_O)        0.043     8.666 r  scratchpad_c/slot_addr_inferred__0/data_reg_0_i_2/O
                         net (fo=5, routed)           0.665     9.331    scratchpad_c/banks[0].ram/D[7]
    RAMB36_X7Y35         RAMB36E1                                     r  scratchpad_c/banks[0].ram/data_reg_1/ADDRARDADDR[12]
  -------------------------------------------------------------------    -------------------

                         (clock sys_clk rise edge)    5.000     5.000 r  <hidden>
    AL20                                              0.000     5.000 r  clk
                         net (fo=0)                   0.000     5.000    clk
    AL20                 IBUF (Prop_ibuf_I_O)         0.701     5.701 r  clk_IBUF_inst/O
                         net (fo=1, routed)           2.579     8.280    clk_IBUF
    BUFGCTRL_X0Y0        BUFG (Prop_bufg_I_O)         0.083     8.363 r  clk_IBUF_BUFG_inst/O
                         net (fo=14784, routed)       1.135     9.498    scratchpad_c/banks[0].ram/clk_IBUF_BUFG
    RAMB36_X7Y35         RAMB36E1                                     r  scratchpad_c/banks[0].ram/data_reg_1/CLKARDCLK
                         clock pessimism              0.307     9.805    <hidden>
                         clock uncertainty           -0.035     9.770    <hidden>
    RAMB36_X7Y35         RAMB36E1 (Setup_ramb36e1_CLKARDCLK_ADDRARDADDR[12])
                                                     -0.416     9.354    scratchpad_c/banks[0].ram/data_reg_1
  -------------------------------------------------------------------
                         required time                          9.354    <hidden>
                         arrival time                          -9.331    <hidden>
  -------------------------------------------------------------------
                         slack                                  0.023    <hidden>

Slack (MET) :             0.037ns  (required time - arrival time)
  Source:                 scratchpad_a/read_state[0].rd_request_head_reg[0]/C
                            (rising edge-triggered cell FDRE clocked by sys_clk  {rise@0.000ns fall@2.500ns period=5.000ns})
  Destination:            scratchpad_a/banks[1].ram/data_reg_2/ADDRARDADDR[7]
                            (rising edge-triggered cell RAMB36E1 clocked by sys_clk  {rise@0.000ns fall@2.500ns period=5.000ns})
  Path Group:             sys_clk
  Path Type:              Setup (Max at Slow Process Corner)
  Requirement:            5.000ns  (sys_clk rise@5.000ns - sys_clk rise@0.000ns)
  Data Path Delay:        4.492ns  (logic 0.935ns (20.815%)  route 3.557ns (79.185%))
  Logic Levels:           7  (CARRY4=1 LUT3=1 LUT5=2 LUT6=2 RAMD32=1)
  Clock Path Skew:        -0.019ns (DCD - SCD + CPR)
    Destination Clock Delay (DCD):    4.542ns = ( 9.542 - 5.000 ) 
    Source Clock Delay      (SCD):    4.868ns
    Clock Pessimism Removal (CPR):    0.307ns
  Clock Uncertainty:      0.035ns  ((TSJ^2 + TIJ^2)^1/2 + DJ) / 2 + PE
    Total System Jitter     (TSJ):    0.071ns
    Total Input Jitter      (TIJ):    0.000ns
    Discrete Jitter          (DJ):    0.000ns
    Phase Error              (PE):    0.000ns

    Location             Delay type                Incr(ns)  Path(ns)    Netlist Resource(s)
  -------------------------------------------------------------------    -------------------
                         (clock sys_clk rise edge)    0.000     0.000 r  <hidden>
    AL20                                              0.000     0.000 r  clk
                         net (fo=0)                   0.000     0.000    clk
    AL20                 IBUF (Prop_ibuf_I_O)         0.776     0.776 r  clk_IBUF_inst/O
                         net (fo=1, routed)           2.715     3.491    clk_IBUF
    BUFGCTRL_X0Y0        BUFG (Prop_bufg_I_O)         0.093     3.584 r  clk_IBUF_BUFG_inst/O
                         net (fo=14784, routed)       1.284     4.868    scratchpad_a/clk_IBUF_BUFG
    SLICE_X49Y168        FDRE                                         r  scratchpad_a/read_state[0].rd_request_head_reg[0]/C
  -------------------------------------------------------------------    -------------------
    SLICE_X49Y168        FDRE (Prop_fdre_C_Q)         0.223     5.091 r  scratchpad_a/read_state[0].rd_request_head_reg[0]/Q
                         net (fo=43, routed)          0.674     5.765    scratchpad_a/read_state[0].rd_request_addr_reg[0][0]_0_1_6_11/ADDRA0
    SLICE_X48Y170        RAMD32 (Prop_ramd32_RADR0_O)
                                                      0.047     5.812 r  scratchpad_a/read_state[0].rd_request_addr_reg[0][0]_0_1_6_11/RAMA/O
                         net (fo=5, routed)           0.554     6.366    scratchpad_a/banks[1].ram/client_decode[0].read_port.bank[0].address[2]
    SLICE_X49Y170        LUT6 (Prop_lut6_I0_O)        0.134     6.500 r  scratchpad_a/banks[1].ram/data_reg_0_i_97/O
                         net (fo=1, routed)           0.000     6.500    scratchpad_a/banks[1].ram/data_reg_0_i_97_n_0
    SLICE_X49Y170        CARRY4 (Prop_carry4_S[0]_CO[2])
                                                      0.273     6.773 r  scratchpad_a/banks[1].ram/data_reg_0_i_88__1/CO[2]
                         net (fo=4, routed)           0.464     7.237    scratchpad_a/banks[1].ram/data_reg_0_i_97_0[0]
    SLICE_X53Y170        LUT5 (Prop_lut5_I1_O)        0.129     7.366 f  scratchpad_a/banks[1].ram/pending_port[1][1][1]_i_4/O
                         net (fo=3, routed)           0.241     7.607    scratchpad_a/banks[1].ram/pending_port[1][1][1]_i_4_n_0
    SLICE_X53Y171        LUT5 (Prop_lut5_I4_O)        0.043     7.650 r  scratchpad_a/banks[1].ram/pending_port[1][1][1]_i_1/O
                         net (fo=46, routed)          0.598     8.248    scratchpad_a/slot_client[1][1]_38[1]
    SLICE_X55Y171        LUT6 (Prop_lut6_I1_O)        0.043     8.291 r  scratchpad_a/slot_addr_inferred__2/data_reg_0_i_100/O
                         net (fo=1, routed)           0.422     8.713    scratchpad_a/slot_addr3_in__0[6]
    SLICE_X55Y176        LUT3 (Prop_lut3_I1_O)        0.043     8.756 r  scratchpad_a/slot_addr_inferred__2/data_reg_0_i_7/O
                         net (fo=5, routed)           0.605     9.360    scratchpad_a/banks[1].ram/data_reg_3_0[2]
    RAMB36_X3Y33         RAMB36E1                                     r  scratchpad_a/banks[1].ram/data_reg_2/ADDRARDADDR[7]
  -------------------------------------------------------------------    -------------------

                         (clock sys_clk rise edge)    5.000     5.000 r  <hidden>
    AL20                                              0.000     5.000 r  clk
                         net (fo=0)                   0.000     5.000    clk
    AL20                 IBUF (Prop_ibuf_I_O)         0.701     5.701 r  clk_IBUF_inst/O
                         net (fo=1, routed)           2.579     8.280    clk_IBUF
    BUFGCTRL_X0Y0        BUFG (Prop_bufg_I_O)         0.083     8.363 r  clk_IBUF_BUFG_inst/O
                         net (fo=14784, routed)       1.179     9.542    scratchpad_a/banks[1].ram/clk_IBUF_BUFG
    RAMB36_X3Y33         RAMB36E1                                     r  scratchpad_a/banks[1].ram/data_reg_2/CLKARDCLK
                         clock pessimism              0.307     9.849    <hidden>
                         clock uncertainty           -0.035     9.814    <hidden>
    RAMB36_X3Y33         RAMB36E1 (Setup_ramb36e1_CLKARDCLK_ADDRARDADDR[7])
                                                     -0.416     9.398    scratchpad_a/banks[1].ram/data_reg_2
  -------------------------------------------------------------------
                         required time                          9.398    <hidden>
                         arrival time                          -9.360    <hidden>
  -------------------------------------------------------------------
                         slack                                  0.037    <hidden>

Slack (MET) :             0.055ns  (required time - arrival time)
  Source:                 scratchpad_c/write_state[0].wr_request_head_reg[0]/C
                            (rising edge-triggered cell FDRE clocked by sys_clk  {rise@0.000ns fall@2.500ns period=5.000ns})
  Destination:            scratchpad_c/banks[1].ram/data_reg_1/ADDRBWRADDR[9]
                            (rising edge-triggered cell RAMB36E1 clocked by sys_clk  {rise@0.000ns fall@2.500ns period=5.000ns})
  Path Group:             sys_clk
  Path Type:              Setup (Max at Slow Process Corner)
  Requirement:            5.000ns  (sys_clk rise@5.000ns - sys_clk rise@0.000ns)
  Data Path Delay:        4.372ns  (logic 0.444ns (10.155%)  route 3.928ns (89.845%))
  Logic Levels:           5  (LUT3=1 LUT5=1 LUT6=2 RAMD32=1)
  Clock Path Skew:        -0.028ns (DCD - SCD + CPR)
    Destination Clock Delay (DCD):    4.490ns = ( 9.490 - 5.000 ) 
    Source Clock Delay      (SCD):    4.825ns
    Clock Pessimism Removal (CPR):    0.307ns
  Clock Uncertainty:      0.035ns  ((TSJ^2 + TIJ^2)^1/2 + DJ) / 2 + PE
    Total System Jitter     (TSJ):    0.071ns
    Total Input Jitter      (TIJ):    0.000ns
    Discrete Jitter          (DJ):    0.000ns
    Phase Error              (PE):    0.000ns

    Location             Delay type                Incr(ns)  Path(ns)    Netlist Resource(s)
  -------------------------------------------------------------------    -------------------
                         (clock sys_clk rise edge)    0.000     0.000 r  <hidden>
    AL20                                              0.000     0.000 r  clk
                         net (fo=0)                   0.000     0.000    clk
    AL20                 IBUF (Prop_ibuf_I_O)         0.776     0.776 r  clk_IBUF_inst/O
                         net (fo=1, routed)           2.715     3.491    clk_IBUF
    BUFGCTRL_X0Y0        BUFG (Prop_bufg_I_O)         0.093     3.584 r  clk_IBUF_BUFG_inst/O
                         net (fo=14784, routed)       1.241     4.825    scratchpad_c/clk_IBUF_BUFG
    SLICE_X109Y165       FDRE                                         r  scratchpad_c/write_state[0].wr_request_head_reg[0]/C
  -------------------------------------------------------------------    -------------------
    SLICE_X109Y165       FDRE (Prop_fdre_C_Q)         0.223     5.048 r  scratchpad_c/write_state[0].wr_request_head_reg[0]/Q
                         net (fo=163, routed)         0.722     5.770    scratchpad_c/write_state[0].wr_request_addr_reg[0][0]_0_1_12_17/ADDRA0
    SLICE_X110Y167       RAMD32 (Prop_ramd32_RADR0_O)
                                                      0.043     5.813 f  scratchpad_c/write_state[0].wr_request_addr_reg[0][0]_0_1_12_17/RAMA_D1/O
                         net (fo=8, routed)           0.454     6.267    scratchpad_c/banks[1].ram/client_decode[2].write_port.bank[0].address[9]
    SLICE_X111Y169       LUT5 (Prop_lut5_I2_O)        0.043     6.310 f  scratchpad_c/banks[1].ram/data_reg_0_i_122/O
                         net (fo=5, routed)           0.532     6.842    scratchpad_c/banks[1].ram/data_reg_0_i_122_n_0
    SLICE_X109Y170       LUT6 (Prop_lut6_I5_O)        0.043     6.885 f  scratchpad_c/banks[1].ram/pending[1][0]_i_2/O
                         net (fo=50, routed)          0.788     7.673    scratchpad_c/banks[1].ram_n_6
    SLICE_X120Y164       LUT6 (Prop_lut6_I4_O)        0.043     7.716 r  scratchpad_c/slot_addr_inferred__1/data_reg_0_i_108/O
                         net (fo=1, routed)           0.360     8.076    scratchpad_c/slot_addr9_in[8]
    SLICE_X120Y164       LUT3 (Prop_lut3_I2_O)        0.049     8.125 r  scratchpad_c/slot_addr_inferred__1/data_reg_0_i_14/O
                         net (fo=5, routed)           1.073     9.198    scratchpad_c/banks[1].ram/data_reg_3_0[4]
    RAMB36_X6Y34         RAMB36E1                                     r  scratchpad_c/banks[1].ram/data_reg_1/ADDRBWRADDR[9]
  -------------------------------------------------------------------    -------------------

                         (clock sys_clk rise edge)    5.000     5.000 r  <hidden>
    AL20                                              0.000     5.000 r  clk
                         net (fo=0)                   0.000     5.000    clk
    AL20                 IBUF (Prop_ibuf_I_O)         0.701     5.701 r  clk_IBUF_inst/O
                         net (fo=1, routed)           2.579     8.280    clk_IBUF
    BUFGCTRL_X0Y0        BUFG (Prop_bufg_I_O)         0.083     8.363 r  clk_IBUF_BUFG_inst/O
                         net (fo=14784, routed)       1.127     9.490    scratchpad_c/banks[1].ram/clk_IBUF_BUFG
    RAMB36_X6Y34         RAMB36E1                                     r  scratchpad_c/banks[1].ram/data_reg_1/CLKBWRCLK
                         clock pessimism              0.307     9.797    <hidden>
                         clock uncertainty           -0.035     9.762    <hidden>
    RAMB36_X6Y34         RAMB36E1 (Setup_ramb36e1_CLKBWRCLK_ADDRBWRADDR[9])
                                                     -0.509     9.253    scratchpad_c/banks[1].ram/data_reg_1
  -------------------------------------------------------------------
                         required time                          9.253    <hidden>
                         arrival time                          -9.198    <hidden>
  -------------------------------------------------------------------
                         slack                                  0.055    <hidden>

Slack (MET) :             0.058ns  (required time - arrival time)
  Source:                 scratchpad_a/read_state[1].rd_request_head_reg[1]/C
                            (rising edge-triggered cell FDRE clocked by sys_clk  {rise@0.000ns fall@2.500ns period=5.000ns})
  Destination:            scratchpad_a/banks[1].ram/data_reg_1/ADDRARDADDR[7]
                            (rising edge-triggered cell RAMB36E1 clocked by sys_clk  {rise@0.000ns fall@2.500ns period=5.000ns})
  Path Group:             sys_clk
  Path Type:              Setup (Max at Slow Process Corner)
  Requirement:            5.000ns  (sys_clk rise@5.000ns - sys_clk rise@0.000ns)
  Data Path Delay:        4.477ns  (logic 0.586ns (13.089%)  route 3.891ns (86.911%))
  Logic Levels:           7  (LUT3=1 LUT4=2 LUT5=1 LUT6=2 RAMD32=1)
  Clock Path Skew:        -0.013ns (DCD - SCD + CPR)
    Destination Clock Delay (DCD):    4.544ns = ( 9.544 - 5.000 ) 
    Source Clock Delay      (SCD):    4.864ns
    Clock Pessimism Removal (CPR):    0.307ns
  Clock Uncertainty:      0.035ns  ((TSJ^2 + TIJ^2)^1/2 + DJ) / 2 + PE
    Total System Jitter     (TSJ):    0.071ns
    Total Input Jitter      (TIJ):    0.000ns
    Discrete Jitter          (DJ):    0.000ns
    Phase Error              (PE):    0.000ns

    Location             Delay type                Incr(ns)  Path(ns)    Netlist Resource(s)
  -------------------------------------------------------------------    -------------------
                         (clock sys_clk rise edge)    0.000     0.000 r  <hidden>
    AL20                                              0.000     0.000 r  clk
                         net (fo=0)                   0.000     0.000    clk
    AL20                 IBUF (Prop_ibuf_I_O)         0.776     0.776 r  clk_IBUF_inst/O
                         net (fo=1, routed)           2.715     3.491    clk_IBUF
    BUFGCTRL_X0Y0        BUFG (Prop_bufg_I_O)         0.093     3.584 r  clk_IBUF_BUFG_inst/O
                         net (fo=14784, routed)       1.280     4.864    scratchpad_a/clk_IBUF_BUFG
    SLICE_X53Y169        FDRE                                         r  scratchpad_a/read_state[1].rd_request_head_reg[1]/C
  -------------------------------------------------------------------    -------------------
    SLICE_X53Y169        FDRE (Prop_fdre_C_Q)         0.204     5.068 r  scratchpad_a/read_state[1].rd_request_head_reg[1]/Q
                         net (fo=33, routed)          0.490     5.558    scratchpad_a/read_state[1].rd_request_addr_reg[1][0]_0_1_12_17/ADDRA0
    SLICE_X50Y168        RAMD32 (Prop_ramd32_RADR0_O)
                                                      0.124     5.682 r  scratchpad_a/read_state[1].rd_request_addr_reg[1][0]_0_1_12_17/RAMA_D1/O
                         net (fo=8, routed)           0.306     5.988    scratchpad_a/banks[1].ram/client_decode[1].read_port.bank[0].address[9]
    SLICE_X49Y169        LUT4 (Prop_lut4_I3_O)        0.043     6.031 f  scratchpad_a/banks[1].ram/data_reg_0_i_113__1/O
                         net (fo=5, routed)           0.549     6.580    scratchpad_a/banks[1].ram/data_reg_0_i_113__1_n_0
    SLICE_X51Y170        LUT6 (Prop_lut6_I1_O)        0.043     6.623 f  scratchpad_a/banks[1].ram/data_reg_0_i_92__1/O
                         net (fo=164, routed)         0.505     7.128    scratchpad_a/banks[1].ram/slot_write[1][0]_40
    SLICE_X53Y170        LUT4 (Prop_lut4_I0_O)        0.043     7.171 r  scratchpad_a/banks[1].ram/pending_port[1][1][1]_i_2/O
                         net (fo=3, routed)           0.440     7.612    scratchpad_a/banks[1].ram/pending_port[1][1][1]_i_2_n_0
    SLICE_X53Y171        LUT5 (Prop_lut5_I0_O)        0.043     7.655 r  scratchpad_a/banks[1].ram/pending_port[1][1][1]_i_1/O
                         net (fo=46, routed)          0.598     8.252    scratchpad_a/slot_client[1][1]_38[1]
    SLICE_X55Y171        LUT6 (Prop_lut6_I1_O)        0.043     8.295 r  scratchpad_a/slot_addr_inferred__2/data_reg_0_i_100/O
                         net (fo=1, routed)           0.422     8.717    scratchpad_a/slot_addr3_in__0[6]
    SLICE_X55Y176        LUT3 (Prop_lut3_I1_O)        0.043     8.760 r  scratchpad_a/slot_addr_inferred__2/data_reg_0_i_7/O
                         net (fo=5, routed)           0.581     9.342    scratchpad_a/banks[1].ram/data_reg_3_0[2]
    RAMB36_X3Y36         RAMB36E1                                     r  scratchpad_a/banks[1].ram/data_reg_1/ADDRARDADDR[7]
  -------------------------------------------------------------------    -------------------

                         (clock sys_clk rise edge)    5.000     5.000 r  <hidden>
    AL20                                              0.000     5.000 r  clk
                         net (fo=0)                   0.000     5.000    clk
    AL20                 IBUF (Prop_ibuf_I_O)         0.701     5.701 r  clk_IBUF_inst/O
                         net (fo=1, routed)           2.579     8.280    clk_IBUF
    BUFGCTRL_X0Y0        BUFG (Prop_bufg_I_O)         0.083     8.363 r  clk_IBUF_BUFG_inst/O
                         net (fo=14784, routed)       1.181     9.544    scratchpad_a/banks[1].ram/clk_IBUF_BUFG
    RAMB36_X3Y36         RAMB36E1                                     r  scratchpad_a/banks[1].ram/data_reg_1/CLKARDCLK
                         clock pessimism              0.307     9.851    <hidden>
                         clock uncertainty           -0.035     9.816    <hidden>
    RAMB36_X3Y36         RAMB36E1 (Setup_ramb36e1_CLKARDCLK_ADDRARDADDR[7])
                                                     -0.416     9.400    scratchpad_a/banks[1].ram/data_reg_1
  -------------------------------------------------------------------
                         required time                          9.400    <hidden>
                         arrival time                          -9.342    <hidden>
  -------------------------------------------------------------------
                         slack                                  0.058    <hidden>

Slack (MET) :             0.081ns  (required time - arrival time)
  Source:                 scratchpad_a/read_state[1].rd_request_head_reg[1]/C
                            (rising edge-triggered cell FDRE clocked by sys_clk  {rise@0.000ns fall@2.500ns period=5.000ns})
  Destination:            scratchpad_a/banks[1].ram/data_reg_1/ADDRARDADDR[10]
                            (rising edge-triggered cell RAMB36E1 clocked by sys_clk  {rise@0.000ns fall@2.500ns period=5.000ns})
  Path Group:             sys_clk
  Path Type:              Setup (Max at Slow Process Corner)
  Requirement:            5.000ns  (sys_clk rise@5.000ns - sys_clk rise@0.000ns)
  Data Path Delay:        4.454ns  (logic 0.586ns (13.156%)  route 3.868ns (86.844%))
  Logic Levels:           7  (LUT3=1 LUT4=2 LUT5=1 LUT6=2 RAMD32=1)
  Clock Path Skew:        -0.013ns (DCD - SCD + CPR)
    Destination Clock Delay (DCD):    4.544ns = ( 9.544 - 5.000 ) 
    Source Clock Delay      (SCD):    4.864ns
    Clock Pessimism Removal (CPR):    0.307ns
  Clock Uncertainty:      0.035ns  ((TSJ^2 + TIJ^2)^1/2 + DJ) / 2 + PE
    Total System Jitter     (TSJ):    0.071ns
    Total Input Jitter      (TIJ):    0.000ns
    Discrete Jitter          (DJ):    0.000ns
    Phase Error              (PE):    0.000ns

    Location             Delay type                Incr(ns)  Path(ns)    Netlist Resource(s)
  -------------------------------------------------------------------    -------------------
                         (clock sys_clk rise edge)    0.000     0.000 r  <hidden>
    AL20                                              0.000     0.000 r  clk
                         net (fo=0)                   0.000     0.000    clk
    AL20                 IBUF (Prop_ibuf_I_O)         0.776     0.776 r  clk_IBUF_inst/O
                         net (fo=1, routed)           2.715     3.491    clk_IBUF
    BUFGCTRL_X0Y0        BUFG (Prop_bufg_I_O)         0.093     3.584 r  clk_IBUF_BUFG_inst/O
                         net (fo=14784, routed)       1.280     4.864    scratchpad_a/clk_IBUF_BUFG
    SLICE_X53Y169        FDRE                                         r  scratchpad_a/read_state[1].rd_request_head_reg[1]/C
  -------------------------------------------------------------------    -------------------
    SLICE_X53Y169        FDRE (Prop_fdre_C_Q)         0.204     5.068 r  scratchpad_a/read_state[1].rd_request_head_reg[1]/Q
                         net (fo=33, routed)          0.490     5.558    scratchpad_a/read_state[1].rd_request_addr_reg[1][0]_0_1_12_17/ADDRA0
    SLICE_X50Y168        RAMD32 (Prop_ramd32_RADR0_O)
                                                      0.124     5.682 r  scratchpad_a/read_state[1].rd_request_addr_reg[1][0]_0_1_12_17/RAMA_D1/O
                         net (fo=8, routed)           0.306     5.988    scratchpad_a/banks[1].ram/client_decode[1].read_port.bank[0].address[9]
    SLICE_X49Y169        LUT4 (Prop_lut4_I3_O)        0.043     6.031 f  scratchpad_a/banks[1].ram/data_reg_0_i_113__1/O
                         net (fo=5, routed)           0.549     6.580    scratchpad_a/banks[1].ram/data_reg_0_i_113__1_n_0
    SLICE_X51Y170        LUT6 (Prop_lut6_I1_O)        0.043     6.623 f  scratchpad_a/banks[1].ram/data_reg_0_i_92__1/O
                         net (fo=164, routed)         0.505     7.128    scratchpad_a/banks[1].ram/slot_write[1][0]_40
    SLICE_X53Y170        LUT4 (Prop_lut4_I0_O)        0.043     7.171 r  scratchpad_a/banks[1].ram/pending_port[1][1][1]_i_2/O
                         net (fo=3, routed)           0.440     7.612    scratchpad_a/banks[1].ram/pending_port[1][1][1]_i_2_n_0
    SLICE_X53Y171        LUT5 (Prop_lut5_I0_O)        0.043     7.655 r  scratchpad_a/banks[1].ram/pending_port[1][1][1]_i_1/O
                         net (fo=46, routed)          0.627     8.281    scratchpad_a/slot_client[1][1]_38[1]
    SLICE_X56Y171        LUT6 (Prop_lut6_I1_O)        0.043     8.324 r  scratchpad_a/slot_addr_inferred__2/data_reg_0_i_97/O
                         net (fo=1, routed)           0.299     8.623    scratchpad_a/slot_addr3_in__0[9]
    SLICE_X56Y171        LUT3 (Prop_lut3_I1_O)        0.043     8.666 r  scratchpad_a/slot_addr_inferred__2/data_reg_0_i_4/O
                         net (fo=5, routed)           0.653     9.319    scratchpad_a/banks[1].ram/data_reg_3_0[5]
    RAMB36_X3Y36         RAMB36E1                                     r  scratchpad_a/banks[1].ram/data_reg_1/ADDRARDADDR[10]
  -------------------------------------------------------------------    -------------------

                         (clock sys_clk rise edge)    5.000     5.000 r  <hidden>
    AL20                                              0.000     5.000 r  clk
                         net (fo=0)                   0.000     5.000    clk
    AL20                 IBUF (Prop_ibuf_I_O)         0.701     5.701 r  clk_IBUF_inst/O
                         net (fo=1, routed)           2.579     8.280    clk_IBUF
    BUFGCTRL_X0Y0        BUFG (Prop_bufg_I_O)         0.083     8.363 r  clk_IBUF_BUFG_inst/O
                         net (fo=14784, routed)       1.181     9.544    scratchpad_a/banks[1].ram/clk_IBUF_BUFG
    RAMB36_X3Y36         RAMB36E1                                     r  scratchpad_a/banks[1].ram/data_reg_1/CLKARDCLK
                         clock pessimism              0.307     9.851    <hidden>
                         clock uncertainty           -0.035     9.816    <hidden>
    RAMB36_X3Y36         RAMB36E1 (Setup_ramb36e1_CLKARDCLK_ADDRARDADDR[10])
                                                     -0.416     9.400    scratchpad_a/banks[1].ram/data_reg_1
  -------------------------------------------------------------------
                         required time                          9.400    <hidden>
                         arrival time                          -9.319    <hidden>
  -------------------------------------------------------------------
                         slack                                  0.081    <hidden>

Slack (MET) :             0.100ns  (required time - arrival time)
  Source:                 alu_b_dma/fifo_dut/fifo_read_offset_reg[2]/C
                            (rising edge-triggered cell FDCE clocked by sys_clk  {rise@0.000ns fall@2.500ns period=5.000ns})
  Destination:            alu_b_dma/fifo_dut/bram_out_data_reg[85]/D
                            (rising edge-triggered cell FDRE clocked by sys_clk  {rise@0.000ns fall@2.500ns period=5.000ns})
  Path Group:             sys_clk
  Path Type:              Setup (Max at Slow Process Corner)
  Requirement:            5.000ns  (sys_clk rise@5.000ns - sys_clk rise@0.000ns)
  Data Path Delay:        4.735ns  (logic 0.386ns (8.151%)  route 4.349ns (91.849%))
  Logic Levels:           1  (MUXF7=1)
  Clock Path Skew:        -0.177ns (DCD - SCD + CPR)
    Destination Clock Delay (DCD):    4.469ns = ( 9.469 - 5.000 ) 
    Source Clock Delay      (SCD):    4.880ns
    Clock Pessimism Removal (CPR):    0.234ns
  Clock Uncertainty:      0.035ns  ((TSJ^2 + TIJ^2)^1/2 + DJ) / 2 + PE
    Total System Jitter     (TSJ):    0.071ns
    Total Input Jitter      (TIJ):    0.000ns
    Discrete Jitter          (DJ):    0.000ns
    Phase Error              (PE):    0.000ns

    Location             Delay type                Incr(ns)  Path(ns)    Netlist Resource(s)
  -------------------------------------------------------------------    -------------------
                         (clock sys_clk rise edge)    0.000     0.000 r  <hidden>
    AL20                                              0.000     0.000 r  clk
                         net (fo=0)                   0.000     0.000    clk
    AL20                 IBUF (Prop_ibuf_I_O)         0.776     0.776 r  clk_IBUF_inst/O
                         net (fo=1, routed)           2.715     3.491    clk_IBUF
    BUFGCTRL_X0Y0        BUFG (Prop_bufg_I_O)         0.093     3.584 r  clk_IBUF_BUFG_inst/O
                         net (fo=14784, routed)       1.296     4.880    alu_b_dma/fifo_dut/clk_IBUF_BUFG
    SLICE_X43Y194        FDCE                                         r  alu_b_dma/fifo_dut/fifo_read_offset_reg[2]/C
  -------------------------------------------------------------------    -------------------
    SLICE_X43Y194        FDCE (Prop_fdce_C_Q)         0.223     5.103 r  alu_b_dma/fifo_dut/fifo_read_offset_reg[2]/Q
                         net (fo=129, routed)         4.349     9.453    alu_b_dma/fifo_dut/fifo_read_offset[2]
    SLICE_X121Y176       MUXF7 (Prop_muxf7_S_O)       0.163     9.616 r  alu_b_dma/fifo_dut/bram_out_data_reg[85]_i_1/O
                         net (fo=1, routed)           0.000     9.616    alu_b_dma/fifo_dut/bram_out_data_reg[85]_i_1_n_0
    SLICE_X121Y176       FDRE                                         r  alu_b_dma/fifo_dut/bram_out_data_reg[85]/D
  -------------------------------------------------------------------    -------------------

                         (clock sys_clk rise edge)    5.000     5.000 r  <hidden>
    AL20                                              0.000     5.000 r  clk
                         net (fo=0)                   0.000     5.000    clk
    AL20                 IBUF (Prop_ibuf_I_O)         0.701     5.701 r  clk_IBUF_inst/O
                         net (fo=1, routed)           2.579     8.280    clk_IBUF
    BUFGCTRL_X0Y0        BUFG (Prop_bufg_I_O)         0.083     8.363 r  clk_IBUF_BUFG_inst/O
                         net (fo=14784, routed)       1.106     9.469    alu_b_dma/fifo_dut/clk_IBUF_BUFG
    SLICE_X121Y176       FDRE                                         r  alu_b_dma/fifo_dut/bram_out_data_reg[85]/C
                         clock pessimism              0.234     9.703    <hidden>
                         clock uncertainty           -0.035     9.668    <hidden>
    SLICE_X121Y176       FDRE (Setup_fdre_C_D)        0.048     9.716    alu_b_dma/fifo_dut/bram_out_data_reg[85]
  -------------------------------------------------------------------
                         required time                          9.716    <hidden>
                         arrival time                          -9.616    <hidden>
  -------------------------------------------------------------------
                         slack                                  0.100    <hidden>

Slack (MET) :             0.101ns  (required time - arrival time)
  Source:                 alu_b_dma/fifo_dut/fifo_read_offset_reg[0]/C
                            (rising edge-triggered cell FDCE clocked by sys_clk  {rise@0.000ns fall@2.500ns period=5.000ns})
  Destination:            alu_b_dma/fifo_dut/bram_out_data_reg[87]/D
                            (rising edge-triggered cell FDRE clocked by sys_clk  {rise@0.000ns fall@2.500ns period=5.000ns})
  Path Group:             sys_clk
  Path Type:              Setup (Max at Slow Process Corner)
  Requirement:            5.000ns  (sys_clk rise@5.000ns - sys_clk rise@0.000ns)
  Data Path Delay:        4.735ns  (logic 0.374ns (7.898%)  route 4.361ns (92.102%))
  Logic Levels:           2  (LUT6=1 MUXF7=1)
  Clock Path Skew:        -0.177ns (DCD - SCD + CPR)
    Destination Clock Delay (DCD):    4.469ns = ( 9.469 - 5.000 ) 
    Source Clock Delay      (SCD):    4.880ns
    Clock Pessimism Removal (CPR):    0.234ns
  Clock Uncertainty:      0.035ns  ((TSJ^2 + TIJ^2)^1/2 + DJ) / 2 + PE
    Total System Jitter     (TSJ):    0.071ns
    Total Input Jitter      (TIJ):    0.000ns
    Discrete Jitter          (DJ):    0.000ns
    Phase Error              (PE):    0.000ns

    Location             Delay type                Incr(ns)  Path(ns)    Netlist Resource(s)
  -------------------------------------------------------------------    -------------------
                         (clock sys_clk rise edge)    0.000     0.000 r  <hidden>
    AL20                                              0.000     0.000 r  clk
                         net (fo=0)                   0.000     0.000    clk
    AL20                 IBUF (Prop_ibuf_I_O)         0.776     0.776 r  clk_IBUF_inst/O
                         net (fo=1, routed)           2.715     3.491    clk_IBUF
    BUFGCTRL_X0Y0        BUFG (Prop_bufg_I_O)         0.093     3.584 r  clk_IBUF_BUFG_inst/O
                         net (fo=14784, routed)       1.296     4.880    alu_b_dma/fifo_dut/clk_IBUF_BUFG
    SLICE_X43Y194        FDCE                                         r  alu_b_dma/fifo_dut/fifo_read_offset_reg[0]/C
  -------------------------------------------------------------------    -------------------
    SLICE_X43Y194        FDCE (Prop_fdce_C_Q)         0.223     5.103 r  alu_b_dma/fifo_dut/fifo_read_offset_reg[0]/Q
                         net (fo=259, routed)         4.361     9.465    alu_b_dma/fifo_dut/fifo_read_offset[0]
    SLICE_X116Y176       LUT6 (Prop_lut6_I4_O)        0.043     9.508 r  alu_b_dma/fifo_dut/bram_out_data[87]_i_3/O
                         net (fo=1, routed)           0.000     9.508    alu_b_dma/fifo_dut/bram_out_data[87]_i_3_n_0
    SLICE_X116Y176       MUXF7 (Prop_muxf7_I1_O)      0.108     9.616 r  alu_b_dma/fifo_dut/bram_out_data_reg[87]_i_1/O
                         net (fo=1, routed)           0.000     9.616    alu_b_dma/fifo_dut/bram_out_data_reg[87]_i_1_n_0
    SLICE_X116Y176       FDRE                                         r  alu_b_dma/fifo_dut/bram_out_data_reg[87]/D
  -------------------------------------------------------------------    -------------------

                         (clock sys_clk rise edge)    5.000     5.000 r  <hidden>
    AL20                                              0.000     5.000 r  clk
                         net (fo=0)                   0.000     5.000    clk
    AL20                 IBUF (Prop_ibuf_I_O)         0.701     5.701 r  clk_IBUF_inst/O
                         net (fo=1, routed)           2.579     8.280    clk_IBUF
    BUFGCTRL_X0Y0        BUFG (Prop_bufg_I_O)         0.083     8.363 r  clk_IBUF_BUFG_inst/O
                         net (fo=14784, routed)       1.106     9.469    alu_b_dma/fifo_dut/clk_IBUF_BUFG
    SLICE_X116Y176       FDRE                                         r  alu_b_dma/fifo_dut/bram_out_data_reg[87]/C
                         clock pessimism              0.234     9.703    <hidden>
                         clock uncertainty           -0.035     9.668    <hidden>
    SLICE_X116Y176       FDRE (Setup_fdre_C_D)        0.048     9.716    alu_b_dma/fifo_dut/bram_out_data_reg[87]
  -------------------------------------------------------------------
                         required time                          9.716    <hidden>
                         arrival time                          -9.616    <hidden>
  -------------------------------------------------------------------
                         slack                                  0.101    <hidden>

Slack (MET) :             0.102ns  (required time - arrival time)
  Source:                 scratchpad_c/write_state[0].wr_request_head_reg[0]/C
                            (rising edge-triggered cell FDRE clocked by sys_clk  {rise@0.000ns fall@2.500ns period=5.000ns})
  Destination:            scratchpad_c/banks[1].ram/data_reg_0/ADDRARDADDR[5]
                            (rising edge-triggered cell RAMB36E1 clocked by sys_clk  {rise@0.000ns fall@2.500ns period=5.000ns})
  Path Group:             sys_clk
  Path Type:              Setup (Max at Slow Process Corner)
  Requirement:            5.000ns  (sys_clk rise@5.000ns - sys_clk rise@0.000ns)
  Data Path Delay:        4.424ns  (logic 0.524ns (11.844%)  route 3.900ns (88.156%))
  Logic Levels:           7  (LUT3=1 LUT5=1 LUT6=4 RAMD32=1)
  Clock Path Skew:        -0.022ns (DCD - SCD + CPR)
    Destination Clock Delay (DCD):    4.496ns = ( 9.496 - 5.000 ) 
    Source Clock Delay      (SCD):    4.825ns
    Clock Pessimism Removal (CPR):    0.307ns
  Clock Uncertainty:      0.035ns  ((TSJ^2 + TIJ^2)^1/2 + DJ) / 2 + PE
    Total System Jitter     (TSJ):    0.071ns
    Total Input Jitter      (TIJ):    0.000ns
    Discrete Jitter          (DJ):    0.000ns
    Phase Error              (PE):    0.000ns

    Location             Delay type                Incr(ns)  Path(ns)    Netlist Resource(s)
  -------------------------------------------------------------------    -------------------
                         (clock sys_clk rise edge)    0.000     0.000 r  <hidden>
    AL20                                              0.000     0.000 r  clk
                         net (fo=0)                   0.000     0.000    clk
    AL20                 IBUF (Prop_ibuf_I_O)         0.776     0.776 r  clk_IBUF_inst/O
                         net (fo=1, routed)           2.715     3.491    clk_IBUF
    BUFGCTRL_X0Y0        BUFG (Prop_bufg_I_O)         0.093     3.584 r  clk_IBUF_BUFG_inst/O
                         net (fo=14784, routed)       1.241     4.825    scratchpad_c/clk_IBUF_BUFG
    SLICE_X109Y165       FDRE                                         r  scratchpad_c/write_state[0].wr_request_head_reg[0]/C
  -------------------------------------------------------------------    -------------------
    SLICE_X109Y165       FDRE (Prop_fdre_C_Q)         0.223     5.048 r  scratchpad_c/write_state[0].wr_request_head_reg[0]/Q
                         net (fo=163, routed)         0.722     5.770    scratchpad_c/write_state[0].wr_request_addr_reg[0][0]_0_1_12_17/ADDRA0
    SLICE_X110Y167       RAMD32 (Prop_ramd32_RADR0_O)
                                                      0.043     5.813 r  scratchpad_c/write_state[0].wr_request_addr_reg[0][0]_0_1_12_17/RAMA_D1/O
                         net (fo=8, routed)           0.454     6.267    scratchpad_c/banks[1].ram/client_decode[2].write_port.bank[0].address[9]
    SLICE_X111Y169       LUT5 (Prop_lut5_I2_O)        0.043     6.310 r  scratchpad_c/banks[1].ram/data_reg_0_i_122/O
                         net (fo=5, routed)           0.532     6.842    scratchpad_c/banks[1].ram/data_reg_0_i_122_n_0
    SLICE_X109Y170       LUT6 (Prop_lut6_I5_O)        0.043     6.885 r  scratchpad_c/banks[1].ram/pending[1][0]_i_2/O
                         net (fo=50, routed)          0.560     7.445    scratchpad_c/banks[1].ram/rr_reg[1][0]
    SLICE_X107Y170       LUT6 (Prop_lut6_I1_O)        0.043     7.488 f  scratchpad_c/banks[1].ram/data_reg_0_i_125__0/O
                         net (fo=2, routed)           0.331     7.818    scratchpad_c/banks[1].ram/data_reg_0_i_125__0_n_0
    SLICE_X107Y168       LUT6 (Prop_lut6_I0_O)        0.043     7.861 r  scratchpad_c/banks[1].ram/pending[1][1]_i_2/O
                         net (fo=37, routed)          0.487     8.348    scratchpad_c/p_0_in6_in
    SLICE_X109Y169       LUT6 (Prop_lut6_I3_O)        0.043     8.391 r  scratchpad_c/slot_addr_inferred__2/data_reg_0_i_102/O
                         net (fo=1, routed)           0.198     8.590    scratchpad_c/slot_addr3_in[4]
    SLICE_X107Y170       LUT3 (Prop_lut3_I1_O)        0.043     8.633 r  scratchpad_c/slot_addr_inferred__2/data_reg_0_i_9/O
                         net (fo=5, routed)           0.617     9.250    scratchpad_c/banks[1].ram/D[0]
    RAMB36_X7Y34         RAMB36E1                                     r  scratchpad_c/banks[1].ram/data_reg_0/ADDRARDADDR[5]
  -------------------------------------------------------------------    -------------------

                         (clock sys_clk rise edge)    5.000     5.000 r  <hidden>
    AL20                                              0.000     5.000 r  clk
                         net (fo=0)                   0.000     5.000    clk
    AL20                 IBUF (Prop_ibuf_I_O)         0.701     5.701 r  clk_IBUF_inst/O
                         net (fo=1, routed)           2.579     8.280    clk_IBUF
    BUFGCTRL_X0Y0        BUFG (Prop_bufg_I_O)         0.083     8.363 r  clk_IBUF_BUFG_inst/O
                         net (fo=14784, routed)       1.133     9.496    scratchpad_c/banks[1].ram/clk_IBUF_BUFG
    RAMB36_X7Y34         RAMB36E1                                     r  scratchpad_c/banks[1].ram/data_reg_0/CLKARDCLK
                         clock pessimism              0.307     9.803    <hidden>
                         clock uncertainty           -0.035     9.768    <hidden>
    RAMB36_X7Y34         RAMB36E1 (Setup_ramb36e1_CLKARDCLK_ADDRARDADDR[5])
                                                     -0.416     9.352    scratchpad_c/banks[1].ram/data_reg_0
  -------------------------------------------------------------------
                         required time                          9.352    <hidden>
                         arrival time                          -9.250    <hidden>
  -------------------------------------------------------------------
                         slack                                  0.102    <hidden>

Slack (MET) :             0.106ns  (required time - arrival time)
  Source:                 scratchpad_c/write_state[0].wr_request_head_reg[0]/C
                            (rising edge-triggered cell FDRE clocked by sys_clk  {rise@0.000ns fall@2.500ns period=5.000ns})
  Destination:            scratchpad_c/banks[1].ram/data_reg_3/ADDRBWRADDR[9]
                            (rising edge-triggered cell RAMB36E1 clocked by sys_clk  {rise@0.000ns fall@2.500ns period=5.000ns})
  Path Group:             sys_clk
  Path Type:              Setup (Max at Slow Process Corner)
  Requirement:            5.000ns  (sys_clk rise@5.000ns - sys_clk rise@0.000ns)
  Data Path Delay:        4.320ns  (logic 0.444ns (10.279%)  route 3.876ns (89.721%))
  Logic Levels:           5  (LUT3=1 LUT5=1 LUT6=2 RAMD32=1)
  Clock Path Skew:        -0.030ns (DCD - SCD + CPR)
    Destination Clock Delay (DCD):    4.488ns = ( 9.488 - 5.000 ) 
    Source Clock Delay      (SCD):    4.825ns
    Clock Pessimism Removal (CPR):    0.307ns
  Clock Uncertainty:      0.035ns  ((TSJ^2 + TIJ^2)^1/2 + DJ) / 2 + PE
    Total System Jitter     (TSJ):    0.071ns
    Total Input Jitter      (TIJ):    0.000ns
    Discrete Jitter          (DJ):    0.000ns
    Phase Error              (PE):    0.000ns

    Location             Delay type                Incr(ns)  Path(ns)    Netlist Resource(s)
  -------------------------------------------------------------------    -------------------
                         (clock sys_clk rise edge)    0.000     0.000 r  <hidden>
    AL20                                              0.000     0.000 r  clk
                         net (fo=0)                   0.000     0.000    clk
    AL20                 IBUF (Prop_ibuf_I_O)         0.776     0.776 r  clk_IBUF_inst/O
                         net (fo=1, routed)           2.715     3.491    clk_IBUF
    BUFGCTRL_X0Y0        BUFG (Prop_bufg_I_O)         0.093     3.584 r  clk_IBUF_BUFG_inst/O
                         net (fo=14784, routed)       1.241     4.825    scratchpad_c/clk_IBUF_BUFG
    SLICE_X109Y165       FDRE                                         r  scratchpad_c/write_state[0].wr_request_head_reg[0]/C
  -------------------------------------------------------------------    -------------------
    SLICE_X109Y165       FDRE (Prop_fdre_C_Q)         0.223     5.048 r  scratchpad_c/write_state[0].wr_request_head_reg[0]/Q
                         net (fo=163, routed)         0.722     5.770    scratchpad_c/write_state[0].wr_request_addr_reg[0][0]_0_1_12_17/ADDRA0
    SLICE_X110Y167       RAMD32 (Prop_ramd32_RADR0_O)
                                                      0.043     5.813 f  scratchpad_c/write_state[0].wr_request_addr_reg[0][0]_0_1_12_17/RAMA_D1/O
                         net (fo=8, routed)           0.454     6.267    scratchpad_c/banks[1].ram/client_decode[2].write_port.bank[0].address[9]
    SLICE_X111Y169       LUT5 (Prop_lut5_I2_O)        0.043     6.310 f  scratchpad_c/banks[1].ram/data_reg_0_i_122/O
                         net (fo=5, routed)           0.532     6.842    scratchpad_c/banks[1].ram/data_reg_0_i_122_n_0
    SLICE_X109Y170       LUT6 (Prop_lut6_I5_O)        0.043     6.885 f  scratchpad_c/banks[1].ram/pending[1][0]_i_2/O
                         net (fo=50, routed)          0.788     7.673    scratchpad_c/banks[1].ram_n_6
    SLICE_X120Y164       LUT6 (Prop_lut6_I4_O)        0.043     7.716 r  scratchpad_c/slot_addr_inferred__1/data_reg_0_i_108/O
                         net (fo=1, routed)           0.360     8.076    scratchpad_c/slot_addr9_in[8]
    SLICE_X120Y164       LUT3 (Prop_lut3_I2_O)        0.049     8.125 r  scratchpad_c/slot_addr_inferred__1/data_reg_0_i_14/O
                         net (fo=5, routed)           1.020     9.145    scratchpad_c/banks[1].ram/data_reg_3_0[4]
    RAMB36_X6Y35         RAMB36E1                                     r  scratchpad_c/banks[1].ram/data_reg_3/ADDRBWRADDR[9]
  -------------------------------------------------------------------    -------------------

                         (clock sys_clk rise edge)    5.000     5.000 r  <hidden>
    AL20                                              0.000     5.000 r  clk
                         net (fo=0)                   0.000     5.000    clk
    AL20                 IBUF (Prop_ibuf_I_O)         0.701     5.701 r  clk_IBUF_inst/O
                         net (fo=1, routed)           2.579     8.280    clk_IBUF
    BUFGCTRL_X0Y0        BUFG (Prop_bufg_I_O)         0.083     8.363 r  clk_IBUF_BUFG_inst/O
                         net (fo=14784, routed)       1.125     9.488    scratchpad_c/banks[1].ram/clk_IBUF_BUFG
    RAMB36_X6Y35         RAMB36E1                                     r  scratchpad_c/banks[1].ram/data_reg_3/CLKBWRCLK
                         clock pessimism              0.307     9.795    <hidden>
                         clock uncertainty           -0.035     9.760    <hidden>
    RAMB36_X6Y35         RAMB36E1 (Setup_ramb36e1_CLKBWRCLK_ADDRBWRADDR[9])
                                                     -0.509     9.251    scratchpad_c/banks[1].ram/data_reg_3
  -------------------------------------------------------------------
                         required time                          9.251    <hidden>
                         arrival time                          -9.145    <hidden>
  -------------------------------------------------------------------
                         slack                                  0.106    <hidden>

Slack (MET) :             0.106ns  (required time - arrival time)
  Source:                 bram_dp_stream_0/write_state[0].wr_request_head_reg[0]/C
                            (rising edge-triggered cell FDRE clocked by sys_clk  {rise@0.000ns fall@2.500ns period=5.000ns})
  Destination:            bram_dp_stream_0/banks[0].ram/data_reg/ADDRARDADDR[11]
                            (rising edge-triggered cell RAMB36E1 clocked by sys_clk  {rise@0.000ns fall@2.500ns period=5.000ns})
  Path Group:             sys_clk
  Path Type:              Setup (Max at Slow Process Corner)
  Requirement:            5.000ns  (sys_clk rise@5.000ns - sys_clk rise@0.000ns)
  Data Path Delay:        4.424ns  (logic 0.946ns (21.384%)  route 3.478ns (78.616%))
  Logic Levels:           6  (CARRY4=1 LUT2=1 LUT6=3 RAMD32=1)
  Clock Path Skew:        -0.018ns (DCD - SCD + CPR)
    Destination Clock Delay (DCD):    4.485ns = ( 9.485 - 5.000 ) 
    Source Clock Delay      (SCD):    4.810ns
    Clock Pessimism Removal (CPR):    0.307ns
  Clock Uncertainty:      0.035ns  ((TSJ^2 + TIJ^2)^1/2 + DJ) / 2 + PE
    Total System Jitter     (TSJ):    0.071ns
    Total Input Jitter      (TIJ):    0.000ns
    Discrete Jitter          (DJ):    0.000ns
    Phase Error              (PE):    0.000ns

    Location             Delay type                Incr(ns)  Path(ns)    Netlist Resource(s)
  -------------------------------------------------------------------    -------------------
                         (clock sys_clk rise edge)    0.000     0.000 r  <hidden>
    AL20                                              0.000     0.000 r  clk
                         net (fo=0)                   0.000     0.000    clk
    AL20                 IBUF (Prop_ibuf_I_O)         0.776     0.776 r  clk_IBUF_inst/O
                         net (fo=1, routed)           2.715     3.491    clk_IBUF
    BUFGCTRL_X0Y0        BUFG (Prop_bufg_I_O)         0.093     3.584 r  clk_IBUF_BUFG_inst/O
                         net (fo=14784, routed)       1.226     4.810    bram_dp_stream_0/clk_IBUF_BUFG
    SLICE_X82Y152        FDRE                                         r  bram_dp_stream_0/write_state[0].wr_request_head_reg[0]/C
  -------------------------------------------------------------------    -------------------
    SLICE_X82Y152        FDRE (Prop_fdre_C_Q)         0.259     5.069 r  bram_dp_stream_0/write_state[0].wr_request_head_reg[0]/Q
                         net (fo=65, routed)          0.671     5.740    bram_dp_stream_0/write_state[0].wr_request_addr_reg[0][0]_0_1_6_11/ADDRA0
    SLICE_X82Y149        RAMD32 (Prop_ramd32_RADR0_O)
                                                      0.047     5.787 r  bram_dp_stream_0/write_state[0].wr_request_addr_reg[0][0]_0_1_6_11/RAMA/O
                         net (fo=6, routed)           0.657     6.445    bram_dp_stream_0/banks[1].ram/DOA[0]
    SLICE_X77Y151        LUT6 (Prop_lut6_I3_O)        0.134     6.579 r  bram_dp_stream_0/banks[1].ram/pending_port[1][1][0]_i_7/O
                         net (fo=1, routed)           0.000     6.579    bram_dp_stream_0/banks[1].ram/pending_port[1][1][0]_i_7_n_0
    SLICE_X77Y151        CARRY4 (Prop_carry4_S[1]_CO[2])
                                                      0.291     6.870 r  bram_dp_stream_0/banks[1].ram/pending_port_reg[1][1][0]_i_2/CO[2]
                         net (fo=5, routed)           0.637     7.507    bram_dp_stream_0/banks[0].ram/CO[0]
    SLICE_X77Y154        LUT6 (Prop_lut6_I0_O)        0.129     7.636 f  bram_dp_stream_0/banks[0].ram/data_reg_i_89/O
                         net (fo=2, routed)           0.367     8.002    bram_dp_stream_0/banks[0].ram/data_reg_i_89_n_0
    SLICE_X77Y154        LUT2 (Prop_lut2_I1_O)        0.043     8.045 f  bram_dp_stream_0/banks[0].ram/data_reg_i_86/O
                         net (fo=37, routed)          0.628     8.674    bram_dp_stream_0/banks[0].ram/data_reg_i_89_0
    SLICE_X81Y149        LUT6 (Prop_lut6_I1_O)        0.043     8.717 r  bram_dp_stream_0/banks[0].ram/data_reg_i_3/O
                         net (fo=2, routed)           0.518     9.234    bram_dp_stream_0/banks[0].ram/D[6]
    RAMB36_X5Y30         RAMB36E1                                     r  bram_dp_stream_0/banks[0].ram/data_reg/ADDRARDADDR[11]
  -------------------------------------------------------------------    -------------------

                         (clock sys_clk rise edge)    5.000     5.000 r  <hidden>
    AL20                                              0.000     5.000 r  clk
                         net (fo=0)                   0.000     5.000    clk
    AL20                 IBUF (Prop_ibuf_I_O)         0.701     5.701 r  clk_IBUF_inst/O
                         net (fo=1, routed)           2.579     8.280    clk_IBUF
    BUFGCTRL_X0Y0        BUFG (Prop_bufg_I_O)         0.083     8.363 r  clk_IBUF_BUFG_inst/O
                         net (fo=14784, routed)       1.122     9.485    bram_dp_stream_0/banks[0].ram/clk_IBUF_BUFG
    RAMB36_X5Y30         RAMB36E1                                     r  bram_dp_stream_0/banks[0].ram/data_reg/CLKARDCLK
                         clock pessimism              0.307     9.792    <hidden>
                         clock uncertainty           -0.035     9.757    <hidden>
    RAMB36_X5Y30         RAMB36E1 (Setup_ramb36e1_CLKARDCLK_ADDRARDADDR[11])
                                                     -0.416     9.341    bram_dp_stream_0/banks[0].ram/data_reg
  -------------------------------------------------------------------
                         required time                          9.341    <hidden>
                         arrival time                          -9.234    <hidden>
  -------------------------------------------------------------------
                         slack                                  0.106    <hidden>

Slack (MET) :             0.107ns  (required time - arrival time)
  Source:                 scratchpad_c/write_state[0].wr_request_head_reg[0]/C
                            (rising edge-triggered cell FDRE clocked by sys_clk  {rise@0.000ns fall@2.500ns period=5.000ns})
  Destination:            scratchpad_c/banks[1].ram/data_reg_1/ADDRARDADDR[5]
                            (rising edge-triggered cell RAMB36E1 clocked by sys_clk  {rise@0.000ns fall@2.500ns period=5.000ns})
  Path Group:             sys_clk
  Path Type:              Setup (Max at Slow Process Corner)
  Requirement:            5.000ns  (sys_clk rise@5.000ns - sys_clk rise@0.000ns)
  Data Path Delay:        4.411ns  (logic 0.524ns (11.879%)  route 3.887ns (88.121%))
  Logic Levels:           7  (LUT3=1 LUT5=1 LUT6=4 RAMD32=1)
  Clock Path Skew:        -0.030ns (DCD - SCD + CPR)
    Destination Clock Delay (DCD):    4.488ns = ( 9.488 - 5.000 ) 
    Source Clock Delay      (SCD):    4.825ns
    Clock Pessimism Removal (CPR):    0.307ns
  Clock Uncertainty:      0.035ns  ((TSJ^2 + TIJ^2)^1/2 + DJ) / 2 + PE
    Total System Jitter     (TSJ):    0.071ns
    Total Input Jitter      (TIJ):    0.000ns
    Discrete Jitter          (DJ):    0.000ns
    Phase Error              (PE):    0.000ns

    Location             Delay type                Incr(ns)  Path(ns)    Netlist Resource(s)
  -------------------------------------------------------------------    -------------------
                         (clock sys_clk rise edge)    0.000     0.000 r  <hidden>
    AL20                                              0.000     0.000 r  clk
                         net (fo=0)                   0.000     0.000    clk
    AL20                 IBUF (Prop_ibuf_I_O)         0.776     0.776 r  clk_IBUF_inst/O
                         net (fo=1, routed)           2.715     3.491    clk_IBUF
    BUFGCTRL_X0Y0        BUFG (Prop_bufg_I_O)         0.093     3.584 r  clk_IBUF_BUFG_inst/O
                         net (fo=14784, routed)       1.241     4.825    scratchpad_c/clk_IBUF_BUFG
    SLICE_X109Y165       FDRE                                         r  scratchpad_c/write_state[0].wr_request_head_reg[0]/C
  -------------------------------------------------------------------    -------------------
    SLICE_X109Y165       FDRE (Prop_fdre_C_Q)         0.223     5.048 r  scratchpad_c/write_state[0].wr_request_head_reg[0]/Q
                         net (fo=163, routed)         0.722     5.770    scratchpad_c/write_state[0].wr_request_addr_reg[0][0]_0_1_12_17/ADDRA0
    SLICE_X110Y167       RAMD32 (Prop_ramd32_RADR0_O)
                                                      0.043     5.813 r  scratchpad_c/write_state[0].wr_request_addr_reg[0][0]_0_1_12_17/RAMA_D1/O
                         net (fo=8, routed)           0.454     6.267    scratchpad_c/banks[1].ram/client_decode[2].write_port.bank[0].address[9]
    SLICE_X111Y169       LUT5 (Prop_lut5_I2_O)        0.043     6.310 r  scratchpad_c/banks[1].ram/data_reg_0_i_122/O
                         net (fo=5, routed)           0.532     6.842    scratchpad_c/banks[1].ram/data_reg_0_i_122_n_0
    SLICE_X109Y170       LUT6 (Prop_lut6_I5_O)        0.043     6.885 r  scratchpad_c/banks[1].ram/pending[1][0]_i_2/O
                         net (fo=50, routed)          0.560     7.445    scratchpad_c/banks[1].ram/rr_reg[1][0]
    SLICE_X107Y170       LUT6 (Prop_lut6_I1_O)        0.043     7.488 f  scratchpad_c/banks[1].ram/data_reg_0_i_125__0/O
                         net (fo=2, routed)           0.331     7.818    scratchpad_c/banks[1].ram/data_reg_0_i_125__0_n_0
    SLICE_X107Y168       LUT6 (Prop_lut6_I0_O)        0.043     7.861 r  scratchpad_c/banks[1].ram/pending[1][1]_i_2/O
                         net (fo=37, routed)          0.487     8.348    scratchpad_c/p_0_in6_in
    SLICE_X109Y169       LUT6 (Prop_lut6_I3_O)        0.043     8.391 r  scratchpad_c/slot_addr_inferred__2/data_reg_0_i_102/O
                         net (fo=1, routed)           0.198     8.590    scratchpad_c/slot_addr3_in[4]
    SLICE_X107Y170       LUT3 (Prop_lut3_I1_O)        0.043     8.633 r  scratchpad_c/slot_addr_inferred__2/data_reg_0_i_9/O
                         net (fo=5, routed)           0.604     9.237    scratchpad_c/banks[1].ram/D[0]
    RAMB36_X6Y34         RAMB36E1                                     r  scratchpad_c/banks[1].ram/data_reg_1/ADDRARDADDR[5]
  -------------------------------------------------------------------    -------------------

                         (clock sys_clk rise edge)    5.000     5.000 r  <hidden>
    AL20                                              0.000     5.000 r  clk
                         net (fo=0)                   0.000     5.000    clk
    AL20                 IBUF (Prop_ibuf_I_O)         0.701     5.701 r  clk_IBUF_inst/O
                         net (fo=1, routed)           2.579     8.280    clk_IBUF
    BUFGCTRL_X0Y0        BUFG (Prop_bufg_I_O)         0.083     8.363 r  clk_IBUF_BUFG_inst/O
                         net (fo=14784, routed)       1.125     9.488    scratchpad_c/banks[1].ram/clk_IBUF_BUFG
    RAMB36_X6Y34         RAMB36E1                                     r  scratchpad_c/banks[1].ram/data_reg_1/CLKARDCLK
                         clock pessimism              0.307     9.795    <hidden>
                         clock uncertainty           -0.035     9.760    <hidden>
    RAMB36_X6Y34         RAMB36E1 (Setup_ramb36e1_CLKARDCLK_ADDRARDADDR[5])
                                                     -0.416     9.344    scratchpad_c/banks[1].ram/data_reg_1
  -------------------------------------------------------------------
                         required time                          9.344    <hidden>
                         arrival time                          -9.237    <hidden>
  -------------------------------------------------------------------
                         slack                                  0.107    <hidden>

Slack (MET) :             0.111ns  (required time - arrival time)
  Source:                 bram_dp_stream_0/write_state[0].wr_request_head_reg[0]/C
                            (rising edge-triggered cell FDRE clocked by sys_clk  {rise@0.000ns fall@2.500ns period=5.000ns})
  Destination:            bram_dp_stream_0/read_state[0].outstanding_count_reg[0][1]/D
                            (rising edge-triggered cell FDRE clocked by sys_clk  {rise@0.000ns fall@2.500ns period=5.000ns})
  Path Group:             sys_clk
  Path Type:              Setup (Max at Slow Process Corner)
  Requirement:            5.000ns  (sys_clk rise@5.000ns - sys_clk rise@0.000ns)
  Data Path Delay:        4.900ns  (logic 1.091ns (22.265%)  route 3.809ns (77.735%))
  Logic Levels:           7  (CARRY4=1 LUT2=1 LUT4=2 LUT6=2 RAMD32=1)
  Clock Path Skew:        0.012ns (DCD - SCD + CPR)
    Destination Clock Delay (DCD):    4.515ns = ( 9.515 - 5.000 ) 
    Source Clock Delay      (SCD):    4.810ns
    Clock Pessimism Removal (CPR):    0.307ns
  Clock Uncertainty:      0.035ns  ((TSJ^2 + TIJ^2)^1/2 + DJ) / 2 + PE
    Total System Jitter     (TSJ):    0.071ns
    Total Input Jitter      (TIJ):    0.000ns
    Discrete Jitter          (DJ):    0.000ns
    Phase Error              (PE):    0.000ns

    Location             Delay type                Incr(ns)  Path(ns)    Netlist Resource(s)
  -------------------------------------------------------------------    -------------------
                         (clock sys_clk rise edge)    0.000     0.000 r  <hidden>
    AL20                                              0.000     0.000 r  clk
                         net (fo=0)                   0.000     0.000    clk
    AL20                 IBUF (Prop_ibuf_I_O)         0.776     0.776 r  clk_IBUF_inst/O
                         net (fo=1, routed)           2.715     3.491    clk_IBUF
    BUFGCTRL_X0Y0        BUFG (Prop_bufg_I_O)         0.093     3.584 r  clk_IBUF_BUFG_inst/O
                         net (fo=14784, routed)       1.226     4.810    bram_dp_stream_0/clk_IBUF_BUFG
    SLICE_X82Y152        FDRE                                         r  bram_dp_stream_0/write_state[0].wr_request_head_reg[0]/C
  -------------------------------------------------------------------    -------------------
    SLICE_X82Y152        FDRE (Prop_fdre_C_Q)         0.259     5.069 r  bram_dp_stream_0/write_state[0].wr_request_head_reg[0]/Q
                         net (fo=65, routed)          0.671     5.740    bram_dp_stream_0/write_state[0].wr_request_addr_reg[0][0]_0_1_6_11/ADDRA0
    SLICE_X82Y149        RAMD32 (Prop_ramd32_RADR0_O)
                                                      0.047     5.787 r  bram_dp_stream_0/write_state[0].wr_request_addr_reg[0][0]_0_1_6_11/RAMA/O
                         net (fo=6, routed)           0.657     6.445    bram_dp_stream_0/banks[1].ram/DOA[0]
    SLICE_X77Y151        LUT6 (Prop_lut6_I3_O)        0.134     6.579 r  bram_dp_stream_0/banks[1].ram/pending_port[1][1][0]_i_7/O
                         net (fo=1, routed)           0.000     6.579    bram_dp_stream_0/banks[1].ram/pending_port[1][1][0]_i_7_n_0
    SLICE_X77Y151        CARRY4 (Prop_carry4_S[1]_CO[2])
                                                      0.291     6.870 r  bram_dp_stream_0/banks[1].ram/pending_port_reg[1][1][0]_i_2/CO[2]
                         net (fo=5, routed)           0.637     7.507    bram_dp_stream_0/banks[0].ram/CO[0]
    SLICE_X77Y154        LUT6 (Prop_lut6_I0_O)        0.129     7.636 f  bram_dp_stream_0/banks[0].ram/data_reg_i_89/O
                         net (fo=2, routed)           0.367     8.002    bram_dp_stream_0/banks[0].ram/data_reg_i_89_n_0
    SLICE_X77Y154        LUT2 (Prop_lut2_I1_O)        0.043     8.045 f  bram_dp_stream_0/banks[0].ram/data_reg_i_86/O
                         net (fo=37, routed)          0.911     8.956    bram_dp_stream_0/banks[0].ram_n_19
    SLICE_X69Y155        LUT4 (Prop_lut4_I0_O)        0.053     9.009 r  bram_dp_stream_0/read_state[0].outstanding_count[0][2]_i_2__0/O
                         net (fo=6, routed)           0.567     9.576    bram_dp_stream_0/p_0_in_11[0]
    SLICE_X59Y156        LUT4 (Prop_lut4_I1_O)        0.135     9.711 r  bram_dp_stream_0/read_state[0].outstanding_count[0][1]_i_1__1/O
                         net (fo=1, routed)           0.000     9.711    bram_dp_stream_0/read_state[0].outstanding_count[0][1]_i_1__1_n_0
    SLICE_X59Y156        FDRE                                         r  bram_dp_stream_0/read_state[0].outstanding_count_reg[0][1]/D
  -------------------------------------------------------------------    -------------------

                         (clock sys_clk rise edge)    5.000     5.000 r  <hidden>
    AL20                                              0.000     5.000 r  clk
                         net (fo=0)                   0.000     5.000    clk
    AL20                 IBUF (Prop_ibuf_I_O)         0.701     5.701 r  clk_IBUF_inst/O
                         net (fo=1, routed)           2.579     8.280    clk_IBUF
    BUFGCTRL_X0Y0        BUFG (Prop_bufg_I_O)         0.083     8.363 r  clk_IBUF_BUFG_inst/O
                         net (fo=14784, routed)       1.152     9.515    bram_dp_stream_0/clk_IBUF_BUFG
    SLICE_X59Y156        FDRE                                         r  bram_dp_stream_0/read_state[0].outstanding_count_reg[0][1]/C
                         clock pessimism              0.307     9.822    <hidden>
                         clock uncertainty           -0.035     9.787    <hidden>
    SLICE_X59Y156        FDRE (Setup_fdre_C_D)        0.034     9.821    bram_dp_stream_0/read_state[0].outstanding_count_reg[0][1]
  -------------------------------------------------------------------
                         required time                          9.821    <hidden>
                         arrival time                          -9.711    <hidden>
  -------------------------------------------------------------------
                         slack                                  0.111    <hidden>

Slack (MET) :             0.113ns  (required time - arrival time)
  Source:                 scratchpad_c/write_state[1].wr_request_head_reg[1]/C
                            (rising edge-triggered cell FDRE clocked by sys_clk  {rise@0.000ns fall@2.500ns period=5.000ns})
  Destination:            scratchpad_c/banks[0].ram/data_reg_2/ADDRARDADDR[12]
                            (rising edge-triggered cell RAMB36E1 clocked by sys_clk  {rise@0.000ns fall@2.500ns period=5.000ns})
  Path Group:             sys_clk
  Path Type:              Setup (Max at Slow Process Corner)
  Requirement:            5.000ns  (sys_clk rise@5.000ns - sys_clk rise@0.000ns)
  Data Path Delay:        4.424ns  (logic 0.968ns (21.882%)  route 3.456ns (78.118%))
  Logic Levels:           7  (CARRY4=1 LUT3=1 LUT6=4 RAMD32=1)
  Clock Path Skew:        -0.011ns (DCD - SCD + CPR)
    Destination Clock Delay (DCD):    4.508ns = ( 9.508 - 5.000 ) 
    Source Clock Delay      (SCD):    4.826ns
    Clock Pessimism Removal (CPR):    0.307ns
  Clock Uncertainty:      0.035ns  ((TSJ^2 + TIJ^2)^1/2 + DJ) / 2 + PE
    Total System Jitter     (TSJ):    0.071ns
    Total Input Jitter      (TIJ):    0.000ns
    Discrete Jitter          (DJ):    0.000ns
    Phase Error              (PE):    0.000ns

    Location             Delay type                Incr(ns)  Path(ns)    Netlist Resource(s)
  -------------------------------------------------------------------    -------------------
                         (clock sys_clk rise edge)    0.000     0.000 r  <hidden>
    AL20                                              0.000     0.000 r  clk
                         net (fo=0)                   0.000     0.000    clk
    AL20                 IBUF (Prop_ibuf_I_O)         0.776     0.776 r  clk_IBUF_inst/O
                         net (fo=1, routed)           2.715     3.491    clk_IBUF
    BUFGCTRL_X0Y0        BUFG (Prop_bufg_I_O)         0.093     3.584 r  clk_IBUF_BUFG_inst/O
                         net (fo=14784, routed)       1.242     4.826    scratchpad_c/clk_IBUF_BUFG
    SLICE_X110Y164       FDRE                                         r  scratchpad_c/write_state[1].wr_request_head_reg[1]/C
  -------------------------------------------------------------------    -------------------
    SLICE_X110Y164       FDRE (Prop_fdre_C_Q)         0.259     5.085 r  scratchpad_c/write_state[1].wr_request_head_reg[1]/Q
                         net (fo=161, routed)         0.580     5.665    scratchpad_c/write_state[1].wr_request_addr_reg[1][0]_0_1_0_5/ADDRC0
    SLICE_X110Y163       RAMD32 (Prop_ramd32_RADR0_O)
                                                      0.046     5.711 r  scratchpad_c/write_state[1].wr_request_addr_reg[1][0]_0_1_0_5/RAMC/O
                         net (fo=7, routed)           0.691     6.403    scratchpad_c/banks[1].ram/client_decode[3].write_port.bank[0].address[0]
    SLICE_X111Y167       LUT6 (Prop_lut6_I1_O)        0.132     6.535 r  scratchpad_c/banks[1].ram/data_reg_0_i_141/O
                         net (fo=1, routed)           0.000     6.535    scratchpad_c/banks[1].ram/data_reg_0_i_141_n_0
    SLICE_X111Y167       CARRY4 (Prop_carry4_S[0]_CO[2])
                                                      0.273     6.808 r  scratchpad_c/banks[1].ram/data_reg_0_i_130__0/CO[2]
                         net (fo=4, routed)           0.427     7.235    scratchpad_c/banks[0].ram/pending_addr[0][1][31]_i_3_0[0]
    SLICE_X112Y166       LUT6 (Prop_lut6_I4_O)        0.129     7.364 r  scratchpad_c/banks[0].ram/data_reg_0_i_116/O
                         net (fo=3, routed)           0.355     7.719    scratchpad_c/banks[0].ram/data_reg_0_i_116_n_0
    SLICE_X115Y166       LUT6 (Prop_lut6_I1_O)        0.043     7.762 r  scratchpad_c/banks[0].ram/pending_addr[0][1][31]_i_4/O
                         net (fo=36, routed)          0.439     8.201    scratchpad_c/banks[0].ram_n_7
    SLICE_X115Y164       LUT6 (Prop_lut6_I1_O)        0.043     8.244 r  scratchpad_c/slot_addr_inferred__0/data_reg_0_i_95/O
                         net (fo=1, routed)           0.378     8.623    scratchpad_c/slot_addr15_in[11]
    SLICE_X116Y165       LUT3 (Prop_lut3_I1_O)        0.043     8.666 r  scratchpad_c/slot_addr_inferred__0/data_reg_0_i_2/O
                         net (fo=5, routed)           0.584     9.250    scratchpad_c/banks[0].ram/D[7]
    RAMB36_X7Y31         RAMB36E1                                     r  scratchpad_c/banks[0].ram/data_reg_2/ADDRARDADDR[12]
  -------------------------------------------------------------------    -------------------

                         (clock sys_clk rise edge)    5.000     5.000 r  <hidden>
    AL20                                              0.000     5.000 r  clk
                         net (fo=0)                   0.000     5.000    clk
    AL20                 IBUF (Prop_ibuf_I_O)         0.701     5.701 r  clk_IBUF_inst/O
                         net (fo=1, routed)           2.579     8.280    clk_IBUF
    BUFGCTRL_X0Y0        BUFG (Prop_bufg_I_O)         0.083     8.363 r  clk_IBUF_BUFG_inst/O
                         net (fo=14784, routed)       1.145     9.508    scratchpad_c/banks[0].ram/clk_IBUF_BUFG
    RAMB36_X7Y31         RAMB36E1                                     r  scratchpad_c/banks[0].ram/data_reg_2/CLKARDCLK
                         clock pessimism              0.307     9.815    <hidden>
                         clock uncertainty           -0.035     9.780    <hidden>
    RAMB36_X7Y31         RAMB36E1 (Setup_ramb36e1_CLKARDCLK_ADDRARDADDR[12])
                                                     -0.416     9.364    scratchpad_c/banks[0].ram/data_reg_2
  -------------------------------------------------------------------
                         required time                          9.364    <hidden>
                         arrival time                          -9.250    <hidden>
  -------------------------------------------------------------------
                         slack                                  0.113    <hidden>

Slack (MET) :             0.118ns  (required time - arrival time)
  Source:                 scratchpad_c/write_state[1].wr_request_head_reg[1]/C
                            (rising edge-triggered cell FDRE clocked by sys_clk  {rise@0.000ns fall@2.500ns period=5.000ns})
  Destination:            scratchpad_c/banks[1].ram/data_reg_3/ADDRARDADDR[7]
                            (rising edge-triggered cell RAMB36E1 clocked by sys_clk  {rise@0.000ns fall@2.500ns period=5.000ns})
  Path Group:             sys_clk
  Path Type:              Setup (Max at Slow Process Corner)
  Requirement:            5.000ns  (sys_clk rise@5.000ns - sys_clk rise@0.000ns)
  Data Path Delay:        4.401ns  (logic 0.968ns (21.994%)  route 3.433ns (78.006%))
  Logic Levels:           7  (CARRY4=1 LUT3=1 LUT6=4 RAMD32=1)
  Clock Path Skew:        -0.029ns (DCD - SCD + CPR)
    Destination Clock Delay (DCD):    4.490ns = ( 9.490 - 5.000 ) 
    Source Clock Delay      (SCD):    4.826ns
    Clock Pessimism Removal (CPR):    0.307ns
  Clock Uncertainty:      0.035ns  ((TSJ^2 + TIJ^2)^1/2 + DJ) / 2 + PE
    Total System Jitter     (TSJ):    0.071ns
    Total Input Jitter      (TIJ):    0.000ns
    Discrete Jitter          (DJ):    0.000ns
    Phase Error              (PE):    0.000ns

    Location             Delay type                Incr(ns)  Path(ns)    Netlist Resource(s)
  -------------------------------------------------------------------    -------------------
                         (clock sys_clk rise edge)    0.000     0.000 r  <hidden>
    AL20                                              0.000     0.000 r  clk
                         net (fo=0)                   0.000     0.000    clk
    AL20                 IBUF (Prop_ibuf_I_O)         0.776     0.776 r  clk_IBUF_inst/O
                         net (fo=1, routed)           2.715     3.491    clk_IBUF
    BUFGCTRL_X0Y0        BUFG (Prop_bufg_I_O)         0.093     3.584 r  clk_IBUF_BUFG_inst/O
                         net (fo=14784, routed)       1.242     4.826    scratchpad_c/clk_IBUF_BUFG
    SLICE_X110Y164       FDRE                                         r  scratchpad_c/write_state[1].wr_request_head_reg[1]/C
  -------------------------------------------------------------------    -------------------
    SLICE_X110Y164       FDRE (Prop_fdre_C_Q)         0.259     5.085 r  scratchpad_c/write_state[1].wr_request_head_reg[1]/Q
                         net (fo=161, routed)         0.580     5.665    scratchpad_c/write_state[1].wr_request_addr_reg[1][0]_0_1_0_5/ADDRC0
    SLICE_X110Y163       RAMD32 (Prop_ramd32_RADR0_O)
                                                      0.046     5.711 r  scratchpad_c/write_state[1].wr_request_addr_reg[1][0]_0_1_0_5/RAMC/O
                         net (fo=7, routed)           0.691     6.403    scratchpad_c/banks[1].ram/client_decode[3].write_port.bank[0].address[0]
    SLICE_X111Y167       LUT6 (Prop_lut6_I1_O)        0.132     6.535 r  scratchpad_c/banks[1].ram/data_reg_0_i_141/O
                         net (fo=1, routed)           0.000     6.535    scratchpad_c/banks[1].ram/data_reg_0_i_141_n_0
    SLICE_X111Y167       CARRY4 (Prop_carry4_S[0]_CO[2])
                                                      0.273     6.808 r  scratchpad_c/banks[1].ram/data_reg_0_i_130__0/CO[2]
                         net (fo=4, routed)           0.460     7.267    scratchpad_c/banks[1].ram/data_reg_0_i_141_0[0]
    SLICE_X109Y169       LUT6 (Prop_lut6_I1_O)        0.129     7.396 r  scratchpad_c/banks[1].ram/data_reg_0_i_119__0/O
                         net (fo=3, routed)           0.462     7.858    scratchpad_c/banks[1].ram/data_reg_0_i_119__0_n_0
    SLICE_X106Y170       LUT6 (Prop_lut6_I0_O)        0.043     7.901 f  scratchpad_c/banks[1].ram/pending[1][1]_i_3/O
                         net (fo=37, routed)          0.475     8.376    scratchpad_c/banks[1].ram_n_10
    SLICE_X105Y168       LUT6 (Prop_lut6_I5_O)        0.043     8.419 r  scratchpad_c/slot_addr_inferred__2/data_reg_0_i_100/O
                         net (fo=1, routed)           0.101     8.520    scratchpad_c/slot_addr3_in[6]
    SLICE_X105Y168       LUT3 (Prop_lut3_I1_O)        0.043     8.563 r  scratchpad_c/slot_addr_inferred__2/data_reg_0_i_7/O
                         net (fo=5, routed)           0.665     9.228    scratchpad_c/banks[1].ram/D[2]
    RAMB36_X6Y35         RAMB36E1                                     r  scratchpad_c/banks[1].ram/data_reg_3/ADDRARDADDR[7]
  -------------------------------------------------------------------    -------------------

                         (clock sys_clk rise edge)    5.000     5.000 r  <hidden>
    AL20                                              0.000     5.000 r  clk
                         net (fo=0)                   0.000     5.000    clk
    AL20                 IBUF (Prop_ibuf_I_O)         0.701     5.701 r  clk_IBUF_inst/O
                         net (fo=1, routed)           2.579     8.280    clk_IBUF
    BUFGCTRL_X0Y0        BUFG (Prop_bufg_I_O)         0.083     8.363 r  clk_IBUF_BUFG_inst/O
                         net (fo=14784, routed)       1.127     9.490    scratchpad_c/banks[1].ram/clk_IBUF_BUFG
    RAMB36_X6Y35         RAMB36E1                                     r  scratchpad_c/banks[1].ram/data_reg_3/CLKARDCLK
                         clock pessimism              0.307     9.797    <hidden>
                         clock uncertainty           -0.035     9.762    <hidden>
    RAMB36_X6Y35         RAMB36E1 (Setup_ramb36e1_CLKARDCLK_ADDRARDADDR[7])
                                                     -0.416     9.346    scratchpad_c/banks[1].ram/data_reg_3
  -------------------------------------------------------------------
                         required time                          9.346    <hidden>
                         arrival time                          -9.228    <hidden>
  -------------------------------------------------------------------
                         slack                                  0.118    <hidden>

Slack (MET) :             0.120ns  (required time - arrival time)
  Source:                 alu_b_dma/fifo_dut/fifo_read_offset_reg[0]/C
                            (rising edge-triggered cell FDCE clocked by sys_clk  {rise@0.000ns fall@2.500ns period=5.000ns})
  Destination:            alu_b_dma/fifo_dut/bram_out_data_reg[84]/D
                            (rising edge-triggered cell FDRE clocked by sys_clk  {rise@0.000ns fall@2.500ns period=5.000ns})
  Path Group:             sys_clk
  Path Type:              Setup (Max at Slow Process Corner)
  Requirement:            5.000ns  (sys_clk rise@5.000ns - sys_clk rise@0.000ns)
  Data Path Delay:        4.716ns  (logic 0.374ns (7.931%)  route 4.342ns (92.069%))
  Logic Levels:           2  (LUT6=1 MUXF7=1)
  Clock Path Skew:        -0.177ns (DCD - SCD + CPR)
    Destination Clock Delay (DCD):    4.469ns = ( 9.469 - 5.000 ) 
    Source Clock Delay      (SCD):    4.880ns
    Clock Pessimism Removal (CPR):    0.234ns
  Clock Uncertainty:      0.035ns  ((TSJ^2 + TIJ^2)^1/2 + DJ) / 2 + PE
    Total System Jitter     (TSJ):    0.071ns
    Total Input Jitter      (TIJ):    0.000ns
    Discrete Jitter          (DJ):    0.000ns
    Phase Error              (PE):    0.000ns

    Location             Delay type                Incr(ns)  Path(ns)    Netlist Resource(s)
  -------------------------------------------------------------------    -------------------
                         (clock sys_clk rise edge)    0.000     0.000 r  <hidden>
    AL20                                              0.000     0.000 r  clk
                         net (fo=0)                   0.000     0.000    clk
    AL20                 IBUF (Prop_ibuf_I_O)         0.776     0.776 r  clk_IBUF_inst/O
                         net (fo=1, routed)           2.715     3.491    clk_IBUF
    BUFGCTRL_X0Y0        BUFG (Prop_bufg_I_O)         0.093     3.584 r  clk_IBUF_BUFG_inst/O
                         net (fo=14784, routed)       1.296     4.880    alu_b_dma/fifo_dut/clk_IBUF_BUFG
    SLICE_X43Y194        FDCE                                         r  alu_b_dma/fifo_dut/fifo_read_offset_reg[0]/C
  -------------------------------------------------------------------    -------------------
    SLICE_X43Y194        FDCE (Prop_fdce_C_Q)         0.223     5.103 r  alu_b_dma/fifo_dut/fifo_read_offset_reg[0]/Q
                         net (fo=259, routed)         4.342     9.445    alu_b_dma/fifo_dut/fifo_read_offset[0]
    SLICE_X121Y176       LUT6 (Prop_lut6_I4_O)        0.043     9.488 r  alu_b_dma/fifo_dut/bram_out_data[84]_i_3/O
                         net (fo=1, routed)           0.000     9.488    alu_b_dma/fifo_dut/bram_out_data[84]_i_3_n_0
    SLICE_X121Y176       MUXF7 (Prop_muxf7_I1_O)      0.108     9.596 r  alu_b_dma/fifo_dut/bram_out_data_reg[84]_i_1/O
                         net (fo=1, routed)           0.000     9.596    alu_b_dma/fifo_dut/bram_out_data_reg[84]_i_1_n_0
    SLICE_X121Y176       FDRE                                         r  alu_b_dma/fifo_dut/bram_out_data_reg[84]/D
  -------------------------------------------------------------------    -------------------

                         (clock sys_clk rise edge)    5.000     5.000 r  <hidden>
    AL20                                              0.000     5.000 r  clk
                         net (fo=0)                   0.000     5.000    clk
    AL20                 IBUF (Prop_ibuf_I_O)         0.701     5.701 r  clk_IBUF_inst/O
                         net (fo=1, routed)           2.579     8.280    clk_IBUF
    BUFGCTRL_X0Y0        BUFG (Prop_bufg_I_O)         0.083     8.363 r  clk_IBUF_BUFG_inst/O
                         net (fo=14784, routed)       1.106     9.469    alu_b_dma/fifo_dut/clk_IBUF_BUFG
    SLICE_X121Y176       FDRE                                         r  alu_b_dma/fifo_dut/bram_out_data_reg[84]/C
                         clock pessimism              0.234     9.703    <hidden>
                         clock uncertainty           -0.035     9.668    <hidden>
    SLICE_X121Y176       FDRE (Setup_fdre_C_D)        0.048     9.716    alu_b_dma/fifo_dut/bram_out_data_reg[84]
  -------------------------------------------------------------------
                         required time                          9.716    <hidden>
                         arrival time                          -9.596    <hidden>
  -------------------------------------------------------------------
                         slack                                  0.120    <hidden>

Slack (MET) :             0.127ns  (required time - arrival time)
  Source:                 scratchpad_c/write_state[0].wr_request_head_reg[0]/C
                            (rising edge-triggered cell FDRE clocked by sys_clk  {rise@0.000ns fall@2.500ns period=5.000ns})
  Destination:            scratchpad_c/banks[1].ram/data_reg_3/ADDRARDADDR[5]
                            (rising edge-triggered cell RAMB36E1 clocked by sys_clk  {rise@0.000ns fall@2.500ns period=5.000ns})
  Path Group:             sys_clk
  Path Type:              Setup (Max at Slow Process Corner)
  Requirement:            5.000ns  (sys_clk rise@5.000ns - sys_clk rise@0.000ns)
  Data Path Delay:        4.393ns  (logic 0.524ns (11.927%)  route 3.869ns (88.073%))
  Logic Levels:           7  (LUT3=1 LUT5=1 LUT6=4 RAMD32=1)
  Clock Path Skew:        -0.028ns (DCD - SCD + CPR)
    Destination Clock Delay (DCD):    4.490ns = ( 9.490 - 5.000 ) 
    Source Clock Delay      (SCD):    4.825ns
    Clock Pessimism Removal (CPR):    0.307ns
  Clock Uncertainty:      0.035ns  ((TSJ^2 + TIJ^2)^1/2 + DJ) / 2 + PE
    Total System Jitter     (TSJ):    0.071ns
    Total Input Jitter      (TIJ):    0.000ns
    Discrete Jitter          (DJ):    0.000ns
    Phase Error              (PE):    0.000ns

    Location             Delay type                Incr(ns)  Path(ns)    Netlist Resource(s)
  -------------------------------------------------------------------    -------------------
                         (clock sys_clk rise edge)    0.000     0.000 r  <hidden>
    AL20                                              0.000     0.000 r  clk
                         net (fo=0)                   0.000     0.000    clk
    AL20                 IBUF (Prop_ibuf_I_O)         0.776     0.776 r  clk_IBUF_inst/O
                         net (fo=1, routed)           2.715     3.491    clk_IBUF
    BUFGCTRL_X0Y0        BUFG (Prop_bufg_I_O)         0.093     3.584 r  clk_IBUF_BUFG_inst/O
                         net (fo=14784, routed)       1.241     4.825    scratchpad_c/clk_IBUF_BUFG
    SLICE_X109Y165       FDRE                                         r  scratchpad_c/write_state[0].wr_request_head_reg[0]/C
  -------------------------------------------------------------------    -------------------
    SLICE_X109Y165       FDRE (Prop_fdre_C_Q)         0.223     5.048 r  scratchpad_c/write_state[0].wr_request_head_reg[0]/Q
                         net (fo=163, routed)         0.722     5.770    scratchpad_c/write_state[0].wr_request_addr_reg[0][0]_0_1_12_17/ADDRA0
    SLICE_X110Y167       RAMD32 (Prop_ramd32_RADR0_O)
                                                      0.043     5.813 r  scratchpad_c/write_state[0].wr_request_addr_reg[0][0]_0_1_12_17/RAMA_D1/O
                         net (fo=8, routed)           0.454     6.267    scratchpad_c/banks[1].ram/client_decode[2].write_port.bank[0].address[9]
    SLICE_X111Y169       LUT5 (Prop_lut5_I2_O)        0.043     6.310 r  scratchpad_c/banks[1].ram/data_reg_0_i_122/O
                         net (fo=5, routed)           0.532     6.842    scratchpad_c/banks[1].ram/data_reg_0_i_122_n_0
    SLICE_X109Y170       LUT6 (Prop_lut6_I5_O)        0.043     6.885 r  scratchpad_c/banks[1].ram/pending[1][0]_i_2/O
                         net (fo=50, routed)          0.560     7.445    scratchpad_c/banks[1].ram/rr_reg[1][0]
    SLICE_X107Y170       LUT6 (Prop_lut6_I1_O)        0.043     7.488 f  scratchpad_c/banks[1].ram/data_reg_0_i_125__0/O
                         net (fo=2, routed)           0.331     7.818    scratchpad_c/banks[1].ram/data_reg_0_i_125__0_n_0
    SLICE_X107Y168       LUT6 (Prop_lut6_I0_O)        0.043     7.861 r  scratchpad_c/banks[1].ram/pending[1][1]_i_2/O
                         net (fo=37, routed)          0.487     8.348    scratchpad_c/p_0_in6_in
    SLICE_X109Y169       LUT6 (Prop_lut6_I3_O)        0.043     8.391 r  scratchpad_c/slot_addr_inferred__2/data_reg_0_i_102/O
                         net (fo=1, routed)           0.198     8.590    scratchpad_c/slot_addr3_in[4]
    SLICE_X107Y170       LUT3 (Prop_lut3_I1_O)        0.043     8.633 r  scratchpad_c/slot_addr_inferred__2/data_reg_0_i_9/O
                         net (fo=5, routed)           0.586     9.219    scratchpad_c/banks[1].ram/D[0]
    RAMB36_X6Y35         RAMB36E1                                     r  scratchpad_c/banks[1].ram/data_reg_3/ADDRARDADDR[5]
  -------------------------------------------------------------------    -------------------

                         (clock sys_clk rise edge)    5.000     5.000 r  <hidden>
    AL20                                              0.000     5.000 r  clk
                         net (fo=0)                   0.000     5.000    clk
    AL20                 IBUF (Prop_ibuf_I_O)         0.701     5.701 r  clk_IBUF_inst/O
                         net (fo=1, routed)           2.579     8.280    clk_IBUF
    BUFGCTRL_X0Y0        BUFG (Prop_bufg_I_O)         0.083     8.363 r  clk_IBUF_BUFG_inst/O
                         net (fo=14784, routed)       1.127     9.490    scratchpad_c/banks[1].ram/clk_IBUF_BUFG
    RAMB36_X6Y35         RAMB36E1                                     r  scratchpad_c/banks[1].ram/data_reg_3/CLKARDCLK
                         clock pessimism              0.307     9.797    <hidden>
                         clock uncertainty           -0.035     9.762    <hidden>
    RAMB36_X6Y35         RAMB36E1 (Setup_ramb36e1_CLKARDCLK_ADDRARDADDR[5])
                                                     -0.416     9.346    scratchpad_c/banks[1].ram/data_reg_3
  -------------------------------------------------------------------
                         required time                          9.346    <hidden>
                         arrival time                          -9.219    <hidden>
  -------------------------------------------------------------------
                         slack                                  0.127    <hidden>

Slack (MET) :             0.128ns  (required time - arrival time)
  Source:                 bram_dp_stream_0/write_state[0].wr_request_head_reg[0]/C
                            (rising edge-triggered cell FDRE clocked by sys_clk  {rise@0.000ns fall@2.500ns period=5.000ns})
  Destination:            bram_dp_stream_0/read_state[0].outstanding_count_reg[0][2]/D
                            (rising edge-triggered cell FDRE clocked by sys_clk  {rise@0.000ns fall@2.500ns period=5.000ns})
  Path Group:             sys_clk
  Path Type:              Setup (Max at Slow Process Corner)
  Requirement:            5.000ns  (sys_clk rise@5.000ns - sys_clk rise@0.000ns)
  Data Path Delay:        4.907ns  (logic 1.098ns (22.376%)  route 3.809ns (77.624%))
  Logic Levels:           7  (CARRY4=1 LUT2=1 LUT4=1 LUT5=1 LUT6=2 RAMD32=1)
  Clock Path Skew:        0.012ns (DCD - SCD + CPR)
    Destination Clock Delay (DCD):    4.515ns = ( 9.515 - 5.000 ) 
    Source Clock Delay      (SCD):    4.810ns
    Clock Pessimism Removal (CPR):    0.307ns
  Clock Uncertainty:      0.035ns  ((TSJ^2 + TIJ^2)^1/2 + DJ) / 2 + PE
    Total System Jitter     (TSJ):    0.071ns
    Total Input Jitter      (TIJ):    0.000ns
    Discrete Jitter          (DJ):    0.000ns
    Phase Error              (PE):    0.000ns

    Location             Delay type                Incr(ns)  Path(ns)    Netlist Resource(s)
  -------------------------------------------------------------------    -------------------
                         (clock sys_clk rise edge)    0.000     0.000 r  <hidden>
    AL20                                              0.000     0.000 r  clk
                         net (fo=0)                   0.000     0.000    clk
    AL20                 IBUF (Prop_ibuf_I_O)         0.776     0.776 r  clk_IBUF_inst/O
                         net (fo=1, routed)           2.715     3.491    clk_IBUF
    BUFGCTRL_X0Y0        BUFG (Prop_bufg_I_O)         0.093     3.584 r  clk_IBUF_BUFG_inst/O
                         net (fo=14784, routed)       1.226     4.810    bram_dp_stream_0/clk_IBUF_BUFG
    SLICE_X82Y152        FDRE                                         r  bram_dp_stream_0/write_state[0].wr_request_head_reg[0]/C
  -------------------------------------------------------------------    -------------------
    SLICE_X82Y152        FDRE (Prop_fdre_C_Q)         0.259     5.069 r  bram_dp_stream_0/write_state[0].wr_request_head_reg[0]/Q
                         net (fo=65, routed)          0.671     5.740    bram_dp_stream_0/write_state[0].wr_request_addr_reg[0][0]_0_1_6_11/ADDRA0
    SLICE_X82Y149        RAMD32 (Prop_ramd32_RADR0_O)
                                                      0.047     5.787 r  bram_dp_stream_0/write_state[0].wr_request_addr_reg[0][0]_0_1_6_11/RAMA/O
                         net (fo=6, routed)           0.657     6.445    bram_dp_stream_0/banks[1].ram/DOA[0]
    SLICE_X77Y151        LUT6 (Prop_lut6_I3_O)        0.134     6.579 r  bram_dp_stream_0/banks[1].ram/pending_port[1][1][0]_i_7/O
                         net (fo=1, routed)           0.000     6.579    bram_dp_stream_0/banks[1].ram/pending_port[1][1][0]_i_7_n_0
    SLICE_X77Y151        CARRY4 (Prop_carry4_S[1]_CO[2])
                                                      0.291     6.870 r  bram_dp_stream_0/banks[1].ram/pending_port_reg[1][1][0]_i_2/CO[2]
                         net (fo=5, routed)           0.637     7.507    bram_dp_stream_0/banks[0].ram/CO[0]
    SLICE_X77Y154        LUT6 (Prop_lut6_I0_O)        0.129     7.636 f  bram_dp_stream_0/banks[0].ram/data_reg_i_89/O
                         net (fo=2, routed)           0.367     8.002    bram_dp_stream_0/banks[0].ram/data_reg_i_89_n_0
    SLICE_X77Y154        LUT2 (Prop_lut2_I1_O)        0.043     8.045 f  bram_dp_stream_0/banks[0].ram/data_reg_i_86/O
                         net (fo=37, routed)          0.911     8.956    bram_dp_stream_0/banks[0].ram_n_19
    SLICE_X69Y155        LUT4 (Prop_lut4_I0_O)        0.053     9.009 r  bram_dp_stream_0/read_state[0].outstanding_count[0][2]_i_2__0/O
                         net (fo=6, routed)           0.567     9.576    bram_dp_stream_0/p_0_in_11[0]
    SLICE_X59Y156        LUT5 (Prop_lut5_I2_O)        0.142     9.718 r  bram_dp_stream_0/read_state[0].outstanding_count[0][2]_i_1__1/O
                         net (fo=1, routed)           0.000     9.718    bram_dp_stream_0/read_state[0].outstanding_count[0][2]_i_1__1_n_0
    SLICE_X59Y156        FDRE                                         r  bram_dp_stream_0/read_state[0].outstanding_count_reg[0][2]/D
  -------------------------------------------------------------------    -------------------

                         (clock sys_clk rise edge)    5.000     5.000 r  <hidden>
    AL20                                              0.000     5.000 r  clk
                         net (fo=0)                   0.000     5.000    clk
    AL20                 IBUF (Prop_ibuf_I_O)         0.701     5.701 r  clk_IBUF_inst/O
                         net (fo=1, routed)           2.579     8.280    clk_IBUF
    BUFGCTRL_X0Y0        BUFG (Prop_bufg_I_O)         0.083     8.363 r  clk_IBUF_BUFG_inst/O
                         net (fo=14784, routed)       1.152     9.515    bram_dp_stream_0/clk_IBUF_BUFG
    SLICE_X59Y156        FDRE                                         r  bram_dp_stream_0/read_state[0].outstanding_count_reg[0][2]/C
                         clock pessimism              0.307     9.822    <hidden>
                         clock uncertainty           -0.035     9.787    <hidden>
    SLICE_X59Y156        FDRE (Setup_fdre_C_D)        0.058     9.845    bram_dp_stream_0/read_state[0].outstanding_count_reg[0][2]
  -------------------------------------------------------------------
                         required time                          9.845    <hidden>
                         arrival time                          -9.718    <hidden>
  -------------------------------------------------------------------
                         slack                                  0.128    <hidden>

Slack (MET) :             0.129ns  (required time - arrival time)
  Source:                 scratchpad_a/read_state[1].rd_request_head_reg[1]/C
                            (rising edge-triggered cell FDRE clocked by sys_clk  {rise@0.000ns fall@2.500ns period=5.000ns})
  Destination:            scratchpad_a/banks[1].ram/data_reg_3/ADDRARDADDR[10]
                            (rising edge-triggered cell RAMB36E1 clocked by sys_clk  {rise@0.000ns fall@2.500ns period=5.000ns})
  Path Group:             sys_clk
  Path Type:              Setup (Max at Slow Process Corner)
  Requirement:            5.000ns  (sys_clk rise@5.000ns - sys_clk rise@0.000ns)
  Data Path Delay:        4.401ns  (logic 0.586ns (13.314%)  route 3.815ns (86.686%))
  Logic Levels:           7  (LUT3=1 LUT4=2 LUT5=1 LUT6=2 RAMD32=1)
  Clock Path Skew:        -0.018ns (DCD - SCD + CPR)
    Destination Clock Delay (DCD):    4.539ns = ( 9.539 - 5.000 ) 
    Source Clock Delay      (SCD):    4.864ns
    Clock Pessimism Removal (CPR):    0.307ns
  Clock Uncertainty:      0.035ns  ((TSJ^2 + TIJ^2)^1/2 + DJ) / 2 + PE
    Total System Jitter     (TSJ):    0.071ns
    Total Input Jitter      (TIJ):    0.000ns
    Discrete Jitter          (DJ):    0.000ns
    Phase Error              (PE):    0.000ns

    Location             Delay type                Incr(ns)  Path(ns)    Netlist Resource(s)
  -------------------------------------------------------------------    -------------------
                         (clock sys_clk rise edge)    0.000     0.000 r  <hidden>
    AL20                                              0.000     0.000 r  clk
                         net (fo=0)                   0.000     0.000    clk
    AL20                 IBUF (Prop_ibuf_I_O)         0.776     0.776 r  clk_IBUF_inst/O
                         net (fo=1, routed)           2.715     3.491    clk_IBUF
    BUFGCTRL_X0Y0        BUFG (Prop_bufg_I_O)         0.093     3.584 r  clk_IBUF_BUFG_inst/O
                         net (fo=14784, routed)       1.280     4.864    scratchpad_a/clk_IBUF_BUFG
    SLICE_X53Y169        FDRE                                         r  scratchpad_a/read_state[1].rd_request_head_reg[1]/C
  -------------------------------------------------------------------    -------------------
    SLICE_X53Y169        FDRE (Prop_fdre_C_Q)         0.204     5.068 r  scratchpad_a/read_state[1].rd_request_head_reg[1]/Q
                         net (fo=33, routed)          0.490     5.558    scratchpad_a/read_state[1].rd_request_addr_reg[1][0]_0_1_12_17/ADDRA0
    SLICE_X50Y168        RAMD32 (Prop_ramd32_RADR0_O)
                                                      0.124     5.682 r  scratchpad_a/read_state[1].rd_request_addr_reg[1][0]_0_1_12_17/RAMA_D1/O
                         net (fo=8, routed)           0.306     5.988    scratchpad_a/banks[1].ram/client_decode[1].read_port.bank[0].address[9]
    SLICE_X49Y169        LUT4 (Prop_lut4_I3_O)        0.043     6.031 f  scratchpad_a/banks[1].ram/data_reg_0_i_113__1/O
                         net (fo=5, routed)           0.549     6.580    scratchpad_a/banks[1].ram/data_reg_0_i_113__1_n_0
    SLICE_X51Y170        LUT6 (Prop_lut6_I1_O)        0.043     6.623 f  scratchpad_a/banks[1].ram/data_reg_0_i_92__1/O
                         net (fo=164, routed)         0.505     7.128    scratchpad_a/banks[1].ram/slot_write[1][0]_40
    SLICE_X53Y170        LUT4 (Prop_lut4_I0_O)        0.043     7.171 r  scratchpad_a/banks[1].ram/pending_port[1][1][1]_i_2/O
                         net (fo=3, routed)           0.440     7.612    scratchpad_a/banks[1].ram/pending_port[1][1][1]_i_2_n_0
    SLICE_X53Y171        LUT5 (Prop_lut5_I0_O)        0.043     7.655 r  scratchpad_a/banks[1].ram/pending_port[1][1][1]_i_1/O
                         net (fo=46, routed)          0.627     8.281    scratchpad_a/slot_client[1][1]_38[1]
    SLICE_X56Y171        LUT6 (Prop_lut6_I1_O)        0.043     8.324 r  scratchpad_a/slot_addr_inferred__2/data_reg_0_i_97/O
                         net (fo=1, routed)           0.299     8.623    scratchpad_a/slot_addr3_in__0[9]
    SLICE_X56Y171        LUT3 (Prop_lut3_I1_O)        0.043     8.666 r  scratchpad_a/slot_addr_inferred__2/data_reg_0_i_4/O
                         net (fo=5, routed)           0.600     9.266    scratchpad_a/banks[1].ram/data_reg_3_0[5]
    RAMB36_X3Y35         RAMB36E1                                     r  scratchpad_a/banks[1].ram/data_reg_3/ADDRARDADDR[10]
  -------------------------------------------------------------------    -------------------

                         (clock sys_clk rise edge)    5.000     5.000 r  <hidden>
    AL20                                              0.000     5.000 r  clk
                         net (fo=0)                   0.000     5.000    clk
    AL20                 IBUF (Prop_ibuf_I_O)         0.701     5.701 r  clk_IBUF_inst/O
                         net (fo=1, routed)           2.579     8.280    clk_IBUF
    BUFGCTRL_X0Y0        BUFG (Prop_bufg_I_O)         0.083     8.363 r  clk_IBUF_BUFG_inst/O
                         net (fo=14784, routed)       1.176     9.539    scratchpad_a/banks[1].ram/clk_IBUF_BUFG
    RAMB36_X3Y35         RAMB36E1                                     r  scratchpad_a/banks[1].ram/data_reg_3/CLKARDCLK
                         clock pessimism              0.307     9.846    <hidden>
                         clock uncertainty           -0.035     9.811    <hidden>
    RAMB36_X3Y35         RAMB36E1 (Setup_ramb36e1_CLKARDCLK_ADDRARDADDR[10])
                                                     -0.416     9.395    scratchpad_a/banks[1].ram/data_reg_3
  -------------------------------------------------------------------
                         required time                          9.395    <hidden>
                         arrival time                          -9.266    <hidden>
  -------------------------------------------------------------------
                         slack                                  0.129    <hidden>

Slack (MET) :             0.130ns  (required time - arrival time)
  Source:                 scratchpad_c/write_state[1].wr_request_head_reg[1]/C
                            (rising edge-triggered cell FDRE clocked by sys_clk  {rise@0.000ns fall@2.500ns period=5.000ns})
  Destination:            scratchpad_c/banks[0].ram/data_reg_1/ADDRARDADDR[5]
                            (rising edge-triggered cell RAMB36E1 clocked by sys_clk  {rise@0.000ns fall@2.500ns period=5.000ns})
  Path Group:             sys_clk
  Path Type:              Setup (Max at Slow Process Corner)
  Requirement:            5.000ns  (sys_clk rise@5.000ns - sys_clk rise@0.000ns)
  Data Path Delay:        4.398ns  (logic 0.925ns (21.034%)  route 3.473ns (78.966%))
  Logic Levels:           6  (CARRY4=1 LUT3=1 LUT6=3 RAMD32=1)
  Clock Path Skew:        -0.021ns (DCD - SCD + CPR)
    Destination Clock Delay (DCD):    4.498ns = ( 9.498 - 5.000 ) 
    Source Clock Delay      (SCD):    4.826ns
    Clock Pessimism Removal (CPR):    0.307ns
  Clock Uncertainty:      0.035ns  ((TSJ^2 + TIJ^2)^1/2 + DJ) / 2 + PE
    Total System Jitter     (TSJ):    0.071ns
    Total Input Jitter      (TIJ):    0.000ns
    Discrete Jitter          (DJ):    0.000ns
    Phase Error              (PE):    0.000ns

    Location             Delay type                Incr(ns)  Path(ns)    Netlist Resource(s)
  -------------------------------------------------------------------    -------------------
                         (clock sys_clk rise edge)    0.000     0.000 r  <hidden>
    AL20                                              0.000     0.000 r  clk
                         net (fo=0)                   0.000     0.000    clk
    AL20                 IBUF (Prop_ibuf_I_O)         0.776     0.776 r  clk_IBUF_inst/O
                         net (fo=1, routed)           2.715     3.491    clk_IBUF
    BUFGCTRL_X0Y0        BUFG (Prop_bufg_I_O)         0.093     3.584 r  clk_IBUF_BUFG_inst/O
                         net (fo=14784, routed)       1.242     4.826    scratchpad_c/clk_IBUF_BUFG
    SLICE_X110Y164       FDRE                                         r  scratchpad_c/write_state[1].wr_request_head_reg[1]/C
  -------------------------------------------------------------------    -------------------
    SLICE_X110Y164       FDRE (Prop_fdre_C_Q)         0.259     5.085 r  scratchpad_c/write_state[1].wr_request_head_reg[1]/Q
                         net (fo=161, routed)         0.580     5.665    scratchpad_c/write_state[1].wr_request_addr_reg[1][0]_0_1_0_5/ADDRC0
    SLICE_X110Y163       RAMD32 (Prop_ramd32_RADR0_O)
                                                      0.046     5.711 r  scratchpad_c/write_state[1].wr_request_addr_reg[1][0]_0_1_0_5/RAMC/O
                         net (fo=7, routed)           0.691     6.403    scratchpad_c/banks[1].ram/client_decode[3].write_port.bank[0].address[0]
    SLICE_X111Y167       LUT6 (Prop_lut6_I1_O)        0.132     6.535 r  scratchpad_c/banks[1].ram/data_reg_0_i_141/O
                         net (fo=1, routed)           0.000     6.535    scratchpad_c/banks[1].ram/data_reg_0_i_141_n_0
    SLICE_X111Y167       CARRY4 (Prop_carry4_S[0]_CO[2])
                                                      0.273     6.808 f  scratchpad_c/banks[1].ram/data_reg_0_i_130__0/CO[2]
                         net (fo=4, routed)           0.427     7.235    scratchpad_c/banks[0].ram/pending_addr[0][1][31]_i_3_0[0]
    SLICE_X112Y166       LUT6 (Prop_lut6_I4_O)        0.129     7.364 f  scratchpad_c/banks[0].ram/data_reg_0_i_116/O
                         net (fo=3, routed)           0.437     7.801    scratchpad_c/banks[0].ram/data_reg_0_i_116_n_0
    SLICE_X114Y164       LUT6 (Prop_lut6_I1_O)        0.043     7.844 f  scratchpad_c/banks[0].ram/data_reg_0_i_93/O
                         net (fo=168, routed)         0.561     8.405    scratchpad_c/banks[0].ram_n_4
    SLICE_X117Y165       LUT3 (Prop_lut3_I0_O)        0.043     8.448 r  scratchpad_c/slot_addr_inferred__0/data_reg_0_i_9/O
                         net (fo=5, routed)           0.776     9.224    scratchpad_c/banks[0].ram/D[0]
    RAMB36_X7Y35         RAMB36E1                                     r  scratchpad_c/banks[0].ram/data_reg_1/ADDRARDADDR[5]
  -------------------------------------------------------------------    -------------------

                         (clock sys_clk rise edge)    5.000     5.000 r  <hidden>
    AL20                                              0.000     5.000 r  clk
                         net (fo=0)                   0.000     5.000    clk
    AL20                 IBUF (Prop_ibuf_I_O)         0.701     5.701 r  clk_IBUF_inst/O
                         net (fo=1, routed)           2.579     8.280    clk_IBUF
    BUFGCTRL_X0Y0        BUFG (Prop_bufg_I_O)         0.083     8.363 r  clk_IBUF_BUFG_inst/O
                         net (fo=14784, routed)       1.135     9.498    scratchpad_c/banks[0].ram/clk_IBUF_BUFG
    RAMB36_X7Y35         RAMB36E1                                     r  scratchpad_c/banks[0].ram/data_reg_1/CLKARDCLK
                         clock pessimism              0.307     9.805    <hidden>
                         clock uncertainty           -0.035     9.770    <hidden>
    RAMB36_X7Y35         RAMB36E1 (Setup_ramb36e1_CLKARDCLK_ADDRARDADDR[5])
                                                     -0.416     9.354    scratchpad_c/banks[0].ram/data_reg_1
  -------------------------------------------------------------------
                         required time                          9.354    <hidden>
                         arrival time                          -9.224    <hidden>
  -------------------------------------------------------------------
                         slack                                  0.130    <hidden>

Slack (MET) :             0.136ns  (required time - arrival time)
  Source:                 scratchpad_a/read_state[1].rd_request_head_reg[1]/C
                            (rising edge-triggered cell FDRE clocked by sys_clk  {rise@0.000ns fall@2.500ns period=5.000ns})
  Destination:            scratchpad_a/banks[1].ram/data_reg_2/DIADI[23]
                            (rising edge-triggered cell RAMB36E1 clocked by sys_clk  {rise@0.000ns fall@2.500ns period=5.000ns})
  Path Group:             sys_clk
  Path Type:              Setup (Max at Slow Process Corner)
  Requirement:            5.000ns  (sys_clk rise@5.000ns - sys_clk rise@0.000ns)
  Data Path Delay:        4.564ns  (logic 1.062ns (23.271%)  route 3.502ns (76.729%))
  Logic Levels:           6  (CARRY4=1 LUT2=2 LUT6=2 RAMD32=1)
  Clock Path Skew:        0.008ns (DCD - SCD + CPR)
    Destination Clock Delay (DCD):    4.542ns = ( 9.542 - 5.000 ) 
    Source Clock Delay      (SCD):    4.864ns
    Clock Pessimism Removal (CPR):    0.330ns
  Clock Uncertainty:      0.035ns  ((TSJ^2 + TIJ^2)^1/2 + DJ) / 2 + PE
    Total System Jitter     (TSJ):    0.071ns
    Total Input Jitter      (TIJ):    0.000ns
    Discrete Jitter          (DJ):    0.000ns
    Phase Error              (PE):    0.000ns

    Location             Delay type                Incr(ns)  Path(ns)    Netlist Resource(s)
  -------------------------------------------------------------------    -------------------
                         (clock sys_clk rise edge)    0.000     0.000 r  <hidden>
    AL20                                              0.000     0.000 r  clk
                         net (fo=0)                   0.000     0.000    clk
    AL20                 IBUF (Prop_ibuf_I_O)         0.776     0.776 r  clk_IBUF_inst/O
                         net (fo=1, routed)           2.715     3.491    clk_IBUF
    BUFGCTRL_X0Y0        BUFG (Prop_bufg_I_O)         0.093     3.584 r  clk_IBUF_BUFG_inst/O
                         net (fo=14784, routed)       1.280     4.864    scratchpad_a/clk_IBUF_BUFG
    SLICE_X53Y169        FDRE                                         r  scratchpad_a/read_state[1].rd_request_head_reg[1]/C
  -------------------------------------------------------------------    -------------------
    SLICE_X53Y169        FDRE (Prop_fdre_C_Q)         0.204     5.068 r  scratchpad_a/read_state[1].rd_request_head_reg[1]/Q
                         net (fo=33, routed)          0.591     5.659    scratchpad_a/read_state[1].rd_request_addr_reg[1][0]_0_1_6_11/ADDRA0
    SLICE_X52Y169        RAMD32 (Prop_ramd32_RADR0_O)
                                                      0.128     5.787 r  scratchpad_a/read_state[1].rd_request_addr_reg[1][0]_0_1_6_11/RAMA/O
                         net (fo=5, routed)           0.552     6.339    scratchpad_a/banks[1].ram/client_decode[1].read_port.bank[0].address[2]
    SLICE_X51Y169        LUT6 (Prop_lut6_I0_O)        0.134     6.473 r  scratchpad_a/banks[1].ram/data_reg_0_i_91__2/O
                         net (fo=1, routed)           0.000     6.473    scratchpad_a/banks[1].ram/data_reg_0_i_91__2_n_0
    SLICE_X51Y169        CARRY4 (Prop_carry4_S[0]_CO[2])
                                                      0.273     6.746 f  scratchpad_a/banks[1].ram/data_reg_0_i_80__1/CO[2]
                         net (fo=8, routed)           0.460     7.206    scratchpad_a/banks[1].ram/CO[0]
    SLICE_X53Y169        LUT2 (Prop_lut2_I0_O)        0.140     7.346 r  scratchpad_a/banks[1].ram/data_reg_0_i_116__1/O
                         net (fo=1, routed)           0.430     7.776    scratchpad_a/banks[1].ram/data_reg_0_i_116__1_n_0
    SLICE_X53Y170        LUT6 (Prop_lut6_I0_O)        0.137     7.913 r  scratchpad_a/banks[1].ram/data_reg_0_i_93__1/O
                         net (fo=161, routed)         0.848     8.761    scratchpad_a/banks[1].ram/slot_write[1][1]_39
    SLICE_X54Y180        LUT2 (Prop_lut2_I1_O)        0.046     8.807 r  scratchpad_a/banks[1].ram/data_reg_2_i_9__2/O
                         net (fo=1, routed)           0.621     9.428    scratchpad_a/banks[1].ram/slot_data[1][1]_37[95]
    RAMB36_X3Y33         RAMB36E1                                     r  scratchpad_a/banks[1].ram/data_reg_2/DIADI[23]
  -------------------------------------------------------------------    -------------------

                         (clock sys_clk rise edge)    5.000     5.000 r  <hidden>
    AL20                                              0.000     5.000 r  clk
                         net (fo=0)                   0.000     5.000    clk
    AL20                 IBUF (Prop_ibuf_I_O)         0.701     5.701 r  clk_IBUF_inst/O
                         net (fo=1, routed)           2.579     8.280    clk_IBUF
    BUFGCTRL_X0Y0        BUFG (Prop_bufg_I_O)         0.083     8.363 r  clk_IBUF_BUFG_inst/O
                         net (fo=14784, routed)       1.179     9.542    scratchpad_a/banks[1].ram/clk_IBUF_BUFG
    RAMB36_X3Y33         RAMB36E1                                     r  scratchpad_a/banks[1].ram/data_reg_2/CLKARDCLK
                         clock pessimism              0.330     9.872    <hidden>
                         clock uncertainty           -0.035     9.837    <hidden>
    RAMB36_X3Y33         RAMB36E1 (Setup_ramb36e1_CLKARDCLK_DIADI[23])
                                                     -0.273     9.564    scratchpad_a/banks[1].ram/data_reg_2
  -------------------------------------------------------------------
                         required time                          9.564    <hidden>
                         arrival time                          -9.428    <hidden>
  -------------------------------------------------------------------
                         slack                                  0.136    <hidden>





Min Delay Paths
--------------------------------------------------------------------------------------
Slack (MET) :             0.001ns  (arrival time - required time)
  Source:                 alu_b_dma/fifo_dut/fifo_mem_reg[4][106]/C
                            (rising edge-triggered cell FDRE clocked by sys_clk  {rise@0.000ns fall@2.500ns period=5.000ns})
  Destination:            alu_b_dma/fifo_dut/bram_out_data_reg[106]/D
                            (rising edge-triggered cell FDRE clocked by sys_clk  {rise@0.000ns fall@2.500ns period=5.000ns})
  Path Group:             sys_clk
  Path Type:              Hold (Min at Fast Process Corner)
  Requirement:            0.000ns  (sys_clk rise@0.000ns - sys_clk rise@0.000ns)
  Data Path Delay:        0.287ns  (logic 0.179ns (62.372%)  route 0.108ns (37.628%))
  Logic Levels:           2  (LUT6=1 MUXF7=1)
  Clock Path Skew:        0.216ns (DCD - SCD - CPR)
    Destination Clock Delay (DCD):    2.567ns
    Source Clock Delay      (SCD):    2.026ns
    Clock Pessimism Removal (CPR):    0.325ns

    Location             Delay type                Incr(ns)  Path(ns)    Netlist Resource(s)
  -------------------------------------------------------------------    -------------------
                         (clock sys_clk rise edge)    0.000     0.000 r  <hidden>
    AL20                                              0.000     0.000 r  clk
                         net (fo=0)                   0.000     0.000    clk
    AL20                 IBUF (Prop_ibuf_I_O)         0.118     0.118 r  clk_IBUF_inst/O
                         net (fo=1, routed)           1.316     1.434    clk_IBUF
    BUFGCTRL_X0Y0        BUFG (Prop_bufg_I_O)         0.026     1.460 r  clk_IBUF_BUFG_inst/O
                         net (fo=14784, routed)       0.566     2.026    alu_b_dma/fifo_dut/clk_IBUF_BUFG
    SLICE_X60Y200        FDRE                                         r  alu_b_dma/fifo_dut/fifo_mem_reg[4][106]/C
  -------------------------------------------------------------------    -------------------
    SLICE_X60Y200        FDRE (Prop_fdre_C_Q)         0.100     2.126 r  alu_b_dma/fifo_dut/fifo_mem_reg[4][106]/Q
                         net (fo=1, routed)           0.108     2.234    alu_b_dma/fifo_dut/fifo_mem_reg[4]_3[106]
    SLICE_X61Y199        LUT6 (Prop_lut6_I5_O)        0.028     2.262 r  alu_b_dma/fifo_dut/bram_out_data[106]_i_3/O
                         net (fo=1, routed)           0.000     2.262    alu_b_dma/fifo_dut/bram_out_data[106]_i_3_n_0
    SLICE_X61Y199        MUXF7 (Prop_muxf7_I1_O)      0.051     2.313 r  alu_b_dma/fifo_dut/bram_out_data_reg[106]_i_1/O
                         net (fo=1, routed)           0.000     2.313    alu_b_dma/fifo_dut/bram_out_data_reg[106]_i_1_n_0
    SLICE_X61Y199        FDRE                                         r  alu_b_dma/fifo_dut/bram_out_data_reg[106]/D
  -------------------------------------------------------------------    -------------------

                         (clock sys_clk rise edge)    0.000     0.000 r  <hidden>
    AL20                                              0.000     0.000 r  clk
                         net (fo=0)                   0.000     0.000    clk
    AL20                 IBUF (Prop_ibuf_I_O)         0.366     0.366 r  clk_IBUF_inst/O
                         net (fo=1, routed)           1.389     1.755    clk_IBUF
    BUFGCTRL_X0Y0        BUFG (Prop_bufg_I_O)         0.030     1.785 r  clk_IBUF_BUFG_inst/O
                         net (fo=14784, routed)       0.782     2.567    alu_b_dma/fifo_dut/clk_IBUF_BUFG
    SLICE_X61Y199        FDRE                                         r  alu_b_dma/fifo_dut/bram_out_data_reg[106]/C
                         clock pessimism             -0.325     2.242    <hidden>
    SLICE_X61Y199        FDRE (Hold_fdre_C_D)         0.070     2.312    alu_b_dma/fifo_dut/bram_out_data_reg[106]
  -------------------------------------------------------------------
                         required time                         -2.312    <hidden>
                         arrival time                           2.313    <hidden>
  -------------------------------------------------------------------
                         slack                                  0.001    <hidden>

Slack (MET) :             0.015ns  (arrival time - required time)
  Source:                 alu_b_dma/fifo_dut/fifo_mem_reg[0][17]/C
                            (rising edge-triggered cell FDRE clocked by sys_clk  {rise@0.000ns fall@2.500ns period=5.000ns})
  Destination:            alu_b_dma/fifo_dut/bram_out_data_reg[17]/D
                            (rising edge-triggered cell FDRE clocked by sys_clk  {rise@0.000ns fall@2.500ns period=5.000ns})
  Path Group:             sys_clk
  Path Type:              Hold (Min at Fast Process Corner)
  Requirement:            0.000ns  (sys_clk rise@0.000ns - sys_clk rise@0.000ns)
  Data Path Delay:        0.301ns  (logic 0.196ns (65.165%)  route 0.105ns (34.835%))
  Logic Levels:           2  (LUT6=1 MUXF7=1)
  Clock Path Skew:        0.216ns (DCD - SCD - CPR)
    Destination Clock Delay (DCD):    2.533ns
    Source Clock Delay      (SCD):    1.992ns
    Clock Pessimism Removal (CPR):    0.325ns

    Location             Delay type                Incr(ns)  Path(ns)    Netlist Resource(s)
  -------------------------------------------------------------------    -------------------
                         (clock sys_clk rise edge)    0.000     0.000 r  <hidden>
    AL20                                              0.000     0.000 r  clk
                         net (fo=0)                   0.000     0.000    clk
    AL20                 IBUF (Prop_ibuf_I_O)         0.118     0.118 r  clk_IBUF_inst/O
                         net (fo=1, routed)           1.316     1.434    clk_IBUF
    BUFGCTRL_X0Y0        BUFG (Prop_bufg_I_O)         0.026     1.460 r  clk_IBUF_BUFG_inst/O
                         net (fo=14784, routed)       0.532     1.992    alu_b_dma/fifo_dut/clk_IBUF_BUFG
    SLICE_X72Y200        FDRE                                         r  alu_b_dma/fifo_dut/fifo_mem_reg[0][17]/C
  -------------------------------------------------------------------    -------------------
    SLICE_X72Y200        FDRE (Prop_fdre_C_Q)         0.118     2.110 r  alu_b_dma/fifo_dut/fifo_mem_reg[0][17]/Q
                         net (fo=1, routed)           0.105     2.215    alu_b_dma/fifo_dut/fifo_mem_reg[0]_7[17]
    SLICE_X73Y199        LUT6 (Prop_lut6_I5_O)        0.028     2.243 r  alu_b_dma/fifo_dut/bram_out_data[17]_i_2/O
                         net (fo=1, routed)           0.000     2.243    alu_b_dma/fifo_dut/bram_out_data[17]_i_2_n_0
    SLICE_X73Y199        MUXF7 (Prop_muxf7_I0_O)      0.050     2.293 r  alu_b_dma/fifo_dut/bram_out_data_reg[17]_i_1/O
                         net (fo=1, routed)           0.000     2.293    alu_b_dma/fifo_dut/bram_out_data_reg[17]_i_1_n_0
    SLICE_X73Y199        FDRE                                         r  alu_b_dma/fifo_dut/bram_out_data_reg[17]/D
  -------------------------------------------------------------------    -------------------

                         (clock sys_clk rise edge)    0.000     0.000 r  <hidden>
    AL20                                              0.000     0.000 r  clk
                         net (fo=0)                   0.000     0.000    clk
    AL20                 IBUF (Prop_ibuf_I_O)         0.366     0.366 r  clk_IBUF_inst/O
                         net (fo=1, routed)           1.389     1.755    clk_IBUF
    BUFGCTRL_X0Y0        BUFG (Prop_bufg_I_O)         0.030     1.785 r  clk_IBUF_BUFG_inst/O
                         net (fo=14784, routed)       0.748     2.533    alu_b_dma/fifo_dut/clk_IBUF_BUFG
    SLICE_X73Y199        FDRE                                         r  alu_b_dma/fifo_dut/bram_out_data_reg[17]/C
                         clock pessimism             -0.325     2.208    <hidden>
    SLICE_X73Y199        FDRE (Hold_fdre_C_D)         0.070     2.278    alu_b_dma/fifo_dut/bram_out_data_reg[17]
  -------------------------------------------------------------------
                         required time                         -2.278    <hidden>
                         arrival time                           2.293    <hidden>
  -------------------------------------------------------------------
                         slack                                  0.015    <hidden>

Slack (MET) :             0.015ns  (arrival time - required time)
  Source:                 alu_b_dma/fifo_dut/fifo_mem_reg[2][43]/C
                            (rising edge-triggered cell FDRE clocked by sys_clk  {rise@0.000ns fall@2.500ns period=5.000ns})
  Destination:            alu_b_dma/fifo_dut/bram_out_data_reg[43]/D
                            (rising edge-triggered cell FDRE clocked by sys_clk  {rise@0.000ns fall@2.500ns period=5.000ns})
  Path Group:             sys_clk
  Path Type:              Hold (Min at Fast Process Corner)
  Requirement:            0.000ns  (sys_clk rise@0.000ns - sys_clk rise@0.000ns)
  Data Path Delay:        0.301ns  (logic 0.196ns (65.165%)  route 0.105ns (34.835%))
  Logic Levels:           2  (LUT6=1 MUXF7=1)
  Clock Path Skew:        0.216ns (DCD - SCD - CPR)
    Destination Clock Delay (DCD):    2.573ns
    Source Clock Delay      (SCD):    2.032ns
    Clock Pessimism Removal (CPR):    0.325ns

    Location             Delay type                Incr(ns)  Path(ns)    Netlist Resource(s)
  -------------------------------------------------------------------    -------------------
                         (clock sys_clk rise edge)    0.000     0.000 r  <hidden>
    AL20                                              0.000     0.000 r  clk
                         net (fo=0)                   0.000     0.000    clk
    AL20                 IBUF (Prop_ibuf_I_O)         0.118     0.118 r  clk_IBUF_inst/O
                         net (fo=1, routed)           1.316     1.434    clk_IBUF
    BUFGCTRL_X0Y0        BUFG (Prop_bufg_I_O)         0.026     1.460 r  clk_IBUF_BUFG_inst/O
                         net (fo=14784, routed)       0.572     2.032    alu_b_dma/fifo_dut/clk_IBUF_BUFG
    SLICE_X46Y200        FDRE                                         r  alu_b_dma/fifo_dut/fifo_mem_reg[2][43]/C
  -------------------------------------------------------------------    -------------------
    SLICE_X46Y200        FDRE (Prop_fdre_C_Q)         0.118     2.150 r  alu_b_dma/fifo_dut/fifo_mem_reg[2][43]/Q
                         net (fo=1, routed)           0.105     2.255    alu_b_dma/fifo_dut/fifo_mem_reg[2]_5[43]
    SLICE_X47Y199        LUT6 (Prop_lut6_I1_O)        0.028     2.283 r  alu_b_dma/fifo_dut/bram_out_data[43]_i_2/O
                         net (fo=1, routed)           0.000     2.283    alu_b_dma/fifo_dut/bram_out_data[43]_i_2_n_0
    SLICE_X47Y199        MUXF7 (Prop_muxf7_I0_O)      0.050     2.333 r  alu_b_dma/fifo_dut/bram_out_data_reg[43]_i_1/O
                         net (fo=1, routed)           0.000     2.333    alu_b_dma/fifo_dut/bram_out_data_reg[43]_i_1_n_0
    SLICE_X47Y199        FDRE                                         r  alu_b_dma/fifo_dut/bram_out_data_reg[43]/D
  -------------------------------------------------------------------    -------------------

                         (clock sys_clk rise edge)    0.000     0.000 r  <hidden>
    AL20                                              0.000     0.000 r  clk
                         net (fo=0)                   0.000     0.000    clk
    AL20                 IBUF (Prop_ibuf_I_O)         0.366     0.366 r  clk_IBUF_inst/O
                         net (fo=1, routed)           1.389     1.755    clk_IBUF
    BUFGCTRL_X0Y0        BUFG (Prop_bufg_I_O)         0.030     1.785 r  clk_IBUF_BUFG_inst/O
                         net (fo=14784, routed)       0.788     2.573    alu_b_dma/fifo_dut/clk_IBUF_BUFG
    SLICE_X47Y199        FDRE                                         r  alu_b_dma/fifo_dut/bram_out_data_reg[43]/C
                         clock pessimism             -0.325     2.248    <hidden>
    SLICE_X47Y199        FDRE (Hold_fdre_C_D)         0.070     2.318    alu_b_dma/fifo_dut/bram_out_data_reg[43]
  -------------------------------------------------------------------
                         required time                         -2.318    <hidden>
                         arrival time                           2.333    <hidden>
  -------------------------------------------------------------------
                         slack                                  0.015    <hidden>

Slack (MET) :             0.048ns  (arrival time - required time)
  Source:                 alu_b_dma/fifo_dut/fifo_mem_reg[4][95]/C
                            (rising edge-triggered cell FDRE clocked by sys_clk  {rise@0.000ns fall@2.500ns period=5.000ns})
  Destination:            alu_b_dma/fifo_dut/bram_out_data_reg[95]/D
                            (rising edge-triggered cell FDRE clocked by sys_clk  {rise@0.000ns fall@2.500ns period=5.000ns})
  Path Group:             sys_clk
  Path Type:              Hold (Min at Fast Process Corner)
  Requirement:            0.000ns  (sys_clk rise@0.000ns - sys_clk rise@0.000ns)
  Data Path Delay:        0.311ns  (logic 0.179ns (57.564%)  route 0.132ns (42.436%))
  Logic Levels:           2  (LUT6=1 MUXF7=1)
  Clock Path Skew:        0.193ns (DCD - SCD - CPR)
    Destination Clock Delay (DCD):    2.518ns
    Source Clock Delay      (SCD):    2.000ns
    Clock Pessimism Removal (CPR):    0.325ns

    Location             Delay type                Incr(ns)  Path(ns)    Netlist Resource(s)
  -------------------------------------------------------------------    -------------------
                         (clock sys_clk rise edge)    0.000     0.000 r  <hidden>
    AL20                                              0.000     0.000 r  clk
                         net (fo=0)                   0.000     0.000    clk
    AL20                 IBUF (Prop_ibuf_I_O)         0.118     0.118 r  clk_IBUF_inst/O
                         net (fo=1, routed)           1.316     1.434    clk_IBUF
    BUFGCTRL_X0Y0        BUFG (Prop_bufg_I_O)         0.026     1.460 r  clk_IBUF_BUFG_inst/O
                         net (fo=14784, routed)       0.540     2.000    alu_b_dma/fifo_dut/clk_IBUF_BUFG
    SLICE_X89Y199        FDRE                                         r  alu_b_dma/fifo_dut/fifo_mem_reg[4][95]/C
  -------------------------------------------------------------------    -------------------
    SLICE_X89Y199        FDRE (Prop_fdre_C_Q)         0.100     2.100 r  alu_b_dma/fifo_dut/fifo_mem_reg[4][95]/Q
                         net (fo=1, routed)           0.132     2.232    alu_b_dma/fifo_dut/fifo_mem_reg[4]_3[95]
    SLICE_X88Y201        LUT6 (Prop_lut6_I5_O)        0.028     2.260 r  alu_b_dma/fifo_dut/bram_out_data[95]_i_3/O
                         net (fo=1, routed)           0.000     2.260    alu_b_dma/fifo_dut/bram_out_data[95]_i_3_n_0
    SLICE_X88Y201        MUXF7 (Prop_muxf7_I1_O)      0.051     2.311 r  alu_b_dma/fifo_dut/bram_out_data_reg[95]_i_1/O
                         net (fo=1, routed)           0.000     2.311    alu_b_dma/fifo_dut/bram_out_data_reg[95]_i_1_n_0
    SLICE_X88Y201        FDRE                                         r  alu_b_dma/fifo_dut/bram_out_data_reg[95]/D
  -------------------------------------------------------------------    -------------------

                         (clock sys_clk rise edge)    0.000     0.000 r  <hidden>
    AL20                                              0.000     0.000 r  clk
                         net (fo=0)                   0.000     0.000    clk
    AL20                 IBUF (Prop_ibuf_I_O)         0.366     0.366 r  clk_IBUF_inst/O
                         net (fo=1, routed)           1.389     1.755    clk_IBUF
    BUFGCTRL_X0Y0        BUFG (Prop_bufg_I_O)         0.030     1.785 r  clk_IBUF_BUFG_inst/O
                         net (fo=14784, routed)       0.733     2.518    alu_b_dma/fifo_dut/clk_IBUF_BUFG
    SLICE_X88Y201        FDRE                                         r  alu_b_dma/fifo_dut/bram_out_data_reg[95]/C
                         clock pessimism             -0.325     2.193    <hidden>
    SLICE_X88Y201        FDRE (Hold_fdre_C_D)         0.070     2.263    alu_b_dma/fifo_dut/bram_out_data_reg[95]
  -------------------------------------------------------------------
                         required time                         -2.263    <hidden>
                         arrival time                           2.311    <hidden>
  -------------------------------------------------------------------
                         slack                                  0.048    <hidden>

Slack (MET) :             0.051ns  (arrival time - required time)
  Source:                 alu_b_dma/fifo_dut/fifo_mem_reg[7][104]/C
                            (rising edge-triggered cell FDRE clocked by sys_clk  {rise@0.000ns fall@2.500ns period=5.000ns})
  Destination:            alu_b_dma/fifo_dut/bram_out_data_reg[104]/D
                            (rising edge-triggered cell FDRE clocked by sys_clk  {rise@0.000ns fall@2.500ns period=5.000ns})
  Path Group:             sys_clk
  Path Type:              Hold (Min at Fast Process Corner)
  Requirement:            0.000ns  (sys_clk rise@0.000ns - sys_clk rise@0.000ns)
  Data Path Delay:        0.337ns  (logic 0.179ns (53.095%)  route 0.158ns (46.905%))
  Logic Levels:           2  (LUT6=1 MUXF7=1)
  Clock Path Skew:        0.216ns (DCD - SCD - CPR)
    Destination Clock Delay (DCD):    2.564ns
    Source Clock Delay      (SCD):    2.023ns
    Clock Pessimism Removal (CPR):    0.325ns

    Location             Delay type                Incr(ns)  Path(ns)    Netlist Resource(s)
  -------------------------------------------------------------------    -------------------
                         (clock sys_clk rise edge)    0.000     0.000 r  <hidden>
    AL20                                              0.000     0.000 r  clk
                         net (fo=0)                   0.000     0.000    clk
    AL20                 IBUF (Prop_ibuf_I_O)         0.118     0.118 r  clk_IBUF_inst/O
                         net (fo=1, routed)           1.316     1.434    clk_IBUF
    BUFGCTRL_X0Y0        BUFG (Prop_bufg_I_O)         0.026     1.460 r  clk_IBUF_BUFG_inst/O
                         net (fo=14784, routed)       0.563     2.023    alu_b_dma/fifo_dut/clk_IBUF_BUFG
    SLICE_X67Y200        FDRE                                         r  alu_b_dma/fifo_dut/fifo_mem_reg[7][104]/C
  -------------------------------------------------------------------    -------------------
    SLICE_X67Y200        FDRE (Prop_fdre_C_Q)         0.100     2.123 r  alu_b_dma/fifo_dut/fifo_mem_reg[7][104]/Q
                         net (fo=1, routed)           0.158     2.281    alu_b_dma/fifo_dut/fifo_mem_reg[7]_0[104]
    SLICE_X67Y199        LUT6 (Prop_lut6_I0_O)        0.028     2.309 r  alu_b_dma/fifo_dut/bram_out_data[104]_i_3/O
                         net (fo=1, routed)           0.000     2.309    alu_b_dma/fifo_dut/bram_out_data[104]_i_3_n_0
    SLICE_X67Y199        MUXF7 (Prop_muxf7_I1_O)      0.051     2.360 r  alu_b_dma/fifo_dut/bram_out_data_reg[104]_i_1/O
                         net (fo=1, routed)           0.000     2.360    alu_b_dma/fifo_dut/bram_out_data_reg[104]_i_1_n_0
    SLICE_X67Y199        FDRE                                         r  alu_b_dma/fifo_dut/bram_out_data_reg[104]/D
  -------------------------------------------------------------------    -------------------

                         (clock sys_clk rise edge)    0.000     0.000 r  <hidden>
    AL20                                              0.000     0.000 r  clk
                         net (fo=0)                   0.000     0.000    clk
    AL20                 IBUF (Prop_ibuf_I_O)         0.366     0.366 r  clk_IBUF_inst/O
                         net (fo=1, routed)           1.389     1.755    clk_IBUF
    BUFGCTRL_X0Y0        BUFG (Prop_bufg_I_O)         0.030     1.785 r  clk_IBUF_BUFG_inst/O
                         net (fo=14784, routed)       0.779     2.564    alu_b_dma/fifo_dut/clk_IBUF_BUFG
    SLICE_X67Y199        FDRE                                         r  alu_b_dma/fifo_dut/bram_out_data_reg[104]/C
                         clock pessimism             -0.325     2.239    <hidden>
    SLICE_X67Y199        FDRE (Hold_fdre_C_D)         0.070     2.309    alu_b_dma/fifo_dut/bram_out_data_reg[104]
  -------------------------------------------------------------------
                         required time                         -2.309    <hidden>
                         arrival time                           2.360    <hidden>
  -------------------------------------------------------------------
                         slack                                  0.051    <hidden>

Slack (MET) :             0.052ns  (arrival time - required time)
  Source:                 handshake_join_0/input_buffers[2].input_skid/skid_data_reg[78]/C
                            (rising edge-triggered cell FDRE clocked by sys_clk  {rise@0.000ns fall@2.500ns period=5.000ns})
  Destination:            handshake_join_0/input_buffers[2].input_skid/out_ch\\.data_reg[78]/D
                            (rising edge-triggered cell FDRE clocked by sys_clk  {rise@0.000ns fall@2.500ns period=5.000ns})
  Path Group:             sys_clk
  Path Type:              Hold (Min at Fast Process Corner)
  Requirement:            0.000ns  (sys_clk rise@0.000ns - sys_clk rise@0.000ns)
  Data Path Delay:        0.253ns  (logic 0.128ns (50.623%)  route 0.125ns (49.377%))
  Logic Levels:           1  (LUT4=1)
  Clock Path Skew:        0.141ns (DCD - SCD - CPR)
    Destination Clock Delay (DCD):    2.542ns
    Source Clock Delay      (SCD):    2.068ns
    Clock Pessimism Removal (CPR):    0.333ns

    Location             Delay type                Incr(ns)  Path(ns)    Netlist Resource(s)
  -------------------------------------------------------------------    -------------------
                         (clock sys_clk rise edge)    0.000     0.000 r  <hidden>
    AL20                                              0.000     0.000 r  clk
                         net (fo=0)                   0.000     0.000    clk
    AL20                 IBUF (Prop_ibuf_I_O)         0.118     0.118 r  clk_IBUF_inst/O
                         net (fo=1, routed)           1.316     1.434    clk_IBUF
    BUFGCTRL_X0Y0        BUFG (Prop_bufg_I_O)         0.026     1.460 r  clk_IBUF_BUFG_inst/O
                         net (fo=14784, routed)       0.608     2.068    handshake_join_0/input_buffers[2].input_skid/clk_IBUF_BUFG
    SLICE_X107Y149       FDRE                                         r  handshake_join_0/input_buffers[2].input_skid/skid_data_reg[78]/C
  -------------------------------------------------------------------    -------------------
    SLICE_X107Y149       FDRE (Prop_fdre_C_Q)         0.100     2.168 r  handshake_join_0/input_buffers[2].input_skid/skid_data_reg[78]/Q
                         net (fo=1, routed)           0.125     2.293    alu_c_dma/dma_dst_addr_dut/out_ch\\.data_reg[127]_1[78]
    SLICE_X107Y151       LUT4 (Prop_lut4_I3_O)        0.028     2.321 r  alu_c_dma/dma_dst_addr_dut/out_ch\\.data[78]_i_1__5/O
                         net (fo=1, routed)           0.000     2.321    handshake_join_0/input_buffers[2].input_skid/out_ch\\.data_reg[127]_0[78]
    SLICE_X107Y151       FDRE                                         r  handshake_join_0/input_buffers[2].input_skid/out_ch\\.data_reg[78]/D
  -------------------------------------------------------------------    -------------------

                         (clock sys_clk rise edge)    0.000     0.000 r  <hidden>
    AL20                                              0.000     0.000 r  clk
                         net (fo=0)                   0.000     0.000    clk
    AL20                 IBUF (Prop_ibuf_I_O)         0.366     0.366 r  clk_IBUF_inst/O
                         net (fo=1, routed)           1.389     1.755    clk_IBUF
    BUFGCTRL_X0Y0        BUFG (Prop_bufg_I_O)         0.030     1.785 r  clk_IBUF_BUFG_inst/O
                         net (fo=14784, routed)       0.757     2.542    handshake_join_0/input_buffers[2].input_skid/clk_IBUF_BUFG
    SLICE_X107Y151       FDRE                                         r  handshake_join_0/input_buffers[2].input_skid/out_ch\\.data_reg[78]/C
                         clock pessimism             -0.333     2.209    <hidden>
    SLICE_X107Y151       FDRE (Hold_fdre_C_D)         0.060     2.269    handshake_join_0/input_buffers[2].input_skid/out_ch\\.data_reg[78]
  -------------------------------------------------------------------
                         required time                         -2.269    <hidden>
                         arrival time                           2.321    <hidden>
  -------------------------------------------------------------------
                         slack                                  0.052    <hidden>

Slack (MET) :             0.055ns  (arrival time - required time)
  Source:                 vector_accumulate_0/out_ch\\.data_reg[36]/C
                            (rising edge-triggered cell FDRE clocked by sys_clk  {rise@0.000ns fall@2.500ns period=5.000ns})
  Destination:            scratchpad_c/write_state[1].wr_request_data_reg[1][0]_0_1_36_41/RAMA/I
                            (rising edge-triggered cell RAMD32 clocked by sys_clk  {rise@0.000ns fall@2.500ns period=5.000ns})
  Path Group:             sys_clk
  Path Type:              Hold (Min at Fast Process Corner)
  Requirement:            0.000ns  (sys_clk rise@0.000ns - sys_clk rise@0.000ns)
  Data Path Delay:        0.197ns  (logic 0.100ns (50.890%)  route 0.097ns (49.110%))
  Logic Levels:           0  
  Clock Path Skew:        0.011ns (DCD - SCD - CPR)
    Destination Clock Delay (DCD):    2.531ns
    Source Clock Delay      (SCD):    2.008ns
    Clock Pessimism Removal (CPR):    0.512ns

    Location             Delay type                Incr(ns)  Path(ns)    Netlist Resource(s)
  -------------------------------------------------------------------    -------------------
                         (clock sys_clk rise edge)    0.000     0.000 r  <hidden>
    AL20                                              0.000     0.000 r  clk
                         net (fo=0)                   0.000     0.000    clk
    AL20                 IBUF (Prop_ibuf_I_O)         0.118     0.118 r  clk_IBUF_inst/O
                         net (fo=1, routed)           1.316     1.434    clk_IBUF
    BUFGCTRL_X0Y0        BUFG (Prop_bufg_I_O)         0.026     1.460 r  clk_IBUF_BUFG_inst/O
                         net (fo=14784, routed)       0.548     2.008    vector_accumulate_0/clk_IBUF_BUFG
    SLICE_X105Y181       FDRE                                         r  vector_accumulate_0/out_ch\\.data_reg[36]/C
  -------------------------------------------------------------------    -------------------
    SLICE_X105Y181       FDRE (Prop_fdre_C_Q)         0.100     2.108 r  vector_accumulate_0/out_ch\\.data_reg[36]/Q
                         net (fo=1, routed)           0.097     2.205    scratchpad_c/write_state[1].wr_request_data_reg[1][0]_0_1_36_41/DIA0
    SLICE_X106Y180       RAMD32                                       r  scratchpad_c/write_state[1].wr_request_data_reg[1][0]_0_1_36_41/RAMA/I
  -------------------------------------------------------------------    -------------------

                         (clock sys_clk rise edge)    0.000     0.000 r  <hidden>
    AL20                                              0.000     0.000 r  clk
                         net (fo=0)                   0.000     0.000    clk
    AL20                 IBUF (Prop_ibuf_I_O)         0.366     0.366 r  clk_IBUF_inst/O
                         net (fo=1, routed)           1.389     1.755    clk_IBUF
    BUFGCTRL_X0Y0        BUFG (Prop_bufg_I_O)         0.030     1.785 r  clk_IBUF_BUFG_inst/O
                         net (fo=14784, routed)       0.746     2.531    scratchpad_c/write_state[1].wr_request_data_reg[1][0]_0_1_36_41/WCLK
    SLICE_X106Y180       RAMD32                                       r  scratchpad_c/write_state[1].wr_request_data_reg[1][0]_0_1_36_41/RAMA/CLK
                         clock pessimism             -0.512     2.019    <hidden>
    SLICE_X106Y180       RAMD32 (Hold_ramd32_CLK_I)
                                                      0.131     2.150    scratchpad_c/write_state[1].wr_request_data_reg[1][0]_0_1_36_41/RAMA
  -------------------------------------------------------------------
                         required time                         -2.150    <hidden>
                         arrival time                           2.205    <hidden>
  -------------------------------------------------------------------
                         slack                                  0.055    <hidden>

Slack (MET) :             0.055ns  (arrival time - required time)
  Source:                 handshake_join_0/input_buffers[2].input_skid/out_ch\\.data_reg[8]/C
                            (rising edge-triggered cell FDRE clocked by sys_clk  {rise@0.000ns fall@2.500ns period=5.000ns})
  Destination:            handshake_join_0/output_skid/skid_data_reg[264]/D
                            (rising edge-triggered cell FDRE clocked by sys_clk  {rise@0.000ns fall@2.500ns period=5.000ns})
  Path Group:             sys_clk
  Path Type:              Hold (Min at Fast Process Corner)
  Requirement:            0.000ns  (sys_clk rise@0.000ns - sys_clk rise@0.000ns)
  Data Path Delay:        0.237ns  (logic 0.100ns (42.253%)  route 0.137ns (57.747%))
  Logic Levels:           0  
  Clock Path Skew:        0.142ns (DCD - SCD - CPR)
    Destination Clock Delay (DCD):    2.539ns
    Source Clock Delay      (SCD):    2.064ns
    Clock Pessimism Removal (CPR):    0.333ns

    Location             Delay type                Incr(ns)  Path(ns)    Netlist Resource(s)
  -------------------------------------------------------------------    -------------------
                         (clock sys_clk rise edge)    0.000     0.000 r  <hidden>
    AL20                                              0.000     0.000 r  clk
                         net (fo=0)                   0.000     0.000    clk
    AL20                 IBUF (Prop_ibuf_I_O)         0.118     0.118 r  clk_IBUF_inst/O
                         net (fo=1, routed)           1.316     1.434    clk_IBUF
    BUFGCTRL_X0Y0        BUFG (Prop_bufg_I_O)         0.026     1.460 r  clk_IBUF_BUFG_inst/O
                         net (fo=14784, routed)       0.604     2.064    handshake_join_0/input_buffers[2].input_skid/clk_IBUF_BUFG
    SLICE_X101Y149       FDRE                                         r  handshake_join_0/input_buffers[2].input_skid/out_ch\\.data_reg[8]/C
  -------------------------------------------------------------------    -------------------
    SLICE_X101Y149       FDRE (Prop_fdre_C_Q)         0.100     2.164 r  handshake_join_0/input_buffers[2].input_skid/out_ch\\.data_reg[8]/Q
                         net (fo=2, routed)           0.137     2.301    handshake_join_0/output_skid/skid_data_reg[393]_1[264]
    SLICE_X101Y150       FDRE                                         r  handshake_join_0/output_skid/skid_data_reg[264]/D
  -------------------------------------------------------------------    -------------------

                         (clock sys_clk rise edge)    0.000     0.000 r  <hidden>
    AL20                                              0.000     0.000 r  clk
                         net (fo=0)                   0.000     0.000    clk
    AL20                 IBUF (Prop_ibuf_I_O)         0.366     0.366 r  clk_IBUF_inst/O
                         net (fo=1, routed)           1.389     1.755    clk_IBUF
    BUFGCTRL_X0Y0        BUFG (Prop_bufg_I_O)         0.030     1.785 r  clk_IBUF_BUFG_inst/O
                         net (fo=14784, routed)       0.754     2.539    handshake_join_0/output_skid/clk_IBUF_BUFG
    SLICE_X101Y150       FDRE                                         r  handshake_join_0/output_skid/skid_data_reg[264]/C
                         clock pessimism             -0.333     2.206    <hidden>
    SLICE_X101Y150       FDRE (Hold_fdre_C_D)         0.040     2.246    handshake_join_0/output_skid/skid_data_reg[264]
  -------------------------------------------------------------------
                         required time                         -2.246    <hidden>
                         arrival time                           2.301    <hidden>
  -------------------------------------------------------------------
                         slack                                  0.055    <hidden>

Slack (MET) :             0.059ns  (arrival time - required time)
  Source:                 alu_c_dma/fifo_dut/fifo_mem_reg[4][3]/C
                            (rising edge-triggered cell FDRE clocked by sys_clk  {rise@0.000ns fall@2.500ns period=5.000ns})
  Destination:            alu_c_dma/fifo_dut/bram_out_data_reg[3]/D
                            (rising edge-triggered cell FDRE clocked by sys_clk  {rise@0.000ns fall@2.500ns period=5.000ns})
  Path Group:             sys_clk
  Path Type:              Hold (Min at Fast Process Corner)
  Requirement:            0.000ns  (sys_clk rise@0.000ns - sys_clk rise@0.000ns)
  Data Path Delay:        0.293ns  (logic 0.171ns (58.285%)  route 0.122ns (41.715%))
  Logic Levels:           2  (LUT6=1 MUXF7=1)
  Clock Path Skew:        0.142ns (DCD - SCD - CPR)
    Destination Clock Delay (DCD):    2.549ns
    Source Clock Delay      (SCD):    2.074ns
    Clock Pessimism Removal (CPR):    0.333ns

    Location             Delay type                Incr(ns)  Path(ns)    Netlist Resource(s)
  -------------------------------------------------------------------    -------------------
                         (clock sys_clk rise edge)    0.000     0.000 r  <hidden>
    AL20                                              0.000     0.000 r  clk
                         net (fo=0)                   0.000     0.000    clk
    AL20                 IBUF (Prop_ibuf_I_O)         0.118     0.118 r  clk_IBUF_inst/O
                         net (fo=1, routed)           1.316     1.434    clk_IBUF
    BUFGCTRL_X0Y0        BUFG (Prop_bufg_I_O)         0.026     1.460 r  clk_IBUF_BUFG_inst/O
                         net (fo=14784, routed)       0.614     2.074    alu_c_dma/fifo_dut/clk_IBUF_BUFG
    SLICE_X117Y149       FDRE                                         r  alu_c_dma/fifo_dut/fifo_mem_reg[4][3]/C
  -------------------------------------------------------------------    -------------------
    SLICE_X117Y149       FDRE (Prop_fdre_C_Q)         0.100     2.174 r  alu_c_dma/fifo_dut/fifo_mem_reg[4][3]/Q
                         net (fo=1, routed)           0.122     2.297    alu_c_dma/fifo_dut/fifo_mem_reg[4]_3[3]
    SLICE_X118Y150       LUT6 (Prop_lut6_I5_O)        0.028     2.325 r  alu_c_dma/fifo_dut/bram_out_data[3]_i_3__1/O
                         net (fo=1, routed)           0.000     2.325    alu_c_dma/fifo_dut/bram_out_data[3]_i_3__1_n_0
    SLICE_X118Y150       MUXF7 (Prop_muxf7_I1_O)      0.043     2.368 r  alu_c_dma/fifo_dut/bram_out_data_reg[3]_i_1__1/O
                         net (fo=1, routed)           0.000     2.368    alu_c_dma/fifo_dut/bram_out_data_reg[3]_i_1__1_n_0
    SLICE_X118Y150       FDRE                                         r  alu_c_dma/fifo_dut/bram_out_data_reg[3]/D
  -------------------------------------------------------------------    -------------------

                         (clock sys_clk rise edge)    0.000     0.000 r  <hidden>
    AL20                                              0.000     0.000 r  clk
                         net (fo=0)                   0.000     0.000    clk
    AL20                 IBUF (Prop_ibuf_I_O)         0.366     0.366 r  clk_IBUF_inst/O
                         net (fo=1, routed)           1.389     1.755    clk_IBUF
    BUFGCTRL_X0Y0        BUFG (Prop_bufg_I_O)         0.030     1.785 r  clk_IBUF_BUFG_inst/O
                         net (fo=14784, routed)       0.764     2.549    alu_c_dma/fifo_dut/clk_IBUF_BUFG
    SLICE_X118Y150       FDRE                                         r  alu_c_dma/fifo_dut/bram_out_data_reg[3]/C
                         clock pessimism             -0.333     2.216    <hidden>
    SLICE_X118Y150       FDRE (Hold_fdre_C_D)         0.092     2.308    alu_c_dma/fifo_dut/bram_out_data_reg[3]
  -------------------------------------------------------------------
                         required time                         -2.308    <hidden>
                         arrival time                           2.368    <hidden>
  -------------------------------------------------------------------
                         slack                                  0.059    <hidden>

Slack (MET) :             0.062ns  (arrival time - required time)
  Source:                 vector_accumulate_0/out_ch\\.data_reg[82]/C
                            (rising edge-triggered cell FDRE clocked by sys_clk  {rise@0.000ns fall@2.500ns period=5.000ns})
  Destination:            scratchpad_c/write_state[1].wr_request_data_reg[1][0]_0_1_78_83/RAMC/I
                            (rising edge-triggered cell RAMD32 clocked by sys_clk  {rise@0.000ns fall@2.500ns period=5.000ns})
  Path Group:             sys_clk
  Path Type:              Hold (Min at Fast Process Corner)
  Requirement:            0.000ns  (sys_clk rise@0.000ns - sys_clk rise@0.000ns)
  Data Path Delay:        0.201ns  (logic 0.100ns (49.633%)  route 0.101ns (50.367%))
  Logic Levels:           0  
  Clock Path Skew:        0.010ns (DCD - SCD - CPR)
    Destination Clock Delay (DCD):    2.530ns
    Source Clock Delay      (SCD):    2.008ns
    Clock Pessimism Removal (CPR):    0.512ns

    Location             Delay type                Incr(ns)  Path(ns)    Netlist Resource(s)
  -------------------------------------------------------------------    -------------------
                         (clock sys_clk rise edge)    0.000     0.000 r  <hidden>
    AL20                                              0.000     0.000 r  clk
                         net (fo=0)                   0.000     0.000    clk
    AL20                 IBUF (Prop_ibuf_I_O)         0.118     0.118 r  clk_IBUF_inst/O
                         net (fo=1, routed)           1.316     1.434    clk_IBUF
    BUFGCTRL_X0Y0        BUFG (Prop_bufg_I_O)         0.026     1.460 r  clk_IBUF_BUFG_inst/O
                         net (fo=14784, routed)       0.548     2.008    vector_accumulate_0/clk_IBUF_BUFG
    SLICE_X105Y168       FDRE                                         r  vector_accumulate_0/out_ch\\.data_reg[82]/C
  -------------------------------------------------------------------    -------------------
    SLICE_X105Y168       FDRE (Prop_fdre_C_Q)         0.100     2.108 r  vector_accumulate_0/out_ch\\.data_reg[82]/Q
                         net (fo=1, routed)           0.101     2.210    scratchpad_c/write_state[1].wr_request_data_reg[1][0]_0_1_78_83/DIC0
    SLICE_X104Y170       RAMD32                                       r  scratchpad_c/write_state[1].wr_request_data_reg[1][0]_0_1_78_83/RAMC/I
  -------------------------------------------------------------------    -------------------

                         (clock sys_clk rise edge)    0.000     0.000 r  <hidden>
    AL20                                              0.000     0.000 r  clk
                         net (fo=0)                   0.000     0.000    clk
    AL20                 IBUF (Prop_ibuf_I_O)         0.366     0.366 r  clk_IBUF_inst/O
                         net (fo=1, routed)           1.389     1.755    clk_IBUF
    BUFGCTRL_X0Y0        BUFG (Prop_bufg_I_O)         0.030     1.785 r  clk_IBUF_BUFG_inst/O
                         net (fo=14784, routed)       0.745     2.530    scratchpad_c/write_state[1].wr_request_data_reg[1][0]_0_1_78_83/WCLK
    SLICE_X104Y170       RAMD32                                       r  scratchpad_c/write_state[1].wr_request_data_reg[1][0]_0_1_78_83/RAMC/CLK
                         clock pessimism             -0.512     2.018    <hidden>
    SLICE_X104Y170       RAMD32 (Hold_ramd32_CLK_I)
                                                      0.129     2.147    scratchpad_c/write_state[1].wr_request_data_reg[1][0]_0_1_78_83/RAMC
  -------------------------------------------------------------------
                         required time                         -2.147    <hidden>
                         arrival time                           2.210    <hidden>
  -------------------------------------------------------------------
                         slack                                  0.062    <hidden>

Slack (MET) :             0.064ns  (arrival time - required time)
  Source:                 alu_c_dma/dma_dst_addr_dut/data_skid_reg[61]/C
                            (rising edge-triggered cell FDRE clocked by sys_clk  {rise@0.000ns fall@2.500ns period=5.000ns})
  Destination:            alu_c_dma/dma_dst_addr_dut/out_ch\\.data_reg[61]/D
                            (rising edge-triggered cell FDRE clocked by sys_clk  {rise@0.000ns fall@2.500ns period=5.000ns})
  Path Group:             sys_clk
  Path Type:              Hold (Min at Fast Process Corner)
  Requirement:            0.000ns  (sys_clk rise@0.000ns - sys_clk rise@0.000ns)
  Data Path Delay:        0.352ns  (logic 0.148ns (42.051%)  route 0.204ns (57.949%))
  Logic Levels:           1  (LUT3=1)
  Clock Path Skew:        0.192ns (DCD - SCD - CPR)
    Destination Clock Delay (DCD):    2.516ns
    Source Clock Delay      (SCD):    1.999ns
    Clock Pessimism Removal (CPR):    0.325ns

    Location             Delay type                Incr(ns)  Path(ns)    Netlist Resource(s)
  -------------------------------------------------------------------    -------------------
                         (clock sys_clk rise edge)    0.000     0.000 r  <hidden>
    AL20                                              0.000     0.000 r  clk
                         net (fo=0)                   0.000     0.000    clk
    AL20                 IBUF (Prop_ibuf_I_O)         0.118     0.118 r  clk_IBUF_inst/O
                         net (fo=1, routed)           1.316     1.434    clk_IBUF
    BUFGCTRL_X0Y0        BUFG (Prop_bufg_I_O)         0.026     1.460 r  clk_IBUF_BUFG_inst/O
                         net (fo=14784, routed)       0.539     1.999    alu_c_dma/dma_dst_addr_dut/clk_IBUF_BUFG
    SLICE_X90Y199        FDRE                                         r  alu_c_dma/dma_dst_addr_dut/data_skid_reg[61]/C
  -------------------------------------------------------------------    -------------------
    SLICE_X90Y199        FDRE (Prop_fdre_C_Q)         0.118     2.117 r  alu_c_dma/dma_dst_addr_dut/data_skid_reg[61]/Q
                         net (fo=1, routed)           0.204     2.321    alu_c_dma/dma_dst_addr_dut/data[61]
    SLICE_X90Y200        LUT3 (Prop_lut3_I0_O)        0.030     2.351 r  alu_c_dma/dma_dst_addr_dut/out_ch\\.data[61]_i_1__1/O
                         net (fo=1, routed)           0.000     2.351    alu_c_dma/dma_dst_addr_dut/out_ch\\.data[61]_i_1__1_n_0
    SLICE_X90Y200        FDRE                                         r  alu_c_dma/dma_dst_addr_dut/out_ch\\.data_reg[61]/D
  -------------------------------------------------------------------    -------------------

                         (clock sys_clk rise edge)    0.000     0.000 r  <hidden>
    AL20                                              0.000     0.000 r  clk
                         net (fo=0)                   0.000     0.000    clk
    AL20                 IBUF (Prop_ibuf_I_O)         0.366     0.366 r  clk_IBUF_inst/O
                         net (fo=1, routed)           1.389     1.755    clk_IBUF
    BUFGCTRL_X0Y0        BUFG (Prop_bufg_I_O)         0.030     1.785 r  clk_IBUF_BUFG_inst/O
                         net (fo=14784, routed)       0.731     2.516    alu_c_dma/dma_dst_addr_dut/clk_IBUF_BUFG
    SLICE_X90Y200        FDRE                                         r  alu_c_dma/dma_dst_addr_dut/out_ch\\.data_reg[61]/C
                         clock pessimism             -0.325     2.191    <hidden>
    SLICE_X90Y200        FDRE (Hold_fdre_C_D)         0.096     2.287    alu_c_dma/dma_dst_addr_dut/out_ch\\.data_reg[61]
  -------------------------------------------------------------------
                         required time                         -2.287    <hidden>
                         arrival time                           2.351    <hidden>
  -------------------------------------------------------------------
                         slack                                  0.064    <hidden>

Slack (MET) :             0.067ns  (arrival time - required time)
  Source:                 alu_b_dma/dma_src_addr_dut/read_req\\.addr_reg[20]/C
                            (rising edge-triggered cell FDRE clocked by sys_clk  {rise@0.000ns fall@2.500ns period=5.000ns})
  Destination:            scratchpad_a/read_state[2].rd_request_addr_reg[2][0]_0_1_18_23/RAMB/I
                            (rising edge-triggered cell RAMD32 clocked by sys_clk  {rise@0.000ns fall@2.500ns period=5.000ns})
  Path Group:             sys_clk
  Path Type:              Hold (Min at Fast Process Corner)
  Requirement:            0.000ns  (sys_clk rise@0.000ns - sys_clk rise@0.000ns)
  Data Path Delay:        0.213ns  (logic 0.118ns (55.433%)  route 0.095ns (44.567%))
  Logic Levels:           0  
  Clock Path Skew:        0.014ns (DCD - SCD - CPR)
    Destination Clock Delay (DCD):    2.569ns
    Source Clock Delay      (SCD):    2.041ns
    Clock Pessimism Removal (CPR):    0.514ns

    Location             Delay type                Incr(ns)  Path(ns)    Netlist Resource(s)
  -------------------------------------------------------------------    -------------------
                         (clock sys_clk rise edge)    0.000     0.000 r  <hidden>
    AL20                                              0.000     0.000 r  clk
                         net (fo=0)                   0.000     0.000    clk
    AL20                 IBUF (Prop_ibuf_I_O)         0.118     0.118 r  clk_IBUF_inst/O
                         net (fo=1, routed)           1.316     1.434    clk_IBUF
    BUFGCTRL_X0Y0        BUFG (Prop_bufg_I_O)         0.026     1.460 r  clk_IBUF_BUFG_inst/O
                         net (fo=14784, routed)       0.581     2.041    alu_b_dma/dma_src_addr_dut/clk_IBUF_BUFG
    SLICE_X52Y160        FDRE                                         r  alu_b_dma/dma_src_addr_dut/read_req\\.addr_reg[20]/C
  -------------------------------------------------------------------    -------------------
    SLICE_X52Y160        FDRE (Prop_fdre_C_Q)         0.118     2.159 r  alu_b_dma/dma_src_addr_dut/read_req\\.addr_reg[20]/Q
                         net (fo=1, routed)           0.095     2.254    scratchpad_a/read_state[2].rd_request_addr_reg[2][0]_0_1_18_23/DIB0
    SLICE_X52Y161        RAMD32                                       r  scratchpad_a/read_state[2].rd_request_addr_reg[2][0]_0_1_18_23/RAMB/I
  -------------------------------------------------------------------    -------------------

                         (clock sys_clk rise edge)    0.000     0.000 r  <hidden>
    AL20                                              0.000     0.000 r  clk
                         net (fo=0)                   0.000     0.000    clk
    AL20                 IBUF (Prop_ibuf_I_O)         0.366     0.366 r  clk_IBUF_inst/O
                         net (fo=1, routed)           1.389     1.755    clk_IBUF
    BUFGCTRL_X0Y0        BUFG (Prop_bufg_I_O)         0.030     1.785 r  clk_IBUF_BUFG_inst/O
                         net (fo=14784, routed)       0.784     2.569    scratchpad_a/read_state[2].rd_request_addr_reg[2][0]_0_1_18_23/WCLK
    SLICE_X52Y161        RAMD32                                       r  scratchpad_a/read_state[2].rd_request_addr_reg[2][0]_0_1_18_23/RAMB/CLK
                         clock pessimism             -0.514     2.055    <hidden>
    SLICE_X52Y161        RAMD32 (Hold_ramd32_CLK_I)
                                                      0.132     2.187    scratchpad_a/read_state[2].rd_request_addr_reg[2][0]_0_1_18_23/RAMB
  -------------------------------------------------------------------
                         required time                         -2.187    <hidden>
                         arrival time                           2.254    <hidden>
  -------------------------------------------------------------------
                         slack                                  0.067    <hidden>

Slack (MET) :             0.067ns  (arrival time - required time)
  Source:                 alu_a_dma/dma_src_addr_dut/read_req\\.addr_reg[22]/C
                            (rising edge-triggered cell FDRE clocked by sys_clk  {rise@0.000ns fall@2.500ns period=5.000ns})
  Destination:            scratchpad_a/read_state[1].rd_request_addr_reg[1][0]_0_1_18_23/RAMC/I
                            (rising edge-triggered cell RAMD32 clocked by sys_clk  {rise@0.000ns fall@2.500ns period=5.000ns})
  Path Group:             sys_clk
  Path Type:              Hold (Min at Fast Process Corner)
  Requirement:            0.000ns  (sys_clk rise@0.000ns - sys_clk rise@0.000ns)
  Data Path Delay:        0.207ns  (logic 0.100ns (48.254%)  route 0.107ns (51.746%))
  Logic Levels:           0  
  Clock Path Skew:        0.011ns (DCD - SCD - CPR)
    Destination Clock Delay (DCD):    2.565ns
    Source Clock Delay      (SCD):    2.038ns
    Clock Pessimism Removal (CPR):    0.516ns

    Location             Delay type                Incr(ns)  Path(ns)    Netlist Resource(s)
  -------------------------------------------------------------------    -------------------
                         (clock sys_clk rise edge)    0.000     0.000 r  <hidden>
    AL20                                              0.000     0.000 r  clk
                         net (fo=0)                   0.000     0.000    clk
    AL20                 IBUF (Prop_ibuf_I_O)         0.118     0.118 r  clk_IBUF_inst/O
                         net (fo=1, routed)           1.316     1.434    clk_IBUF
    BUFGCTRL_X0Y0        BUFG (Prop_bufg_I_O)         0.026     1.460 r  clk_IBUF_BUFG_inst/O
                         net (fo=14784, routed)       0.578     2.038    alu_a_dma/dma_src_addr_dut/clk_IBUF_BUFG
    SLICE_X55Y160        FDRE                                         r  alu_a_dma/dma_src_addr_dut/read_req\\.addr_reg[22]/C
  -------------------------------------------------------------------    -------------------
    SLICE_X55Y160        FDRE (Prop_fdre_C_Q)         0.100     2.138 r  alu_a_dma/dma_src_addr_dut/read_req\\.addr_reg[22]/Q
                         net (fo=1, routed)           0.107     2.245    scratchpad_a/read_state[1].rd_request_addr_reg[1][0]_0_1_18_23/DIC0
    SLICE_X54Y160        RAMD32                                       r  scratchpad_a/read_state[1].rd_request_addr_reg[1][0]_0_1_18_23/RAMC/I
  -------------------------------------------------------------------    -------------------

                         (clock sys_clk rise edge)    0.000     0.000 r  <hidden>
    AL20                                              0.000     0.000 r  clk
                         net (fo=0)                   0.000     0.000    clk
    AL20                 IBUF (Prop_ibuf_I_O)         0.366     0.366 r  clk_IBUF_inst/O
                         net (fo=1, routed)           1.389     1.755    clk_IBUF
    BUFGCTRL_X0Y0        BUFG (Prop_bufg_I_O)         0.030     1.785 r  clk_IBUF_BUFG_inst/O
                         net (fo=14784, routed)       0.780     2.565    scratchpad_a/read_state[1].rd_request_addr_reg[1][0]_0_1_18_23/WCLK
    SLICE_X54Y160        RAMD32                                       r  scratchpad_a/read_state[1].rd_request_addr_reg[1][0]_0_1_18_23/RAMC/CLK
                         clock pessimism             -0.516     2.049    <hidden>
    SLICE_X54Y160        RAMD32 (Hold_ramd32_CLK_I)
                                                      0.129     2.178    scratchpad_a/read_state[1].rd_request_addr_reg[1][0]_0_1_18_23/RAMC
  -------------------------------------------------------------------
                         required time                         -2.178    <hidden>
                         arrival time                           2.245    <hidden>
  -------------------------------------------------------------------
                         slack                                  0.067    <hidden>

Slack (MET) :             0.067ns  (arrival time - required time)
  Source:                 alu_c_dma/dma_src_addr_dut/addr_src_reg[1]/C
                            (rising edge-triggered cell FDRE clocked by sys_clk  {rise@0.000ns fall@2.500ns period=5.000ns})
  Destination:            alu_c_dma/dma_src_addr_dut/addr_skid_reg[1]/D
                            (rising edge-triggered cell FDRE clocked by sys_clk  {rise@0.000ns fall@2.500ns period=5.000ns})
  Path Group:             sys_clk
  Path Type:              Hold (Min at Fast Process Corner)
  Requirement:            0.000ns  (sys_clk rise@0.000ns - sys_clk rise@0.000ns)
  Data Path Delay:        0.259ns  (logic 0.091ns (35.097%)  route 0.168ns (64.903%))
  Logic Levels:           0  
  Clock Path Skew:        0.197ns (DCD - SCD - CPR)
    Destination Clock Delay (DCD):    2.528ns
    Source Clock Delay      (SCD):    1.998ns
    Clock Pessimism Removal (CPR):    0.333ns

    Location             Delay type                Incr(ns)  Path(ns)    Netlist Resource(s)
  -------------------------------------------------------------------    -------------------
                         (clock sys_clk rise edge)    0.000     0.000 r  <hidden>
    AL20                                              0.000     0.000 r  clk
                         net (fo=0)                   0.000     0.000    clk
    AL20                 IBUF (Prop_ibuf_I_O)         0.118     0.118 r  clk_IBUF_inst/O
                         net (fo=1, routed)           1.316     1.434    clk_IBUF
    BUFGCTRL_X0Y0        BUFG (Prop_bufg_I_O)         0.026     1.460 r  clk_IBUF_BUFG_inst/O
                         net (fo=14784, routed)       0.538     1.998    alu_c_dma/dma_src_addr_dut/clk_IBUF_BUFG
    SLICE_X89Y158        FDRE                                         r  alu_c_dma/dma_src_addr_dut/addr_src_reg[1]/C
  -------------------------------------------------------------------    -------------------
    SLICE_X89Y158        FDRE (Prop_fdre_C_Q)         0.091     2.089 r  alu_c_dma/dma_src_addr_dut/addr_src_reg[1]/Q
                         net (fo=3, routed)           0.168     2.258    alu_c_dma/dma_src_addr_dut/D[1]
    SLICE_X92Y159        FDRE                                         r  alu_c_dma/dma_src_addr_dut/addr_skid_reg[1]/D
  -------------------------------------------------------------------    -------------------

                         (clock sys_clk rise edge)    0.000     0.000 r  <hidden>
    AL20                                              0.000     0.000 r  clk
                         net (fo=0)                   0.000     0.000    clk
    AL20                 IBUF (Prop_ibuf_I_O)         0.366     0.366 r  clk_IBUF_inst/O
                         net (fo=1, routed)           1.389     1.755    clk_IBUF
    BUFGCTRL_X0Y0        BUFG (Prop_bufg_I_O)         0.030     1.785 r  clk_IBUF_BUFG_inst/O
                         net (fo=14784, routed)       0.743     2.528    alu_c_dma/dma_src_addr_dut/clk_IBUF_BUFG
    SLICE_X92Y159        FDRE                                         r  alu_c_dma/dma_src_addr_dut/addr_skid_reg[1]/C
                         clock pessimism             -0.333     2.195    <hidden>
    SLICE_X92Y159        FDRE (Hold_fdre_C_D)        -0.005     2.190    alu_c_dma/dma_src_addr_dut/addr_skid_reg[1]
  -------------------------------------------------------------------
                         required time                         -2.190    <hidden>
                         arrival time                           2.258    <hidden>
  -------------------------------------------------------------------
                         slack                                  0.067    <hidden>

Slack (MET) :             0.068ns  (arrival time - required time)
  Source:                 alu_b_dma/dma_src_addr_dut/read_req\\.addr_reg[18]/C
                            (rising edge-triggered cell FDRE clocked by sys_clk  {rise@0.000ns fall@2.500ns period=5.000ns})
  Destination:            scratchpad_a/read_state[2].rd_request_addr_reg[2][0]_0_1_18_23/RAMA/I
                            (rising edge-triggered cell RAMD32 clocked by sys_clk  {rise@0.000ns fall@2.500ns period=5.000ns})
  Path Group:             sys_clk
  Path Type:              Hold (Min at Fast Process Corner)
  Requirement:            0.000ns  (sys_clk rise@0.000ns - sys_clk rise@0.000ns)
  Data Path Delay:        0.213ns  (logic 0.118ns (55.433%)  route 0.095ns (44.567%))
  Logic Levels:           0  
  Clock Path Skew:        0.014ns (DCD - SCD - CPR)
    Destination Clock Delay (DCD):    2.569ns
    Source Clock Delay      (SCD):    2.041ns
    Clock Pessimism Removal (CPR):    0.514ns

    Location             Delay type                Incr(ns)  Path(ns)    Netlist Resource(s)
  -------------------------------------------------------------------    -------------------
                         (clock sys_clk rise edge)    0.000     0.000 r  <hidden>
    AL20                                              0.000     0.000 r  clk
                         net (fo=0)                   0.000     0.000    clk
    AL20                 IBUF (Prop_ibuf_I_O)         0.118     0.118 r  clk_IBUF_inst/O
                         net (fo=1, routed)           1.316     1.434    clk_IBUF
    BUFGCTRL_X0Y0        BUFG (Prop_bufg_I_O)         0.026     1.460 r  clk_IBUF_BUFG_inst/O
                         net (fo=14784, routed)       0.581     2.041    alu_b_dma/dma_src_addr_dut/clk_IBUF_BUFG
    SLICE_X52Y160        FDRE                                         r  alu_b_dma/dma_src_addr_dut/read_req\\.addr_reg[18]/C
  -------------------------------------------------------------------    -------------------
    SLICE_X52Y160        FDRE (Prop_fdre_C_Q)         0.118     2.159 r  alu_b_dma/dma_src_addr_dut/read_req\\.addr_reg[18]/Q
                         net (fo=1, routed)           0.095     2.254    scratchpad_a/read_state[2].rd_request_addr_reg[2][0]_0_1_18_23/DIA0
    SLICE_X52Y161        RAMD32                                       r  scratchpad_a/read_state[2].rd_request_addr_reg[2][0]_0_1_18_23/RAMA/I
  -------------------------------------------------------------------    -------------------

                         (clock sys_clk rise edge)    0.000     0.000 r  <hidden>
    AL20                                              0.000     0.000 r  clk
                         net (fo=0)                   0.000     0.000    clk
    AL20                 IBUF (Prop_ibuf_I_O)         0.366     0.366 r  clk_IBUF_inst/O
                         net (fo=1, routed)           1.389     1.755    clk_IBUF
    BUFGCTRL_X0Y0        BUFG (Prop_bufg_I_O)         0.030     1.785 r  clk_IBUF_BUFG_inst/O
                         net (fo=14784, routed)       0.784     2.569    scratchpad_a/read_state[2].rd_request_addr_reg[2][0]_0_1_18_23/WCLK
    SLICE_X52Y161        RAMD32                                       r  scratchpad_a/read_state[2].rd_request_addr_reg[2][0]_0_1_18_23/RAMA/CLK
                         clock pessimism             -0.514     2.055    <hidden>
    SLICE_X52Y161        RAMD32 (Hold_ramd32_CLK_I)
                                                      0.131     2.186    scratchpad_a/read_state[2].rd_request_addr_reg[2][0]_0_1_18_23/RAMA
  -------------------------------------------------------------------
                         required time                         -2.186    <hidden>
                         arrival time                           2.254    <hidden>
  -------------------------------------------------------------------
                         slack                                  0.068    <hidden>

Slack (MET) :             0.068ns  (arrival time - required time)
  Source:                 sch_0/fetch/mem_read_req\\.addr_reg[27]/C
                            (rising edge-triggered cell FDRE clocked by sys_clk  {rise@0.000ns fall@2.500ns period=5.000ns})
  Destination:            bram_dp_stream_0/read_state[0].rd_request_addr_reg[0][0]_0_1_24_29/RAMB_D1/I
                            (rising edge-triggered cell RAMD32 clocked by sys_clk  {rise@0.000ns fall@2.500ns period=5.000ns})
  Path Group:             sys_clk
  Path Type:              Hold (Min at Fast Process Corner)
  Requirement:            0.000ns  (sys_clk rise@0.000ns - sys_clk rise@0.000ns)
  Data Path Delay:        0.196ns  (logic 0.100ns (51.054%)  route 0.096ns (48.946%))
  Logic Levels:           0  
  Clock Path Skew:        0.013ns (DCD - SCD - CPR)
    Destination Clock Delay (DCD):    2.562ns
    Source Clock Delay      (SCD):    2.036ns
    Clock Pessimism Removal (CPR):    0.513ns

    Location             Delay type                Incr(ns)  Path(ns)    Netlist Resource(s)
  -------------------------------------------------------------------    -------------------
                         (clock sys_clk rise edge)    0.000     0.000 r  <hidden>
    AL20                                              0.000     0.000 r  clk
                         net (fo=0)                   0.000     0.000    clk
    AL20                 IBUF (Prop_ibuf_I_O)         0.118     0.118 r  clk_IBUF_inst/O
                         net (fo=1, routed)           1.316     1.434    clk_IBUF
    BUFGCTRL_X0Y0        BUFG (Prop_bufg_I_O)         0.026     1.460 r  clk_IBUF_BUFG_inst/O
                         net (fo=14784, routed)       0.576     2.036    sch_0/fetch/clk_IBUF_BUFG
    SLICE_X67Y156        FDRE                                         r  sch_0/fetch/mem_read_req\\.addr_reg[27]/C
  -------------------------------------------------------------------    -------------------
    SLICE_X67Y156        FDRE (Prop_fdre_C_Q)         0.100     2.136 r  sch_0/fetch/mem_read_req\\.addr_reg[27]/Q
                         net (fo=1, routed)           0.096     2.232    bram_dp_stream_0/read_state[0].rd_request_addr_reg[0][0]_0_1_24_29/DIB1
    SLICE_X66Y157        RAMD32                                       r  bram_dp_stream_0/read_state[0].rd_request_addr_reg[0][0]_0_1_24_29/RAMB_D1/I
  -------------------------------------------------------------------    -------------------

                         (clock sys_clk rise edge)    0.000     0.000 r  <hidden>
    AL20                                              0.000     0.000 r  clk
                         net (fo=0)                   0.000     0.000    clk
    AL20                 IBUF (Prop_ibuf_I_O)         0.366     0.366 r  clk_IBUF_inst/O
                         net (fo=1, routed)           1.389     1.755    clk_IBUF
    BUFGCTRL_X0Y0        BUFG (Prop_bufg_I_O)         0.030     1.785 r  clk_IBUF_BUFG_inst/O
                         net (fo=14784, routed)       0.777     2.562    bram_dp_stream_0/read_state[0].rd_request_addr_reg[0][0]_0_1_24_29/WCLK
    SLICE_X66Y157        RAMD32                                       r  bram_dp_stream_0/read_state[0].rd_request_addr_reg[0][0]_0_1_24_29/RAMB_D1/CLK
                         clock pessimism             -0.513     2.049    <hidden>
    SLICE_X66Y157        RAMD32 (Hold_ramd32_CLK_I)
                                                      0.115     2.164    bram_dp_stream_0/read_state[0].rd_request_addr_reg[0][0]_0_1_24_29/RAMB_D1
  -------------------------------------------------------------------
                         required time                         -2.164    <hidden>
                         arrival time                           2.232    <hidden>
  -------------------------------------------------------------------
                         slack                                  0.068    <hidden>

Slack (MET) :             0.069ns  (arrival time - required time)
  Source:                 sch_0/fetch/mem_read_req\\.addr_reg[12]/C
                            (rising edge-triggered cell FDRE clocked by sys_clk  {rise@0.000ns fall@2.500ns period=5.000ns})
  Destination:            bram_dp_stream_0/read_state[0].rd_request_addr_reg[0][0]_0_1_12_17/RAMA/I
                            (rising edge-triggered cell RAMD32 clocked by sys_clk  {rise@0.000ns fall@2.500ns period=5.000ns})
  Path Group:             sys_clk
  Path Type:              Hold (Min at Fast Process Corner)
  Requirement:            0.000ns  (sys_clk rise@0.000ns - sys_clk rise@0.000ns)
  Data Path Delay:        0.214ns  (logic 0.118ns (55.173%)  route 0.096ns (44.827%))
  Logic Levels:           0  
  Clock Path Skew:        0.014ns (DCD - SCD - CPR)
    Destination Clock Delay (DCD):    2.563ns
    Source Clock Delay      (SCD):    2.036ns
    Clock Pessimism Removal (CPR):    0.513ns

    Location             Delay type                Incr(ns)  Path(ns)    Netlist Resource(s)
  -------------------------------------------------------------------    -------------------
                         (clock sys_clk rise edge)    0.000     0.000 r  <hidden>
    AL20                                              0.000     0.000 r  clk
                         net (fo=0)                   0.000     0.000    clk
    AL20                 IBUF (Prop_ibuf_I_O)         0.118     0.118 r  clk_IBUF_inst/O
                         net (fo=1, routed)           1.316     1.434    clk_IBUF
    BUFGCTRL_X0Y0        BUFG (Prop_bufg_I_O)         0.026     1.460 r  clk_IBUF_BUFG_inst/O
                         net (fo=14784, routed)       0.576     2.036    sch_0/fetch/clk_IBUF_BUFG
    SLICE_X66Y154        FDRE                                         r  sch_0/fetch/mem_read_req\\.addr_reg[12]/C
  -------------------------------------------------------------------    -------------------
    SLICE_X66Y154        FDRE (Prop_fdre_C_Q)         0.118     2.154 r  sch_0/fetch/mem_read_req\\.addr_reg[12]/Q
                         net (fo=1, routed)           0.096     2.250    bram_dp_stream_0/read_state[0].rd_request_addr_reg[0][0]_0_1_12_17/DIA0
    SLICE_X66Y155        RAMD32                                       r  bram_dp_stream_0/read_state[0].rd_request_addr_reg[0][0]_0_1_12_17/RAMA/I
  -------------------------------------------------------------------    -------------------

                         (clock sys_clk rise edge)    0.000     0.000 r  <hidden>
    AL20                                              0.000     0.000 r  clk
                         net (fo=0)                   0.000     0.000    clk
    AL20                 IBUF (Prop_ibuf_I_O)         0.366     0.366 r  clk_IBUF_inst/O
                         net (fo=1, routed)           1.389     1.755    clk_IBUF
    BUFGCTRL_X0Y0        BUFG (Prop_bufg_I_O)         0.030     1.785 r  clk_IBUF_BUFG_inst/O
                         net (fo=14784, routed)       0.778     2.563    bram_dp_stream_0/read_state[0].rd_request_addr_reg[0][0]_0_1_12_17/WCLK
    SLICE_X66Y155        RAMD32                                       r  bram_dp_stream_0/read_state[0].rd_request_addr_reg[0][0]_0_1_12_17/RAMA/CLK
                         clock pessimism             -0.513     2.050    <hidden>
    SLICE_X66Y155        RAMD32 (Hold_ramd32_CLK_I)
                                                      0.131     2.181    bram_dp_stream_0/read_state[0].rd_request_addr_reg[0][0]_0_1_12_17/RAMA
  -------------------------------------------------------------------
                         required time                         -2.181    <hidden>
                         arrival time                           2.250    <hidden>
  -------------------------------------------------------------------
                         slack                                  0.069    <hidden>

Slack (MET) :             0.070ns  (arrival time - required time)
  Source:                 alu_c_dma/fifo_dut/output_data_0_reg[13]/C
                            (rising edge-triggered cell FDCE clocked by sys_clk  {rise@0.000ns fall@2.500ns period=5.000ns})
  Destination:            alu_c_dma/dma_dst_addr_dut/data_skid_reg[13]/D
                            (rising edge-triggered cell FDRE clocked by sys_clk  {rise@0.000ns fall@2.500ns period=5.000ns})
  Path Group:             sys_clk
  Path Type:              Hold (Min at Fast Process Corner)
  Requirement:            0.000ns  (sys_clk rise@0.000ns - sys_clk rise@0.000ns)
  Data Path Delay:        0.270ns  (logic 0.118ns (43.639%)  route 0.152ns (56.361%))
  Logic Levels:           0  
  Clock Path Skew:        0.141ns (DCD - SCD - CPR)
    Destination Clock Delay (DCD):    2.543ns
    Source Clock Delay      (SCD):    2.069ns
    Clock Pessimism Removal (CPR):    0.333ns

    Location             Delay type                Incr(ns)  Path(ns)    Netlist Resource(s)
  -------------------------------------------------------------------    -------------------
                         (clock sys_clk rise edge)    0.000     0.000 r  <hidden>
    AL20                                              0.000     0.000 r  clk
                         net (fo=0)                   0.000     0.000    clk
    AL20                 IBUF (Prop_ibuf_I_O)         0.118     0.118 r  clk_IBUF_inst/O
                         net (fo=1, routed)           1.316     1.434    clk_IBUF
    BUFGCTRL_X0Y0        BUFG (Prop_bufg_I_O)         0.026     1.460 r  clk_IBUF_BUFG_inst/O
                         net (fo=14784, routed)       0.609     2.069    alu_c_dma/fifo_dut/clk_IBUF_BUFG
    SLICE_X110Y149       FDCE                                         r  alu_c_dma/fifo_dut/output_data_0_reg[13]/C
  -------------------------------------------------------------------    -------------------
    SLICE_X110Y149       FDCE (Prop_fdce_C_Q)         0.118     2.187 r  alu_c_dma/fifo_dut/output_data_0_reg[13]/Q
                         net (fo=2, routed)           0.152     2.340    alu_c_dma/dma_dst_addr_dut/Q[13]
    SLICE_X108Y150       FDRE                                         r  alu_c_dma/dma_dst_addr_dut/data_skid_reg[13]/D
  -------------------------------------------------------------------    -------------------

                         (clock sys_clk rise edge)    0.000     0.000 r  <hidden>
    AL20                                              0.000     0.000 r  clk
                         net (fo=0)                   0.000     0.000    clk
    AL20                 IBUF (Prop_ibuf_I_O)         0.366     0.366 r  clk_IBUF_inst/O
                         net (fo=1, routed)           1.389     1.755    clk_IBUF
    BUFGCTRL_X0Y0        BUFG (Prop_bufg_I_O)         0.030     1.785 r  clk_IBUF_BUFG_inst/O
                         net (fo=14784, routed)       0.758     2.543    alu_c_dma/dma_dst_addr_dut/clk_IBUF_BUFG
    SLICE_X108Y150       FDRE                                         r  alu_c_dma/dma_dst_addr_dut/data_skid_reg[13]/C
                         clock pessimism             -0.333     2.210    <hidden>
    SLICE_X108Y150       FDRE (Hold_fdre_C_D)         0.059     2.269    alu_c_dma/dma_dst_addr_dut/data_skid_reg[13]
  -------------------------------------------------------------------
                         required time                         -2.269    <hidden>
                         arrival time                           2.340    <hidden>
  -------------------------------------------------------------------
                         slack                                  0.070    <hidden>

Slack (MET) :             0.071ns  (arrival time - required time)
  Source:                 alu_c_dma/dma_dst_addr_dut/out_ch\\.data_reg[109]/C
                            (rising edge-triggered cell FDRE clocked by sys_clk  {rise@0.000ns fall@2.500ns period=5.000ns})
  Destination:            handshake_join_0/input_buffers[2].input_skid/out_ch\\.data_reg[109]/D
                            (rising edge-triggered cell FDRE clocked by sys_clk  {rise@0.000ns fall@2.500ns period=5.000ns})
  Path Group:             sys_clk
  Path Type:              Hold (Min at Fast Process Corner)
  Requirement:            0.000ns  (sys_clk rise@0.000ns - sys_clk rise@0.000ns)
  Data Path Delay:        0.351ns  (logic 0.155ns (44.158%)  route 0.196ns (55.842%))
  Logic Levels:           1  (LUT4=1)
  Clock Path Skew:        0.193ns (DCD - SCD - CPR)
    Destination Clock Delay (DCD):    2.523ns
    Source Clock Delay      (SCD):    2.005ns
    Clock Pessimism Removal (CPR):    0.325ns

    Location             Delay type                Incr(ns)  Path(ns)    Netlist Resource(s)
  -------------------------------------------------------------------    -------------------
                         (clock sys_clk rise edge)    0.000     0.000 r  <hidden>
    AL20                                              0.000     0.000 r  clk
                         net (fo=0)                   0.000     0.000    clk
    AL20                 IBUF (Prop_ibuf_I_O)         0.118     0.118 r  clk_IBUF_inst/O
                         net (fo=1, routed)           1.316     1.434    clk_IBUF
    BUFGCTRL_X0Y0        BUFG (Prop_bufg_I_O)         0.026     1.460 r  clk_IBUF_BUFG_inst/O
                         net (fo=14784, routed)       0.545     2.005    alu_c_dma/dma_dst_addr_dut/clk_IBUF_BUFG
    SLICE_X81Y198        FDRE                                         r  alu_c_dma/dma_dst_addr_dut/out_ch\\.data_reg[109]/C
  -------------------------------------------------------------------    -------------------
    SLICE_X81Y198        FDRE (Prop_fdre_C_Q)         0.091     2.096 r  alu_c_dma/dma_dst_addr_dut/out_ch\\.data_reg[109]/Q
                         net (fo=2, routed)           0.196     2.292    alu_c_dma/dma_dst_addr_dut/out_ch\\.data_reg[127]_0[109]
    SLICE_X76Y202        LUT4 (Prop_lut4_I2_O)        0.064     2.356 r  alu_c_dma/dma_dst_addr_dut/out_ch\\.data[109]_i_1__5/O
                         net (fo=1, routed)           0.000     2.356    handshake_join_0/input_buffers[2].input_skid/out_ch\\.data_reg[127]_0[109]
    SLICE_X76Y202        FDRE                                         r  handshake_join_0/input_buffers[2].input_skid/out_ch\\.data_reg[109]/D
  -------------------------------------------------------------------    -------------------

                         (clock sys_clk rise edge)    0.000     0.000 r  <hidden>
    AL20                                              0.000     0.000 r  clk
                         net (fo=0)                   0.000     0.000    clk
    AL20                 IBUF (Prop_ibuf_I_O)         0.366     0.366 r  clk_IBUF_inst/O
                         net (fo=1, routed)           1.389     1.755    clk_IBUF
    BUFGCTRL_X0Y0        BUFG (Prop_bufg_I_O)         0.030     1.785 r  clk_IBUF_BUFG_inst/O
                         net (fo=14784, routed)       0.738     2.523    handshake_join_0/input_buffers[2].input_skid/clk_IBUF_BUFG
    SLICE_X76Y202        FDRE                                         r  handshake_join_0/input_buffers[2].input_skid/out_ch\\.data_reg[109]/C
                         clock pessimism             -0.325     2.198    <hidden>
    SLICE_X76Y202        FDRE (Hold_fdre_C_D)         0.087     2.285    handshake_join_0/input_buffers[2].input_skid/out_ch\\.data_reg[109]
  -------------------------------------------------------------------
                         required time                         -2.285    <hidden>
                         arrival time                           2.356    <hidden>
  -------------------------------------------------------------------
                         slack                                  0.071    <hidden>

Slack (MET) :             0.073ns  (arrival time - required time)
  Source:                 vector_alu_0/out_addr_reg[15]/C
                            (rising edge-triggered cell FDRE clocked by sys_clk  {rise@0.000ns fall@2.500ns period=5.000ns})
  Destination:            vector_accumulate_0/out_ch\\.addr_reg[15]/D
                            (rising edge-triggered cell FDRE clocked by sys_clk  {rise@0.000ns fall@2.500ns period=5.000ns})
  Path Group:             sys_clk
  Path Type:              Hold (Min at Fast Process Corner)
  Requirement:            0.000ns  (sys_clk rise@0.000ns - sys_clk rise@0.000ns)
  Data Path Delay:        0.235ns  (logic 0.091ns (38.716%)  route 0.144ns (61.284%))
  Logic Levels:           0  
  Clock Path Skew:        0.141ns (DCD - SCD - CPR)
    Destination Clock Delay (DCD):    2.532ns
    Source Clock Delay      (SCD):    2.058ns
    Clock Pessimism Removal (CPR):    0.333ns

    Location             Delay type                Incr(ns)  Path(ns)    Netlist Resource(s)
  -------------------------------------------------------------------    -------------------
                         (clock sys_clk rise edge)    0.000     0.000 r  <hidden>
    AL20                                              0.000     0.000 r  clk
                         net (fo=0)                   0.000     0.000    clk
    AL20                 IBUF (Prop_ibuf_I_O)         0.118     0.118 r  clk_IBUF_inst/O
                         net (fo=1, routed)           1.316     1.434    clk_IBUF
    BUFGCTRL_X0Y0        BUFG (Prop_bufg_I_O)         0.026     1.460 r  clk_IBUF_BUFG_inst/O
                         net (fo=14784, routed)       0.598     2.058    vector_alu_0/clk_IBUF_BUFG
    SLICE_X96Y149        FDRE                                         r  vector_alu_0/out_addr_reg[15]/C
  -------------------------------------------------------------------    -------------------
    SLICE_X96Y149        FDRE (Prop_fdre_C_Q)         0.091     2.149 r  vector_alu_0/out_addr_reg[15]/Q
                         net (fo=1, routed)           0.144     2.293    vector_accumulate_0/out_ch\\.addr_reg[31]_0[15]
    SLICE_X98Y152        FDRE                                         r  vector_accumulate_0/out_ch\\.addr_reg[15]/D
  -------------------------------------------------------------------    -------------------

                         (clock sys_clk rise edge)    0.000     0.000 r  <hidden>
    AL20                                              0.000     0.000 r  clk
                         net (fo=0)                   0.000     0.000    clk
    AL20                 IBUF (Prop_ibuf_I_O)         0.366     0.366 r  clk_IBUF_inst/O
                         net (fo=1, routed)           1.389     1.755    clk_IBUF
    BUFGCTRL_X0Y0        BUFG (Prop_bufg_I_O)         0.030     1.785 r  clk_IBUF_BUFG_inst/O
                         net (fo=14784, routed)       0.747     2.532    vector_accumulate_0/clk_IBUF_BUFG
    SLICE_X98Y152        FDRE                                         r  vector_accumulate_0/out_ch\\.addr_reg[15]/C
                         clock pessimism             -0.333     2.199    <hidden>
    SLICE_X98Y152        FDRE (Hold_fdre_C_D)         0.021     2.220    vector_accumulate_0/out_ch\\.addr_reg[15]
  -------------------------------------------------------------------
                         required time                         -2.220    <hidden>
                         arrival time                           2.293    <hidden>
  -------------------------------------------------------------------
                         slack                                  0.073    <hidden>





Pulse Width Checks
--------------------------------------------------------------------------------------
Clock Name:         sys_clk
Waveform(ns):       { 0.000 2.500 }
Period(ns):         5.000
Sources:            { clk }

Check Type        Corner  Lib Pin             Reference Pin  Required(ns)  Actual(ns)  Slack(ns)  Location       Pin
Min Period        n/a     DSP48E1/CLK         n/a            2.772         5.000       2.228      DSP48_X3Y57    sch_0/execute/mul_cross_ab_reg/CLK
Min Period        n/a     DSP48E1/CLK         n/a            2.772         5.000       2.228      DSP48_X3Y56    sch_0/execute/mul_lo_product_reg/CLK
Min Period        n/a     RAMB36E1/CLKARDCLK  n/a            2.095         5.000       2.905      RAMB36_X5Y30   bram_dp_stream_0/banks[0].ram/data_reg/CLKARDCLK
Min Period        n/a     RAMB36E1/CLKBWRCLK  n/a            2.095         5.000       2.905      RAMB36_X5Y30   bram_dp_stream_0/banks[0].ram/data_reg/CLKBWRCLK
Min Period        n/a     RAMB36E1/CLKARDCLK  n/a            2.095         5.000       2.905      RAMB36_X4Y30   bram_dp_stream_0/banks[1].ram/data_reg/CLKARDCLK
Min Period        n/a     RAMB36E1/CLKBWRCLK  n/a            2.095         5.000       2.905      RAMB36_X4Y30   bram_dp_stream_0/banks[1].ram/data_reg/CLKBWRCLK
Min Period        n/a     RAMB36E1/CLKARDCLK  n/a            2.095         5.000       2.905      RAMB36_X2Y32   scratchpad_a/banks[0].ram/data_reg_0/CLKARDCLK
Min Period        n/a     RAMB36E1/CLKBWRCLK  n/a            2.095         5.000       2.905      RAMB36_X2Y32   scratchpad_a/banks[0].ram/data_reg_0/CLKBWRCLK
Min Period        n/a     RAMB36E1/CLKARDCLK  n/a            2.095         5.000       2.905      RAMB36_X2Y34   scratchpad_a/banks[0].ram/data_reg_1/CLKARDCLK
Min Period        n/a     RAMB36E1/CLKBWRCLK  n/a            2.095         5.000       2.905      RAMB36_X2Y34   scratchpad_a/banks[0].ram/data_reg_1/CLKBWRCLK
Min Period        n/a     RAMB36E1/CLKARDCLK  n/a            2.095         5.000       2.905      RAMB36_X2Y33   scratchpad_a/banks[0].ram/data_reg_2/CLKARDCLK
Min Period        n/a     RAMB36E1/CLKBWRCLK  n/a            2.095         5.000       2.905      RAMB36_X2Y33   scratchpad_a/banks[0].ram/data_reg_2/CLKBWRCLK
Min Period        n/a     RAMB36E1/CLKARDCLK  n/a            2.095         5.000       2.905      RAMB36_X2Y35   scratchpad_a/banks[0].ram/data_reg_3/CLKARDCLK
Min Period        n/a     RAMB36E1/CLKBWRCLK  n/a            2.095         5.000       2.905      RAMB36_X2Y35   scratchpad_a/banks[0].ram/data_reg_3/CLKBWRCLK
Min Period        n/a     RAMB36E1/CLKARDCLK  n/a            2.095         5.000       2.905      RAMB36_X3Y34   scratchpad_a/banks[1].ram/data_reg_0/CLKARDCLK
Min Period        n/a     RAMB36E1/CLKBWRCLK  n/a            2.095         5.000       2.905      RAMB36_X3Y34   scratchpad_a/banks[1].ram/data_reg_0/CLKBWRCLK
Min Period        n/a     RAMB36E1/CLKARDCLK  n/a            2.095         5.000       2.905      RAMB36_X3Y36   scratchpad_a/banks[1].ram/data_reg_1/CLKARDCLK
Min Period        n/a     RAMB36E1/CLKBWRCLK  n/a            2.095         5.000       2.905      RAMB36_X3Y36   scratchpad_a/banks[1].ram/data_reg_1/CLKBWRCLK
Min Period        n/a     RAMB36E1/CLKARDCLK  n/a            2.095         5.000       2.905      RAMB36_X3Y33   scratchpad_a/banks[1].ram/data_reg_2/CLKARDCLK
Min Period        n/a     RAMB36E1/CLKBWRCLK  n/a            2.095         5.000       2.905      RAMB36_X3Y33   scratchpad_a/banks[1].ram/data_reg_2/CLKBWRCLK
Low Pulse Width   Slow    RAMD32/CLK          n/a            0.768         2.500       1.732      SLICE_X70Y151  bram_dp_stream_0/read_state[0].rd_request_addr_reg[0][0]_0_1_0_5/RAMA/CLK
Low Pulse Width   Fast    RAMD32/CLK          n/a            0.768         2.500       1.732      SLICE_X70Y151  bram_dp_stream_0/read_state[0].rd_request_addr_reg[0][0]_0_1_0_5/RAMA/CLK
Low Pulse Width   Slow    RAMD32/CLK          n/a            0.768         2.500       1.732      SLICE_X70Y151  bram_dp_stream_0/read_state[0].rd_request_addr_reg[0][0]_0_1_0_5/RAMA_D1/CLK
Low Pulse Width   Fast    RAMD32/CLK          n/a            0.768         2.500       1.732      SLICE_X70Y151  bram_dp_stream_0/read_state[0].rd_request_addr_reg[0][0]_0_1_0_5/RAMA_D1/CLK
Low Pulse Width   Slow    RAMD32/CLK          n/a            0.768         2.500       1.732      SLICE_X70Y151  bram_dp_stream_0/read_state[0].rd_request_addr_reg[0][0]_0_1_0_5/RAMB/CLK
Low Pulse Width   Fast    RAMD32/CLK          n/a            0.768         2.500       1.732      SLICE_X70Y151  bram_dp_stream_0/read_state[0].rd_request_addr_reg[0][0]_0_1_0_5/RAMB/CLK
Low Pulse Width   Slow    RAMD32/CLK          n/a            0.768         2.500       1.732      SLICE_X70Y151  bram_dp_stream_0/read_state[0].rd_request_addr_reg[0][0]_0_1_0_5/RAMB_D1/CLK
Low Pulse Width   Fast    RAMD32/CLK          n/a            0.768         2.500       1.732      SLICE_X70Y151  bram_dp_stream_0/read_state[0].rd_request_addr_reg[0][0]_0_1_0_5/RAMB_D1/CLK
Low Pulse Width   Slow    RAMD32/CLK          n/a            0.768         2.500       1.732      SLICE_X70Y151  bram_dp_stream_0/read_state[0].rd_request_addr_reg[0][0]_0_1_0_5/RAMC/CLK
Low Pulse Width   Fast    RAMD32/CLK          n/a            0.768         2.500       1.732      SLICE_X70Y151  bram_dp_stream_0/read_state[0].rd_request_addr_reg[0][0]_0_1_0_5/RAMC/CLK
Low Pulse Width   Slow    RAMD32/CLK          n/a            0.768         2.500       1.732      SLICE_X70Y151  bram_dp_stream_0/read_state[0].rd_request_addr_reg[0][0]_0_1_0_5/RAMC_D1/CLK
Low Pulse Width   Fast    RAMD32/CLK          n/a            0.768         2.500       1.732      SLICE_X70Y151  bram_dp_stream_0/read_state[0].rd_request_addr_reg[0][0]_0_1_0_5/RAMC_D1/CLK
Low Pulse Width   Slow    RAMS32/CLK          n/a            0.768         2.500       1.732      SLICE_X70Y151  bram_dp_stream_0/read_state[0].rd_request_addr_reg[0][0]_0_1_0_5/RAMD/CLK
Low Pulse Width   Fast    RAMS32/CLK          n/a            0.768         2.500       1.732      SLICE_X70Y151  bram_dp_stream_0/read_state[0].rd_request_addr_reg[0][0]_0_1_0_5/RAMD/CLK
Low Pulse Width   Slow    RAMS32/CLK          n/a            0.768         2.500       1.732      SLICE_X70Y151  bram_dp_stream_0/read_state[0].rd_request_addr_reg[0][0]_0_1_0_5/RAMD_D1/CLK
Low Pulse Width   Fast    RAMS32/CLK          n/a            0.768         2.500       1.732      SLICE_X70Y151  bram_dp_stream_0/read_state[0].rd_request_addr_reg[0][0]_0_1_0_5/RAMD_D1/CLK
Low Pulse Width   Slow    RAMD32/CLK          n/a            0.768         2.500       1.732      SLICE_X66Y155  bram_dp_stream_0/read_state[0].rd_request_addr_reg[0][0]_0_1_12_17/RAMA/CLK
Low Pulse Width   Fast    RAMD32/CLK          n/a            0.768         2.500       1.732      SLICE_X66Y155  bram_dp_stream_0/read_state[0].rd_request_addr_reg[0][0]_0_1_12_17/RAMA/CLK
Low Pulse Width   Slow    RAMD32/CLK          n/a            0.768         2.500       1.732      SLICE_X66Y155  bram_dp_stream_0/read_state[0].rd_request_addr_reg[0][0]_0_1_12_17/RAMA_D1/CLK
Low Pulse Width   Fast    RAMD32/CLK          n/a            0.768         2.500       1.732      SLICE_X66Y155  bram_dp_stream_0/read_state[0].rd_request_addr_reg[0][0]_0_1_12_17/RAMA_D1/CLK
High Pulse Width  Slow    RAMD32/CLK          n/a            0.768         2.500       1.732      SLICE_X70Y151  bram_dp_stream_0/read_state[0].rd_request_addr_reg[0][0]_0_1_0_5/RAMA/CLK
High Pulse Width  Fast    RAMD32/CLK          n/a            0.768         2.500       1.732      SLICE_X70Y151  bram_dp_stream_0/read_state[0].rd_request_addr_reg[0][0]_0_1_0_5/RAMA/CLK
High Pulse Width  Slow    RAMD32/CLK          n/a            0.768         2.500       1.732      SLICE_X70Y151  bram_dp_stream_0/read_state[0].rd_request_addr_reg[0][0]_0_1_0_5/RAMA_D1/CLK
High Pulse Width  Fast    RAMD32/CLK          n/a            0.768         2.500       1.732      SLICE_X70Y151  bram_dp_stream_0/read_state[0].rd_request_addr_reg[0][0]_0_1_0_5/RAMA_D1/CLK
High Pulse Width  Slow    RAMD32/CLK          n/a            0.768         2.500       1.732      SLICE_X70Y151  bram_dp_stream_0/read_state[0].rd_request_addr_reg[0][0]_0_1_0_5/RAMB/CLK
High Pulse Width  Fast    RAMD32/CLK          n/a            0.768         2.500       1.732      SLICE_X70Y151  bram_dp_stream_0/read_state[0].rd_request_addr_reg[0][0]_0_1_0_5/RAMB/CLK
High Pulse Width  Slow    RAMD32/CLK          n/a            0.768         2.500       1.732      SLICE_X70Y151  bram_dp_stream_0/read_state[0].rd_request_addr_reg[0][0]_0_1_0_5/RAMB_D1/CLK
High Pulse Width  Fast    RAMD32/CLK          n/a            0.768         2.500       1.732      SLICE_X70Y151  bram_dp_stream_0/read_state[0].rd_request_addr_reg[0][0]_0_1_0_5/RAMB_D1/CLK
High Pulse Width  Slow    RAMD32/CLK          n/a            0.768         2.500       1.732      SLICE_X70Y151  bram_dp_stream_0/read_state[0].rd_request_addr_reg[0][0]_0_1_0_5/RAMC/CLK
High Pulse Width  Fast    RAMD32/CLK          n/a            0.768         2.500       1.732      SLICE_X70Y151  bram_dp_stream_0/read_state[0].rd_request_addr_reg[0][0]_0_1_0_5/RAMC/CLK
High Pulse Width  Slow    RAMD32/CLK          n/a            0.768         2.500       1.732      SLICE_X70Y151  bram_dp_stream_0/read_state[0].rd_request_addr_reg[0][0]_0_1_0_5/RAMC_D1/CLK
High Pulse Width  Fast    RAMD32/CLK          n/a            0.768         2.500       1.732      SLICE_X70Y151  bram_dp_stream_0/read_state[0].rd_request_addr_reg[0][0]_0_1_0_5/RAMC_D1/CLK
High Pulse Width  Slow    RAMS32/CLK          n/a            0.768         2.500       1.732      SLICE_X70Y151  bram_dp_stream_0/read_state[0].rd_request_addr_reg[0][0]_0_1_0_5/RAMD/CLK
High Pulse Width  Fast    RAMS32/CLK          n/a            0.768         2.500       1.732      SLICE_X70Y151  bram_dp_stream_0/read_state[0].rd_request_addr_reg[0][0]_0_1_0_5/RAMD/CLK
High Pulse Width  Slow    RAMS32/CLK          n/a            0.768         2.500       1.732      SLICE_X70Y151  bram_dp_stream_0/read_state[0].rd_request_addr_reg[0][0]_0_1_0_5/RAMD_D1/CLK
High Pulse Width  Fast    RAMS32/CLK          n/a            0.768         2.500       1.732      SLICE_X70Y151  bram_dp_stream_0/read_state[0].rd_request_addr_reg[0][0]_0_1_0_5/RAMD_D1/CLK
High Pulse Width  Slow    RAMD32/CLK          n/a            0.768         2.500       1.732      SLICE_X66Y155  bram_dp_stream_0/read_state[0].rd_request_addr_reg[0][0]_0_1_12_17/RAMA/CLK
High Pulse Width  Fast    RAMD32/CLK          n/a            0.768         2.500       1.732      SLICE_X66Y155  bram_dp_stream_0/read_state[0].rd_request_addr_reg[0][0]_0_1_12_17/RAMA/CLK
High Pulse Width  Slow    RAMD32/CLK          n/a            0.768         2.500       1.732      SLICE_X66Y155  bram_dp_stream_0/read_state[0].rd_request_addr_reg[0][0]_0_1_12_17/RAMA_D1/CLK
High Pulse Width  Fast    RAMD32/CLK          n/a            0.768         2.500       1.732      SLICE_X66Y155  bram_dp_stream_0/read_state[0].rd_request_addr_reg[0][0]_0_1_12_17/RAMA_D1/CLK



--------------------------------------------------------------------------------------
Path Group:  (none)
From Clock:  
  To Clock:  

Max Delay             3 Endpoints
Min Delay             3 Endpoints
--------------------------------------------------------------------------------------


Max Delay Paths
--------------------------------------------------------------------------------------
Slack:                    inf
  Source:                 rst_n
                            (input port)
  Destination:            read_req\\.ready
                            (output port)
  Path Group:             (none)
  Path Type:              Max at Slow Process Corner
  Data Path Delay:        14.146ns  (logic 3.249ns (22.968%)  route 10.897ns (77.032%))
  Logic Levels:           3  (IBUF=1 LUT2=1 OBUF=1)

    Location             Delay type                Incr(ns)  Path(ns)    Netlist Resource(s)
  -------------------------------------------------------------------    -------------------
    N33                                               0.000     0.000 r  rst_n
                         net (fo=0)                   0.000     0.000    rst_n
    N33                  IBUF (Prop_ibuf_I_O)         0.797     0.797 r  rst_n_IBUF_inst/O
                         net (fo=219, routed)         5.674     6.471    vector_main_ixc/read_path/rst_n_IBUF
    SLICE_X81Y160        LUT2 (Prop_lut2_I0_O)        0.043     6.514 r  vector_main_ixc/read_path/read_req\\.ready_INST_0_i_1/O
                         net (fo=1, routed)           5.223    11.737    vector_main_ixc_n_149
    AN22                 OBUF (Prop_obuf_I_O)         2.409    14.146 r  read_req\\.ready_INST_0/O
                         net (fo=0)                   0.000    14.146    read_req\\.ready
    AN22                                                              r  read_req\\.ready
  -------------------------------------------------------------------    -------------------

Slack:                    inf
  Source:                 rst_n
                            (input port)
  Destination:            read_rsp\\.valid
                            (output port)
  Path Group:             (none)
  Path Type:              Max at Slow Process Corner
  Data Path Delay:        13.809ns  (logic 3.238ns (23.447%)  route 10.571ns (76.553%))
  Logic Levels:           3  (IBUF=1 LUT5=1 OBUF=1)

    Location             Delay type                Incr(ns)  Path(ns)    Netlist Resource(s)
  -------------------------------------------------------------------    -------------------
    N33                                               0.000     0.000 r  rst_n
                         net (fo=0)                   0.000     0.000    rst_n
    N33                  IBUF (Prop_ibuf_I_O)         0.797     0.797 r  rst_n_IBUF_inst/O
                         net (fo=219, routed)         5.609     6.406    vector_main_ixc/read_path/rst_n_IBUF
    SLICE_X80Y160        LUT5 (Prop_lut5_I0_O)        0.043     6.449 r  vector_main_ixc/read_path/read_rsp\\.valid_INST_0_i_1/O
                         net (fo=1, routed)           4.963    11.412    vector_main_ixc_n_153
    AM22                 OBUF (Prop_obuf_I_O)         2.398    13.809 r  read_rsp\\.valid_INST_0/O
                         net (fo=0)                   0.000    13.809    read_rsp\\.valid
    AM22                                                              r  read_rsp\\.valid
  -------------------------------------------------------------------    -------------------

Slack:                    inf
  Source:                 rst_n
                            (input port)
  Destination:            write_req\\.ready
                            (output port)
  Path Group:             (none)
  Path Type:              Max at Slow Process Corner
  Data Path Delay:        13.274ns  (logic 3.329ns (25.075%)  route 9.946ns (74.925%))
  Logic Levels:           3  (IBUF=1 LUT2=1 OBUF=1)

    Location             Delay type                Incr(ns)  Path(ns)    Netlist Resource(s)
  -------------------------------------------------------------------    -------------------
    N33                                               0.000     0.000 r  rst_n
                         net (fo=0)                   0.000     0.000    rst_n
    N33                  IBUF (Prop_ibuf_I_O)         0.797     0.797 r  rst_n_IBUF_inst/O
                         net (fo=219, routed)         5.220     6.017    vector_main_ixc/control/rst_n_IBUF
    SLICE_X73Y149        LUT2 (Prop_lut2_I0_O)        0.051     6.068 r  vector_main_ixc/control/write_req\\.ready_INST_0_i_1/O
                         net (fo=1, routed)           4.726    10.794    vector_main_ixc_n_990
    AL23                 OBUF (Prop_obuf_I_O)         2.480    13.274 r  write_req\\.ready_INST_0/O
                         net (fo=0)                   0.000    13.274    write_req\\.ready
    AL23                                                              r  write_req\\.ready
  -------------------------------------------------------------------    -------------------





Min Delay Paths
--------------------------------------------------------------------------------------
Slack:                    inf
  Source:                 rst_n
                            (input port)
  Destination:            write_req\\.ready
                            (output port)
  Path Group:             (none)
  Path Type:              Min at Fast Process Corner
  Data Path Delay:        6.899ns  (logic 1.520ns (22.033%)  route 5.379ns (77.967%))
  Logic Levels:           3  (IBUF=1 LUT2=1 OBUF=1)

    Location             Delay type                Incr(ns)  Path(ns)    Netlist Resource(s)
  -------------------------------------------------------------------    -------------------
    N33                                               0.000     0.000 r  rst_n
                         net (fo=0)                   0.000     0.000    rst_n
    N33                  IBUF (Prop_ibuf_I_O)         0.139     0.139 r  rst_n_IBUF_inst/O
                         net (fo=219, routed)         2.949     3.088    vector_main_ixc/control/rst_n_IBUF
    SLICE_X73Y149        LUT2 (Prop_lut2_I0_O)        0.029     3.117 r  vector_main_ixc/control/write_req\\.ready_INST_0_i_1/O
                         net (fo=1, routed)           2.430     5.547    vector_main_ixc_n_990
    AL23                 OBUF (Prop_obuf_I_O)         1.352     6.899 r  write_req\\.ready_INST_0/O
                         net (fo=0)                   0.000     6.899    write_req\\.ready
    AL23                                                              r  write_req\\.ready
  -------------------------------------------------------------------    -------------------

Slack:                    inf
  Source:                 rst_n
                            (input port)
  Destination:            read_rsp\\.valid
                            (output port)
  Path Group:             (none)
  Path Type:              Min at Fast Process Corner
  Data Path Delay:        7.224ns  (logic 1.488ns (20.603%)  route 5.735ns (79.397%))
  Logic Levels:           3  (IBUF=1 LUT5=1 OBUF=1)

    Location             Delay type                Incr(ns)  Path(ns)    Netlist Resource(s)
  -------------------------------------------------------------------    -------------------
    N33                                               0.000     0.000 r  rst_n
                         net (fo=0)                   0.000     0.000    rst_n
    N33                  IBUF (Prop_ibuf_I_O)         0.139     0.139 r  rst_n_IBUF_inst/O
                         net (fo=219, routed)         3.174     3.313    vector_main_ixc/read_path/rst_n_IBUF
    SLICE_X80Y160        LUT5 (Prop_lut5_I0_O)        0.028     3.341 r  vector_main_ixc/read_path/read_rsp\\.valid_INST_0_i_1/O
                         net (fo=1, routed)           2.562     5.902    vector_main_ixc_n_153
    AM22                 OBUF (Prop_obuf_I_O)         1.321     7.224 r  read_rsp\\.valid_INST_0/O
                         net (fo=0)                   0.000     7.224    read_rsp\\.valid
    AM22                                                              r  read_rsp\\.valid
  -------------------------------------------------------------------    -------------------

Slack:                    inf
  Source:                 rst_n
                            (input port)
  Destination:            read_req\\.ready
                            (output port)
  Path Group:             (none)
  Path Type:              Min at Fast Process Corner
  Data Path Delay:        7.406ns  (logic 1.499ns (20.247%)  route 5.906ns (79.753%))
  Logic Levels:           3  (IBUF=1 LUT2=1 OBUF=1)

    Location             Delay type                Incr(ns)  Path(ns)    Netlist Resource(s)
  -------------------------------------------------------------------    -------------------
    N33                                               0.000     0.000 r  rst_n
                         net (fo=0)                   0.000     0.000    rst_n
    N33                  IBUF (Prop_ibuf_I_O)         0.139     0.139 r  rst_n_IBUF_inst/O
                         net (fo=219, routed)         3.202     3.341    vector_main_ixc/read_path/rst_n_IBUF
    SLICE_X81Y160        LUT2 (Prop_lut2_I0_O)        0.028     3.369 r  vector_main_ixc/read_path/read_req\\.ready_INST_0_i_1/O
                         net (fo=1, routed)           2.704     6.073    vector_main_ixc_n_149
    AN22                 OBUF (Prop_obuf_I_O)         1.333     7.406 r  read_req\\.ready_INST_0/O
                         net (fo=0)                   0.000     7.406    read_req\\.ready
    AN22                                                              r  read_req\\.ready
  -------------------------------------------------------------------    -------------------





--------------------------------------------------------------------------------------
Path Group:  (none)
From Clock:  sys_clk
  To Clock:  

Max Delay           171 Endpoints
Min Delay           171 Endpoints
--------------------------------------------------------------------------------------


Max Delay Paths
--------------------------------------------------------------------------------------
Slack:                    inf
  Source:                 vector_main_ixc/read_path/master_queue[0].response_head_reg[2]/C
                            (rising edge-triggered cell FDRE clocked by sys_clk  {rise@0.000ns fall@2.500ns period=5.000ns})
  Destination:            read_rsp\\.data[66]
                            (output port)
  Path Group:             (none)
  Path Type:              Max at Slow Process Corner
  Data Path Delay:        9.616ns  (logic 2.771ns (28.819%)  route 6.844ns (71.181%))
  Logic Levels:           2  (OBUF=1 RAMD32=1)
  Clock Uncertainty:      0.025ns  ((TSJ^2 + TIJ^2)^1/2 + DJ) / 2 + PE
    Total System Jitter     (TSJ):    0.050ns
    Total Input Jitter      (TIJ):    0.000ns
    Discrete Jitter          (DJ):    0.000ns
    Phase Error              (PE):    0.000ns

    Location             Delay type                Incr(ns)  Path(ns)    Netlist Resource(s)
  -------------------------------------------------------------------    -------------------
                         (clock sys_clk rise edge)    0.000     0.000 r  <hidden>
    AL20                                              0.000     0.000 r  clk
                         net (fo=0)                   0.000     0.000    clk
    AL20                 IBUF (Prop_ibuf_I_O)         0.776     0.776 r  clk_IBUF_inst/O
                         net (fo=1, routed)           2.715     3.491    clk_IBUF
    BUFGCTRL_X0Y0        BUFG (Prop_bufg_I_O)         0.093     3.584 r  clk_IBUF_BUFG_inst/O
                         net (fo=14784, routed)       1.222     4.806    vector_main_ixc/read_path/clk_IBUF_BUFG
    SLICE_X80Y163        FDRE                                         r  vector_main_ixc/read_path/master_queue[0].response_head_reg[2]/C
  -------------------------------------------------------------------    -------------------
    SLICE_X80Y163        FDRE (Prop_fdre_C_Q)         0.259     5.065 r  vector_main_ixc/read_path/master_queue[0].response_head_reg[2]/Q
                         net (fo=171, routed)         2.037     7.102    vector_main_ixc/read_path/master_queue[0].response_mem_reg_0_7_66_71/ADDRA2
    SLICE_X70Y175        RAMD32 (Prop_ramd32_RADR2_O)
                                                      0.051     7.153 r  vector_main_ixc/read_path/master_queue[0].response_mem_reg_0_7_66_71/RAMA/O
                         net (fo=1, routed)           4.808    11.961    read_rsp\\.data_OBUF[66]
    AG26                 OBUF (Prop_obuf_I_O)         2.461    14.422 r  read_rsp\\.data[66]_INST_0/O
                         net (fo=0)                   0.000    14.422    read_rsp\\.data[66]
    AG26                                                              r  read_rsp\\.data[66]
  -------------------------------------------------------------------    -------------------

Slack:                    inf
  Source:                 vector_main_ixc/read_path/master_queue[0].response_head_reg[2]/C
                            (rising edge-triggered cell FDRE clocked by sys_clk  {rise@0.000ns fall@2.500ns period=5.000ns})
  Destination:            read_rsp\\.data[69]
                            (output port)
  Path Group:             (none)
  Path Type:              Max at Slow Process Corner
  Data Path Delay:        9.543ns  (logic 2.682ns (28.103%)  route 6.861ns (71.897%))
  Logic Levels:           2  (OBUF=1 RAMD32=1)
  Clock Uncertainty:      0.025ns  ((TSJ^2 + TIJ^2)^1/2 + DJ) / 2 + PE
    Total System Jitter     (TSJ):    0.050ns
    Total Input Jitter      (TIJ):    0.000ns
    Discrete Jitter          (DJ):    0.000ns
    Phase Error              (PE):    0.000ns

    Location             Delay type                Incr(ns)  Path(ns)    Netlist Resource(s)
  -------------------------------------------------------------------    -------------------
                         (clock sys_clk rise edge)    0.000     0.000 r  <hidden>
    AL20                                              0.000     0.000 r  clk
                         net (fo=0)                   0.000     0.000    clk
    AL20                 IBUF (Prop_ibuf_I_O)         0.776     0.776 r  clk_IBUF_inst/O
                         net (fo=1, routed)           2.715     3.491    clk_IBUF
    BUFGCTRL_X0Y0        BUFG (Prop_bufg_I_O)         0.093     3.584 r  clk_IBUF_BUFG_inst/O
                         net (fo=14784, routed)       1.222     4.806    vector_main_ixc/read_path/clk_IBUF_BUFG
    SLICE_X80Y163        FDRE                                         r  vector_main_ixc/read_path/master_queue[0].response_head_reg[2]/C
  -------------------------------------------------------------------    -------------------
    SLICE_X80Y163        FDRE (Prop_fdre_C_Q)         0.259     5.065 r  vector_main_ixc/read_path/master_queue[0].response_head_reg[2]/Q
                         net (fo=171, routed)         2.038     7.103    vector_main_ixc/read_path/master_queue[0].response_mem_reg_0_7_66_71/ADDRB2
    SLICE_X70Y175        RAMD32 (Prop_ramd32_RADR2_O)
                                                      0.043     7.146 r  vector_main_ixc/read_path/master_queue[0].response_mem_reg_0_7_66_71/RAMB_D1/O
                         net (fo=1, routed)           4.823    11.970    read_rsp\\.data_OBUF[69]
    AJ25                 OBUF (Prop_obuf_I_O)         2.380    14.350 r  read_rsp\\.data[69]_INST_0/O
                         net (fo=0)                   0.000    14.350    read_rsp\\.data[69]
    AJ25                                                              r  read_rsp\\.data[69]
  -------------------------------------------------------------------    -------------------

Slack:                    inf
  Source:                 vector_main_ixc/read_path/master_queue[0].response_head_reg[1]/C
                            (rising edge-triggered cell FDRE clocked by sys_clk  {rise@0.000ns fall@2.500ns period=5.000ns})
  Destination:            read_rsp\\.data[51]
                            (output port)
  Path Group:             (none)
  Path Type:              Max at Slow Process Corner
  Data Path Delay:        9.518ns  (logic 2.645ns (27.794%)  route 6.873ns (72.207%))
  Logic Levels:           2  (OBUF=1 RAMD32=1)
  Clock Uncertainty:      0.025ns  ((TSJ^2 + TIJ^2)^1/2 + DJ) / 2 + PE
    Total System Jitter     (TSJ):    0.050ns
    Total Input Jitter      (TIJ):    0.000ns
    Discrete Jitter          (DJ):    0.000ns
    Phase Error              (PE):    0.000ns

    Location             Delay type                Incr(ns)  Path(ns)    Netlist Resource(s)
  -------------------------------------------------------------------    -------------------
                         (clock sys_clk rise edge)    0.000     0.000 r  <hidden>
    AL20                                              0.000     0.000 r  clk
                         net (fo=0)                   0.000     0.000    clk
    AL20                 IBUF (Prop_ibuf_I_O)         0.776     0.776 r  clk_IBUF_inst/O
                         net (fo=1, routed)           2.715     3.491    clk_IBUF
    BUFGCTRL_X0Y0        BUFG (Prop_bufg_I_O)         0.093     3.584 r  clk_IBUF_BUFG_inst/O
                         net (fo=14784, routed)       1.222     4.806    vector_main_ixc/read_path/clk_IBUF_BUFG
    SLICE_X80Y163        FDRE                                         r  vector_main_ixc/read_path/master_queue[0].response_head_reg[1]/C
  -------------------------------------------------------------------    -------------------
    SLICE_X80Y163        FDRE (Prop_fdre_C_Q)         0.259     5.065 r  vector_main_ixc/read_path/master_queue[0].response_head_reg[1]/Q
                         net (fo=172, routed)         1.689     6.754    vector_main_ixc/read_path/master_queue[0].response_mem_reg_0_7_48_53/ADDRB1
    SLICE_X70Y171        RAMD32 (Prop_ramd32_RADR1_O)
                                                      0.043     6.797 r  vector_main_ixc/read_path/master_queue[0].response_mem_reg_0_7_48_53/RAMB_D1/O
                         net (fo=1, routed)           5.184    11.981    read_rsp\\.data_OBUF[51]
    AG25                 OBUF (Prop_obuf_I_O)         2.343    14.325 r  read_rsp\\.data[51]_INST_0/O
                         net (fo=0)                   0.000    14.325    read_rsp\\.data[51]
    AG25                                                              r  read_rsp\\.data[51]
  -------------------------------------------------------------------    -------------------

Slack:                    inf
  Source:                 vector_main_ixc/read_path/master_queue[0].response_head_reg[2]/C
                            (rising edge-triggered cell FDRE clocked by sys_clk  {rise@0.000ns fall@2.500ns period=5.000ns})
  Destination:            read_rsp\\.data[60]
                            (output port)
  Path Group:             (none)
  Path Type:              Max at Slow Process Corner
  Data Path Delay:        9.486ns  (logic 2.753ns (29.027%)  route 6.732ns (70.973%))
  Logic Levels:           2  (OBUF=1 RAMD32=1)
  Clock Uncertainty:      0.025ns  ((TSJ^2 + TIJ^2)^1/2 + DJ) / 2 + PE
    Total System Jitter     (TSJ):    0.050ns
    Total Input Jitter      (TIJ):    0.000ns
    Discrete Jitter          (DJ):    0.000ns
    Phase Error              (PE):    0.000ns

    Location             Delay type                Incr(ns)  Path(ns)    Netlist Resource(s)
  -------------------------------------------------------------------    -------------------
                         (clock sys_clk rise edge)    0.000     0.000 r  <hidden>
    AL20                                              0.000     0.000 r  clk
                         net (fo=0)                   0.000     0.000    clk
    AL20                 IBUF (Prop_ibuf_I_O)         0.776     0.776 r  clk_IBUF_inst/O
                         net (fo=1, routed)           2.715     3.491    clk_IBUF
    BUFGCTRL_X0Y0        BUFG (Prop_bufg_I_O)         0.093     3.584 r  clk_IBUF_BUFG_inst/O
                         net (fo=14784, routed)       1.222     4.806    vector_main_ixc/read_path/clk_IBUF_BUFG
    SLICE_X80Y163        FDRE                                         r  vector_main_ixc/read_path/master_queue[0].response_head_reg[2]/C
  -------------------------------------------------------------------    -------------------
    SLICE_X80Y163        FDRE (Prop_fdre_C_Q)         0.259     5.065 r  vector_main_ixc/read_path/master_queue[0].response_head_reg[2]/Q
                         net (fo=171, routed)         1.515     6.580    vector_main_ixc/read_path/master_queue[0].response_mem_reg_0_7_60_65/ADDRA2
    SLICE_X76Y173        RAMD32 (Prop_ramd32_RADR2_O)
                                                      0.051     6.631 r  vector_main_ixc/read_path/master_queue[0].response_mem_reg_0_7_60_65/RAMA/O
                         net (fo=1, routed)           5.218    11.849    read_rsp\\.data_OBUF[60]
    AF28                 OBUF (Prop_obuf_I_O)         2.443    14.292 r  read_rsp\\.data[60]_INST_0/O
                         net (fo=0)                   0.000    14.292    read_rsp\\.data[60]
    AF28                                                              r  read_rsp\\.data[60]
  -------------------------------------------------------------------    -------------------

Slack:                    inf
  Source:                 vector_main_ixc/read_path/master_queue[0].response_head_reg[1]/C
                            (rising edge-triggered cell FDRE clocked by sys_clk  {rise@0.000ns fall@2.500ns period=5.000ns})
  Destination:            read_rsp\\.data[54]
                            (output port)
  Path Group:             (none)
  Path Type:              Max at Slow Process Corner
  Data Path Delay:        9.483ns  (logic 2.732ns (28.812%)  route 6.751ns (71.188%))
  Logic Levels:           2  (OBUF=1 RAMD32=1)
  Clock Uncertainty:      0.025ns  ((TSJ^2 + TIJ^2)^1/2 + DJ) / 2 + PE
    Total System Jitter     (TSJ):    0.050ns
    Total Input Jitter      (TIJ):    0.000ns
    Discrete Jitter          (DJ):    0.000ns
    Phase Error              (PE):    0.000ns

    Location             Delay type                Incr(ns)  Path(ns)    Netlist Resource(s)
  -------------------------------------------------------------------    -------------------
                         (clock sys_clk rise edge)    0.000     0.000 r  <hidden>
    AL20                                              0.000     0.000 r  clk
                         net (fo=0)                   0.000     0.000    clk
    AL20                 IBUF (Prop_ibuf_I_O)         0.776     0.776 r  clk_IBUF_inst/O
                         net (fo=1, routed)           2.715     3.491    clk_IBUF
    BUFGCTRL_X0Y0        BUFG (Prop_bufg_I_O)         0.093     3.584 r  clk_IBUF_BUFG_inst/O
                         net (fo=14784, routed)       1.222     4.806    vector_main_ixc/read_path/clk_IBUF_BUFG
    SLICE_X80Y163        FDRE                                         r  vector_main_ixc/read_path/master_queue[0].response_head_reg[1]/C
  -------------------------------------------------------------------    -------------------
    SLICE_X80Y163        FDRE (Prop_fdre_C_Q)         0.259     5.065 r  vector_main_ixc/read_path/master_queue[0].response_head_reg[1]/Q
                         net (fo=172, routed)         1.267     6.332    vector_main_ixc/read_path/master_queue[0].response_mem_reg_0_7_54_59/ADDRA1
    SLICE_X74Y171        RAMD32 (Prop_ramd32_RADR1_O)
                                                      0.047     6.379 r  vector_main_ixc/read_path/master_queue[0].response_mem_reg_0_7_54_59/RAMA/O
                         net (fo=1, routed)           5.484    11.863    read_rsp\\.data_OBUF[54]
    AE24                 OBUF (Prop_obuf_I_O)         2.426    14.289 r  read_rsp\\.data[54]_INST_0/O
                         net (fo=0)                   0.000    14.289    read_rsp\\.data[54]
    AE24                                                              r  read_rsp\\.data[54]
  -------------------------------------------------------------------    -------------------

Slack:                    inf
  Source:                 vector_main_ixc/read_path/master_queue[0].response_head_reg[2]/C
                            (rising edge-triggered cell FDRE clocked by sys_clk  {rise@0.000ns fall@2.500ns period=5.000ns})
  Destination:            read_rsp\\.data[71]
                            (output port)
  Path Group:             (none)
  Path Type:              Max at Slow Process Corner
  Data Path Delay:        9.376ns  (logic 2.678ns (28.563%)  route 6.698ns (71.437%))
  Logic Levels:           2  (OBUF=1 RAMD32=1)
  Clock Uncertainty:      0.025ns  ((TSJ^2 + TIJ^2)^1/2 + DJ) / 2 + PE
    Total System Jitter     (TSJ):    0.050ns
    Total Input Jitter      (TIJ):    0.000ns
    Discrete Jitter          (DJ):    0.000ns
    Phase Error              (PE):    0.000ns

    Location             Delay type                Incr(ns)  Path(ns)    Netlist Resource(s)
  -------------------------------------------------------------------    -------------------
                         (clock sys_clk rise edge)    0.000     0.000 r  <hidden>
    AL20                                              0.000     0.000 r  clk
                         net (fo=0)                   0.000     0.000    clk
    AL20                 IBUF (Prop_ibuf_I_O)         0.776     0.776 r  clk_IBUF_inst/O
                         net (fo=1, routed)           2.715     3.491    clk_IBUF
    BUFGCTRL_X0Y0        BUFG (Prop_bufg_I_O)         0.093     3.584 r  clk_IBUF_BUFG_inst/O
                         net (fo=14784, routed)       1.222     4.806    vector_main_ixc/read_path/clk_IBUF_BUFG
    SLICE_X80Y163        FDRE                                         r  vector_main_ixc/read_path/master_queue[0].response_head_reg[2]/C
  -------------------------------------------------------------------    -------------------
    SLICE_X80Y163        FDRE (Prop_fdre_C_Q)         0.259     5.065 r  vector_main_ixc/read_path/master_queue[0].response_head_reg[2]/Q
                         net (fo=171, routed)         1.779     6.844    vector_main_ixc/read_path/master_queue[0].response_mem_reg_0_7_66_71/ADDRC2
    SLICE_X70Y175        RAMD32 (Prop_ramd32_RADR2_O)
                                                      0.043     6.887 r  vector_main_ixc/read_path/master_queue[0].response_mem_reg_0_7_66_71/RAMC_D1/O
                         net (fo=1, routed)           4.919    11.806    read_rsp\\.data_OBUF[71]
    AH28                 OBUF (Prop_obuf_I_O)         2.376    14.182 r  read_rsp\\.data[71]_INST_0/O
                         net (fo=0)                   0.000    14.182    read_rsp\\.data[71]
    AH28                                                              r  read_rsp\\.data[71]
  -------------------------------------------------------------------    -------------------

Slack:                    inf
  Source:                 vector_main_ixc/read_path/master_queue[0].response_head_reg[1]/C
                            (rising edge-triggered cell FDRE clocked by sys_clk  {rise@0.000ns fall@2.500ns period=5.000ns})
  Destination:            read_rsp\\.data[53]
                            (output port)
  Path Group:             (none)
  Path Type:              Max at Slow Process Corner
  Data Path Delay:        9.234ns  (logic 2.639ns (28.582%)  route 6.595ns (71.418%))
  Logic Levels:           2  (OBUF=1 RAMD32=1)
  Clock Uncertainty:      0.025ns  ((TSJ^2 + TIJ^2)^1/2 + DJ) / 2 + PE
    Total System Jitter     (TSJ):    0.050ns
    Total Input Jitter      (TIJ):    0.000ns
    Discrete Jitter          (DJ):    0.000ns
    Phase Error              (PE):    0.000ns

    Location             Delay type                Incr(ns)  Path(ns)    Netlist Resource(s)
  -------------------------------------------------------------------    -------------------
                         (clock sys_clk rise edge)    0.000     0.000 r  <hidden>
    AL20                                              0.000     0.000 r  clk
                         net (fo=0)                   0.000     0.000    clk
    AL20                 IBUF (Prop_ibuf_I_O)         0.776     0.776 r  clk_IBUF_inst/O
                         net (fo=1, routed)           2.715     3.491    clk_IBUF
    BUFGCTRL_X0Y0        BUFG (Prop_bufg_I_O)         0.093     3.584 r  clk_IBUF_BUFG_inst/O
                         net (fo=14784, routed)       1.222     4.806    vector_main_ixc/read_path/clk_IBUF_BUFG
    SLICE_X80Y163        FDRE                                         r  vector_main_ixc/read_path/master_queue[0].response_head_reg[1]/C
  -------------------------------------------------------------------    -------------------
    SLICE_X80Y163        FDRE (Prop_fdre_C_Q)         0.259     5.065 r  vector_main_ixc/read_path/master_queue[0].response_head_reg[1]/Q
                         net (fo=172, routed)         1.573     6.638    vector_main_ixc/read_path/master_queue[0].response_mem_reg_0_7_48_53/ADDRC1
    SLICE_X70Y171        RAMD32 (Prop_ramd32_RADR1_O)
                                                      0.043     6.681 r  vector_main_ixc/read_path/master_queue[0].response_mem_reg_0_7_48_53/RAMC_D1/O
                         net (fo=1, routed)           5.022    11.703    read_rsp\\.data_OBUF[53]
    AF24                 OBUF (Prop_obuf_I_O)         2.337    14.040 r  read_rsp\\.data[53]_INST_0/O
                         net (fo=0)                   0.000    14.040    read_rsp\\.data[53]
    AF24                                                              r  read_rsp\\.data[53]
  -------------------------------------------------------------------    -------------------

Slack:                    inf
  Source:                 vector_main_ixc/read_path/master_queue[0].response_head_reg[1]/C
                            (rising edge-triggered cell FDRE clocked by sys_clk  {rise@0.000ns fall@2.500ns period=5.000ns})
  Destination:            read_rsp\\.data[65]
                            (output port)
  Path Group:             (none)
  Path Type:              Max at Slow Process Corner
  Data Path Delay:        9.158ns  (logic 2.666ns (29.113%)  route 6.492ns (70.887%))
  Logic Levels:           2  (OBUF=1 RAMD32=1)
  Clock Uncertainty:      0.025ns  ((TSJ^2 + TIJ^2)^1/2 + DJ) / 2 + PE
    Total System Jitter     (TSJ):    0.050ns
    Total Input Jitter      (TIJ):    0.000ns
    Discrete Jitter          (DJ):    0.000ns
    Phase Error              (PE):    0.000ns

    Location             Delay type                Incr(ns)  Path(ns)    Netlist Resource(s)
  -------------------------------------------------------------------    -------------------
                         (clock sys_clk rise edge)    0.000     0.000 r  <hidden>
    AL20                                              0.000     0.000 r  clk
                         net (fo=0)                   0.000     0.000    clk
    AL20                 IBUF (Prop_ibuf_I_O)         0.776     0.776 r  clk_IBUF_inst/O
                         net (fo=1, routed)           2.715     3.491    clk_IBUF
    BUFGCTRL_X0Y0        BUFG (Prop_bufg_I_O)         0.093     3.584 r  clk_IBUF_BUFG_inst/O
                         net (fo=14784, routed)       1.222     4.806    vector_main_ixc/read_path/clk_IBUF_BUFG
    SLICE_X80Y163        FDRE                                         r  vector_main_ixc/read_path/master_queue[0].response_head_reg[1]/C
  -------------------------------------------------------------------    -------------------
    SLICE_X80Y163        FDRE (Prop_fdre_C_Q)         0.259     5.065 r  vector_main_ixc/read_path/master_queue[0].response_head_reg[1]/Q
                         net (fo=172, routed)         1.614     6.680    vector_main_ixc/read_path/master_queue[0].response_mem_reg_0_7_60_65/ADDRC1
    SLICE_X76Y173        RAMD32 (Prop_ramd32_RADR1_O)
                                                      0.043     6.723 r  vector_main_ixc/read_path/master_queue[0].response_mem_reg_0_7_60_65/RAMC_D1/O
                         net (fo=1, routed)           4.877    11.600    read_rsp\\.data_OBUF[65]
    AG27                 OBUF (Prop_obuf_I_O)         2.364    13.964 r  read_rsp\\.data[65]_INST_0/O
                         net (fo=0)                   0.000    13.964    read_rsp\\.data[65]
    AG27                                                              r  read_rsp\\.data[65]
  -------------------------------------------------------------------    -------------------

Slack:                    inf
  Source:                 vector_main_ixc/read_path/master_queue[0].response_head_reg[1]/C
                            (rising edge-triggered cell FDRE clocked by sys_clk  {rise@0.000ns fall@2.500ns period=5.000ns})
  Destination:            read_rsp\\.epoch[0]
                            (output port)
  Path Group:             (none)
  Path Type:              Max at Slow Process Corner
  Data Path Delay:        9.157ns  (logic 2.793ns (30.501%)  route 6.364ns (69.499%))
  Logic Levels:           2  (OBUF=1 RAMD32=1)
  Clock Uncertainty:      0.025ns  ((TSJ^2 + TIJ^2)^1/2 + DJ) / 2 + PE
    Total System Jitter     (TSJ):    0.050ns
    Total Input Jitter      (TIJ):    0.000ns
    Discrete Jitter          (DJ):    0.000ns
    Phase Error              (PE):    0.000ns

    Location             Delay type                Incr(ns)  Path(ns)    Netlist Resource(s)
  -------------------------------------------------------------------    -------------------
                         (clock sys_clk rise edge)    0.000     0.000 r  <hidden>
    AL20                                              0.000     0.000 r  clk
                         net (fo=0)                   0.000     0.000    clk
    AL20                 IBUF (Prop_ibuf_I_O)         0.776     0.776 r  clk_IBUF_inst/O
                         net (fo=1, routed)           2.715     3.491    clk_IBUF
    BUFGCTRL_X0Y0        BUFG (Prop_bufg_I_O)         0.093     3.584 r  clk_IBUF_BUFG_inst/O
                         net (fo=14784, routed)       1.222     4.806    vector_main_ixc/read_path/clk_IBUF_BUFG
    SLICE_X80Y163        FDRE                                         r  vector_main_ixc/read_path/master_queue[0].response_head_reg[1]/C
  -------------------------------------------------------------------    -------------------
    SLICE_X80Y163        FDRE (Prop_fdre_C_Q)         0.259     5.065 r  vector_main_ixc/read_path/master_queue[0].response_head_reg[1]/Q
                         net (fo=172, routed)         1.142     6.207    vector_main_ixc/read_path/master_queue[0].response_epoch_mem_reg_0_7_0_3/ADDRA1
    SLICE_X76Y162        RAMD32 (Prop_ramd32_RADR1_O)
                                                      0.047     6.254 r  vector_main_ixc/read_path/master_queue[0].response_epoch_mem_reg_0_7_0_3/RAMA/O
                         net (fo=1, routed)           5.222    11.477    read_rsp\\.epoch_OBUF[0]
    AM21                 OBUF (Prop_obuf_I_O)         2.487    13.964 r  read_rsp\\.epoch[0]_INST_0/O
                         net (fo=0)                   0.000    13.964    read_rsp\\.epoch[0]
    AM21                                                              r  read_rsp\\.epoch[0]
  -------------------------------------------------------------------    -------------------

Slack:                    inf
  Source:                 vector_main_ixc/read_path/master_queue[0].response_head_reg[0]/C
                            (rising edge-triggered cell FDRE clocked by sys_clk  {rise@0.000ns fall@2.500ns period=5.000ns})
  Destination:            read_rsp\\.data[96]
                            (output port)
  Path Group:             (none)
  Path Type:              Max at Slow Process Corner
  Data Path Delay:        9.140ns  (logic 2.836ns (31.034%)  route 6.303ns (68.966%))
  Logic Levels:           2  (OBUF=1 RAMD32=1)
  Clock Uncertainty:      0.025ns  ((TSJ^2 + TIJ^2)^1/2 + DJ) / 2 + PE
    Total System Jitter     (TSJ):    0.050ns
    Total Input Jitter      (TIJ):    0.000ns
    Discrete Jitter          (DJ):    0.000ns
    Phase Error              (PE):    0.000ns

    Location             Delay type                Incr(ns)  Path(ns)    Netlist Resource(s)
  -------------------------------------------------------------------    -------------------
                         (clock sys_clk rise edge)    0.000     0.000 r  <hidden>
    AL20                                              0.000     0.000 r  clk
                         net (fo=0)                   0.000     0.000    clk
    AL20                 IBUF (Prop_ibuf_I_O)         0.776     0.776 r  clk_IBUF_inst/O
                         net (fo=1, routed)           2.715     3.491    clk_IBUF
    BUFGCTRL_X0Y0        BUFG (Prop_bufg_I_O)         0.093     3.584 r  clk_IBUF_BUFG_inst/O
                         net (fo=14784, routed)       1.223     4.807    vector_main_ixc/read_path/clk_IBUF_BUFG
    SLICE_X80Y162        FDRE                                         r  vector_main_ixc/read_path/master_queue[0].response_head_reg[0]/C
  -------------------------------------------------------------------    -------------------
    SLICE_X80Y162        FDRE (Prop_fdre_C_Q)         0.259     5.066 r  vector_main_ixc/read_path/master_queue[0].response_head_reg[0]/Q
                         net (fo=173, routed)         2.033     7.099    vector_main_ixc/read_path/master_queue[0].response_mem_reg_0_7_96_101/ADDRA0
    SLICE_X72Y175        RAMD32 (Prop_ramd32_RADR0_O)
                                                      0.047     7.146 r  vector_main_ixc/read_path/master_queue[0].response_mem_reg_0_7_96_101/RAMA/O
                         net (fo=1, routed)           4.271    11.417    read_rsp\\.data_OBUF[96]
    AN24                 OBUF (Prop_obuf_I_O)         2.530    13.947 r  read_rsp\\.data[96]_INST_0/O
                         net (fo=0)                   0.000    13.947    read_rsp\\.data[96]
    AN24                                                              r  read_rsp\\.data[96]
  -------------------------------------------------------------------    -------------------

Slack:                    inf
  Source:                 vector_main_ixc/read_path/master_queue[0].response_head_reg[2]/C
                            (rising edge-triggered cell FDRE clocked by sys_clk  {rise@0.000ns fall@2.500ns period=5.000ns})
  Destination:            read_rsp\\.data[63]
                            (output port)
  Path Group:             (none)
  Path Type:              Max at Slow Process Corner
  Data Path Delay:        9.138ns  (logic 2.674ns (29.258%)  route 6.464ns (70.742%))
  Logic Levels:           2  (OBUF=1 RAMD32=1)
  Clock Uncertainty:      0.025ns  ((TSJ^2 + TIJ^2)^1/2 + DJ) / 2 + PE
    Total System Jitter     (TSJ):    0.050ns
    Total Input Jitter      (TIJ):    0.000ns
    Discrete Jitter          (DJ):    0.000ns
    Phase Error              (PE):    0.000ns

    Location             Delay type                Incr(ns)  Path(ns)    Netlist Resource(s)
  -------------------------------------------------------------------    -------------------
                         (clock sys_clk rise edge)    0.000     0.000 r  <hidden>
    AL20                                              0.000     0.000 r  clk
                         net (fo=0)                   0.000     0.000    clk
    AL20                 IBUF (Prop_ibuf_I_O)         0.776     0.776 r  clk_IBUF_inst/O
                         net (fo=1, routed)           2.715     3.491    clk_IBUF
    BUFGCTRL_X0Y0        BUFG (Prop_bufg_I_O)         0.093     3.584 r  clk_IBUF_BUFG_inst/O
                         net (fo=14784, routed)       1.222     4.806    vector_main_ixc/read_path/clk_IBUF_BUFG
    SLICE_X80Y163        FDRE                                         r  vector_main_ixc/read_path/master_queue[0].response_head_reg[2]/C
  -------------------------------------------------------------------    -------------------
    SLICE_X80Y163        FDRE (Prop_fdre_C_Q)         0.259     5.065 r  vector_main_ixc/read_path/master_queue[0].response_head_reg[2]/Q
                         net (fo=171, routed)         1.516     6.581    vector_main_ixc/read_path/master_queue[0].response_mem_reg_0_7_60_65/ADDRB2
    SLICE_X76Y173        RAMD32 (Prop_ramd32_RADR2_O)
                                                      0.043     6.624 r  vector_main_ixc/read_path/master_queue[0].response_mem_reg_0_7_60_65/RAMB_D1/O
                         net (fo=1, routed)           4.949    11.573    read_rsp\\.data_OBUF[63]
    AH29                 OBUF (Prop_obuf_I_O)         2.372    13.944 r  read_rsp\\.data[63]_INST_0/O
                         net (fo=0)                   0.000    13.944    read_rsp\\.data[63]
    AH29                                                              r  read_rsp\\.data[63]
  -------------------------------------------------------------------    -------------------

Slack:                    inf
  Source:                 vector_main_ixc/read_path/master_queue[0].response_head_reg[0]/C
                            (rising edge-triggered cell FDRE clocked by sys_clk  {rise@0.000ns fall@2.500ns period=5.000ns})
  Destination:            read_rsp\\.data[78]
                            (output port)
  Path Group:             (none)
  Path Type:              Max at Slow Process Corner
  Data Path Delay:        9.090ns  (logic 2.802ns (30.820%)  route 6.288ns (69.180%))
  Logic Levels:           2  (OBUF=1 RAMD32=1)
  Clock Uncertainty:      0.025ns  ((TSJ^2 + TIJ^2)^1/2 + DJ) / 2 + PE
    Total System Jitter     (TSJ):    0.050ns
    Total Input Jitter      (TIJ):    0.000ns
    Discrete Jitter          (DJ):    0.000ns
    Phase Error              (PE):    0.000ns

    Location             Delay type                Incr(ns)  Path(ns)    Netlist Resource(s)
  -------------------------------------------------------------------    -------------------
                         (clock sys_clk rise edge)    0.000     0.000 r  <hidden>
    AL20                                              0.000     0.000 r  clk
                         net (fo=0)                   0.000     0.000    clk
    AL20                 IBUF (Prop_ibuf_I_O)         0.776     0.776 r  clk_IBUF_inst/O
                         net (fo=1, routed)           2.715     3.491    clk_IBUF
    BUFGCTRL_X0Y0        BUFG (Prop_bufg_I_O)         0.093     3.584 r  clk_IBUF_BUFG_inst/O
                         net (fo=14784, routed)       1.223     4.807    vector_main_ixc/read_path/clk_IBUF_BUFG
    SLICE_X80Y162        FDRE                                         r  vector_main_ixc/read_path/master_queue[0].response_head_reg[0]/C
  -------------------------------------------------------------------    -------------------
    SLICE_X80Y162        FDRE (Prop_fdre_C_Q)         0.259     5.066 r  vector_main_ixc/read_path/master_queue[0].response_head_reg[0]/Q
                         net (fo=173, routed)         1.505     6.571    vector_main_ixc/read_path/master_queue[0].response_mem_reg_0_7_78_83/ADDRA0
    SLICE_X76Y171        RAMD32 (Prop_ramd32_RADR0_O)
                                                      0.047     6.618 r  vector_main_ixc/read_path/master_queue[0].response_mem_reg_0_7_78_83/RAMA/O
                         net (fo=1, routed)           4.783    11.402    read_rsp\\.data_OBUF[78]
    AL25                 OBUF (Prop_obuf_I_O)         2.496    13.897 r  read_rsp\\.data[78]_INST_0/O
                         net (fo=0)                   0.000    13.897    read_rsp\\.data[78]
    AL25                                                              r  read_rsp\\.data[78]
  -------------------------------------------------------------------    -------------------

Slack:                    inf
  Source:                 vector_main_ixc/read_path/master_queue[0].response_head_reg[2]/C
                            (rising edge-triggered cell FDRE clocked by sys_clk  {rise@0.000ns fall@2.500ns period=5.000ns})
  Destination:            read_rsp\\.tag[3]
                            (output port)
  Path Group:             (none)
  Path Type:              Max at Slow Process Corner
  Data Path Delay:        9.071ns  (logic 2.712ns (29.896%)  route 6.359ns (70.104%))
  Logic Levels:           2  (OBUF=1 RAMD32=1)
  Clock Uncertainty:      0.025ns  ((TSJ^2 + TIJ^2)^1/2 + DJ) / 2 + PE
    Total System Jitter     (TSJ):    0.050ns
    Total Input Jitter      (TIJ):    0.000ns
    Discrete Jitter          (DJ):    0.000ns
    Phase Error              (PE):    0.000ns

    Location             Delay type                Incr(ns)  Path(ns)    Netlist Resource(s)
  -------------------------------------------------------------------    -------------------
                         (clock sys_clk rise edge)    0.000     0.000 r  <hidden>
    AL20                                              0.000     0.000 r  clk
                         net (fo=0)                   0.000     0.000    clk
    AL20                 IBUF (Prop_ibuf_I_O)         0.776     0.776 r  clk_IBUF_inst/O
                         net (fo=1, routed)           2.715     3.491    clk_IBUF
    BUFGCTRL_X0Y0        BUFG (Prop_bufg_I_O)         0.093     3.584 r  clk_IBUF_BUFG_inst/O
                         net (fo=14784, routed)       1.222     4.806    vector_main_ixc/read_path/clk_IBUF_BUFG
    SLICE_X80Y163        FDRE                                         r  vector_main_ixc/read_path/master_queue[0].response_head_reg[2]/C
  -------------------------------------------------------------------    -------------------
    SLICE_X80Y163        FDRE (Prop_fdre_C_Q)         0.259     5.065 r  vector_main_ixc/read_path/master_queue[0].response_head_reg[2]/Q
                         net (fo=171, routed)         1.067     6.133    vector_main_ixc/read_path/master_queue[0].response_addr_mem_reg_0_7_30_31/ADDRC2
    SLICE_X74Y167        RAMD32 (Prop_ramd32_RADR2_O)
                                                      0.043     6.176 r  vector_main_ixc/read_path/master_queue[0].response_addr_mem_reg_0_7_30_31/RAMC_D1/O
                         net (fo=1, routed)           5.292    11.468    read_rsp\\.tag_OBUF[3]
    AP21                 OBUF (Prop_obuf_I_O)         2.410    13.877 r  read_rsp\\.tag[3]_INST_0/O
                         net (fo=0)                   0.000    13.877    read_rsp\\.tag[3]
    AP21                                                              r  read_rsp\\.tag[3]
  -------------------------------------------------------------------    -------------------

Slack:                    inf
  Source:                 vector_main_ixc/read_path/master_queue[0].response_head_reg[1]/C
                            (rising edge-triggered cell FDRE clocked by sys_clk  {rise@0.000ns fall@2.500ns period=5.000ns})
  Destination:            read_rsp\\.epoch[3]
                            (output port)
  Path Group:             (none)
  Path Type:              Max at Slow Process Corner
  Data Path Delay:        9.067ns  (logic 2.711ns (29.902%)  route 6.356ns (70.098%))
  Logic Levels:           2  (OBUF=1 RAMD32=1)
  Clock Uncertainty:      0.025ns  ((TSJ^2 + TIJ^2)^1/2 + DJ) / 2 + PE
    Total System Jitter     (TSJ):    0.050ns
    Total Input Jitter      (TIJ):    0.000ns
    Discrete Jitter          (DJ):    0.000ns
    Phase Error              (PE):    0.000ns

    Location             Delay type                Incr(ns)  Path(ns)    Netlist Resource(s)
  -------------------------------------------------------------------    -------------------
                         (clock sys_clk rise edge)    0.000     0.000 r  <hidden>
    AL20                                              0.000     0.000 r  clk
                         net (fo=0)                   0.000     0.000    clk
    AL20                 IBUF (Prop_ibuf_I_O)         0.776     0.776 r  clk_IBUF_inst/O
                         net (fo=1, routed)           2.715     3.491    clk_IBUF
    BUFGCTRL_X0Y0        BUFG (Prop_bufg_I_O)         0.093     3.584 r  clk_IBUF_BUFG_inst/O
                         net (fo=14784, routed)       1.222     4.806    vector_main_ixc/read_path/clk_IBUF_BUFG
    SLICE_X80Y163        FDRE                                         r  vector_main_ixc/read_path/master_queue[0].response_head_reg[1]/C
  -------------------------------------------------------------------    -------------------
    SLICE_X80Y163        FDRE (Prop_fdre_C_Q)         0.259     5.065 r  vector_main_ixc/read_path/master_queue[0].response_head_reg[1]/Q
                         net (fo=172, routed)         1.140     6.205    vector_main_ixc/read_path/master_queue[0].response_epoch_mem_reg_0_7_0_3/ADDRB1
    SLICE_X76Y162        RAMD32 (Prop_ramd32_RADR1_O)
                                                      0.043     6.248 r  vector_main_ixc/read_path/master_queue[0].response_epoch_mem_reg_0_7_0_3/RAMB_D1/O
                         net (fo=1, routed)           5.216    11.465    read_rsp\\.epoch_OBUF[3]
    AN19                 OBUF (Prop_obuf_I_O)         2.409    13.874 r  read_rsp\\.epoch[3]_INST_0/O
                         net (fo=0)                   0.000    13.874    read_rsp\\.epoch[3]
    AN19                                                              r  read_rsp\\.epoch[3]
  -------------------------------------------------------------------    -------------------

Slack:                    inf
  Source:                 vector_main_ixc/read_path/master_queue[0].response_head_reg[2]/C
                            (rising edge-triggered cell FDRE clocked by sys_clk  {rise@0.000ns fall@2.500ns period=5.000ns})
  Destination:            read_rsp\\.tag[1]
                            (output port)
  Path Group:             (none)
  Path Type:              Max at Slow Process Corner
  Data Path Delay:        9.039ns  (logic 2.715ns (30.037%)  route 6.324ns (69.963%))
  Logic Levels:           2  (OBUF=1 RAMD32=1)
  Clock Uncertainty:      0.025ns  ((TSJ^2 + TIJ^2)^1/2 + DJ) / 2 + PE
    Total System Jitter     (TSJ):    0.050ns
    Total Input Jitter      (TIJ):    0.000ns
    Discrete Jitter          (DJ):    0.000ns
    Phase Error              (PE):    0.000ns

    Location             Delay type                Incr(ns)  Path(ns)    Netlist Resource(s)
  -------------------------------------------------------------------    -------------------
                         (clock sys_clk rise edge)    0.000     0.000 r  <hidden>
    AL20                                              0.000     0.000 r  clk
                         net (fo=0)                   0.000     0.000    clk
    AL20                 IBUF (Prop_ibuf_I_O)         0.776     0.776 r  clk_IBUF_inst/O
                         net (fo=1, routed)           2.715     3.491    clk_IBUF
    BUFGCTRL_X0Y0        BUFG (Prop_bufg_I_O)         0.093     3.584 r  clk_IBUF_BUFG_inst/O
                         net (fo=14784, routed)       1.222     4.806    vector_main_ixc/read_path/clk_IBUF_BUFG
    SLICE_X80Y163        FDRE                                         r  vector_main_ixc/read_path/master_queue[0].response_head_reg[2]/C
  -------------------------------------------------------------------    -------------------
    SLICE_X80Y163        FDRE (Prop_fdre_C_Q)         0.259     5.065 r  vector_main_ixc/read_path/master_queue[0].response_head_reg[2]/Q
                         net (fo=171, routed)         0.980     6.046    vector_main_ixc/read_path/master_queue[0].response_addr_mem_reg_0_7_30_31/ADDRB2
    SLICE_X74Y167        RAMD32 (Prop_ramd32_RADR2_O)
                                                      0.043     6.089 r  vector_main_ixc/read_path/master_queue[0].response_addr_mem_reg_0_7_30_31/RAMB_D1/O
                         net (fo=1, routed)           5.344    11.432    read_rsp\\.tag_OBUF[1]
    AN20                 OBUF (Prop_obuf_I_O)         2.413    13.846 r  read_rsp\\.tag[1]_INST_0/O
                         net (fo=0)                   0.000    13.846    read_rsp\\.tag[1]
    AN20                                                              r  read_rsp\\.tag[1]
  -------------------------------------------------------------------    -------------------

Slack:                    inf
  Source:                 vector_main_ixc/read_path/master_queue[0].response_head_reg[0]/C
                            (rising edge-triggered cell FDRE clocked by sys_clk  {rise@0.000ns fall@2.500ns period=5.000ns})
  Destination:            read_rsp\\.data[80]
                            (output port)
  Path Group:             (none)
  Path Type:              Max at Slow Process Corner
  Data Path Delay:        9.036ns  (logic 2.795ns (30.935%)  route 6.241ns (69.065%))
  Logic Levels:           2  (OBUF=1 RAMD32=1)
  Clock Uncertainty:      0.025ns  ((TSJ^2 + TIJ^2)^1/2 + DJ) / 2 + PE
    Total System Jitter     (TSJ):    0.050ns
    Total Input Jitter      (TIJ):    0.000ns
    Discrete Jitter          (DJ):    0.000ns
    Phase Error              (PE):    0.000ns

    Location             Delay type                Incr(ns)  Path(ns)    Netlist Resource(s)
  -------------------------------------------------------------------    -------------------
                         (clock sys_clk rise edge)    0.000     0.000 r  <hidden>
    AL20                                              0.000     0.000 r  clk
                         net (fo=0)                   0.000     0.000    clk
    AL20                 IBUF (Prop_ibuf_I_O)         0.776     0.776 r  clk_IBUF_inst/O
                         net (fo=1, routed)           2.715     3.491    clk_IBUF
    BUFGCTRL_X0Y0        BUFG (Prop_bufg_I_O)         0.093     3.584 r  clk_IBUF_BUFG_inst/O
                         net (fo=14784, routed)       1.223     4.807    vector_main_ixc/read_path/clk_IBUF_BUFG
    SLICE_X80Y162        FDRE                                         r  vector_main_ixc/read_path/master_queue[0].response_head_reg[0]/C
  -------------------------------------------------------------------    -------------------
    SLICE_X80Y162        FDRE (Prop_fdre_C_Q)         0.259     5.066 r  vector_main_ixc/read_path/master_queue[0].response_head_reg[0]/Q
                         net (fo=173, routed)         1.501     6.567    vector_main_ixc/read_path/master_queue[0].response_mem_reg_0_7_78_83/ADDRB0
    SLICE_X76Y171        RAMD32 (Prop_ramd32_RADR0_O)
                                                      0.051     6.618 r  vector_main_ixc/read_path/master_queue[0].response_mem_reg_0_7_78_83/RAMB/O
                         net (fo=1, routed)           4.739    11.358    read_rsp\\.data_OBUF[80]
    AK28                 OBUF (Prop_obuf_I_O)         2.485    13.843 r  read_rsp\\.data[80]_INST_0/O
                         net (fo=0)                   0.000    13.843    read_rsp\\.data[80]
    AK28                                                              r  read_rsp\\.data[80]
  -------------------------------------------------------------------    -------------------

Slack:                    inf
  Source:                 vector_main_ixc/read_path/master_queue[0].response_head_reg[2]/C
                            (rising edge-triggered cell FDRE clocked by sys_clk  {rise@0.000ns fall@2.500ns period=5.000ns})
  Destination:            read_rsp\\.data[68]
                            (output port)
  Path Group:             (none)
  Path Type:              Max at Slow Process Corner
  Data Path Delay:        9.032ns  (logic 2.785ns (30.833%)  route 6.247ns (69.167%))
  Logic Levels:           2  (OBUF=1 RAMD32=1)
  Clock Uncertainty:      0.025ns  ((TSJ^2 + TIJ^2)^1/2 + DJ) / 2 + PE
    Total System Jitter     (TSJ):    0.050ns
    Total Input Jitter      (TIJ):    0.000ns
    Discrete Jitter          (DJ):    0.000ns
    Phase Error              (PE):    0.000ns

    Location             Delay type                Incr(ns)  Path(ns)    Netlist Resource(s)
  -------------------------------------------------------------------    -------------------
                         (clock sys_clk rise edge)    0.000     0.000 r  <hidden>
    AL20                                              0.000     0.000 r  clk
                         net (fo=0)                   0.000     0.000    clk
    AL20                 IBUF (Prop_ibuf_I_O)         0.776     0.776 r  clk_IBUF_inst/O
                         net (fo=1, routed)           2.715     3.491    clk_IBUF
    BUFGCTRL_X0Y0        BUFG (Prop_bufg_I_O)         0.093     3.584 r  clk_IBUF_BUFG_inst/O
                         net (fo=14784, routed)       1.222     4.806    vector_main_ixc/read_path/clk_IBUF_BUFG
    SLICE_X80Y163        FDRE                                         r  vector_main_ixc/read_path/master_queue[0].response_head_reg[2]/C
  -------------------------------------------------------------------    -------------------
    SLICE_X80Y163        FDRE (Prop_fdre_C_Q)         0.259     5.065 r  vector_main_ixc/read_path/master_queue[0].response_head_reg[2]/Q
                         net (fo=171, routed)         2.038     7.103    vector_main_ixc/read_path/master_queue[0].response_mem_reg_0_7_66_71/ADDRB2
    SLICE_X70Y175        RAMD32 (Prop_ramd32_RADR2_O)
                                                      0.053     7.156 r  vector_main_ixc/read_path/master_queue[0].response_mem_reg_0_7_66_71/RAMB/O
                         net (fo=1, routed)           4.209    11.366    read_rsp\\.data_OBUF[68]
    AH24                 OBUF (Prop_obuf_I_O)         2.473    13.839 r  read_rsp\\.data[68]_INST_0/O
                         net (fo=0)                   0.000    13.839    read_rsp\\.data[68]
    AH24                                                              r  read_rsp\\.data[68]
  -------------------------------------------------------------------    -------------------

Slack:                    inf
  Source:                 vector_main_ixc/read_path/master_queue[0].response_head_reg[2]/C
                            (rising edge-triggered cell FDRE clocked by sys_clk  {rise@0.000ns fall@2.500ns period=5.000ns})
  Destination:            read_rsp\\.data[70]
                            (output port)
  Path Group:             (none)
  Path Type:              Max at Slow Process Corner
  Data Path Delay:        8.940ns  (logic 2.779ns (31.089%)  route 6.160ns (68.911%))
  Logic Levels:           2  (OBUF=1 RAMD32=1)
  Clock Uncertainty:      0.025ns  ((TSJ^2 + TIJ^2)^1/2 + DJ) / 2 + PE
    Total System Jitter     (TSJ):    0.050ns
    Total Input Jitter      (TIJ):    0.000ns
    Discrete Jitter          (DJ):    0.000ns
    Phase Error              (PE):    0.000ns

    Location             Delay type                Incr(ns)  Path(ns)    Netlist Resource(s)
  -------------------------------------------------------------------    -------------------
                         (clock sys_clk rise edge)    0.000     0.000 r  <hidden>
    AL20                                              0.000     0.000 r  clk
                         net (fo=0)                   0.000     0.000    clk
    AL20                 IBUF (Prop_ibuf_I_O)         0.776     0.776 r  clk_IBUF_inst/O
                         net (fo=1, routed)           2.715     3.491    clk_IBUF
    BUFGCTRL_X0Y0        BUFG (Prop_bufg_I_O)         0.093     3.584 r  clk_IBUF_BUFG_inst/O
                         net (fo=14784, routed)       1.222     4.806    vector_main_ixc/read_path/clk_IBUF_BUFG
    SLICE_X80Y163        FDRE                                         r  vector_main_ixc/read_path/master_queue[0].response_head_reg[2]/C
  -------------------------------------------------------------------    -------------------
    SLICE_X80Y163        FDRE (Prop_fdre_C_Q)         0.259     5.065 r  vector_main_ixc/read_path/master_queue[0].response_head_reg[2]/Q
                         net (fo=171, routed)         1.779     6.844    vector_main_ixc/read_path/master_queue[0].response_mem_reg_0_7_66_71/ADDRC2
    SLICE_X70Y175        RAMD32 (Prop_ramd32_RADR2_O)
                                                      0.050     6.894 r  vector_main_ixc/read_path/master_queue[0].response_mem_reg_0_7_66_71/RAMC/O
                         net (fo=1, routed)           4.382    11.276    read_rsp\\.data_OBUF[70]
    AH25                 OBUF (Prop_obuf_I_O)         2.470    13.746 r  read_rsp\\.data[70]_INST_0/O
                         net (fo=0)                   0.000    13.746    read_rsp\\.data[70]
    AH25                                                              r  read_rsp\\.data[70]
  -------------------------------------------------------------------    -------------------

Slack:                    inf
  Source:                 vector_main_ixc/read_path/master_queue[0].response_head_reg[0]/C
                            (rising edge-triggered cell FDRE clocked by sys_clk  {rise@0.000ns fall@2.500ns period=5.000ns})
  Destination:            read_rsp\\.data[99]
                            (output port)
  Path Group:             (none)
  Path Type:              Max at Slow Process Corner
  Data Path Delay:        8.923ns  (logic 2.643ns (29.620%)  route 6.280ns (70.380%))
  Logic Levels:           2  (OBUF=1 RAMD32=1)
  Clock Uncertainty:      0.025ns  ((TSJ^2 + TIJ^2)^1/2 + DJ) / 2 + PE
    Total System Jitter     (TSJ):    0.050ns
    Total Input Jitter      (TIJ):    0.000ns
    Discrete Jitter          (DJ):    0.000ns
    Phase Error              (PE):    0.000ns

    Location             Delay type                Incr(ns)  Path(ns)    Netlist Resource(s)
  -------------------------------------------------------------------    -------------------
                         (clock sys_clk rise edge)    0.000     0.000 r  <hidden>
    AL20                                              0.000     0.000 r  clk
                         net (fo=0)                   0.000     0.000    clk
    AL20                 IBUF (Prop_ibuf_I_O)         0.776     0.776 r  clk_IBUF_inst/O
                         net (fo=1, routed)           2.715     3.491    clk_IBUF
    BUFGCTRL_X0Y0        BUFG (Prop_bufg_I_O)         0.093     3.584 r  clk_IBUF_BUFG_inst/O
                         net (fo=14784, routed)       1.223     4.807    vector_main_ixc/read_path/clk_IBUF_BUFG
    SLICE_X80Y162        FDRE                                         r  vector_main_ixc/read_path/master_queue[0].response_head_reg[0]/C
  -------------------------------------------------------------------    -------------------
    SLICE_X80Y162        FDRE (Prop_fdre_C_Q)         0.259     5.066 r  vector_main_ixc/read_path/master_queue[0].response_head_reg[0]/Q
                         net (fo=173, routed)         2.029     7.095    vector_main_ixc/read_path/master_queue[0].response_mem_reg_0_7_96_101/ADDRB0
    SLICE_X72Y175        RAMD32 (Prop_ramd32_RADR0_O)
                                                      0.043     7.138 r  vector_main_ixc/read_path/master_queue[0].response_mem_reg_0_7_96_101/RAMB_D1/O
                         net (fo=1, routed)           4.251    11.389    read_rsp\\.data_OBUF[99]
    AD25                 OBUF (Prop_obuf_I_O)         2.341    13.730 r  read_rsp\\.data[99]_INST_0/O
                         net (fo=0)                   0.000    13.730    read_rsp\\.data[99]
    AD25                                                              r  read_rsp\\.data[99]
  -------------------------------------------------------------------    -------------------

Slack:                    inf
  Source:                 vector_main_ixc/read_path/master_queue[0].response_head_reg[1]/C
                            (rising edge-triggered cell FDRE clocked by sys_clk  {rise@0.000ns fall@2.500ns period=5.000ns})
  Destination:            read_rsp\\.data[50]
                            (output port)
  Path Group:             (none)
  Path Type:              Max at Slow Process Corner
  Data Path Delay:        8.910ns  (logic 2.734ns (30.681%)  route 6.176ns (69.319%))
  Logic Levels:           2  (OBUF=1 RAMD32=1)
  Clock Uncertainty:      0.025ns  ((TSJ^2 + TIJ^2)^1/2 + DJ) / 2 + PE
    Total System Jitter     (TSJ):    0.050ns
    Total Input Jitter      (TIJ):    0.000ns
    Discrete Jitter          (DJ):    0.000ns
    Phase Error              (PE):    0.000ns

    Location             Delay type                Incr(ns)  Path(ns)    Netlist Resource(s)
  -------------------------------------------------------------------    -------------------
                         (clock sys_clk rise edge)    0.000     0.000 r  <hidden>
    AL20                                              0.000     0.000 r  clk
                         net (fo=0)                   0.000     0.000    clk
    AL20                 IBUF (Prop_ibuf_I_O)         0.776     0.776 r  clk_IBUF_inst/O
                         net (fo=1, routed)           2.715     3.491    clk_IBUF
    BUFGCTRL_X0Y0        BUFG (Prop_bufg_I_O)         0.093     3.584 r  clk_IBUF_BUFG_inst/O
                         net (fo=14784, routed)       1.222     4.806    vector_main_ixc/read_path/clk_IBUF_BUFG
    SLICE_X80Y163        FDRE                                         r  vector_main_ixc/read_path/master_queue[0].response_head_reg[1]/C
  -------------------------------------------------------------------    -------------------
    SLICE_X80Y163        FDRE (Prop_fdre_C_Q)         0.259     5.065 r  vector_main_ixc/read_path/master_queue[0].response_head_reg[1]/Q
                         net (fo=172, routed)         1.689     6.754    vector_main_ixc/read_path/master_queue[0].response_mem_reg_0_7_48_53/ADDRB1
    SLICE_X70Y171        RAMD32 (Prop_ramd32_RADR1_O)
                                                      0.051     6.805 r  vector_main_ixc/read_path/master_queue[0].response_mem_reg_0_7_48_53/RAMB/O
                         net (fo=1, routed)           4.487    11.292    read_rsp\\.data_OBUF[50]
    AD24                 OBUF (Prop_obuf_I_O)         2.424    13.716 r  read_rsp\\.data[50]_INST_0/O
                         net (fo=0)                   0.000    13.716    read_rsp\\.data[50]
    AD24                                                              r  read_rsp\\.data[50]
  -------------------------------------------------------------------    -------------------





Min Delay Paths
--------------------------------------------------------------------------------------
Slack:                    inf
  Source:                 vector_main_ixc/read_path/master_queue[0].response_mem_reg_0_7_96_101/RAMC/CLK
                            (rising edge-triggered cell RAMD32 clocked by sys_clk  {rise@0.000ns fall@2.500ns period=5.000ns})
  Destination:            read_rsp\\.data[100]
                            (output port)
  Path Group:             (none)
  Path Type:              Min at Fast Process Corner
  Data Path Delay:        2.709ns  (logic 1.613ns (59.551%)  route 1.096ns (40.449%))
  Logic Levels:           1  (OBUF=1)
  Clock Uncertainty:      0.025ns  ((TSJ^2 + TIJ^2)^1/2 + DJ) / 2 + PE
    Total System Jitter     (TSJ):    0.050ns
    Total Input Jitter      (TIJ):    0.000ns
    Discrete Jitter          (DJ):    0.000ns
    Phase Error              (PE):    0.000ns

    Location             Delay type                Incr(ns)  Path(ns)    Netlist Resource(s)
  -------------------------------------------------------------------    -------------------
                         (clock sys_clk rise edge)    0.000     0.000 r  <hidden>
    AL20                                              0.000     0.000 r  clk
                         net (fo=0)                   0.000     0.000    clk
    AL20                 IBUF (Prop_ibuf_I_O)         0.118     0.118 r  clk_IBUF_inst/O
                         net (fo=1, routed)           1.316     1.434    clk_IBUF
    BUFGCTRL_X0Y0        BUFG (Prop_bufg_I_O)         0.026     1.460 r  clk_IBUF_BUFG_inst/O
                         net (fo=14784, routed)       0.532     1.992    vector_main_ixc/read_path/master_queue[0].response_mem_reg_0_7_96_101/WCLK
    SLICE_X72Y175        RAMD32                                       r  vector_main_ixc/read_path/master_queue[0].response_mem_reg_0_7_96_101/RAMC/CLK
  -------------------------------------------------------------------    -------------------
    SLICE_X72Y175        RAMD32 (Prop_ramd32_CLK_O)
                                                      0.296     2.288 r  vector_main_ixc/read_path/master_queue[0].response_mem_reg_0_7_96_101/RAMC/O
                         net (fo=1, routed)           1.096     3.384    read_rsp\\.data_OBUF[100]
    Y28                  OBUF (Prop_obuf_I_O)         1.317     4.701 r  read_rsp\\.data[100]_INST_0/O
                         net (fo=0)                   0.000     4.701    read_rsp\\.data[100]
    Y28                                                               r  read_rsp\\.data[100]
  -------------------------------------------------------------------    -------------------

Slack:                    inf
  Source:                 vector_main_ixc/read_path/master_queue[0].response_mem_reg_0_7_102_107/RAMA_D1/CLK
                            (rising edge-triggered cell RAMD32 clocked by sys_clk  {rise@0.000ns fall@2.500ns period=5.000ns})
  Destination:            read_rsp\\.data[103]
                            (output port)
  Path Group:             (none)
  Path Type:              Min at Fast Process Corner
  Data Path Delay:        2.750ns  (logic 1.639ns (59.607%)  route 1.111ns (40.393%))
  Logic Levels:           1  (OBUF=1)
  Clock Uncertainty:      0.025ns  ((TSJ^2 + TIJ^2)^1/2 + DJ) / 2 + PE
    Total System Jitter     (TSJ):    0.050ns
    Total Input Jitter      (TIJ):    0.000ns
    Discrete Jitter          (DJ):    0.000ns
    Phase Error              (PE):    0.000ns

    Location             Delay type                Incr(ns)  Path(ns)    Netlist Resource(s)
  -------------------------------------------------------------------    -------------------
                         (clock sys_clk rise edge)    0.000     0.000 r  <hidden>
    AL20                                              0.000     0.000 r  clk
                         net (fo=0)                   0.000     0.000    clk
    AL20                 IBUF (Prop_ibuf_I_O)         0.118     0.118 r  clk_IBUF_inst/O
                         net (fo=1, routed)           1.316     1.434    clk_IBUF
    BUFGCTRL_X0Y0        BUFG (Prop_bufg_I_O)         0.026     1.460 r  clk_IBUF_BUFG_inst/O
                         net (fo=14784, routed)       0.533     1.993    vector_main_ixc/read_path/master_queue[0].response_mem_reg_0_7_102_107/WCLK
    SLICE_X78Y172        RAMD32                                       r  vector_main_ixc/read_path/master_queue[0].response_mem_reg_0_7_102_107/RAMA_D1/CLK
  -------------------------------------------------------------------    -------------------
    SLICE_X78Y172        RAMD32 (Prop_ramd32_CLK_O)
                                                      0.374     2.367 r  vector_main_ixc/read_path/master_queue[0].response_mem_reg_0_7_102_107/RAMA_D1/O
                         net (fo=1, routed)           1.111     3.478    read_rsp\\.data_OBUF[103]
    Y27                  OBUF (Prop_obuf_I_O)         1.265     4.743 r  read_rsp\\.data[103]_INST_0/O
                         net (fo=0)                   0.000     4.743    read_rsp\\.data[103]
    Y27                                                               r  read_rsp\\.data[103]
  -------------------------------------------------------------------    -------------------

Slack:                    inf
  Source:                 vector_main_ixc/read_path/master_queue[0].response_mem_reg_0_7_42_47/RAMC/CLK
                            (rising edge-triggered cell RAMD32 clocked by sys_clk  {rise@0.000ns fall@2.500ns period=5.000ns})
  Destination:            read_rsp\\.data[46]
                            (output port)
  Path Group:             (none)
  Path Type:              Min at Fast Process Corner
  Data Path Delay:        2.928ns  (logic 1.662ns (56.769%)  route 1.266ns (43.231%))
  Logic Levels:           1  (OBUF=1)
  Clock Uncertainty:      0.025ns  ((TSJ^2 + TIJ^2)^1/2 + DJ) / 2 + PE
    Total System Jitter     (TSJ):    0.050ns
    Total Input Jitter      (TIJ):    0.000ns
    Discrete Jitter          (DJ):    0.000ns
    Phase Error              (PE):    0.000ns

    Location             Delay type                Incr(ns)  Path(ns)    Netlist Resource(s)
  -------------------------------------------------------------------    -------------------
                         (clock sys_clk rise edge)    0.000     0.000 r  <hidden>
    AL20                                              0.000     0.000 r  clk
                         net (fo=0)                   0.000     0.000    clk
    AL20                 IBUF (Prop_ibuf_I_O)         0.118     0.118 r  clk_IBUF_inst/O
                         net (fo=1, routed)           1.316     1.434    clk_IBUF
    BUFGCTRL_X0Y0        BUFG (Prop_bufg_I_O)         0.026     1.460 r  clk_IBUF_BUFG_inst/O
                         net (fo=14784, routed)       0.532     1.992    vector_main_ixc/read_path/master_queue[0].response_mem_reg_0_7_42_47/WCLK
    SLICE_X70Y174        RAMD32                                       r  vector_main_ixc/read_path/master_queue[0].response_mem_reg_0_7_42_47/RAMC/CLK
  -------------------------------------------------------------------    -------------------
    SLICE_X70Y174        RAMD32 (Prop_ramd32_CLK_O)
                                                      0.296     2.288 r  vector_main_ixc/read_path/master_queue[0].response_mem_reg_0_7_42_47/RAMC/O
                         net (fo=1, routed)           1.266     3.554    read_rsp\\.data_OBUF[46]
    AC34                 OBUF (Prop_obuf_I_O)         1.366     4.920 r  read_rsp\\.data[46]_INST_0/O
                         net (fo=0)                   0.000     4.920    read_rsp\\.data[46]
    AC34                                                              r  read_rsp\\.data[46]
  -------------------------------------------------------------------    -------------------

Slack:                    inf
  Source:                 vector_main_ixc/read_path/master_queue[0].response_mem_reg_0_7_108_113/RAMB/CLK
                            (rising edge-triggered cell RAMD32 clocked by sys_clk  {rise@0.000ns fall@2.500ns period=5.000ns})
  Destination:            read_rsp\\.data[110]
                            (output port)
  Path Group:             (none)
  Path Type:              Min at Fast Process Corner
  Data Path Delay:        2.958ns  (logic 1.617ns (54.668%)  route 1.341ns (45.332%))
  Logic Levels:           1  (OBUF=1)
  Clock Uncertainty:      0.025ns  ((TSJ^2 + TIJ^2)^1/2 + DJ) / 2 + PE
    Total System Jitter     (TSJ):    0.050ns
    Total Input Jitter      (TIJ):    0.000ns
    Discrete Jitter          (DJ):    0.000ns
    Phase Error              (PE):    0.000ns

    Location             Delay type                Incr(ns)  Path(ns)    Netlist Resource(s)
  -------------------------------------------------------------------    -------------------
                         (clock sys_clk rise edge)    0.000     0.000 r  <hidden>
    AL20                                              0.000     0.000 r  clk
                         net (fo=0)                   0.000     0.000    clk
    AL20                 IBUF (Prop_ibuf_I_O)         0.118     0.118 r  clk_IBUF_inst/O
                         net (fo=1, routed)           1.316     1.434    clk_IBUF
    BUFGCTRL_X0Y0        BUFG (Prop_bufg_I_O)         0.026     1.460 r  clk_IBUF_BUFG_inst/O
                         net (fo=14784, routed)       0.534     1.994    vector_main_ixc/read_path/master_queue[0].response_mem_reg_0_7_108_113/WCLK
    SLICE_X70Y177        RAMD32                                       r  vector_main_ixc/read_path/master_queue[0].response_mem_reg_0_7_108_113/RAMB/CLK
  -------------------------------------------------------------------    -------------------
    SLICE_X70Y177        RAMD32 (Prop_ramd32_CLK_O)
                                                      0.301     2.295 r  vector_main_ixc/read_path/master_queue[0].response_mem_reg_0_7_108_113/RAMB/O
                         net (fo=1, routed)           1.341     3.636    read_rsp\\.data_OBUF[110]
    V27                  OBUF (Prop_obuf_I_O)         1.316     4.952 r  read_rsp\\.data[110]_INST_0/O
                         net (fo=0)                   0.000     4.952    read_rsp\\.data[110]
    V27                                                               r  read_rsp\\.data[110]
  -------------------------------------------------------------------    -------------------

Slack:                    inf
  Source:                 vector_main_ixc/read_path/master_queue[0].response_mem_reg_0_7_36_41/RAMB/CLK
                            (rising edge-triggered cell RAMD32 clocked by sys_clk  {rise@0.000ns fall@2.500ns period=5.000ns})
  Destination:            read_rsp\\.data[38]
                            (output port)
  Path Group:             (none)
  Path Type:              Min at Fast Process Corner
  Data Path Delay:        2.956ns  (logic 1.652ns (55.890%)  route 1.304ns (44.110%))
  Logic Levels:           1  (OBUF=1)
  Clock Uncertainty:      0.025ns  ((TSJ^2 + TIJ^2)^1/2 + DJ) / 2 + PE
    Total System Jitter     (TSJ):    0.050ns
    Total Input Jitter      (TIJ):    0.000ns
    Discrete Jitter          (DJ):    0.000ns
    Phase Error              (PE):    0.000ns

    Location             Delay type                Incr(ns)  Path(ns)    Netlist Resource(s)
  -------------------------------------------------------------------    -------------------
                         (clock sys_clk rise edge)    0.000     0.000 r  <hidden>
    AL20                                              0.000     0.000 r  clk
                         net (fo=0)                   0.000     0.000    clk
    AL20                 IBUF (Prop_ibuf_I_O)         0.118     0.118 r  clk_IBUF_inst/O
                         net (fo=1, routed)           1.316     1.434    clk_IBUF
    BUFGCTRL_X0Y0        BUFG (Prop_bufg_I_O)         0.026     1.460 r  clk_IBUF_BUFG_inst/O
                         net (fo=14784, routed)       0.537     1.997    vector_main_ixc/read_path/master_queue[0].response_mem_reg_0_7_36_41/WCLK
    SLICE_X70Y169        RAMD32                                       r  vector_main_ixc/read_path/master_queue[0].response_mem_reg_0_7_36_41/RAMB/CLK
  -------------------------------------------------------------------    -------------------
    SLICE_X70Y169        RAMD32 (Prop_ramd32_CLK_O)
                                                      0.301     2.298 r  vector_main_ixc/read_path/master_queue[0].response_mem_reg_0_7_36_41/RAMB/O
                         net (fo=1, routed)           1.304     3.602    read_rsp\\.data_OBUF[38]
    AD31                 OBUF (Prop_obuf_I_O)         1.351     4.953 r  read_rsp\\.data[38]_INST_0/O
                         net (fo=0)                   0.000     4.953    read_rsp\\.data[38]
    AD31                                                              r  read_rsp\\.data[38]
  -------------------------------------------------------------------    -------------------

Slack:                    inf
  Source:                 vector_main_ixc/read_path/master_queue[0].response_mem_reg_0_7_42_47/RAMB/CLK
                            (rising edge-triggered cell RAMD32 clocked by sys_clk  {rise@0.000ns fall@2.500ns period=5.000ns})
  Destination:            read_rsp\\.data[44]
                            (output port)
  Path Group:             (none)
  Path Type:              Min at Fast Process Corner
  Data Path Delay:        2.983ns  (logic 1.681ns (56.340%)  route 1.302ns (43.660%))
  Logic Levels:           1  (OBUF=1)
  Clock Uncertainty:      0.025ns  ((TSJ^2 + TIJ^2)^1/2 + DJ) / 2 + PE
    Total System Jitter     (TSJ):    0.050ns
    Total Input Jitter      (TIJ):    0.000ns
    Discrete Jitter          (DJ):    0.000ns
    Phase Error              (PE):    0.000ns

    Location             Delay type                Incr(ns)  Path(ns)    Netlist Resource(s)
  -------------------------------------------------------------------    -------------------
                         (clock sys_clk rise edge)    0.000     0.000 r  <hidden>
    AL20                                              0.000     0.000 r  clk
                         net (fo=0)                   0.000     0.000    clk
    AL20                 IBUF (Prop_ibuf_I_O)         0.118     0.118 r  clk_IBUF_inst/O
                         net (fo=1, routed)           1.316     1.434    clk_IBUF
    BUFGCTRL_X0Y0        BUFG (Prop_bufg_I_O)         0.026     1.460 r  clk_IBUF_BUFG_inst/O
                         net (fo=14784, routed)       0.532     1.992    vector_main_ixc/read_path/master_queue[0].response_mem_reg_0_7_42_47/WCLK
    SLICE_X70Y174        RAMD32                                       r  vector_main_ixc/read_path/master_queue[0].response_mem_reg_0_7_42_47/RAMB/CLK
  -------------------------------------------------------------------    -------------------
    SLICE_X70Y174        RAMD32 (Prop_ramd32_CLK_O)
                                                      0.301     2.293 r  vector_main_ixc/read_path/master_queue[0].response_mem_reg_0_7_42_47/RAMB/O
                         net (fo=1, routed)           1.302     3.596    read_rsp\\.data_OBUF[44]
    AE34                 OBUF (Prop_obuf_I_O)         1.380     4.975 r  read_rsp\\.data[44]_INST_0/O
                         net (fo=0)                   0.000     4.975    read_rsp\\.data[44]
    AE34                                                              r  read_rsp\\.data[44]
  -------------------------------------------------------------------    -------------------

Slack:                    inf
  Source:                 vector_main_ixc/read_path/master_queue[0].response_mem_reg_0_7_108_113/RAMC_D1/CLK
                            (rising edge-triggered cell RAMD32 clocked by sys_clk  {rise@0.000ns fall@2.500ns period=5.000ns})
  Destination:            read_rsp\\.data[113]
                            (output port)
  Path Group:             (none)
  Path Type:              Min at Fast Process Corner
  Data Path Delay:        2.995ns  (logic 1.548ns (51.692%)  route 1.447ns (48.308%))
  Logic Levels:           1  (OBUF=1)
  Clock Uncertainty:      0.025ns  ((TSJ^2 + TIJ^2)^1/2 + DJ) / 2 + PE
    Total System Jitter     (TSJ):    0.050ns
    Total Input Jitter      (TIJ):    0.000ns
    Discrete Jitter          (DJ):    0.000ns
    Phase Error              (PE):    0.000ns

    Location             Delay type                Incr(ns)  Path(ns)    Netlist Resource(s)
  -------------------------------------------------------------------    -------------------
                         (clock sys_clk rise edge)    0.000     0.000 r  <hidden>
    AL20                                              0.000     0.000 r  clk
                         net (fo=0)                   0.000     0.000    clk
    AL20                 IBUF (Prop_ibuf_I_O)         0.118     0.118 r  clk_IBUF_inst/O
                         net (fo=1, routed)           1.316     1.434    clk_IBUF
    BUFGCTRL_X0Y0        BUFG (Prop_bufg_I_O)         0.026     1.460 r  clk_IBUF_BUFG_inst/O
                         net (fo=14784, routed)       0.534     1.994    vector_main_ixc/read_path/master_queue[0].response_mem_reg_0_7_108_113/WCLK
    SLICE_X70Y177        RAMD32                                       r  vector_main_ixc/read_path/master_queue[0].response_mem_reg_0_7_108_113/RAMC_D1/CLK
  -------------------------------------------------------------------    -------------------
    SLICE_X70Y177        RAMD32 (Prop_ramd32_CLK_O)
                                                      0.294     2.288 r  vector_main_ixc/read_path/master_queue[0].response_mem_reg_0_7_108_113/RAMC_D1/O
                         net (fo=1, routed)           1.447     3.735    read_rsp\\.data_OBUF[113]
    W25                  OBUF (Prop_obuf_I_O)         1.254     4.990 r  read_rsp\\.data[113]_INST_0/O
                         net (fo=0)                   0.000     4.990    read_rsp\\.data[113]
    W25                                                               r  read_rsp\\.data[113]
  -------------------------------------------------------------------    -------------------

Slack:                    inf
  Source:                 vector_main_ixc/read_path/master_queue[0].response_mem_reg_0_7_108_113/RAMC/CLK
                            (rising edge-triggered cell RAMD32 clocked by sys_clk  {rise@0.000ns fall@2.500ns period=5.000ns})
  Destination:            read_rsp\\.data[112]
                            (output port)
  Path Group:             (none)
  Path Type:              Min at Fast Process Corner
  Data Path Delay:        3.002ns  (logic 1.615ns (53.811%)  route 1.386ns (46.189%))
  Logic Levels:           1  (OBUF=1)
  Clock Uncertainty:      0.025ns  ((TSJ^2 + TIJ^2)^1/2 + DJ) / 2 + PE
    Total System Jitter     (TSJ):    0.050ns
    Total Input Jitter      (TIJ):    0.000ns
    Discrete Jitter          (DJ):    0.000ns
    Phase Error              (PE):    0.000ns

    Location             Delay type                Incr(ns)  Path(ns)    Netlist Resource(s)
  -------------------------------------------------------------------    -------------------
                         (clock sys_clk rise edge)    0.000     0.000 r  <hidden>
    AL20                                              0.000     0.000 r  clk
                         net (fo=0)                   0.000     0.000    clk
    AL20                 IBUF (Prop_ibuf_I_O)         0.118     0.118 r  clk_IBUF_inst/O
                         net (fo=1, routed)           1.316     1.434    clk_IBUF
    BUFGCTRL_X0Y0        BUFG (Prop_bufg_I_O)         0.026     1.460 r  clk_IBUF_BUFG_inst/O
                         net (fo=14784, routed)       0.534     1.994    vector_main_ixc/read_path/master_queue[0].response_mem_reg_0_7_108_113/WCLK
    SLICE_X70Y177        RAMD32                                       r  vector_main_ixc/read_path/master_queue[0].response_mem_reg_0_7_108_113/RAMC/CLK
  -------------------------------------------------------------------    -------------------
    SLICE_X70Y177        RAMD32 (Prop_ramd32_CLK_O)
                                                      0.296     2.290 r  vector_main_ixc/read_path/master_queue[0].response_mem_reg_0_7_108_113/RAMC/O
                         net (fo=1, routed)           1.386     3.677    read_rsp\\.data_OBUF[112]
    V29                  OBUF (Prop_obuf_I_O)         1.319     4.996 r  read_rsp\\.data[112]_INST_0/O
                         net (fo=0)                   0.000     4.996    read_rsp\\.data[112]
    V29                                                               r  read_rsp\\.data[112]
  -------------------------------------------------------------------    -------------------

Slack:                    inf
  Source:                 vector_main_ixc/read_path/master_queue[0].response_mem_reg_0_7_126_127__0/DP/CLK
                            (rising edge-triggered cell RAMD32 clocked by sys_clk  {rise@0.000ns fall@2.500ns period=5.000ns})
  Destination:            read_rsp\\.data[127]
                            (output port)
  Path Group:             (none)
  Path Type:              Min at Fast Process Corner
  Data Path Delay:        3.008ns  (logic 1.608ns (53.473%)  route 1.399ns (46.527%))
  Logic Levels:           1  (OBUF=1)
  Clock Uncertainty:      0.025ns  ((TSJ^2 + TIJ^2)^1/2 + DJ) / 2 + PE
    Total System Jitter     (TSJ):    0.050ns
    Total Input Jitter      (TIJ):    0.000ns
    Discrete Jitter          (DJ):    0.000ns
    Phase Error              (PE):    0.000ns

    Location             Delay type                Incr(ns)  Path(ns)    Netlist Resource(s)
  -------------------------------------------------------------------    -------------------
                         (clock sys_clk rise edge)    0.000     0.000 r  <hidden>
    AL20                                              0.000     0.000 r  clk
                         net (fo=0)                   0.000     0.000    clk
    AL20                 IBUF (Prop_ibuf_I_O)         0.118     0.118 r  clk_IBUF_inst/O
                         net (fo=1, routed)           1.316     1.434    clk_IBUF
    BUFGCTRL_X0Y0        BUFG (Prop_bufg_I_O)         0.026     1.460 r  clk_IBUF_BUFG_inst/O
                         net (fo=14784, routed)       0.533     1.993    vector_main_ixc/read_path/master_queue[0].response_mem_reg_0_7_126_127__0/WCLK
    SLICE_X70Y176        RAMD32                                       r  vector_main_ixc/read_path/master_queue[0].response_mem_reg_0_7_126_127__0/DP/CLK
  -------------------------------------------------------------------    -------------------
    SLICE_X70Y176        RAMD32 (Prop_ramd32_CLK_O)
                                                      0.296     2.289 r  vector_main_ixc/read_path/master_queue[0].response_mem_reg_0_7_126_127__0/DP/O
                         net (fo=1, routed)           1.399     3.689    read_rsp\\.data_OBUF[127]
    AA24                 OBUF (Prop_obuf_I_O)         1.312     5.001 r  read_rsp\\.data[127]_INST_0/O
                         net (fo=0)                   0.000     5.001    read_rsp\\.data[127]
    AA24                                                              r  read_rsp\\.data[127]
  -------------------------------------------------------------------    -------------------

Slack:                    inf
  Source:                 vector_main_ixc/read_path/master_queue[0].response_mem_reg_0_7_102_107/RAMB_D1/CLK
                            (rising edge-triggered cell RAMD32 clocked by sys_clk  {rise@0.000ns fall@2.500ns period=5.000ns})
  Destination:            read_rsp\\.data[105]
                            (output port)
  Path Group:             (none)
  Path Type:              Min at Fast Process Corner
  Data Path Delay:        3.012ns  (logic 1.562ns (51.860%)  route 1.450ns (48.140%))
  Logic Levels:           1  (OBUF=1)
  Clock Uncertainty:      0.025ns  ((TSJ^2 + TIJ^2)^1/2 + DJ) / 2 + PE
    Total System Jitter     (TSJ):    0.050ns
    Total Input Jitter      (TIJ):    0.000ns
    Discrete Jitter          (DJ):    0.000ns
    Phase Error              (PE):    0.000ns

    Location             Delay type                Incr(ns)  Path(ns)    Netlist Resource(s)
  -------------------------------------------------------------------    -------------------
                         (clock sys_clk rise edge)    0.000     0.000 r  <hidden>
    AL20                                              0.000     0.000 r  clk
                         net (fo=0)                   0.000     0.000    clk
    AL20                 IBUF (Prop_ibuf_I_O)         0.118     0.118 r  clk_IBUF_inst/O
                         net (fo=1, routed)           1.316     1.434    clk_IBUF
    BUFGCTRL_X0Y0        BUFG (Prop_bufg_I_O)         0.026     1.460 r  clk_IBUF_BUFG_inst/O
                         net (fo=14784, routed)       0.533     1.993    vector_main_ixc/read_path/master_queue[0].response_mem_reg_0_7_102_107/WCLK
    SLICE_X78Y172        RAMD32                                       r  vector_main_ixc/read_path/master_queue[0].response_mem_reg_0_7_102_107/RAMB_D1/CLK
  -------------------------------------------------------------------    -------------------
    SLICE_X78Y172        RAMD32 (Prop_ramd32_CLK_O)
                                                      0.297     2.290 r  vector_main_ixc/read_path/master_queue[0].response_mem_reg_0_7_102_107/RAMB_D1/O
                         net (fo=1, routed)           1.450     3.740    read_rsp\\.data_OBUF[105]
    W27                  OBUF (Prop_obuf_I_O)         1.265     5.005 r  read_rsp\\.data[105]_INST_0/O
                         net (fo=0)                   0.000     5.005    read_rsp\\.data[105]
    W27                                                               r  read_rsp\\.data[105]
  -------------------------------------------------------------------    -------------------

Slack:                    inf
  Source:                 vector_main_ixc/read_path/master_queue[0].response_mem_reg_0_7_102_107/RAMC_D1/CLK
                            (rising edge-triggered cell RAMD32 clocked by sys_clk  {rise@0.000ns fall@2.500ns period=5.000ns})
  Destination:            read_rsp\\.data[107]
                            (output port)
  Path Group:             (none)
  Path Type:              Min at Fast Process Corner
  Data Path Delay:        3.013ns  (logic 1.566ns (51.985%)  route 1.447ns (48.015%))
  Logic Levels:           1  (OBUF=1)
  Clock Uncertainty:      0.025ns  ((TSJ^2 + TIJ^2)^1/2 + DJ) / 2 + PE
    Total System Jitter     (TSJ):    0.050ns
    Total Input Jitter      (TIJ):    0.000ns
    Discrete Jitter          (DJ):    0.000ns
    Phase Error              (PE):    0.000ns

    Location             Delay type                Incr(ns)  Path(ns)    Netlist Resource(s)
  -------------------------------------------------------------------    -------------------
                         (clock sys_clk rise edge)    0.000     0.000 r  <hidden>
    AL20                                              0.000     0.000 r  clk
                         net (fo=0)                   0.000     0.000    clk
    AL20                 IBUF (Prop_ibuf_I_O)         0.118     0.118 r  clk_IBUF_inst/O
                         net (fo=1, routed)           1.316     1.434    clk_IBUF
    BUFGCTRL_X0Y0        BUFG (Prop_bufg_I_O)         0.026     1.460 r  clk_IBUF_BUFG_inst/O
                         net (fo=14784, routed)       0.533     1.993    vector_main_ixc/read_path/master_queue[0].response_mem_reg_0_7_102_107/WCLK
    SLICE_X78Y172        RAMD32                                       r  vector_main_ixc/read_path/master_queue[0].response_mem_reg_0_7_102_107/RAMC_D1/CLK
  -------------------------------------------------------------------    -------------------
    SLICE_X78Y172        RAMD32 (Prop_ramd32_CLK_O)
                                                      0.294     2.287 r  vector_main_ixc/read_path/master_queue[0].response_mem_reg_0_7_102_107/RAMC_D1/O
                         net (fo=1, routed)           1.447     3.734    read_rsp\\.data_OBUF[107]
    Y24                  OBUF (Prop_obuf_I_O)         1.272     5.007 r  read_rsp\\.data[107]_INST_0/O
                         net (fo=0)                   0.000     5.007    read_rsp\\.data[107]
    Y24                                                               r  read_rsp\\.data[107]
  -------------------------------------------------------------------    -------------------

Slack:                    inf
  Source:                 vector_main_ixc/read_path/master_queue[0].response_mem_reg_0_7_102_107/RAMB/CLK
                            (rising edge-triggered cell RAMD32 clocked by sys_clk  {rise@0.000ns fall@2.500ns period=5.000ns})
  Destination:            read_rsp\\.data[104]
                            (output port)
  Path Group:             (none)
  Path Type:              Min at Fast Process Corner
  Data Path Delay:        3.022ns  (logic 1.608ns (53.214%)  route 1.414ns (46.786%))
  Logic Levels:           1  (OBUF=1)
  Clock Uncertainty:      0.025ns  ((TSJ^2 + TIJ^2)^1/2 + DJ) / 2 + PE
    Total System Jitter     (TSJ):    0.050ns
    Total Input Jitter      (TIJ):    0.000ns
    Discrete Jitter          (DJ):    0.000ns
    Phase Error              (PE):    0.000ns

    Location             Delay type                Incr(ns)  Path(ns)    Netlist Resource(s)
  -------------------------------------------------------------------    -------------------
                         (clock sys_clk rise edge)    0.000     0.000 r  <hidden>
    AL20                                              0.000     0.000 r  clk
                         net (fo=0)                   0.000     0.000    clk
    AL20                 IBUF (Prop_ibuf_I_O)         0.118     0.118 r  clk_IBUF_inst/O
                         net (fo=1, routed)           1.316     1.434    clk_IBUF
    BUFGCTRL_X0Y0        BUFG (Prop_bufg_I_O)         0.026     1.460 r  clk_IBUF_BUFG_inst/O
                         net (fo=14784, routed)       0.533     1.993    vector_main_ixc/read_path/master_queue[0].response_mem_reg_0_7_102_107/WCLK
    SLICE_X78Y172        RAMD32                                       r  vector_main_ixc/read_path/master_queue[0].response_mem_reg_0_7_102_107/RAMB/CLK
  -------------------------------------------------------------------    -------------------
    SLICE_X78Y172        RAMD32 (Prop_ramd32_CLK_O)
                                                      0.301     2.294 r  vector_main_ixc/read_path/master_queue[0].response_mem_reg_0_7_102_107/RAMB/O
                         net (fo=1, routed)           1.414     3.708    read_rsp\\.data_OBUF[104]
    Y26                  OBUF (Prop_obuf_I_O)         1.307     5.016 r  read_rsp\\.data[104]_INST_0/O
                         net (fo=0)                   0.000     5.016    read_rsp\\.data[104]
    Y26                                                               r  read_rsp\\.data[104]
  -------------------------------------------------------------------    -------------------

Slack:                    inf
  Source:                 vector_main_ixc/read_path/master_queue[0].response_mem_reg_0_7_102_107/RAMC/CLK
                            (rising edge-triggered cell RAMD32 clocked by sys_clk  {rise@0.000ns fall@2.500ns period=5.000ns})
  Destination:            read_rsp\\.data[106]
                            (output port)
  Path Group:             (none)
  Path Type:              Min at Fast Process Corner
  Data Path Delay:        3.031ns  (logic 1.604ns (52.918%)  route 1.427ns (47.082%))
  Logic Levels:           1  (OBUF=1)
  Clock Uncertainty:      0.025ns  ((TSJ^2 + TIJ^2)^1/2 + DJ) / 2 + PE
    Total System Jitter     (TSJ):    0.050ns
    Total Input Jitter      (TIJ):    0.000ns
    Discrete Jitter          (DJ):    0.000ns
    Phase Error              (PE):    0.000ns

    Location             Delay type                Incr(ns)  Path(ns)    Netlist Resource(s)
  -------------------------------------------------------------------    -------------------
                         (clock sys_clk rise edge)    0.000     0.000 r  <hidden>
    AL20                                              0.000     0.000 r  clk
                         net (fo=0)                   0.000     0.000    clk
    AL20                 IBUF (Prop_ibuf_I_O)         0.118     0.118 r  clk_IBUF_inst/O
                         net (fo=1, routed)           1.316     1.434    clk_IBUF
    BUFGCTRL_X0Y0        BUFG (Prop_bufg_I_O)         0.026     1.460 r  clk_IBUF_BUFG_inst/O
                         net (fo=14784, routed)       0.533     1.993    vector_main_ixc/read_path/master_queue[0].response_mem_reg_0_7_102_107/WCLK
    SLICE_X78Y172        RAMD32                                       r  vector_main_ixc/read_path/master_queue[0].response_mem_reg_0_7_102_107/RAMC/CLK
  -------------------------------------------------------------------    -------------------
    SLICE_X78Y172        RAMD32 (Prop_ramd32_CLK_O)
                                                      0.296     2.289 r  vector_main_ixc/read_path/master_queue[0].response_mem_reg_0_7_102_107/RAMC/O
                         net (fo=1, routed)           1.427     3.716    read_rsp\\.data_OBUF[106]
    W26                  OBUF (Prop_obuf_I_O)         1.308     5.024 r  read_rsp\\.data[106]_INST_0/O
                         net (fo=0)                   0.000     5.024    read_rsp\\.data[106]
    W26                                                               r  read_rsp\\.data[106]
  -------------------------------------------------------------------    -------------------

Slack:                    inf
  Source:                 vector_main_ixc/read_path/master_queue[0].response_addr_mem_reg_0_7_0_5/RAMC/CLK
                            (rising edge-triggered cell RAMD32 clocked by sys_clk  {rise@0.000ns fall@2.500ns period=5.000ns})
  Destination:            read_rsp\\.addr[4]
                            (output port)
  Path Group:             (none)
  Path Type:              Min at Fast Process Corner
  Data Path Delay:        3.032ns  (logic 1.644ns (54.236%)  route 1.388ns (45.764%))
  Logic Levels:           1  (OBUF=1)
  Clock Uncertainty:      0.025ns  ((TSJ^2 + TIJ^2)^1/2 + DJ) / 2 + PE
    Total System Jitter     (TSJ):    0.050ns
    Total Input Jitter      (TIJ):    0.000ns
    Discrete Jitter          (DJ):    0.000ns
    Phase Error              (PE):    0.000ns

    Location             Delay type                Incr(ns)  Path(ns)    Netlist Resource(s)
  -------------------------------------------------------------------    -------------------
                         (clock sys_clk rise edge)    0.000     0.000 r  <hidden>
    AL20                                              0.000     0.000 r  clk
                         net (fo=0)                   0.000     0.000    clk
    AL20                 IBUF (Prop_ibuf_I_O)         0.118     0.118 r  clk_IBUF_inst/O
                         net (fo=1, routed)           1.316     1.434    clk_IBUF
    BUFGCTRL_X0Y0        BUFG (Prop_bufg_I_O)         0.026     1.460 r  clk_IBUF_BUFG_inst/O
                         net (fo=14784, routed)       0.540     2.000    vector_main_ixc/read_path/master_queue[0].response_addr_mem_reg_0_7_0_5/WCLK
    SLICE_X78Y165        RAMD32                                       r  vector_main_ixc/read_path/master_queue[0].response_addr_mem_reg_0_7_0_5/RAMC/CLK
  -------------------------------------------------------------------    -------------------
    SLICE_X78Y165        RAMD32 (Prop_ramd32_CLK_O)
                                                      0.296     2.296 r  vector_main_ixc/read_path/master_queue[0].response_addr_mem_reg_0_7_0_5/RAMC/O
                         net (fo=1, routed)           1.388     3.684    read_rsp\\.addr_OBUF[4]
    P30                  OBUF (Prop_obuf_I_O)         1.348     5.032 r  read_rsp\\.addr[4]_INST_0/O
                         net (fo=0)                   0.000     5.032    read_rsp\\.addr[4]
    P30                                                               r  read_rsp\\.addr[4]
  -------------------------------------------------------------------    -------------------

Slack:                    inf
  Source:                 vector_main_ixc/read_path/master_queue[0].response_mem_reg_0_7_108_113/RAMB_D1/CLK
                            (rising edge-triggered cell RAMD32 clocked by sys_clk  {rise@0.000ns fall@2.500ns period=5.000ns})
  Destination:            read_rsp\\.data[111]
                            (output port)
  Path Group:             (none)
  Path Type:              Min at Fast Process Corner
  Data Path Delay:        3.048ns  (logic 1.580ns (51.840%)  route 1.468ns (48.160%))
  Logic Levels:           1  (OBUF=1)
  Clock Uncertainty:      0.025ns  ((TSJ^2 + TIJ^2)^1/2 + DJ) / 2 + PE
    Total System Jitter     (TSJ):    0.050ns
    Total Input Jitter      (TIJ):    0.000ns
    Discrete Jitter          (DJ):    0.000ns
    Phase Error              (PE):    0.000ns

    Location             Delay type                Incr(ns)  Path(ns)    Netlist Resource(s)
  -------------------------------------------------------------------    -------------------
                         (clock sys_clk rise edge)    0.000     0.000 r  <hidden>
    AL20                                              0.000     0.000 r  clk
                         net (fo=0)                   0.000     0.000    clk
    AL20                 IBUF (Prop_ibuf_I_O)         0.118     0.118 r  clk_IBUF_inst/O
                         net (fo=1, routed)           1.316     1.434    clk_IBUF
    BUFGCTRL_X0Y0        BUFG (Prop_bufg_I_O)         0.026     1.460 r  clk_IBUF_BUFG_inst/O
                         net (fo=14784, routed)       0.534     1.994    vector_main_ixc/read_path/master_queue[0].response_mem_reg_0_7_108_113/WCLK
    SLICE_X70Y177        RAMD32                                       r  vector_main_ixc/read_path/master_queue[0].response_mem_reg_0_7_108_113/RAMB_D1/CLK
  -------------------------------------------------------------------    -------------------
    SLICE_X70Y177        RAMD32 (Prop_ramd32_CLK_O)
                                                      0.297     2.291 r  vector_main_ixc/read_path/master_queue[0].response_mem_reg_0_7_108_113/RAMB_D1/O
                         net (fo=1, routed)           1.468     3.759    read_rsp\\.data_OBUF[111]
    W29                  OBUF (Prop_obuf_I_O)         1.283     5.043 r  read_rsp\\.data[111]_INST_0/O
                         net (fo=0)                   0.000     5.043    read_rsp\\.data[111]
    W29                                                               r  read_rsp\\.data[111]
  -------------------------------------------------------------------    -------------------

Slack:                    inf
  Source:                 vector_main_ixc/read_path/master_queue[0].response_mem_reg_0_7_30_35/RAMC/CLK
                            (rising edge-triggered cell RAMD32 clocked by sys_clk  {rise@0.000ns fall@2.500ns period=5.000ns})
  Destination:            read_rsp\\.data[34]
                            (output port)
  Path Group:             (none)
  Path Type:              Min at Fast Process Corner
  Data Path Delay:        3.071ns  (logic 1.650ns (53.743%)  route 1.420ns (46.257%))
  Logic Levels:           1  (OBUF=1)
  Clock Uncertainty:      0.025ns  ((TSJ^2 + TIJ^2)^1/2 + DJ) / 2 + PE
    Total System Jitter     (TSJ):    0.050ns
    Total Input Jitter      (TIJ):    0.000ns
    Discrete Jitter          (DJ):    0.000ns
    Phase Error              (PE):    0.000ns

    Location             Delay type                Incr(ns)  Path(ns)    Netlist Resource(s)
  -------------------------------------------------------------------    -------------------
                         (clock sys_clk rise edge)    0.000     0.000 r  <hidden>
    AL20                                              0.000     0.000 r  clk
                         net (fo=0)                   0.000     0.000    clk
    AL20                 IBUF (Prop_ibuf_I_O)         0.118     0.118 r  clk_IBUF_inst/O
                         net (fo=1, routed)           1.316     1.434    clk_IBUF
    BUFGCTRL_X0Y0        BUFG (Prop_bufg_I_O)         0.026     1.460 r  clk_IBUF_BUFG_inst/O
                         net (fo=14784, routed)       0.534     1.994    vector_main_ixc/read_path/master_queue[0].response_mem_reg_0_7_30_35/WCLK
    SLICE_X74Y172        RAMD32                                       r  vector_main_ixc/read_path/master_queue[0].response_mem_reg_0_7_30_35/RAMC/CLK
  -------------------------------------------------------------------    -------------------
    SLICE_X74Y172        RAMD32 (Prop_ramd32_CLK_O)
                                                      0.296     2.290 r  vector_main_ixc/read_path/master_queue[0].response_mem_reg_0_7_30_35/RAMC/O
                         net (fo=1, routed)           1.420     3.711    read_rsp\\.data_OBUF[34]
    AF30                 OBUF (Prop_obuf_I_O)         1.354     5.065 r  read_rsp\\.data[34]_INST_0/O
                         net (fo=0)                   0.000     5.065    read_rsp\\.data[34]
    AF30                                                              r  read_rsp\\.data[34]
  -------------------------------------------------------------------    -------------------

Slack:                    inf
  Source:                 vector_main_ixc/read_path/master_queue[0].response_mem_reg_0_7_114_119/RAMB_D1/CLK
                            (rising edge-triggered cell RAMD32 clocked by sys_clk  {rise@0.000ns fall@2.500ns period=5.000ns})
  Destination:            read_rsp\\.data[117]
                            (output port)
  Path Group:             (none)
  Path Type:              Min at Fast Process Corner
  Data Path Delay:        3.071ns  (logic 1.604ns (52.225%)  route 1.467ns (47.775%))
  Logic Levels:           1  (OBUF=1)
  Clock Uncertainty:      0.025ns  ((TSJ^2 + TIJ^2)^1/2 + DJ) / 2 + PE
    Total System Jitter     (TSJ):    0.050ns
    Total Input Jitter      (TIJ):    0.000ns
    Discrete Jitter          (DJ):    0.000ns
    Phase Error              (PE):    0.000ns

    Location             Delay type                Incr(ns)  Path(ns)    Netlist Resource(s)
  -------------------------------------------------------------------    -------------------
                         (clock sys_clk rise edge)    0.000     0.000 r  <hidden>
    AL20                                              0.000     0.000 r  clk
                         net (fo=0)                   0.000     0.000    clk
    AL20                 IBUF (Prop_ibuf_I_O)         0.118     0.118 r  clk_IBUF_inst/O
                         net (fo=1, routed)           1.316     1.434    clk_IBUF
    BUFGCTRL_X0Y0        BUFG (Prop_bufg_I_O)         0.026     1.460 r  clk_IBUF_BUFG_inst/O
                         net (fo=14784, routed)       0.534     1.994    vector_main_ixc/read_path/master_queue[0].response_mem_reg_0_7_114_119/WCLK
    SLICE_X76Y177        RAMD32                                       r  vector_main_ixc/read_path/master_queue[0].response_mem_reg_0_7_114_119/RAMB_D1/CLK
  -------------------------------------------------------------------    -------------------
    SLICE_X76Y177        RAMD32 (Prop_ramd32_CLK_O)
                                                      0.297     2.291 r  vector_main_ixc/read_path/master_queue[0].response_mem_reg_0_7_114_119/RAMB_D1/O
                         net (fo=1, routed)           1.467     3.759    read_rsp\\.data_OBUF[117]
    W32                  OBUF (Prop_obuf_I_O)         1.307     5.065 r  read_rsp\\.data[117]_INST_0/O
                         net (fo=0)                   0.000     5.065    read_rsp\\.data[117]
    W32                                                               r  read_rsp\\.data[117]
  -------------------------------------------------------------------    -------------------

Slack:                    inf
  Source:                 vector_main_ixc/read_path/master_queue[0].response_mem_reg_0_7_96_101/RAMC_D1/CLK
                            (rising edge-triggered cell RAMD32 clocked by sys_clk  {rise@0.000ns fall@2.500ns period=5.000ns})
  Destination:            read_rsp\\.data[101]
                            (output port)
  Path Group:             (none)
  Path Type:              Min at Fast Process Corner
  Data Path Delay:        3.084ns  (logic 1.583ns (51.315%)  route 1.502ns (48.685%))
  Logic Levels:           1  (OBUF=1)
  Clock Uncertainty:      0.025ns  ((TSJ^2 + TIJ^2)^1/2 + DJ) / 2 + PE
    Total System Jitter     (TSJ):    0.050ns
    Total Input Jitter      (TIJ):    0.000ns
    Discrete Jitter          (DJ):    0.000ns
    Phase Error              (PE):    0.000ns

    Location             Delay type                Incr(ns)  Path(ns)    Netlist Resource(s)
  -------------------------------------------------------------------    -------------------
                         (clock sys_clk rise edge)    0.000     0.000 r  <hidden>
    AL20                                              0.000     0.000 r  clk
                         net (fo=0)                   0.000     0.000    clk
    AL20                 IBUF (Prop_ibuf_I_O)         0.118     0.118 r  clk_IBUF_inst/O
                         net (fo=1, routed)           1.316     1.434    clk_IBUF
    BUFGCTRL_X0Y0        BUFG (Prop_bufg_I_O)         0.026     1.460 r  clk_IBUF_BUFG_inst/O
                         net (fo=14784, routed)       0.532     1.992    vector_main_ixc/read_path/master_queue[0].response_mem_reg_0_7_96_101/WCLK
    SLICE_X72Y175        RAMD32                                       r  vector_main_ixc/read_path/master_queue[0].response_mem_reg_0_7_96_101/RAMC_D1/CLK
  -------------------------------------------------------------------    -------------------
    SLICE_X72Y175        RAMD32 (Prop_ramd32_CLK_O)
                                                      0.294     2.286 r  vector_main_ixc/read_path/master_queue[0].response_mem_reg_0_7_96_101/RAMC_D1/O
                         net (fo=1, routed)           1.502     3.788    read_rsp\\.data_OBUF[101]
    AA29                 OBUF (Prop_obuf_I_O)         1.289     5.077 r  read_rsp\\.data[101]_INST_0/O
                         net (fo=0)                   0.000     5.077    read_rsp\\.data[101]
    AA29                                                              r  read_rsp\\.data[101]
  -------------------------------------------------------------------    -------------------

Slack:                    inf
  Source:                 vector_main_ixc/read_path/master_queue[0].response_mem_reg_0_7_114_119/RAMA_D1/CLK
                            (rising edge-triggered cell RAMD32 clocked by sys_clk  {rise@0.000ns fall@2.500ns period=5.000ns})
  Destination:            read_rsp\\.data[115]
                            (output port)
  Path Group:             (none)
  Path Type:              Min at Fast Process Corner
  Data Path Delay:        3.089ns  (logic 1.671ns (54.115%)  route 1.417ns (45.885%))
  Logic Levels:           1  (OBUF=1)
  Clock Uncertainty:      0.025ns  ((TSJ^2 + TIJ^2)^1/2 + DJ) / 2 + PE
    Total System Jitter     (TSJ):    0.050ns
    Total Input Jitter      (TIJ):    0.000ns
    Discrete Jitter          (DJ):    0.000ns
    Phase Error              (PE):    0.000ns

    Location             Delay type                Incr(ns)  Path(ns)    Netlist Resource(s)
  -------------------------------------------------------------------    -------------------
                         (clock sys_clk rise edge)    0.000     0.000 r  <hidden>
    AL20                                              0.000     0.000 r  clk
                         net (fo=0)                   0.000     0.000    clk
    AL20                 IBUF (Prop_ibuf_I_O)         0.118     0.118 r  clk_IBUF_inst/O
                         net (fo=1, routed)           1.316     1.434    clk_IBUF
    BUFGCTRL_X0Y0        BUFG (Prop_bufg_I_O)         0.026     1.460 r  clk_IBUF_BUFG_inst/O
                         net (fo=14784, routed)       0.534     1.994    vector_main_ixc/read_path/master_queue[0].response_mem_reg_0_7_114_119/WCLK
    SLICE_X76Y177        RAMD32                                       r  vector_main_ixc/read_path/master_queue[0].response_mem_reg_0_7_114_119/RAMA_D1/CLK
  -------------------------------------------------------------------    -------------------
    SLICE_X76Y177        RAMD32 (Prop_ramd32_CLK_O)
                                                      0.374     2.368 r  vector_main_ixc/read_path/master_queue[0].response_mem_reg_0_7_114_119/RAMA_D1/O
                         net (fo=1, routed)           1.417     3.785    read_rsp\\.data_OBUF[115]
    W30                  OBUF (Prop_obuf_I_O)         1.297     5.083 r  read_rsp\\.data[115]_INST_0/O
                         net (fo=0)                   0.000     5.083    read_rsp\\.data[115]
    W30                                                               r  read_rsp\\.data[115]
  -------------------------------------------------------------------    -------------------

Slack:                    inf
  Source:                 vector_main_ixc/read_path/master_queue[0].response_mem_reg_0_7_108_113/RAMA_D1/CLK
                            (rising edge-triggered cell RAMD32 clocked by sys_clk  {rise@0.000ns fall@2.500ns period=5.000ns})
  Destination:            read_rsp\\.data[109]
                            (output port)
  Path Group:             (none)
  Path Type:              Min at Fast Process Corner
  Data Path Delay:        3.099ns  (logic 1.647ns (53.170%)  route 1.451ns (46.830%))
  Logic Levels:           1  (OBUF=1)
  Clock Uncertainty:      0.025ns  ((TSJ^2 + TIJ^2)^1/2 + DJ) / 2 + PE
    Total System Jitter     (TSJ):    0.050ns
    Total Input Jitter      (TIJ):    0.000ns
    Discrete Jitter          (DJ):    0.000ns
    Phase Error              (PE):    0.000ns

    Location             Delay type                Incr(ns)  Path(ns)    Netlist Resource(s)
  -------------------------------------------------------------------    -------------------
                         (clock sys_clk rise edge)    0.000     0.000 r  <hidden>
    AL20                                              0.000     0.000 r  clk
                         net (fo=0)                   0.000     0.000    clk
    AL20                 IBUF (Prop_ibuf_I_O)         0.118     0.118 r  clk_IBUF_inst/O
                         net (fo=1, routed)           1.316     1.434    clk_IBUF
    BUFGCTRL_X0Y0        BUFG (Prop_bufg_I_O)         0.026     1.460 r  clk_IBUF_BUFG_inst/O
                         net (fo=14784, routed)       0.534     1.994    vector_main_ixc/read_path/master_queue[0].response_mem_reg_0_7_108_113/WCLK
    SLICE_X70Y177        RAMD32                                       r  vector_main_ixc/read_path/master_queue[0].response_mem_reg_0_7_108_113/RAMA_D1/CLK
  -------------------------------------------------------------------    -------------------
    SLICE_X70Y177        RAMD32 (Prop_ramd32_CLK_O)
                                                      0.374     2.368 r  vector_main_ixc/read_path/master_queue[0].response_mem_reg_0_7_108_113/RAMA_D1/O
                         net (fo=1, routed)           1.451     3.819    read_rsp\\.data_OBUF[109]
    V28                  OBUF (Prop_obuf_I_O)         1.273     5.093 r  read_rsp\\.data[109]_INST_0/O
                         net (fo=0)                   0.000     5.093    read_rsp\\.data[109]
    V28                                                               r  read_rsp\\.data[109]
  -------------------------------------------------------------------    -------------------





--------------------------------------------------------------------------------------
Path Group:  (none)
From Clock:  
  To Clock:  sys_clk

Max Delay         21146 Endpoints
Min Delay         21146 Endpoints
--------------------------------------------------------------------------------------


Max Delay Paths
--------------------------------------------------------------------------------------
Slack:                    inf
  Source:                 rst_n
                            (input port)
  Destination:            sch_0/execute/gpr_reg[12][7]/R
                            (rising edge-triggered cell FDRE clocked by sys_clk  {rise@0.000ns fall@2.500ns period=5.000ns})
  Path Group:             (none)
  Path Type:              Setup (Max at Slow Process Corner)
  Data Path Delay:        19.780ns  (logic 0.840ns (4.248%)  route 18.940ns (95.752%))
  Logic Levels:           2  (IBUF=1 LUT1=1)
  Clock Path Skew:        4.623ns (DCD - SCD + CPR)
    Destination Clock Delay (DCD):    4.623ns
    Source Clock Delay      (SCD):    0.000ns
    Clock Pessimism Removal (CPR):    0.000ns
  Clock Uncertainty:      0.025ns  ((TSJ^2 + TIJ^2)^1/2 + DJ) / 2 + PE
    Total System Jitter     (TSJ):    0.050ns
    Total Input Jitter      (TIJ):    0.000ns
    Discrete Jitter          (DJ):    0.000ns
    Phase Error              (PE):    0.000ns

    Location             Delay type                Incr(ns)  Path(ns)    Netlist Resource(s)
  -------------------------------------------------------------------    -------------------
    N33                                               0.000     0.000 f  rst_n
                         net (fo=0)                   0.000     0.000    rst_n
    N33                  IBUF (Prop_ibuf_I_O)         0.797     0.797 f  rst_n_IBUF_inst/O
                         net (fo=219, routed)         1.822     2.619    sch_0/execute/rst_n_IBUF
    SLICE_X40Y208        LUT1 (Prop_lut1_I0_O)        0.043     2.662 r  sch_0/execute/slave_queue[1].tail[2]_i_1/O
                         net (fo=3884, routed)       17.118    19.780    sch_0/execute/SR[0]
    SLICE_X72Y135        FDRE                                         r  sch_0/execute/gpr_reg[12][7]/R
  -------------------------------------------------------------------    -------------------

                         (clock sys_clk rise edge)    0.000     0.000 r  <hidden>
    AL20                                              0.000     0.000 r  clk
                         net (fo=0)                   0.000     0.000    clk
    AL20                 IBUF (Prop_ibuf_I_O)         0.701     0.701 r  clk_IBUF_inst/O
                         net (fo=1, routed)           2.579     3.280    clk_IBUF
    BUFGCTRL_X0Y0        BUFG (Prop_bufg_I_O)         0.083     3.363 r  clk_IBUF_BUFG_inst/O
                         net (fo=14784, routed)       1.260     4.623    sch_0/execute/clk_IBUF_BUFG
    SLICE_X72Y135        FDRE                                         r  sch_0/execute/gpr_reg[12][7]/C

Slack:                    inf
  Source:                 rst_n
                            (input port)
  Destination:            sch_0/execute/gpr_reg[7][7]/R
                            (rising edge-triggered cell FDRE clocked by sys_clk  {rise@0.000ns fall@2.500ns period=5.000ns})
  Path Group:             (none)
  Path Type:              Setup (Max at Slow Process Corner)
  Data Path Delay:        19.780ns  (logic 0.840ns (4.248%)  route 18.940ns (95.752%))
  Logic Levels:           2  (IBUF=1 LUT1=1)
  Clock Path Skew:        4.623ns (DCD - SCD + CPR)
    Destination Clock Delay (DCD):    4.623ns
    Source Clock Delay      (SCD):    0.000ns
    Clock Pessimism Removal (CPR):    0.000ns
  Clock Uncertainty:      0.025ns  ((TSJ^2 + TIJ^2)^1/2 + DJ) / 2 + PE
    Total System Jitter     (TSJ):    0.050ns
    Total Input Jitter      (TIJ):    0.000ns
    Discrete Jitter          (DJ):    0.000ns
    Phase Error              (PE):    0.000ns

    Location             Delay type                Incr(ns)  Path(ns)    Netlist Resource(s)
  -------------------------------------------------------------------    -------------------
    N33                                               0.000     0.000 f  rst_n
                         net (fo=0)                   0.000     0.000    rst_n
    N33                  IBUF (Prop_ibuf_I_O)         0.797     0.797 f  rst_n_IBUF_inst/O
                         net (fo=219, routed)         1.822     2.619    sch_0/execute/rst_n_IBUF
    SLICE_X40Y208        LUT1 (Prop_lut1_I0_O)        0.043     2.662 r  sch_0/execute/slave_queue[1].tail[2]_i_1/O
                         net (fo=3884, routed)       17.118    19.780    sch_0/execute/SR[0]
    SLICE_X73Y135        FDRE                                         r  sch_0/execute/gpr_reg[7][7]/R
  -------------------------------------------------------------------    -------------------

                         (clock sys_clk rise edge)    0.000     0.000 r  <hidden>
    AL20                                              0.000     0.000 r  clk
                         net (fo=0)                   0.000     0.000    clk
    AL20                 IBUF (Prop_ibuf_I_O)         0.701     0.701 r  clk_IBUF_inst/O
                         net (fo=1, routed)           2.579     3.280    clk_IBUF
    BUFGCTRL_X0Y0        BUFG (Prop_bufg_I_O)         0.083     3.363 r  clk_IBUF_BUFG_inst/O
                         net (fo=14784, routed)       1.260     4.623    sch_0/execute/clk_IBUF_BUFG
    SLICE_X73Y135        FDRE                                         r  sch_0/execute/gpr_reg[7][7]/C

Slack:                    inf
  Source:                 rst_n
                            (input port)
  Destination:            sch_0/execute/emit_addr_reg[0]/R
                            (rising edge-triggered cell FDRE clocked by sys_clk  {rise@0.000ns fall@2.500ns period=5.000ns})
  Path Group:             (none)
  Path Type:              Setup (Max at Slow Process Corner)
  Data Path Delay:        19.748ns  (logic 0.840ns (4.255%)  route 18.907ns (95.745%))
  Logic Levels:           2  (IBUF=1 LUT1=1)
  Clock Path Skew:        4.625ns (DCD - SCD + CPR)
    Destination Clock Delay (DCD):    4.625ns
    Source Clock Delay      (SCD):    0.000ns
    Clock Pessimism Removal (CPR):    0.000ns
  Clock Uncertainty:      0.025ns  ((TSJ^2 + TIJ^2)^1/2 + DJ) / 2 + PE
    Total System Jitter     (TSJ):    0.050ns
    Total Input Jitter      (TIJ):    0.000ns
    Discrete Jitter          (DJ):    0.000ns
    Phase Error              (PE):    0.000ns

    Location             Delay type                Incr(ns)  Path(ns)    Netlist Resource(s)
  -------------------------------------------------------------------    -------------------
    N33                                               0.000     0.000 f  rst_n
                         net (fo=0)                   0.000     0.000    rst_n
    N33                  IBUF (Prop_ibuf_I_O)         0.797     0.797 f  rst_n_IBUF_inst/O
                         net (fo=219, routed)         1.822     2.619    sch_0/execute/rst_n_IBUF
    SLICE_X40Y208        LUT1 (Prop_lut1_I0_O)        0.043     2.662 r  sch_0/execute/slave_queue[1].tail[2]_i_1/O
                         net (fo=3884, routed)       17.086    19.748    sch_0/execute/SR[0]
    SLICE_X76Y141        FDRE                                         r  sch_0/execute/emit_addr_reg[0]/R
  -------------------------------------------------------------------    -------------------

                         (clock sys_clk rise edge)    0.000     0.000 r  <hidden>
    AL20                                              0.000     0.000 r  clk
                         net (fo=0)                   0.000     0.000    clk
    AL20                 IBUF (Prop_ibuf_I_O)         0.701     0.701 r  clk_IBUF_inst/O
                         net (fo=1, routed)           2.579     3.280    clk_IBUF
    BUFGCTRL_X0Y0        BUFG (Prop_bufg_I_O)         0.083     3.363 r  clk_IBUF_BUFG_inst/O
                         net (fo=14784, routed)       1.262     4.625    sch_0/execute/clk_IBUF_BUFG
    SLICE_X76Y141        FDRE                                         r  sch_0/execute/emit_addr_reg[0]/C

Slack:                    inf
  Source:                 rst_n
                            (input port)
  Destination:            sch_0/execute/emit_addr_reg[1]/R
                            (rising edge-triggered cell FDRE clocked by sys_clk  {rise@0.000ns fall@2.500ns period=5.000ns})
  Path Group:             (none)
  Path Type:              Setup (Max at Slow Process Corner)
  Data Path Delay:        19.748ns  (logic 0.840ns (4.255%)  route 18.907ns (95.745%))
  Logic Levels:           2  (IBUF=1 LUT1=1)
  Clock Path Skew:        4.625ns (DCD - SCD + CPR)
    Destination Clock Delay (DCD):    4.625ns
    Source Clock Delay      (SCD):    0.000ns
    Clock Pessimism Removal (CPR):    0.000ns
  Clock Uncertainty:      0.025ns  ((TSJ^2 + TIJ^2)^1/2 + DJ) / 2 + PE
    Total System Jitter     (TSJ):    0.050ns
    Total Input Jitter      (TIJ):    0.000ns
    Discrete Jitter          (DJ):    0.000ns
    Phase Error              (PE):    0.000ns

    Location             Delay type                Incr(ns)  Path(ns)    Netlist Resource(s)
  -------------------------------------------------------------------    -------------------
    N33                                               0.000     0.000 f  rst_n
                         net (fo=0)                   0.000     0.000    rst_n
    N33                  IBUF (Prop_ibuf_I_O)         0.797     0.797 f  rst_n_IBUF_inst/O
                         net (fo=219, routed)         1.822     2.619    sch_0/execute/rst_n_IBUF
    SLICE_X40Y208        LUT1 (Prop_lut1_I0_O)        0.043     2.662 r  sch_0/execute/slave_queue[1].tail[2]_i_1/O
                         net (fo=3884, routed)       17.086    19.748    sch_0/execute/SR[0]
    SLICE_X76Y141        FDRE                                         r  sch_0/execute/emit_addr_reg[1]/R
  -------------------------------------------------------------------    -------------------

                         (clock sys_clk rise edge)    0.000     0.000 r  <hidden>
    AL20                                              0.000     0.000 r  clk
                         net (fo=0)                   0.000     0.000    clk
    AL20                 IBUF (Prop_ibuf_I_O)         0.701     0.701 r  clk_IBUF_inst/O
                         net (fo=1, routed)           2.579     3.280    clk_IBUF
    BUFGCTRL_X0Y0        BUFG (Prop_bufg_I_O)         0.083     3.363 r  clk_IBUF_BUFG_inst/O
                         net (fo=14784, routed)       1.262     4.625    sch_0/execute/clk_IBUF_BUFG
    SLICE_X76Y141        FDRE                                         r  sch_0/execute/emit_addr_reg[1]/C

Slack:                    inf
  Source:                 rst_n
                            (input port)
  Destination:            sch_0/execute/emit_addr_reg[2]/R
                            (rising edge-triggered cell FDRE clocked by sys_clk  {rise@0.000ns fall@2.500ns period=5.000ns})
  Path Group:             (none)
  Path Type:              Setup (Max at Slow Process Corner)
  Data Path Delay:        19.748ns  (logic 0.840ns (4.255%)  route 18.907ns (95.745%))
  Logic Levels:           2  (IBUF=1 LUT1=1)
  Clock Path Skew:        4.625ns (DCD - SCD + CPR)
    Destination Clock Delay (DCD):    4.625ns
    Source Clock Delay      (SCD):    0.000ns
    Clock Pessimism Removal (CPR):    0.000ns
  Clock Uncertainty:      0.025ns  ((TSJ^2 + TIJ^2)^1/2 + DJ) / 2 + PE
    Total System Jitter     (TSJ):    0.050ns
    Total Input Jitter      (TIJ):    0.000ns
    Discrete Jitter          (DJ):    0.000ns
    Phase Error              (PE):    0.000ns

    Location             Delay type                Incr(ns)  Path(ns)    Netlist Resource(s)
  -------------------------------------------------------------------    -------------------
    N33                                               0.000     0.000 f  rst_n
                         net (fo=0)                   0.000     0.000    rst_n
    N33                  IBUF (Prop_ibuf_I_O)         0.797     0.797 f  rst_n_IBUF_inst/O
                         net (fo=219, routed)         1.822     2.619    sch_0/execute/rst_n_IBUF
    SLICE_X40Y208        LUT1 (Prop_lut1_I0_O)        0.043     2.662 r  sch_0/execute/slave_queue[1].tail[2]_i_1/O
                         net (fo=3884, routed)       17.086    19.748    sch_0/execute/SR[0]
    SLICE_X76Y141        FDRE                                         r  sch_0/execute/emit_addr_reg[2]/R
  -------------------------------------------------------------------    -------------------

                         (clock sys_clk rise edge)    0.000     0.000 r  <hidden>
    AL20                                              0.000     0.000 r  clk
                         net (fo=0)                   0.000     0.000    clk
    AL20                 IBUF (Prop_ibuf_I_O)         0.701     0.701 r  clk_IBUF_inst/O
                         net (fo=1, routed)           2.579     3.280    clk_IBUF
    BUFGCTRL_X0Y0        BUFG (Prop_bufg_I_O)         0.083     3.363 r  clk_IBUF_BUFG_inst/O
                         net (fo=14784, routed)       1.262     4.625    sch_0/execute/clk_IBUF_BUFG
    SLICE_X76Y141        FDRE                                         r  sch_0/execute/emit_addr_reg[2]/C

Slack:                    inf
  Source:                 rst_n
                            (input port)
  Destination:            sch_0/execute/emit_addr_reg[3]/R
                            (rising edge-triggered cell FDRE clocked by sys_clk  {rise@0.000ns fall@2.500ns period=5.000ns})
  Path Group:             (none)
  Path Type:              Setup (Max at Slow Process Corner)
  Data Path Delay:        19.748ns  (logic 0.840ns (4.255%)  route 18.907ns (95.745%))
  Logic Levels:           2  (IBUF=1 LUT1=1)
  Clock Path Skew:        4.625ns (DCD - SCD + CPR)
    Destination Clock Delay (DCD):    4.625ns
    Source Clock Delay      (SCD):    0.000ns
    Clock Pessimism Removal (CPR):    0.000ns
  Clock Uncertainty:      0.025ns  ((TSJ^2 + TIJ^2)^1/2 + DJ) / 2 + PE
    Total System Jitter     (TSJ):    0.050ns
    Total Input Jitter      (TIJ):    0.000ns
    Discrete Jitter          (DJ):    0.000ns
    Phase Error              (PE):    0.000ns

    Location             Delay type                Incr(ns)  Path(ns)    Netlist Resource(s)
  -------------------------------------------------------------------    -------------------
    N33                                               0.000     0.000 f  rst_n
                         net (fo=0)                   0.000     0.000    rst_n
    N33                  IBUF (Prop_ibuf_I_O)         0.797     0.797 f  rst_n_IBUF_inst/O
                         net (fo=219, routed)         1.822     2.619    sch_0/execute/rst_n_IBUF
    SLICE_X40Y208        LUT1 (Prop_lut1_I0_O)        0.043     2.662 r  sch_0/execute/slave_queue[1].tail[2]_i_1/O
                         net (fo=3884, routed)       17.086    19.748    sch_0/execute/SR[0]
    SLICE_X76Y141        FDRE                                         r  sch_0/execute/emit_addr_reg[3]/R
  -------------------------------------------------------------------    -------------------

                         (clock sys_clk rise edge)    0.000     0.000 r  <hidden>
    AL20                                              0.000     0.000 r  clk
                         net (fo=0)                   0.000     0.000    clk
    AL20                 IBUF (Prop_ibuf_I_O)         0.701     0.701 r  clk_IBUF_inst/O
                         net (fo=1, routed)           2.579     3.280    clk_IBUF
    BUFGCTRL_X0Y0        BUFG (Prop_bufg_I_O)         0.083     3.363 r  clk_IBUF_BUFG_inst/O
                         net (fo=14784, routed)       1.262     4.625    sch_0/execute/clk_IBUF_BUFG
    SLICE_X76Y141        FDRE                                         r  sch_0/execute/emit_addr_reg[3]/C

Slack:                    inf
  Source:                 rst_n
                            (input port)
  Destination:            sch_0/execute/wb_reg[dma_length][16]/R
                            (rising edge-triggered cell FDRE clocked by sys_clk  {rise@0.000ns fall@2.500ns period=5.000ns})
  Path Group:             (none)
  Path Type:              Setup (Max at Slow Process Corner)
  Data Path Delay:        19.748ns  (logic 0.840ns (4.255%)  route 18.907ns (95.745%))
  Logic Levels:           2  (IBUF=1 LUT1=1)
  Clock Path Skew:        4.625ns (DCD - SCD + CPR)
    Destination Clock Delay (DCD):    4.625ns
    Source Clock Delay      (SCD):    0.000ns
    Clock Pessimism Removal (CPR):    0.000ns
  Clock Uncertainty:      0.025ns  ((TSJ^2 + TIJ^2)^1/2 + DJ) / 2 + PE
    Total System Jitter     (TSJ):    0.050ns
    Total Input Jitter      (TIJ):    0.000ns
    Discrete Jitter          (DJ):    0.000ns
    Phase Error              (PE):    0.000ns

    Location             Delay type                Incr(ns)  Path(ns)    Netlist Resource(s)
  -------------------------------------------------------------------    -------------------
    N33                                               0.000     0.000 f  rst_n
                         net (fo=0)                   0.000     0.000    rst_n
    N33                  IBUF (Prop_ibuf_I_O)         0.797     0.797 f  rst_n_IBUF_inst/O
                         net (fo=219, routed)         1.822     2.619    sch_0/execute/rst_n_IBUF
    SLICE_X40Y208        LUT1 (Prop_lut1_I0_O)        0.043     2.662 r  sch_0/execute/slave_queue[1].tail[2]_i_1/O
                         net (fo=3884, routed)       17.086    19.748    sch_0/execute/SR[0]
    SLICE_X77Y141        FDRE                                         r  sch_0/execute/wb_reg[dma_length][16]/R
  -------------------------------------------------------------------    -------------------

                         (clock sys_clk rise edge)    0.000     0.000 r  <hidden>
    AL20                                              0.000     0.000 r  clk
                         net (fo=0)                   0.000     0.000    clk
    AL20                 IBUF (Prop_ibuf_I_O)         0.701     0.701 r  clk_IBUF_inst/O
                         net (fo=1, routed)           2.579     3.280    clk_IBUF
    BUFGCTRL_X0Y0        BUFG (Prop_bufg_I_O)         0.083     3.363 r  clk_IBUF_BUFG_inst/O
                         net (fo=14784, routed)       1.262     4.625    sch_0/execute/clk_IBUF_BUFG
    SLICE_X77Y141        FDRE                                         r  sch_0/execute/wb_reg[dma_length][16]/C

Slack:                    inf
  Source:                 rst_n
                            (input port)
  Destination:            sch_0/execute/wb_reg[emit_step][11]/R
                            (rising edge-triggered cell FDRE clocked by sys_clk  {rise@0.000ns fall@2.500ns period=5.000ns})
  Path Group:             (none)
  Path Type:              Setup (Max at Slow Process Corner)
  Data Path Delay:        19.748ns  (logic 0.840ns (4.255%)  route 18.907ns (95.745%))
  Logic Levels:           2  (IBUF=1 LUT1=1)
  Clock Path Skew:        4.625ns (DCD - SCD + CPR)
    Destination Clock Delay (DCD):    4.625ns
    Source Clock Delay      (SCD):    0.000ns
    Clock Pessimism Removal (CPR):    0.000ns
  Clock Uncertainty:      0.025ns  ((TSJ^2 + TIJ^2)^1/2 + DJ) / 2 + PE
    Total System Jitter     (TSJ):    0.050ns
    Total Input Jitter      (TIJ):    0.000ns
    Discrete Jitter          (DJ):    0.000ns
    Phase Error              (PE):    0.000ns

    Location             Delay type                Incr(ns)  Path(ns)    Netlist Resource(s)
  -------------------------------------------------------------------    -------------------
    N33                                               0.000     0.000 f  rst_n
                         net (fo=0)                   0.000     0.000    rst_n
    N33                  IBUF (Prop_ibuf_I_O)         0.797     0.797 f  rst_n_IBUF_inst/O
                         net (fo=219, routed)         1.822     2.619    sch_0/execute/rst_n_IBUF
    SLICE_X40Y208        LUT1 (Prop_lut1_I0_O)        0.043     2.662 r  sch_0/execute/slave_queue[1].tail[2]_i_1/O
                         net (fo=3884, routed)       17.086    19.748    sch_0/execute/SR[0]
    SLICE_X77Y141        FDRE                                         r  sch_0/execute/wb_reg[emit_step][11]/R
  -------------------------------------------------------------------    -------------------

                         (clock sys_clk rise edge)    0.000     0.000 r  <hidden>
    AL20                                              0.000     0.000 r  clk
                         net (fo=0)                   0.000     0.000    clk
    AL20                 IBUF (Prop_ibuf_I_O)         0.701     0.701 r  clk_IBUF_inst/O
                         net (fo=1, routed)           2.579     3.280    clk_IBUF
    BUFGCTRL_X0Y0        BUFG (Prop_bufg_I_O)         0.083     3.363 r  clk_IBUF_BUFG_inst/O
                         net (fo=14784, routed)       1.262     4.625    sch_0/execute/clk_IBUF_BUFG
    SLICE_X77Y141        FDRE                                         r  sch_0/execute/wb_reg[emit_step][11]/C

Slack:                    inf
  Source:                 rst_n
                            (input port)
  Destination:            sch_0/execute/wb_reg[emit_step][14]/R
                            (rising edge-triggered cell FDRE clocked by sys_clk  {rise@0.000ns fall@2.500ns period=5.000ns})
  Path Group:             (none)
  Path Type:              Setup (Max at Slow Process Corner)
  Data Path Delay:        19.748ns  (logic 0.840ns (4.255%)  route 18.907ns (95.745%))
  Logic Levels:           2  (IBUF=1 LUT1=1)
  Clock Path Skew:        4.625ns (DCD - SCD + CPR)
    Destination Clock Delay (DCD):    4.625ns
    Source Clock Delay      (SCD):    0.000ns
    Clock Pessimism Removal (CPR):    0.000ns
  Clock Uncertainty:      0.025ns  ((TSJ^2 + TIJ^2)^1/2 + DJ) / 2 + PE
    Total System Jitter     (TSJ):    0.050ns
    Total Input Jitter      (TIJ):    0.000ns
    Discrete Jitter          (DJ):    0.000ns
    Phase Error              (PE):    0.000ns

    Location             Delay type                Incr(ns)  Path(ns)    Netlist Resource(s)
  -------------------------------------------------------------------    -------------------
    N33                                               0.000     0.000 f  rst_n
                         net (fo=0)                   0.000     0.000    rst_n
    N33                  IBUF (Prop_ibuf_I_O)         0.797     0.797 f  rst_n_IBUF_inst/O
                         net (fo=219, routed)         1.822     2.619    sch_0/execute/rst_n_IBUF
    SLICE_X40Y208        LUT1 (Prop_lut1_I0_O)        0.043     2.662 r  sch_0/execute/slave_queue[1].tail[2]_i_1/O
                         net (fo=3884, routed)       17.086    19.748    sch_0/execute/SR[0]
    SLICE_X77Y141        FDRE                                         r  sch_0/execute/wb_reg[emit_step][14]/R
  -------------------------------------------------------------------    -------------------

                         (clock sys_clk rise edge)    0.000     0.000 r  <hidden>
    AL20                                              0.000     0.000 r  clk
                         net (fo=0)                   0.000     0.000    clk
    AL20                 IBUF (Prop_ibuf_I_O)         0.701     0.701 r  clk_IBUF_inst/O
                         net (fo=1, routed)           2.579     3.280    clk_IBUF
    BUFGCTRL_X0Y0        BUFG (Prop_bufg_I_O)         0.083     3.363 r  clk_IBUF_BUFG_inst/O
                         net (fo=14784, routed)       1.262     4.625    sch_0/execute/clk_IBUF_BUFG
    SLICE_X77Y141        FDRE                                         r  sch_0/execute/wb_reg[emit_step][14]/C

Slack:                    inf
  Source:                 rst_n
                            (input port)
  Destination:            sch_0/execute/wb_reg[emit_step][9]/R
                            (rising edge-triggered cell FDRE clocked by sys_clk  {rise@0.000ns fall@2.500ns period=5.000ns})
  Path Group:             (none)
  Path Type:              Setup (Max at Slow Process Corner)
  Data Path Delay:        19.748ns  (logic 0.840ns (4.255%)  route 18.907ns (95.745%))
  Logic Levels:           2  (IBUF=1 LUT1=1)
  Clock Path Skew:        4.625ns (DCD - SCD + CPR)
    Destination Clock Delay (DCD):    4.625ns
    Source Clock Delay      (SCD):    0.000ns
    Clock Pessimism Removal (CPR):    0.000ns
  Clock Uncertainty:      0.025ns  ((TSJ^2 + TIJ^2)^1/2 + DJ) / 2 + PE
    Total System Jitter     (TSJ):    0.050ns
    Total Input Jitter      (TIJ):    0.000ns
    Discrete Jitter          (DJ):    0.000ns
    Phase Error              (PE):    0.000ns

    Location             Delay type                Incr(ns)  Path(ns)    Netlist Resource(s)
  -------------------------------------------------------------------    -------------------
    N33                                               0.000     0.000 f  rst_n
                         net (fo=0)                   0.000     0.000    rst_n
    N33                  IBUF (Prop_ibuf_I_O)         0.797     0.797 f  rst_n_IBUF_inst/O
                         net (fo=219, routed)         1.822     2.619    sch_0/execute/rst_n_IBUF
    SLICE_X40Y208        LUT1 (Prop_lut1_I0_O)        0.043     2.662 r  sch_0/execute/slave_queue[1].tail[2]_i_1/O
                         net (fo=3884, routed)       17.086    19.748    sch_0/execute/SR[0]
    SLICE_X77Y141        FDRE                                         r  sch_0/execute/wb_reg[emit_step][9]/R
  -------------------------------------------------------------------    -------------------

                         (clock sys_clk rise edge)    0.000     0.000 r  <hidden>
    AL20                                              0.000     0.000 r  clk
                         net (fo=0)                   0.000     0.000    clk
    AL20                 IBUF (Prop_ibuf_I_O)         0.701     0.701 r  clk_IBUF_inst/O
                         net (fo=1, routed)           2.579     3.280    clk_IBUF
    BUFGCTRL_X0Y0        BUFG (Prop_bufg_I_O)         0.083     3.363 r  clk_IBUF_BUFG_inst/O
                         net (fo=14784, routed)       1.262     4.625    sch_0/execute/clk_IBUF_BUFG
    SLICE_X77Y141        FDRE                                         r  sch_0/execute/wb_reg[emit_step][9]/C

Slack:                    inf
  Source:                 rst_n
                            (input port)
  Destination:            sch_0/execute/gpr_reg[0][7]/R
                            (rising edge-triggered cell FDRE clocked by sys_clk  {rise@0.000ns fall@2.500ns period=5.000ns})
  Path Group:             (none)
  Path Type:              Setup (Max at Slow Process Corner)
  Data Path Delay:        19.699ns  (logic 0.840ns (4.265%)  route 18.859ns (95.735%))
  Logic Levels:           2  (IBUF=1 LUT1=1)
  Clock Path Skew:        4.624ns (DCD - SCD + CPR)
    Destination Clock Delay (DCD):    4.624ns
    Source Clock Delay      (SCD):    0.000ns
    Clock Pessimism Removal (CPR):    0.000ns
  Clock Uncertainty:      0.025ns  ((TSJ^2 + TIJ^2)^1/2 + DJ) / 2 + PE
    Total System Jitter     (TSJ):    0.050ns
    Total Input Jitter      (TIJ):    0.000ns
    Discrete Jitter          (DJ):    0.000ns
    Phase Error              (PE):    0.000ns

    Location             Delay type                Incr(ns)  Path(ns)    Netlist Resource(s)
  -------------------------------------------------------------------    -------------------
    N33                                               0.000     0.000 f  rst_n
                         net (fo=0)                   0.000     0.000    rst_n
    N33                  IBUF (Prop_ibuf_I_O)         0.797     0.797 f  rst_n_IBUF_inst/O
                         net (fo=219, routed)         1.822     2.619    sch_0/execute/rst_n_IBUF
    SLICE_X40Y208        LUT1 (Prop_lut1_I0_O)        0.043     2.662 r  sch_0/execute/slave_queue[1].tail[2]_i_1/O
                         net (fo=3884, routed)       17.037    19.699    sch_0/execute/SR[0]
    SLICE_X72Y136        FDRE                                         r  sch_0/execute/gpr_reg[0][7]/R
  -------------------------------------------------------------------    -------------------

                         (clock sys_clk rise edge)    0.000     0.000 r  <hidden>
    AL20                                              0.000     0.000 r  clk
                         net (fo=0)                   0.000     0.000    clk
    AL20                 IBUF (Prop_ibuf_I_O)         0.701     0.701 r  clk_IBUF_inst/O
                         net (fo=1, routed)           2.579     3.280    clk_IBUF
    BUFGCTRL_X0Y0        BUFG (Prop_bufg_I_O)         0.083     3.363 r  clk_IBUF_BUFG_inst/O
                         net (fo=14784, routed)       1.261     4.624    sch_0/execute/clk_IBUF_BUFG
    SLICE_X72Y136        FDRE                                         r  sch_0/execute/gpr_reg[0][7]/C

Slack:                    inf
  Source:                 rst_n
                            (input port)
  Destination:            sch_0/execute/gpr_reg[14][0]/R
                            (rising edge-triggered cell FDRE clocked by sys_clk  {rise@0.000ns fall@2.500ns period=5.000ns})
  Path Group:             (none)
  Path Type:              Setup (Max at Slow Process Corner)
  Data Path Delay:        19.699ns  (logic 0.840ns (4.265%)  route 18.859ns (95.735%))
  Logic Levels:           2  (IBUF=1 LUT1=1)
  Clock Path Skew:        4.624ns (DCD - SCD + CPR)
    Destination Clock Delay (DCD):    4.624ns
    Source Clock Delay      (SCD):    0.000ns
    Clock Pessimism Removal (CPR):    0.000ns
  Clock Uncertainty:      0.025ns  ((TSJ^2 + TIJ^2)^1/2 + DJ) / 2 + PE
    Total System Jitter     (TSJ):    0.050ns
    Total Input Jitter      (TIJ):    0.000ns
    Discrete Jitter          (DJ):    0.000ns
    Phase Error              (PE):    0.000ns

    Location             Delay type                Incr(ns)  Path(ns)    Netlist Resource(s)
  -------------------------------------------------------------------    -------------------
    N33                                               0.000     0.000 f  rst_n
                         net (fo=0)                   0.000     0.000    rst_n
    N33                  IBUF (Prop_ibuf_I_O)         0.797     0.797 f  rst_n_IBUF_inst/O
                         net (fo=219, routed)         1.822     2.619    sch_0/execute/rst_n_IBUF
    SLICE_X40Y208        LUT1 (Prop_lut1_I0_O)        0.043     2.662 r  sch_0/execute/slave_queue[1].tail[2]_i_1/O
                         net (fo=3884, routed)       17.037    19.699    sch_0/execute/SR[0]
    SLICE_X73Y136        FDRE                                         r  sch_0/execute/gpr_reg[14][0]/R
  -------------------------------------------------------------------    -------------------

                         (clock sys_clk rise edge)    0.000     0.000 r  <hidden>
    AL20                                              0.000     0.000 r  clk
                         net (fo=0)                   0.000     0.000    clk
    AL20                 IBUF (Prop_ibuf_I_O)         0.701     0.701 r  clk_IBUF_inst/O
                         net (fo=1, routed)           2.579     3.280    clk_IBUF
    BUFGCTRL_X0Y0        BUFG (Prop_bufg_I_O)         0.083     3.363 r  clk_IBUF_BUFG_inst/O
                         net (fo=14784, routed)       1.261     4.624    sch_0/execute/clk_IBUF_BUFG
    SLICE_X73Y136        FDRE                                         r  sch_0/execute/gpr_reg[14][0]/C

Slack:                    inf
  Source:                 rst_n
                            (input port)
  Destination:            sch_0/execute/gpr_reg[14][3]/R
                            (rising edge-triggered cell FDRE clocked by sys_clk  {rise@0.000ns fall@2.500ns period=5.000ns})
  Path Group:             (none)
  Path Type:              Setup (Max at Slow Process Corner)
  Data Path Delay:        19.699ns  (logic 0.840ns (4.265%)  route 18.859ns (95.735%))
  Logic Levels:           2  (IBUF=1 LUT1=1)
  Clock Path Skew:        4.624ns (DCD - SCD + CPR)
    Destination Clock Delay (DCD):    4.624ns
    Source Clock Delay      (SCD):    0.000ns
    Clock Pessimism Removal (CPR):    0.000ns
  Clock Uncertainty:      0.025ns  ((TSJ^2 + TIJ^2)^1/2 + DJ) / 2 + PE
    Total System Jitter     (TSJ):    0.050ns
    Total Input Jitter      (TIJ):    0.000ns
    Discrete Jitter          (DJ):    0.000ns
    Phase Error              (PE):    0.000ns

    Location             Delay type                Incr(ns)  Path(ns)    Netlist Resource(s)
  -------------------------------------------------------------------    -------------------
    N33                                               0.000     0.000 f  rst_n
                         net (fo=0)                   0.000     0.000    rst_n
    N33                  IBUF (Prop_ibuf_I_O)         0.797     0.797 f  rst_n_IBUF_inst/O
                         net (fo=219, routed)         1.822     2.619    sch_0/execute/rst_n_IBUF
    SLICE_X40Y208        LUT1 (Prop_lut1_I0_O)        0.043     2.662 r  sch_0/execute/slave_queue[1].tail[2]_i_1/O
                         net (fo=3884, routed)       17.037    19.699    sch_0/execute/SR[0]
    SLICE_X73Y136        FDRE                                         r  sch_0/execute/gpr_reg[14][3]/R
  -------------------------------------------------------------------    -------------------

                         (clock sys_clk rise edge)    0.000     0.000 r  <hidden>
    AL20                                              0.000     0.000 r  clk
                         net (fo=0)                   0.000     0.000    clk
    AL20                 IBUF (Prop_ibuf_I_O)         0.701     0.701 r  clk_IBUF_inst/O
                         net (fo=1, routed)           2.579     3.280    clk_IBUF
    BUFGCTRL_X0Y0        BUFG (Prop_bufg_I_O)         0.083     3.363 r  clk_IBUF_BUFG_inst/O
                         net (fo=14784, routed)       1.261     4.624    sch_0/execute/clk_IBUF_BUFG
    SLICE_X73Y136        FDRE                                         r  sch_0/execute/gpr_reg[14][3]/C

Slack:                    inf
  Source:                 rst_n
                            (input port)
  Destination:            sch_0/execute/gpr_reg[14][5]/R
                            (rising edge-triggered cell FDRE clocked by sys_clk  {rise@0.000ns fall@2.500ns period=5.000ns})
  Path Group:             (none)
  Path Type:              Setup (Max at Slow Process Corner)
  Data Path Delay:        19.699ns  (logic 0.840ns (4.265%)  route 18.859ns (95.735%))
  Logic Levels:           2  (IBUF=1 LUT1=1)
  Clock Path Skew:        4.624ns (DCD - SCD + CPR)
    Destination Clock Delay (DCD):    4.624ns
    Source Clock Delay      (SCD):    0.000ns
    Clock Pessimism Removal (CPR):    0.000ns
  Clock Uncertainty:      0.025ns  ((TSJ^2 + TIJ^2)^1/2 + DJ) / 2 + PE
    Total System Jitter     (TSJ):    0.050ns
    Total Input Jitter      (TIJ):    0.000ns
    Discrete Jitter          (DJ):    0.000ns
    Phase Error              (PE):    0.000ns

    Location             Delay type                Incr(ns)  Path(ns)    Netlist Resource(s)
  -------------------------------------------------------------------    -------------------
    N33                                               0.000     0.000 f  rst_n
                         net (fo=0)                   0.000     0.000    rst_n
    N33                  IBUF (Prop_ibuf_I_O)         0.797     0.797 f  rst_n_IBUF_inst/O
                         net (fo=219, routed)         1.822     2.619    sch_0/execute/rst_n_IBUF
    SLICE_X40Y208        LUT1 (Prop_lut1_I0_O)        0.043     2.662 r  sch_0/execute/slave_queue[1].tail[2]_i_1/O
                         net (fo=3884, routed)       17.037    19.699    sch_0/execute/SR[0]
    SLICE_X73Y136        FDRE                                         r  sch_0/execute/gpr_reg[14][5]/R
  -------------------------------------------------------------------    -------------------

                         (clock sys_clk rise edge)    0.000     0.000 r  <hidden>
    AL20                                              0.000     0.000 r  clk
                         net (fo=0)                   0.000     0.000    clk
    AL20                 IBUF (Prop_ibuf_I_O)         0.701     0.701 r  clk_IBUF_inst/O
                         net (fo=1, routed)           2.579     3.280    clk_IBUF
    BUFGCTRL_X0Y0        BUFG (Prop_bufg_I_O)         0.083     3.363 r  clk_IBUF_BUFG_inst/O
                         net (fo=14784, routed)       1.261     4.624    sch_0/execute/clk_IBUF_BUFG
    SLICE_X73Y136        FDRE                                         r  sch_0/execute/gpr_reg[14][5]/C

Slack:                    inf
  Source:                 rst_n
                            (input port)
  Destination:            sch_0/execute/gpr_reg[14][7]/R
                            (rising edge-triggered cell FDRE clocked by sys_clk  {rise@0.000ns fall@2.500ns period=5.000ns})
  Path Group:             (none)
  Path Type:              Setup (Max at Slow Process Corner)
  Data Path Delay:        19.699ns  (logic 0.840ns (4.265%)  route 18.859ns (95.735%))
  Logic Levels:           2  (IBUF=1 LUT1=1)
  Clock Path Skew:        4.624ns (DCD - SCD + CPR)
    Destination Clock Delay (DCD):    4.624ns
    Source Clock Delay      (SCD):    0.000ns
    Clock Pessimism Removal (CPR):    0.000ns
  Clock Uncertainty:      0.025ns  ((TSJ^2 + TIJ^2)^1/2 + DJ) / 2 + PE
    Total System Jitter     (TSJ):    0.050ns
    Total Input Jitter      (TIJ):    0.000ns
    Discrete Jitter          (DJ):    0.000ns
    Phase Error              (PE):    0.000ns

    Location             Delay type                Incr(ns)  Path(ns)    Netlist Resource(s)
  -------------------------------------------------------------------    -------------------
    N33                                               0.000     0.000 f  rst_n
                         net (fo=0)                   0.000     0.000    rst_n
    N33                  IBUF (Prop_ibuf_I_O)         0.797     0.797 f  rst_n_IBUF_inst/O
                         net (fo=219, routed)         1.822     2.619    sch_0/execute/rst_n_IBUF
    SLICE_X40Y208        LUT1 (Prop_lut1_I0_O)        0.043     2.662 r  sch_0/execute/slave_queue[1].tail[2]_i_1/O
                         net (fo=3884, routed)       17.037    19.699    sch_0/execute/SR[0]
    SLICE_X73Y136        FDRE                                         r  sch_0/execute/gpr_reg[14][7]/R
  -------------------------------------------------------------------    -------------------

                         (clock sys_clk rise edge)    0.000     0.000 r  <hidden>
    AL20                                              0.000     0.000 r  clk
                         net (fo=0)                   0.000     0.000    clk
    AL20                 IBUF (Prop_ibuf_I_O)         0.701     0.701 r  clk_IBUF_inst/O
                         net (fo=1, routed)           2.579     3.280    clk_IBUF
    BUFGCTRL_X0Y0        BUFG (Prop_bufg_I_O)         0.083     3.363 r  clk_IBUF_BUFG_inst/O
                         net (fo=14784, routed)       1.261     4.624    sch_0/execute/clk_IBUF_BUFG
    SLICE_X73Y136        FDRE                                         r  sch_0/execute/gpr_reg[14][7]/C

Slack:                    inf
  Source:                 rst_n
                            (input port)
  Destination:            sch_0/execute/gpr_reg[1][0]/R
                            (rising edge-triggered cell FDRE clocked by sys_clk  {rise@0.000ns fall@2.500ns period=5.000ns})
  Path Group:             (none)
  Path Type:              Setup (Max at Slow Process Corner)
  Data Path Delay:        19.616ns  (logic 0.840ns (4.283%)  route 18.775ns (95.717%))
  Logic Levels:           2  (IBUF=1 LUT1=1)
  Clock Path Skew:        4.623ns (DCD - SCD + CPR)
    Destination Clock Delay (DCD):    4.623ns
    Source Clock Delay      (SCD):    0.000ns
    Clock Pessimism Removal (CPR):    0.000ns
  Clock Uncertainty:      0.025ns  ((TSJ^2 + TIJ^2)^1/2 + DJ) / 2 + PE
    Total System Jitter     (TSJ):    0.050ns
    Total Input Jitter      (TIJ):    0.000ns
    Discrete Jitter          (DJ):    0.000ns
    Phase Error              (PE):    0.000ns

    Location             Delay type                Incr(ns)  Path(ns)    Netlist Resource(s)
  -------------------------------------------------------------------    -------------------
    N33                                               0.000     0.000 f  rst_n
                         net (fo=0)                   0.000     0.000    rst_n
    N33                  IBUF (Prop_ibuf_I_O)         0.797     0.797 f  rst_n_IBUF_inst/O
                         net (fo=219, routed)         1.822     2.619    sch_0/execute/rst_n_IBUF
    SLICE_X40Y208        LUT1 (Prop_lut1_I0_O)        0.043     2.662 r  sch_0/execute/slave_queue[1].tail[2]_i_1/O
                         net (fo=3884, routed)       16.954    19.616    sch_0/execute/SR[0]
    SLICE_X75Y138        FDRE                                         r  sch_0/execute/gpr_reg[1][0]/R
  -------------------------------------------------------------------    -------------------

                         (clock sys_clk rise edge)    0.000     0.000 r  <hidden>
    AL20                                              0.000     0.000 r  clk
                         net (fo=0)                   0.000     0.000    clk
    AL20                 IBUF (Prop_ibuf_I_O)         0.701     0.701 r  clk_IBUF_inst/O
                         net (fo=1, routed)           2.579     3.280    clk_IBUF
    BUFGCTRL_X0Y0        BUFG (Prop_bufg_I_O)         0.083     3.363 r  clk_IBUF_BUFG_inst/O
                         net (fo=14784, routed)       1.260     4.623    sch_0/execute/clk_IBUF_BUFG
    SLICE_X75Y138        FDRE                                         r  sch_0/execute/gpr_reg[1][0]/C

Slack:                    inf
  Source:                 rst_n
                            (input port)
  Destination:            sch_0/execute/gpr_reg[1][11]/R
                            (rising edge-triggered cell FDRE clocked by sys_clk  {rise@0.000ns fall@2.500ns period=5.000ns})
  Path Group:             (none)
  Path Type:              Setup (Max at Slow Process Corner)
  Data Path Delay:        19.616ns  (logic 0.840ns (4.283%)  route 18.775ns (95.717%))
  Logic Levels:           2  (IBUF=1 LUT1=1)
  Clock Path Skew:        4.623ns (DCD - SCD + CPR)
    Destination Clock Delay (DCD):    4.623ns
    Source Clock Delay      (SCD):    0.000ns
    Clock Pessimism Removal (CPR):    0.000ns
  Clock Uncertainty:      0.025ns  ((TSJ^2 + TIJ^2)^1/2 + DJ) / 2 + PE
    Total System Jitter     (TSJ):    0.050ns
    Total Input Jitter      (TIJ):    0.000ns
    Discrete Jitter          (DJ):    0.000ns
    Phase Error              (PE):    0.000ns

    Location             Delay type                Incr(ns)  Path(ns)    Netlist Resource(s)
  -------------------------------------------------------------------    -------------------
    N33                                               0.000     0.000 f  rst_n
                         net (fo=0)                   0.000     0.000    rst_n
    N33                  IBUF (Prop_ibuf_I_O)         0.797     0.797 f  rst_n_IBUF_inst/O
                         net (fo=219, routed)         1.822     2.619    sch_0/execute/rst_n_IBUF
    SLICE_X40Y208        LUT1 (Prop_lut1_I0_O)        0.043     2.662 r  sch_0/execute/slave_queue[1].tail[2]_i_1/O
                         net (fo=3884, routed)       16.954    19.616    sch_0/execute/SR[0]
    SLICE_X75Y138        FDRE                                         r  sch_0/execute/gpr_reg[1][11]/R
  -------------------------------------------------------------------    -------------------

                         (clock sys_clk rise edge)    0.000     0.000 r  <hidden>
    AL20                                              0.000     0.000 r  clk
                         net (fo=0)                   0.000     0.000    clk
    AL20                 IBUF (Prop_ibuf_I_O)         0.701     0.701 r  clk_IBUF_inst/O
                         net (fo=1, routed)           2.579     3.280    clk_IBUF
    BUFGCTRL_X0Y0        BUFG (Prop_bufg_I_O)         0.083     3.363 r  clk_IBUF_BUFG_inst/O
                         net (fo=14784, routed)       1.260     4.623    sch_0/execute/clk_IBUF_BUFG
    SLICE_X75Y138        FDRE                                         r  sch_0/execute/gpr_reg[1][11]/C

Slack:                    inf
  Source:                 rst_n
                            (input port)
  Destination:            sch_0/execute/gpr_reg[1][2]/R
                            (rising edge-triggered cell FDRE clocked by sys_clk  {rise@0.000ns fall@2.500ns period=5.000ns})
  Path Group:             (none)
  Path Type:              Setup (Max at Slow Process Corner)
  Data Path Delay:        19.616ns  (logic 0.840ns (4.283%)  route 18.775ns (95.717%))
  Logic Levels:           2  (IBUF=1 LUT1=1)
  Clock Path Skew:        4.623ns (DCD - SCD + CPR)
    Destination Clock Delay (DCD):    4.623ns
    Source Clock Delay      (SCD):    0.000ns
    Clock Pessimism Removal (CPR):    0.000ns
  Clock Uncertainty:      0.025ns  ((TSJ^2 + TIJ^2)^1/2 + DJ) / 2 + PE
    Total System Jitter     (TSJ):    0.050ns
    Total Input Jitter      (TIJ):    0.000ns
    Discrete Jitter          (DJ):    0.000ns
    Phase Error              (PE):    0.000ns

    Location             Delay type                Incr(ns)  Path(ns)    Netlist Resource(s)
  -------------------------------------------------------------------    -------------------
    N33                                               0.000     0.000 f  rst_n
                         net (fo=0)                   0.000     0.000    rst_n
    N33                  IBUF (Prop_ibuf_I_O)         0.797     0.797 f  rst_n_IBUF_inst/O
                         net (fo=219, routed)         1.822     2.619    sch_0/execute/rst_n_IBUF
    SLICE_X40Y208        LUT1 (Prop_lut1_I0_O)        0.043     2.662 r  sch_0/execute/slave_queue[1].tail[2]_i_1/O
                         net (fo=3884, routed)       16.954    19.616    sch_0/execute/SR[0]
    SLICE_X75Y138        FDRE                                         r  sch_0/execute/gpr_reg[1][2]/R
  -------------------------------------------------------------------    -------------------

                         (clock sys_clk rise edge)    0.000     0.000 r  <hidden>
    AL20                                              0.000     0.000 r  clk
                         net (fo=0)                   0.000     0.000    clk
    AL20                 IBUF (Prop_ibuf_I_O)         0.701     0.701 r  clk_IBUF_inst/O
                         net (fo=1, routed)           2.579     3.280    clk_IBUF
    BUFGCTRL_X0Y0        BUFG (Prop_bufg_I_O)         0.083     3.363 r  clk_IBUF_BUFG_inst/O
                         net (fo=14784, routed)       1.260     4.623    sch_0/execute/clk_IBUF_BUFG
    SLICE_X75Y138        FDRE                                         r  sch_0/execute/gpr_reg[1][2]/C

Slack:                    inf
  Source:                 rst_n
                            (input port)
  Destination:            sch_0/execute/gpr_reg[1][6]/R
                            (rising edge-triggered cell FDRE clocked by sys_clk  {rise@0.000ns fall@2.500ns period=5.000ns})
  Path Group:             (none)
  Path Type:              Setup (Max at Slow Process Corner)
  Data Path Delay:        19.616ns  (logic 0.840ns (4.283%)  route 18.775ns (95.717%))
  Logic Levels:           2  (IBUF=1 LUT1=1)
  Clock Path Skew:        4.623ns (DCD - SCD + CPR)
    Destination Clock Delay (DCD):    4.623ns
    Source Clock Delay      (SCD):    0.000ns
    Clock Pessimism Removal (CPR):    0.000ns
  Clock Uncertainty:      0.025ns  ((TSJ^2 + TIJ^2)^1/2 + DJ) / 2 + PE
    Total System Jitter     (TSJ):    0.050ns
    Total Input Jitter      (TIJ):    0.000ns
    Discrete Jitter          (DJ):    0.000ns
    Phase Error              (PE):    0.000ns

    Location             Delay type                Incr(ns)  Path(ns)    Netlist Resource(s)
  -------------------------------------------------------------------    -------------------
    N33                                               0.000     0.000 f  rst_n
                         net (fo=0)                   0.000     0.000    rst_n
    N33                  IBUF (Prop_ibuf_I_O)         0.797     0.797 f  rst_n_IBUF_inst/O
                         net (fo=219, routed)         1.822     2.619    sch_0/execute/rst_n_IBUF
    SLICE_X40Y208        LUT1 (Prop_lut1_I0_O)        0.043     2.662 r  sch_0/execute/slave_queue[1].tail[2]_i_1/O
                         net (fo=3884, routed)       16.954    19.616    sch_0/execute/SR[0]
    SLICE_X75Y138        FDRE                                         r  sch_0/execute/gpr_reg[1][6]/R
  -------------------------------------------------------------------    -------------------

                         (clock sys_clk rise edge)    0.000     0.000 r  <hidden>
    AL20                                              0.000     0.000 r  clk
                         net (fo=0)                   0.000     0.000    clk
    AL20                 IBUF (Prop_ibuf_I_O)         0.701     0.701 r  clk_IBUF_inst/O
                         net (fo=1, routed)           2.579     3.280    clk_IBUF
    BUFGCTRL_X0Y0        BUFG (Prop_bufg_I_O)         0.083     3.363 r  clk_IBUF_BUFG_inst/O
                         net (fo=14784, routed)       1.260     4.623    sch_0/execute/clk_IBUF_BUFG
    SLICE_X75Y138        FDRE                                         r  sch_0/execute/gpr_reg[1][6]/C

Slack:                    inf
  Source:                 rst_n
                            (input port)
  Destination:            sch_0/execute/mul_pending_wb_reg[dma_length][16]/R
                            (rising edge-triggered cell FDRE clocked by sys_clk  {rise@0.000ns fall@2.500ns period=5.000ns})
  Path Group:             (none)
  Path Type:              Setup (Max at Slow Process Corner)
  Data Path Delay:        19.549ns  (logic 0.840ns (4.298%)  route 18.709ns (95.702%))
  Logic Levels:           2  (IBUF=1 LUT1=1)
  Clock Path Skew:        4.625ns (DCD - SCD + CPR)
    Destination Clock Delay (DCD):    4.625ns
    Source Clock Delay      (SCD):    0.000ns
    Clock Pessimism Removal (CPR):    0.000ns
  Clock Uncertainty:      0.025ns  ((TSJ^2 + TIJ^2)^1/2 + DJ) / 2 + PE
    Total System Jitter     (TSJ):    0.050ns
    Total Input Jitter      (TIJ):    0.000ns
    Discrete Jitter          (DJ):    0.000ns
    Phase Error              (PE):    0.000ns

    Location             Delay type                Incr(ns)  Path(ns)    Netlist Resource(s)
  -------------------------------------------------------------------    -------------------
    N33                                               0.000     0.000 f  rst_n
                         net (fo=0)                   0.000     0.000    rst_n
    N33                  IBUF (Prop_ibuf_I_O)         0.797     0.797 f  rst_n_IBUF_inst/O
                         net (fo=219, routed)         1.822     2.619    sch_0/execute/rst_n_IBUF
    SLICE_X40Y208        LUT1 (Prop_lut1_I0_O)        0.043     2.662 r  sch_0/execute/slave_queue[1].tail[2]_i_1/O
                         net (fo=3884, routed)       16.888    19.549    sch_0/execute/SR[0]
    SLICE_X75Y141        FDRE                                         r  sch_0/execute/mul_pending_wb_reg[dma_length][16]/R
  -------------------------------------------------------------------    -------------------

                         (clock sys_clk rise edge)    0.000     0.000 r  <hidden>
    AL20                                              0.000     0.000 r  clk
                         net (fo=0)                   0.000     0.000    clk
    AL20                 IBUF (Prop_ibuf_I_O)         0.701     0.701 r  clk_IBUF_inst/O
                         net (fo=1, routed)           2.579     3.280    clk_IBUF
    BUFGCTRL_X0Y0        BUFG (Prop_bufg_I_O)         0.083     3.363 r  clk_IBUF_BUFG_inst/O
                         net (fo=14784, routed)       1.262     4.625    sch_0/execute/clk_IBUF_BUFG
    SLICE_X75Y141        FDRE                                         r  sch_0/execute/mul_pending_wb_reg[dma_length][16]/C





Min Delay Paths
--------------------------------------------------------------------------------------
Slack:                    inf
  Source:                 rst_n
                            (input port)
  Destination:            alu_b_dma/dma_dst_addr_dut/data_skid_reg[42]/R
                            (rising edge-triggered cell FDRE clocked by sys_clk  {rise@0.000ns fall@2.500ns period=5.000ns})
  Path Group:             (none)
  Path Type:              Hold (Min at Fast Process Corner)
  Data Path Delay:        1.455ns  (logic 0.167ns (11.463%)  route 1.288ns (88.537%))
  Logic Levels:           2  (IBUF=1 LUT1=1)
  Clock Path Skew:        2.564ns (DCD - SCD - CPR)
    Destination Clock Delay (DCD):    2.564ns
    Source Clock Delay      (SCD):    0.000ns
    Clock Pessimism Removal (CPR):    -0.000ns

    Location             Delay type                Incr(ns)  Path(ns)    Netlist Resource(s)
  -------------------------------------------------------------------    -------------------
    N33                                               0.000     0.000 f  rst_n
                         net (fo=0)                   0.000     0.000    rst_n
    N33                  IBUF (Prop_ibuf_I_O)         0.139     0.139 f  rst_n_IBUF_inst/O
                         net (fo=219, routed)         1.046     1.184    sch_0/execute/rst_n_IBUF
    SLICE_X40Y208        LUT1 (Prop_lut1_I0_O)        0.028     1.212 r  sch_0/execute/slave_queue[1].tail[2]_i_1/O
                         net (fo=3884, routed)        0.243     1.455    alu_b_dma/dma_dst_addr_dut/p_0_in
    SLICE_X43Y205        FDRE                                         r  alu_b_dma/dma_dst_addr_dut/data_skid_reg[42]/R
  -------------------------------------------------------------------    -------------------

                         (clock sys_clk rise edge)    0.000     0.000 r  <hidden>
    AL20                                              0.000     0.000 r  clk
                         net (fo=0)                   0.000     0.000    clk
    AL20                 IBUF (Prop_ibuf_I_O)         0.366     0.366 r  clk_IBUF_inst/O
                         net (fo=1, routed)           1.389     1.755    clk_IBUF
    BUFGCTRL_X0Y0        BUFG (Prop_bufg_I_O)         0.030     1.785 r  clk_IBUF_BUFG_inst/O
                         net (fo=14784, routed)       0.779     2.564    alu_b_dma/dma_dst_addr_dut/clk_IBUF_BUFG
    SLICE_X43Y205        FDRE                                         r  alu_b_dma/dma_dst_addr_dut/data_skid_reg[42]/C

Slack:                    inf
  Source:                 rst_n
                            (input port)
  Destination:            alu_b_dma/dma_dst_addr_dut/data_skid_reg[43]/R
                            (rising edge-triggered cell FDRE clocked by sys_clk  {rise@0.000ns fall@2.500ns period=5.000ns})
  Path Group:             (none)
  Path Type:              Hold (Min at Fast Process Corner)
  Data Path Delay:        1.455ns  (logic 0.167ns (11.463%)  route 1.288ns (88.537%))
  Logic Levels:           2  (IBUF=1 LUT1=1)
  Clock Path Skew:        2.564ns (DCD - SCD - CPR)
    Destination Clock Delay (DCD):    2.564ns
    Source Clock Delay      (SCD):    0.000ns
    Clock Pessimism Removal (CPR):    -0.000ns

    Location             Delay type                Incr(ns)  Path(ns)    Netlist Resource(s)
  -------------------------------------------------------------------    -------------------
    N33                                               0.000     0.000 f  rst_n
                         net (fo=0)                   0.000     0.000    rst_n
    N33                  IBUF (Prop_ibuf_I_O)         0.139     0.139 f  rst_n_IBUF_inst/O
                         net (fo=219, routed)         1.046     1.184    sch_0/execute/rst_n_IBUF
    SLICE_X40Y208        LUT1 (Prop_lut1_I0_O)        0.028     1.212 r  sch_0/execute/slave_queue[1].tail[2]_i_1/O
                         net (fo=3884, routed)        0.243     1.455    alu_b_dma/dma_dst_addr_dut/p_0_in
    SLICE_X43Y205        FDRE                                         r  alu_b_dma/dma_dst_addr_dut/data_skid_reg[43]/R
  -------------------------------------------------------------------    -------------------

                         (clock sys_clk rise edge)    0.000     0.000 r  <hidden>
    AL20                                              0.000     0.000 r  clk
                         net (fo=0)                   0.000     0.000    clk
    AL20                 IBUF (Prop_ibuf_I_O)         0.366     0.366 r  clk_IBUF_inst/O
                         net (fo=1, routed)           1.389     1.755    clk_IBUF
    BUFGCTRL_X0Y0        BUFG (Prop_bufg_I_O)         0.030     1.785 r  clk_IBUF_BUFG_inst/O
                         net (fo=14784, routed)       0.779     2.564    alu_b_dma/dma_dst_addr_dut/clk_IBUF_BUFG
    SLICE_X43Y205        FDRE                                         r  alu_b_dma/dma_dst_addr_dut/data_skid_reg[43]/C

Slack:                    inf
  Source:                 rst_n
                            (input port)
  Destination:            alu_b_dma/fifo_dut/output_data_0_reg[61]/CLR
                            (removal check against rising-edge clock sys_clk  {rise@0.000ns fall@2.500ns period=5.000ns})
  Path Group:             (none)
  Path Type:              Removal (Min at Fast Process Corner)
  Data Path Delay:        1.500ns  (logic 0.167ns (11.119%)  route 1.334ns (88.881%))
  Logic Levels:           2  (IBUF=1 LUT1=1)
  Clock Path Skew:        2.564ns (DCD - SCD - CPR)
    Destination Clock Delay (DCD):    2.564ns
    Source Clock Delay      (SCD):    0.000ns
    Clock Pessimism Removal (CPR):    -0.000ns

    Location             Delay type                Incr(ns)  Path(ns)    Netlist Resource(s)
  -------------------------------------------------------------------    -------------------
    N33                                               0.000     0.000 r  rst_n
                         net (fo=0)                   0.000     0.000    rst_n
    N33                  IBUF (Prop_ibuf_I_O)         0.139     0.139 r  rst_n_IBUF_inst/O
                         net (fo=219, routed)         1.046     1.184    sch_0/execute/rst_n_IBUF
    SLICE_X40Y208        LUT1 (Prop_lut1_I0_O)        0.028     1.212 f  sch_0/execute/slave_queue[1].tail[2]_i_1/O
                         net (fo=3884, routed)        0.288     1.500    alu_b_dma/fifo_dut/p_0_in
    SLICE_X43Y204        FDCE                                         f  alu_b_dma/fifo_dut/output_data_0_reg[61]/CLR
  -------------------------------------------------------------------    -------------------

                         (clock sys_clk rise edge)    0.000     0.000 r  <hidden>
    AL20                                              0.000     0.000 r  clk
                         net (fo=0)                   0.000     0.000    clk
    AL20                 IBUF (Prop_ibuf_I_O)         0.366     0.366 r  clk_IBUF_inst/O
                         net (fo=1, routed)           1.389     1.755    clk_IBUF
    BUFGCTRL_X0Y0        BUFG (Prop_bufg_I_O)         0.030     1.785 r  clk_IBUF_BUFG_inst/O
                         net (fo=14784, routed)       0.779     2.564    alu_b_dma/fifo_dut/clk_IBUF_BUFG
    SLICE_X43Y204        FDCE                                         r  alu_b_dma/fifo_dut/output_data_0_reg[61]/C

Slack:                    inf
  Source:                 rst_n
                            (input port)
  Destination:            alu_b_dma/fifo_dut/output_data_1_reg[43]/CLR
                            (removal check against rising-edge clock sys_clk  {rise@0.000ns fall@2.500ns period=5.000ns})
  Path Group:             (none)
  Path Type:              Removal (Min at Fast Process Corner)
  Data Path Delay:        1.501ns  (logic 0.167ns (11.112%)  route 1.335ns (88.888%))
  Logic Levels:           2  (IBUF=1 LUT1=1)
  Clock Path Skew:        2.564ns (DCD - SCD - CPR)
    Destination Clock Delay (DCD):    2.564ns
    Source Clock Delay      (SCD):    0.000ns
    Clock Pessimism Removal (CPR):    -0.000ns

    Location             Delay type                Incr(ns)  Path(ns)    Netlist Resource(s)
  -------------------------------------------------------------------    -------------------
    N33                                               0.000     0.000 r  rst_n
                         net (fo=0)                   0.000     0.000    rst_n
    N33                  IBUF (Prop_ibuf_I_O)         0.139     0.139 r  rst_n_IBUF_inst/O
                         net (fo=219, routed)         1.046     1.184    sch_0/execute/rst_n_IBUF
    SLICE_X40Y208        LUT1 (Prop_lut1_I0_O)        0.028     1.212 f  sch_0/execute/slave_queue[1].tail[2]_i_1/O
                         net (fo=3884, routed)        0.289     1.501    alu_b_dma/fifo_dut/p_0_in
    SLICE_X44Y204        FDCE                                         f  alu_b_dma/fifo_dut/output_data_1_reg[43]/CLR
  -------------------------------------------------------------------    -------------------

                         (clock sys_clk rise edge)    0.000     0.000 r  <hidden>
    AL20                                              0.000     0.000 r  clk
                         net (fo=0)                   0.000     0.000    clk
    AL20                 IBUF (Prop_ibuf_I_O)         0.366     0.366 r  clk_IBUF_inst/O
                         net (fo=1, routed)           1.389     1.755    clk_IBUF
    BUFGCTRL_X0Y0        BUFG (Prop_bufg_I_O)         0.030     1.785 r  clk_IBUF_BUFG_inst/O
                         net (fo=14784, routed)       0.779     2.564    alu_b_dma/fifo_dut/clk_IBUF_BUFG
    SLICE_X44Y204        FDCE                                         r  alu_b_dma/fifo_dut/output_data_1_reg[43]/C

Slack:                    inf
  Source:                 rst_n
                            (input port)
  Destination:            alu_b_dma/fifo_dut/output_data_1_reg[61]/CLR
                            (removal check against rising-edge clock sys_clk  {rise@0.000ns fall@2.500ns period=5.000ns})
  Path Group:             (none)
  Path Type:              Removal (Min at Fast Process Corner)
  Data Path Delay:        1.501ns  (logic 0.167ns (11.112%)  route 1.335ns (88.888%))
  Logic Levels:           2  (IBUF=1 LUT1=1)
  Clock Path Skew:        2.564ns (DCD - SCD - CPR)
    Destination Clock Delay (DCD):    2.564ns
    Source Clock Delay      (SCD):    0.000ns
    Clock Pessimism Removal (CPR):    -0.000ns

    Location             Delay type                Incr(ns)  Path(ns)    Netlist Resource(s)
  -------------------------------------------------------------------    -------------------
    N33                                               0.000     0.000 r  rst_n
                         net (fo=0)                   0.000     0.000    rst_n
    N33                  IBUF (Prop_ibuf_I_O)         0.139     0.139 r  rst_n_IBUF_inst/O
                         net (fo=219, routed)         1.046     1.184    sch_0/execute/rst_n_IBUF
    SLICE_X40Y208        LUT1 (Prop_lut1_I0_O)        0.028     1.212 f  sch_0/execute/slave_queue[1].tail[2]_i_1/O
                         net (fo=3884, routed)        0.289     1.501    alu_b_dma/fifo_dut/p_0_in
    SLICE_X44Y204        FDCE                                         f  alu_b_dma/fifo_dut/output_data_1_reg[61]/CLR
  -------------------------------------------------------------------    -------------------

                         (clock sys_clk rise edge)    0.000     0.000 r  <hidden>
    AL20                                              0.000     0.000 r  clk
                         net (fo=0)                   0.000     0.000    clk
    AL20                 IBUF (Prop_ibuf_I_O)         0.366     0.366 r  clk_IBUF_inst/O
                         net (fo=1, routed)           1.389     1.755    clk_IBUF
    BUFGCTRL_X0Y0        BUFG (Prop_bufg_I_O)         0.030     1.785 r  clk_IBUF_BUFG_inst/O
                         net (fo=14784, routed)       0.779     2.564    alu_b_dma/fifo_dut/clk_IBUF_BUFG
    SLICE_X44Y204        FDCE                                         r  alu_b_dma/fifo_dut/output_data_1_reg[61]/C

Slack:                    inf
  Source:                 rst_n
                            (input port)
  Destination:            alu_b_dma/fifo_dut/output_data_0_reg[42]/CLR
                            (removal check against rising-edge clock sys_clk  {rise@0.000ns fall@2.500ns period=5.000ns})
  Path Group:             (none)
  Path Type:              Removal (Min at Fast Process Corner)
  Data Path Delay:        1.531ns  (logic 0.167ns (10.894%)  route 1.365ns (89.106%))
  Logic Levels:           2  (IBUF=1 LUT1=1)
  Clock Path Skew:        2.565ns (DCD - SCD - CPR)
    Destination Clock Delay (DCD):    2.565ns
    Source Clock Delay      (SCD):    0.000ns
    Clock Pessimism Removal (CPR):    -0.000ns

    Location             Delay type                Incr(ns)  Path(ns)    Netlist Resource(s)
  -------------------------------------------------------------------    -------------------
    N33                                               0.000     0.000 r  rst_n
                         net (fo=0)                   0.000     0.000    rst_n
    N33                  IBUF (Prop_ibuf_I_O)         0.139     0.139 r  rst_n_IBUF_inst/O
                         net (fo=219, routed)         1.046     1.184    sch_0/execute/rst_n_IBUF
    SLICE_X40Y208        LUT1 (Prop_lut1_I0_O)        0.028     1.212 f  sch_0/execute/slave_queue[1].tail[2]_i_1/O
                         net (fo=3884, routed)        0.319     1.531    alu_b_dma/fifo_dut/p_0_in
    SLICE_X41Y202        FDCE                                         f  alu_b_dma/fifo_dut/output_data_0_reg[42]/CLR
  -------------------------------------------------------------------    -------------------

                         (clock sys_clk rise edge)    0.000     0.000 r  <hidden>
    AL20                                              0.000     0.000 r  clk
                         net (fo=0)                   0.000     0.000    clk
    AL20                 IBUF (Prop_ibuf_I_O)         0.366     0.366 r  clk_IBUF_inst/O
                         net (fo=1, routed)           1.389     1.755    clk_IBUF
    BUFGCTRL_X0Y0        BUFG (Prop_bufg_I_O)         0.030     1.785 r  clk_IBUF_BUFG_inst/O
                         net (fo=14784, routed)       0.780     2.565    alu_b_dma/fifo_dut/clk_IBUF_BUFG
    SLICE_X41Y202        FDCE                                         r  alu_b_dma/fifo_dut/output_data_0_reg[42]/C

Slack:                    inf
  Source:                 rst_n
                            (input port)
  Destination:            alu_b_dma/fifo_dut/output_data_1_reg[42]/CLR
                            (removal check against rising-edge clock sys_clk  {rise@0.000ns fall@2.500ns period=5.000ns})
  Path Group:             (none)
  Path Type:              Removal (Min at Fast Process Corner)
  Data Path Delay:        1.531ns  (logic 0.167ns (10.894%)  route 1.365ns (89.106%))
  Logic Levels:           2  (IBUF=1 LUT1=1)
  Clock Path Skew:        2.565ns (DCD - SCD - CPR)
    Destination Clock Delay (DCD):    2.565ns
    Source Clock Delay      (SCD):    0.000ns
    Clock Pessimism Removal (CPR):    -0.000ns

    Location             Delay type                Incr(ns)  Path(ns)    Netlist Resource(s)
  -------------------------------------------------------------------    -------------------
    N33                                               0.000     0.000 r  rst_n
                         net (fo=0)                   0.000     0.000    rst_n
    N33                  IBUF (Prop_ibuf_I_O)         0.139     0.139 r  rst_n_IBUF_inst/O
                         net (fo=219, routed)         1.046     1.184    sch_0/execute/rst_n_IBUF
    SLICE_X40Y208        LUT1 (Prop_lut1_I0_O)        0.028     1.212 f  sch_0/execute/slave_queue[1].tail[2]_i_1/O
                         net (fo=3884, routed)        0.319     1.531    alu_b_dma/fifo_dut/p_0_in
    SLICE_X40Y202        FDCE                                         f  alu_b_dma/fifo_dut/output_data_1_reg[42]/CLR
  -------------------------------------------------------------------    -------------------

                         (clock sys_clk rise edge)    0.000     0.000 r  <hidden>
    AL20                                              0.000     0.000 r  clk
                         net (fo=0)                   0.000     0.000    clk
    AL20                 IBUF (Prop_ibuf_I_O)         0.366     0.366 r  clk_IBUF_inst/O
                         net (fo=1, routed)           1.389     1.755    clk_IBUF
    BUFGCTRL_X0Y0        BUFG (Prop_bufg_I_O)         0.030     1.785 r  clk_IBUF_BUFG_inst/O
                         net (fo=14784, routed)       0.780     2.565    alu_b_dma/fifo_dut/clk_IBUF_BUFG
    SLICE_X40Y202        FDCE                                         r  alu_b_dma/fifo_dut/output_data_1_reg[42]/C

Slack:                    inf
  Source:                 rst_n
                            (input port)
  Destination:            alu_b_dma/fifo_dut/output_data_0_reg[43]/CLR
                            (removal check against rising-edge clock sys_clk  {rise@0.000ns fall@2.500ns period=5.000ns})
  Path Group:             (none)
  Path Type:              Removal (Min at Fast Process Corner)
  Data Path Delay:        1.541ns  (logic 0.167ns (10.829%)  route 1.374ns (89.171%))
  Logic Levels:           2  (IBUF=1 LUT1=1)
  Clock Path Skew:        2.564ns (DCD - SCD - CPR)
    Destination Clock Delay (DCD):    2.564ns
    Source Clock Delay      (SCD):    0.000ns
    Clock Pessimism Removal (CPR):    -0.000ns

    Location             Delay type                Incr(ns)  Path(ns)    Netlist Resource(s)
  -------------------------------------------------------------------    -------------------
    N33                                               0.000     0.000 r  rst_n
                         net (fo=0)                   0.000     0.000    rst_n
    N33                  IBUF (Prop_ibuf_I_O)         0.139     0.139 r  rst_n_IBUF_inst/O
                         net (fo=219, routed)         1.046     1.184    sch_0/execute/rst_n_IBUF
    SLICE_X40Y208        LUT1 (Prop_lut1_I0_O)        0.028     1.212 f  sch_0/execute/slave_queue[1].tail[2]_i_1/O
                         net (fo=3884, routed)        0.328     1.541    alu_b_dma/fifo_dut/p_0_in
    SLICE_X44Y205        FDCE                                         f  alu_b_dma/fifo_dut/output_data_0_reg[43]/CLR
  -------------------------------------------------------------------    -------------------

                         (clock sys_clk rise edge)    0.000     0.000 r  <hidden>
    AL20                                              0.000     0.000 r  clk
                         net (fo=0)                   0.000     0.000    clk
    AL20                 IBUF (Prop_ibuf_I_O)         0.366     0.366 r  clk_IBUF_inst/O
                         net (fo=1, routed)           1.389     1.755    clk_IBUF
    BUFGCTRL_X0Y0        BUFG (Prop_bufg_I_O)         0.030     1.785 r  clk_IBUF_BUFG_inst/O
                         net (fo=14784, routed)       0.779     2.564    alu_b_dma/fifo_dut/clk_IBUF_BUFG
    SLICE_X44Y205        FDCE                                         r  alu_b_dma/fifo_dut/output_data_0_reg[43]/C

Slack:                    inf
  Source:                 rst_n
                            (input port)
  Destination:            vector_alu_0/lane_out_skid_reg[14][4]/R
                            (rising edge-triggered cell FDRE clocked by sys_clk  {rise@0.000ns fall@2.500ns period=5.000ns})
  Path Group:             (none)
  Path Type:              Hold (Min at Fast Process Corner)
  Data Path Delay:        1.595ns  (logic 0.167ns (10.456%)  route 1.429ns (89.544%))
  Logic Levels:           2  (IBUF=1 LUT1=1)
  Clock Path Skew:        2.563ns (DCD - SCD - CPR)
    Destination Clock Delay (DCD):    2.563ns
    Source Clock Delay      (SCD):    0.000ns
    Clock Pessimism Removal (CPR):    -0.000ns

    Location             Delay type                Incr(ns)  Path(ns)    Netlist Resource(s)
  -------------------------------------------------------------------    -------------------
    N33                                               0.000     0.000 f  rst_n
                         net (fo=0)                   0.000     0.000    rst_n
    N33                  IBUF (Prop_ibuf_I_O)         0.139     0.139 f  rst_n_IBUF_inst/O
                         net (fo=219, routed)         1.046     1.184    sch_0/execute/rst_n_IBUF
    SLICE_X40Y208        LUT1 (Prop_lut1_I0_O)        0.028     1.212 r  sch_0/execute/slave_queue[1].tail[2]_i_1/O
                         net (fo=3884, routed)        0.383     1.595    vector_alu_0/p_0_in
    SLICE_X47Y204        FDRE                                         r  vector_alu_0/lane_out_skid_reg[14][4]/R
  -------------------------------------------------------------------    -------------------

                         (clock sys_clk rise edge)    0.000     0.000 r  <hidden>
    AL20                                              0.000     0.000 r  clk
                         net (fo=0)                   0.000     0.000    clk
    AL20                 IBUF (Prop_ibuf_I_O)         0.366     0.366 r  clk_IBUF_inst/O
                         net (fo=1, routed)           1.389     1.755    clk_IBUF
    BUFGCTRL_X0Y0        BUFG (Prop_bufg_I_O)         0.030     1.785 r  clk_IBUF_BUFG_inst/O
                         net (fo=14784, routed)       0.778     2.563    vector_alu_0/clk_IBUF_BUFG
    SLICE_X47Y204        FDRE                                         r  vector_alu_0/lane_out_skid_reg[14][4]/C

Slack:                    inf
  Source:                 rst_n
                            (input port)
  Destination:            alu_a_dma/fifo_dut/output_data_1_reg[47]/CLR
                            (removal check against rising-edge clock sys_clk  {rise@0.000ns fall@2.500ns period=5.000ns})
  Path Group:             (none)
  Path Type:              Removal (Min at Fast Process Corner)
  Data Path Delay:        1.604ns  (logic 0.167ns (10.404%)  route 1.437ns (89.596%))
  Logic Levels:           2  (IBUF=1 LUT1=1)
  Clock Path Skew:        2.563ns (DCD - SCD - CPR)
    Destination Clock Delay (DCD):    2.563ns
    Source Clock Delay      (SCD):    0.000ns
    Clock Pessimism Removal (CPR):    -0.000ns

    Location             Delay type                Incr(ns)  Path(ns)    Netlist Resource(s)
  -------------------------------------------------------------------    -------------------
    N33                                               0.000     0.000 r  rst_n
                         net (fo=0)                   0.000     0.000    rst_n
    N33                  IBUF (Prop_ibuf_I_O)         0.139     0.139 r  rst_n_IBUF_inst/O
                         net (fo=219, routed)         1.046     1.184    sch_0/execute/rst_n_IBUF
    SLICE_X40Y208        LUT1 (Prop_lut1_I0_O)        0.028     1.212 f  sch_0/execute/slave_queue[1].tail[2]_i_1/O
                         net (fo=3884, routed)        0.391     1.604    alu_a_dma/fifo_dut/p_0_in
    SLICE_X49Y204        FDCE                                         f  alu_a_dma/fifo_dut/output_data_1_reg[47]/CLR
  -------------------------------------------------------------------    -------------------

                         (clock sys_clk rise edge)    0.000     0.000 r  <hidden>
    AL20                                              0.000     0.000 r  clk
                         net (fo=0)                   0.000     0.000    clk
    AL20                 IBUF (Prop_ibuf_I_O)         0.366     0.366 r  clk_IBUF_inst/O
                         net (fo=1, routed)           1.389     1.755    clk_IBUF
    BUFGCTRL_X0Y0        BUFG (Prop_bufg_I_O)         0.030     1.785 r  clk_IBUF_BUFG_inst/O
                         net (fo=14784, routed)       0.778     2.563    alu_a_dma/fifo_dut/clk_IBUF_BUFG
    SLICE_X49Y204        FDCE                                         r  alu_a_dma/fifo_dut/output_data_1_reg[47]/C

Slack:                    inf
  Source:                 rst_n
                            (input port)
  Destination:            vector_alu_0/lane_out_reg[14][4]/R
                            (rising edge-triggered cell FDRE clocked by sys_clk  {rise@0.000ns fall@2.500ns period=5.000ns})
  Path Group:             (none)
  Path Type:              Hold (Min at Fast Process Corner)
  Data Path Delay:        1.604ns  (logic 0.167ns (10.404%)  route 1.437ns (89.596%))
  Logic Levels:           2  (IBUF=1 LUT1=1)
  Clock Path Skew:        2.563ns (DCD - SCD - CPR)
    Destination Clock Delay (DCD):    2.563ns
    Source Clock Delay      (SCD):    0.000ns
    Clock Pessimism Removal (CPR):    -0.000ns

    Location             Delay type                Incr(ns)  Path(ns)    Netlist Resource(s)
  -------------------------------------------------------------------    -------------------
    N33                                               0.000     0.000 f  rst_n
                         net (fo=0)                   0.000     0.000    rst_n
    N33                  IBUF (Prop_ibuf_I_O)         0.139     0.139 f  rst_n_IBUF_inst/O
                         net (fo=219, routed)         1.046     1.184    sch_0/execute/rst_n_IBUF
    SLICE_X40Y208        LUT1 (Prop_lut1_I0_O)        0.028     1.212 r  sch_0/execute/slave_queue[1].tail[2]_i_1/O
                         net (fo=3884, routed)        0.391     1.604    vector_alu_0/p_0_in
    SLICE_X48Y204        FDRE                                         r  vector_alu_0/lane_out_reg[14][4]/R
  -------------------------------------------------------------------    -------------------

                         (clock sys_clk rise edge)    0.000     0.000 r  <hidden>
    AL20                                              0.000     0.000 r  clk
                         net (fo=0)                   0.000     0.000    clk
    AL20                 IBUF (Prop_ibuf_I_O)         0.366     0.366 r  clk_IBUF_inst/O
                         net (fo=1, routed)           1.389     1.755    clk_IBUF
    BUFGCTRL_X0Y0        BUFG (Prop_bufg_I_O)         0.030     1.785 r  clk_IBUF_BUFG_inst/O
                         net (fo=14784, routed)       0.778     2.563    vector_alu_0/clk_IBUF_BUFG
    SLICE_X48Y204        FDRE                                         r  vector_alu_0/lane_out_reg[14][4]/C

Slack:                    inf
  Source:                 write_req\\.addr[5]
                            (input port)
  Destination:            vector_main_ixc/write_addr_reg_reg[0][1][5]/D
                            (rising edge-triggered cell FDRE clocked by sys_clk  {rise@0.000ns fall@2.500ns period=5.000ns})
  Path Group:             (none)
  Path Type:              Hold (Min at Fast Process Corner)
  Data Path Delay:        1.639ns  (logic 0.096ns (5.841%)  route 1.543ns (94.159%))
  Logic Levels:           1  (IBUF=1)
  Clock Path Skew:        2.532ns (DCD - SCD - CPR)
    Destination Clock Delay (DCD):    2.532ns
    Source Clock Delay      (SCD):    0.000ns
    Clock Pessimism Removal (CPR):    -0.000ns

    Location             Delay type                Incr(ns)  Path(ns)    Netlist Resource(s)
  -------------------------------------------------------------------    -------------------
    AD27                                              0.000     0.000 r  write_req\\.addr[5]
                         net (fo=0)                   0.000     0.000    write_req\\.addr[5]
    AD27                 IBUF (Prop_ibuf_I_O)         0.096     0.096 r  write_addr_reg_reg[0][1][5]_i_1/O
                         net (fo=2, routed)           1.543     1.639    vector_main_ixc/D[5]
    SLICE_X97Y150        FDRE                                         r  vector_main_ixc/write_addr_reg_reg[0][1][5]/D
  -------------------------------------------------------------------    -------------------

                         (clock sys_clk rise edge)    0.000     0.000 r  <hidden>
    AL20                                              0.000     0.000 r  clk
                         net (fo=0)                   0.000     0.000    clk
    AL20                 IBUF (Prop_ibuf_I_O)         0.366     0.366 r  clk_IBUF_inst/O
                         net (fo=1, routed)           1.389     1.755    clk_IBUF
    BUFGCTRL_X0Y0        BUFG (Prop_bufg_I_O)         0.030     1.785 r  clk_IBUF_BUFG_inst/O
                         net (fo=14784, routed)       0.747     2.532    vector_main_ixc/clk_IBUF_BUFG
    SLICE_X97Y150        FDRE                                         r  vector_main_ixc/write_addr_reg_reg[0][1][5]/C

Slack:                    inf
  Source:                 rst_n
                            (input port)
  Destination:            vector_alu_0/lane_out_reg[14][5]/R
                            (rising edge-triggered cell FDRE clocked by sys_clk  {rise@0.000ns fall@2.500ns period=5.000ns})
  Path Group:             (none)
  Path Type:              Hold (Min at Fast Process Corner)
  Data Path Delay:        1.640ns  (logic 0.167ns (10.171%)  route 1.473ns (89.829%))
  Logic Levels:           2  (IBUF=1 LUT1=1)
  Clock Path Skew:        2.565ns (DCD - SCD - CPR)
    Destination Clock Delay (DCD):    2.565ns
    Source Clock Delay      (SCD):    0.000ns
    Clock Pessimism Removal (CPR):    -0.000ns

    Location             Delay type                Incr(ns)  Path(ns)    Netlist Resource(s)
  -------------------------------------------------------------------    -------------------
    N33                                               0.000     0.000 f  rst_n
                         net (fo=0)                   0.000     0.000    rst_n
    N33                  IBUF (Prop_ibuf_I_O)         0.139     0.139 f  rst_n_IBUF_inst/O
                         net (fo=219, routed)         1.046     1.184    sch_0/execute/rst_n_IBUF
    SLICE_X40Y208        LUT1 (Prop_lut1_I0_O)        0.028     1.212 r  sch_0/execute/slave_queue[1].tail[2]_i_1/O
                         net (fo=3884, routed)        0.428     1.640    vector_alu_0/p_0_in
    SLICE_X45Y202        FDRE                                         r  vector_alu_0/lane_out_reg[14][5]/R
  -------------------------------------------------------------------    -------------------

                         (clock sys_clk rise edge)    0.000     0.000 r  <hidden>
    AL20                                              0.000     0.000 r  clk
                         net (fo=0)                   0.000     0.000    clk
    AL20                 IBUF (Prop_ibuf_I_O)         0.366     0.366 r  clk_IBUF_inst/O
                         net (fo=1, routed)           1.389     1.755    clk_IBUF
    BUFGCTRL_X0Y0        BUFG (Prop_bufg_I_O)         0.030     1.785 r  clk_IBUF_BUFG_inst/O
                         net (fo=14784, routed)       0.780     2.565    vector_alu_0/clk_IBUF_BUFG
    SLICE_X45Y202        FDRE                                         r  vector_alu_0/lane_out_reg[14][5]/C

Slack:                    inf
  Source:                 write_req\\.addr[5]
                            (input port)
  Destination:            vector_main_ixc/write_addr_reg_reg[0][0][5]/D
                            (rising edge-triggered cell FDRE clocked by sys_clk  {rise@0.000ns fall@2.500ns period=5.000ns})
  Path Group:             (none)
  Path Type:              Hold (Min at Fast Process Corner)
  Data Path Delay:        1.643ns  (logic 0.096ns (5.827%)  route 1.547ns (94.173%))
  Logic Levels:           1  (IBUF=1)
  Clock Path Skew:        2.532ns (DCD - SCD - CPR)
    Destination Clock Delay (DCD):    2.532ns
    Source Clock Delay      (SCD):    0.000ns
    Clock Pessimism Removal (CPR):    -0.000ns

    Location             Delay type                Incr(ns)  Path(ns)    Netlist Resource(s)
  -------------------------------------------------------------------    -------------------
    AD27                                              0.000     0.000 r  write_req\\.addr[5]
                         net (fo=0)                   0.000     0.000    write_req\\.addr[5]
    AD27                 IBUF (Prop_ibuf_I_O)         0.096     0.096 r  write_addr_reg_reg[0][1][5]_i_1/O
                         net (fo=2, routed)           1.547     1.643    vector_main_ixc/D[5]
    SLICE_X96Y150        FDRE                                         r  vector_main_ixc/write_addr_reg_reg[0][0][5]/D
  -------------------------------------------------------------------    -------------------

                         (clock sys_clk rise edge)    0.000     0.000 r  <hidden>
    AL20                                              0.000     0.000 r  clk
                         net (fo=0)                   0.000     0.000    clk
    AL20                 IBUF (Prop_ibuf_I_O)         0.366     0.366 r  clk_IBUF_inst/O
                         net (fo=1, routed)           1.389     1.755    clk_IBUF
    BUFGCTRL_X0Y0        BUFG (Prop_bufg_I_O)         0.030     1.785 r  clk_IBUF_BUFG_inst/O
                         net (fo=14784, routed)       0.747     2.532    vector_main_ixc/clk_IBUF_BUFG
    SLICE_X96Y150        FDRE                                         r  vector_main_ixc/write_addr_reg_reg[0][0][5]/C

Slack:                    inf
  Source:                 rst_n
                            (input port)
  Destination:            vector_alu_0/lane_out_reg[14][13]/R
                            (rising edge-triggered cell FDRE clocked by sys_clk  {rise@0.000ns fall@2.500ns period=5.000ns})
  Path Group:             (none)
  Path Type:              Hold (Min at Fast Process Corner)
  Data Path Delay:        1.645ns  (logic 0.167ns (10.144%)  route 1.478ns (89.856%))
  Logic Levels:           2  (IBUF=1 LUT1=1)
  Clock Path Skew:        2.563ns (DCD - SCD - CPR)
    Destination Clock Delay (DCD):    2.563ns
    Source Clock Delay      (SCD):    0.000ns
    Clock Pessimism Removal (CPR):    -0.000ns

    Location             Delay type                Incr(ns)  Path(ns)    Netlist Resource(s)
  -------------------------------------------------------------------    -------------------
    N33                                               0.000     0.000 f  rst_n
                         net (fo=0)                   0.000     0.000    rst_n
    N33                  IBUF (Prop_ibuf_I_O)         0.139     0.139 f  rst_n_IBUF_inst/O
                         net (fo=219, routed)         1.046     1.184    sch_0/execute/rst_n_IBUF
    SLICE_X40Y208        LUT1 (Prop_lut1_I0_O)        0.028     1.212 r  sch_0/execute/slave_queue[1].tail[2]_i_1/O
                         net (fo=3884, routed)        0.432     1.645    vector_alu_0/p_0_in
    SLICE_X47Y203        FDRE                                         r  vector_alu_0/lane_out_reg[14][13]/R
  -------------------------------------------------------------------    -------------------

                         (clock sys_clk rise edge)    0.000     0.000 r  <hidden>
    AL20                                              0.000     0.000 r  clk
                         net (fo=0)                   0.000     0.000    clk
    AL20                 IBUF (Prop_ibuf_I_O)         0.366     0.366 r  clk_IBUF_inst/O
                         net (fo=1, routed)           1.389     1.755    clk_IBUF
    BUFGCTRL_X0Y0        BUFG (Prop_bufg_I_O)         0.030     1.785 r  clk_IBUF_BUFG_inst/O
                         net (fo=14784, routed)       0.778     2.563    vector_alu_0/clk_IBUF_BUFG
    SLICE_X47Y203        FDRE                                         r  vector_alu_0/lane_out_reg[14][13]/C

Slack:                    inf
  Source:                 rst_n
                            (input port)
  Destination:            vector_alu_0/lane_out_reg[14][14]/R
                            (rising edge-triggered cell FDRE clocked by sys_clk  {rise@0.000ns fall@2.500ns period=5.000ns})
  Path Group:             (none)
  Path Type:              Hold (Min at Fast Process Corner)
  Data Path Delay:        1.645ns  (logic 0.167ns (10.144%)  route 1.478ns (89.856%))
  Logic Levels:           2  (IBUF=1 LUT1=1)
  Clock Path Skew:        2.563ns (DCD - SCD - CPR)
    Destination Clock Delay (DCD):    2.563ns
    Source Clock Delay      (SCD):    0.000ns
    Clock Pessimism Removal (CPR):    -0.000ns

    Location             Delay type                Incr(ns)  Path(ns)    Netlist Resource(s)
  -------------------------------------------------------------------    -------------------
    N33                                               0.000     0.000 f  rst_n
                         net (fo=0)                   0.000     0.000    rst_n
    N33                  IBUF (Prop_ibuf_I_O)         0.139     0.139 f  rst_n_IBUF_inst/O
                         net (fo=219, routed)         1.046     1.184    sch_0/execute/rst_n_IBUF
    SLICE_X40Y208        LUT1 (Prop_lut1_I0_O)        0.028     1.212 r  sch_0/execute/slave_queue[1].tail[2]_i_1/O
                         net (fo=3884, routed)        0.432     1.645    vector_alu_0/p_0_in
    SLICE_X47Y203        FDRE                                         r  vector_alu_0/lane_out_reg[14][14]/R
  -------------------------------------------------------------------    -------------------

                         (clock sys_clk rise edge)    0.000     0.000 r  <hidden>
    AL20                                              0.000     0.000 r  clk
                         net (fo=0)                   0.000     0.000    clk
    AL20                 IBUF (Prop_ibuf_I_O)         0.366     0.366 r  clk_IBUF_inst/O
                         net (fo=1, routed)           1.389     1.755    clk_IBUF
    BUFGCTRL_X0Y0        BUFG (Prop_bufg_I_O)         0.030     1.785 r  clk_IBUF_BUFG_inst/O
                         net (fo=14784, routed)       0.778     2.563    vector_alu_0/clk_IBUF_BUFG
    SLICE_X47Y203        FDRE                                         r  vector_alu_0/lane_out_reg[14][14]/C

Slack:                    inf
  Source:                 rst_n
                            (input port)
  Destination:            vector_alu_0/lane_out_skid_reg[14][12]/R
                            (rising edge-triggered cell FDRE clocked by sys_clk  {rise@0.000ns fall@2.500ns period=5.000ns})
  Path Group:             (none)
  Path Type:              Hold (Min at Fast Process Corner)
  Data Path Delay:        1.649ns  (logic 0.167ns (10.119%)  route 1.482ns (89.881%))
  Logic Levels:           2  (IBUF=1 LUT1=1)
  Clock Path Skew:        2.563ns (DCD - SCD - CPR)
    Destination Clock Delay (DCD):    2.563ns
    Source Clock Delay      (SCD):    0.000ns
    Clock Pessimism Removal (CPR):    -0.000ns

    Location             Delay type                Incr(ns)  Path(ns)    Netlist Resource(s)
  -------------------------------------------------------------------    -------------------
    N33                                               0.000     0.000 f  rst_n
                         net (fo=0)                   0.000     0.000    rst_n
    N33                  IBUF (Prop_ibuf_I_O)         0.139     0.139 f  rst_n_IBUF_inst/O
                         net (fo=219, routed)         1.046     1.184    sch_0/execute/rst_n_IBUF
    SLICE_X40Y208        LUT1 (Prop_lut1_I0_O)        0.028     1.212 r  sch_0/execute/slave_queue[1].tail[2]_i_1/O
                         net (fo=3884, routed)        0.436     1.649    vector_alu_0/p_0_in
    SLICE_X48Y203        FDRE                                         r  vector_alu_0/lane_out_skid_reg[14][12]/R
  -------------------------------------------------------------------    -------------------

                         (clock sys_clk rise edge)    0.000     0.000 r  <hidden>
    AL20                                              0.000     0.000 r  clk
                         net (fo=0)                   0.000     0.000    clk
    AL20                 IBUF (Prop_ibuf_I_O)         0.366     0.366 r  clk_IBUF_inst/O
                         net (fo=1, routed)           1.389     1.755    clk_IBUF
    BUFGCTRL_X0Y0        BUFG (Prop_bufg_I_O)         0.030     1.785 r  clk_IBUF_BUFG_inst/O
                         net (fo=14784, routed)       0.778     2.563    vector_alu_0/clk_IBUF_BUFG
    SLICE_X48Y203        FDRE                                         r  vector_alu_0/lane_out_skid_reg[14][12]/C

Slack:                    inf
  Source:                 rst_n
                            (input port)
  Destination:            vector_alu_0/lane_out_skid_reg[14][13]/R
                            (rising edge-triggered cell FDRE clocked by sys_clk  {rise@0.000ns fall@2.500ns period=5.000ns})
  Path Group:             (none)
  Path Type:              Hold (Min at Fast Process Corner)
  Data Path Delay:        1.649ns  (logic 0.167ns (10.119%)  route 1.482ns (89.881%))
  Logic Levels:           2  (IBUF=1 LUT1=1)
  Clock Path Skew:        2.563ns (DCD - SCD - CPR)
    Destination Clock Delay (DCD):    2.563ns
    Source Clock Delay      (SCD):    0.000ns
    Clock Pessimism Removal (CPR):    -0.000ns

    Location             Delay type                Incr(ns)  Path(ns)    Netlist Resource(s)
  -------------------------------------------------------------------    -------------------
    N33                                               0.000     0.000 f  rst_n
                         net (fo=0)                   0.000     0.000    rst_n
    N33                  IBUF (Prop_ibuf_I_O)         0.139     0.139 f  rst_n_IBUF_inst/O
                         net (fo=219, routed)         1.046     1.184    sch_0/execute/rst_n_IBUF
    SLICE_X40Y208        LUT1 (Prop_lut1_I0_O)        0.028     1.212 r  sch_0/execute/slave_queue[1].tail[2]_i_1/O
                         net (fo=3884, routed)        0.436     1.649    vector_alu_0/p_0_in
    SLICE_X48Y203        FDRE                                         r  vector_alu_0/lane_out_skid_reg[14][13]/R
  -------------------------------------------------------------------    -------------------

                         (clock sys_clk rise edge)    0.000     0.000 r  <hidden>
    AL20                                              0.000     0.000 r  clk
                         net (fo=0)                   0.000     0.000    clk
    AL20                 IBUF (Prop_ibuf_I_O)         0.366     0.366 r  clk_IBUF_inst/O
                         net (fo=1, routed)           1.389     1.755    clk_IBUF
    BUFGCTRL_X0Y0        BUFG (Prop_bufg_I_O)         0.030     1.785 r  clk_IBUF_BUFG_inst/O
                         net (fo=14784, routed)       0.778     2.563    vector_alu_0/clk_IBUF_BUFG
    SLICE_X48Y203        FDRE                                         r  vector_alu_0/lane_out_skid_reg[14][13]/C

Slack:                    inf
  Source:                 rst_n
                            (input port)
  Destination:            vector_alu_0/lane_out_skid_reg[14][14]/R
                            (rising edge-triggered cell FDRE clocked by sys_clk  {rise@0.000ns fall@2.500ns period=5.000ns})
  Path Group:             (none)
  Path Type:              Hold (Min at Fast Process Corner)
  Data Path Delay:        1.649ns  (logic 0.167ns (10.119%)  route 1.482ns (89.881%))
  Logic Levels:           2  (IBUF=1 LUT1=1)
  Clock Path Skew:        2.563ns (DCD - SCD - CPR)
    Destination Clock Delay (DCD):    2.563ns
    Source Clock Delay      (SCD):    0.000ns
    Clock Pessimism Removal (CPR):    -0.000ns

    Location             Delay type                Incr(ns)  Path(ns)    Netlist Resource(s)
  -------------------------------------------------------------------    -------------------
    N33                                               0.000     0.000 f  rst_n
                         net (fo=0)                   0.000     0.000    rst_n
    N33                  IBUF (Prop_ibuf_I_O)         0.139     0.139 f  rst_n_IBUF_inst/O
                         net (fo=219, routed)         1.046     1.184    sch_0/execute/rst_n_IBUF
    SLICE_X40Y208        LUT1 (Prop_lut1_I0_O)        0.028     1.212 r  sch_0/execute/slave_queue[1].tail[2]_i_1/O
                         net (fo=3884, routed)        0.436     1.649    vector_alu_0/p_0_in
    SLICE_X49Y203        FDRE                                         r  vector_alu_0/lane_out_skid_reg[14][14]/R
  -------------------------------------------------------------------    -------------------

                         (clock sys_clk rise edge)    0.000     0.000 r  <hidden>
    AL20                                              0.000     0.000 r  clk
                         net (fo=0)                   0.000     0.000    clk
    AL20                 IBUF (Prop_ibuf_I_O)         0.366     0.366 r  clk_IBUF_inst/O
                         net (fo=1, routed)           1.389     1.755    clk_IBUF
    BUFGCTRL_X0Y0        BUFG (Prop_bufg_I_O)         0.030     1.785 r  clk_IBUF_BUFG_inst/O
                         net (fo=14784, routed)       0.778     2.563    vector_alu_0/clk_IBUF_BUFG
    SLICE_X49Y203        FDRE                                         r  vector_alu_0/lane_out_skid_reg[14][14]/C

Slack:                    inf
  Source:                 rst_n
                            (input port)
  Destination:            vector_alu_0/lane_out_skid_reg[14][15]/R
                            (rising edge-triggered cell FDRE clocked by sys_clk  {rise@0.000ns fall@2.500ns period=5.000ns})
  Path Group:             (none)
  Path Type:              Hold (Min at Fast Process Corner)
  Data Path Delay:        1.649ns  (logic 0.167ns (10.119%)  route 1.482ns (89.881%))
  Logic Levels:           2  (IBUF=1 LUT1=1)
  Clock Path Skew:        2.563ns (DCD - SCD - CPR)
    Destination Clock Delay (DCD):    2.563ns
    Source Clock Delay      (SCD):    0.000ns
    Clock Pessimism Removal (CPR):    -0.000ns

    Location             Delay type                Incr(ns)  Path(ns)    Netlist Resource(s)
  -------------------------------------------------------------------    -------------------
    N33                                               0.000     0.000 f  rst_n
                         net (fo=0)                   0.000     0.000    rst_n
    N33                  IBUF (Prop_ibuf_I_O)         0.139     0.139 f  rst_n_IBUF_inst/O
                         net (fo=219, routed)         1.046     1.184    sch_0/execute/rst_n_IBUF
    SLICE_X40Y208        LUT1 (Prop_lut1_I0_O)        0.028     1.212 r  sch_0/execute/slave_queue[1].tail[2]_i_1/O
                         net (fo=3884, routed)        0.436     1.649    vector_alu_0/p_0_in
    SLICE_X49Y203        FDRE                                         r  vector_alu_0/lane_out_skid_reg[14][15]/R
  -------------------------------------------------------------------    -------------------

                         (clock sys_clk rise edge)    0.000     0.000 r  <hidden>
    AL20                                              0.000     0.000 r  clk
                         net (fo=0)                   0.000     0.000    clk
    AL20                 IBUF (Prop_ibuf_I_O)         0.366     0.366 r  clk_IBUF_inst/O
                         net (fo=1, routed)           1.389     1.755    clk_IBUF
    BUFGCTRL_X0Y0        BUFG (Prop_bufg_I_O)         0.030     1.785 r  clk_IBUF_BUFG_inst/O
                         net (fo=14784, routed)       0.778     2.563    vector_alu_0/clk_IBUF_BUFG
    SLICE_X49Y203        FDRE                                         r  vector_alu_0/lane_out_skid_reg[14][15]/C





