Copyright 1986-2022 Xilinx, Inc. All Rights Reserved. Copyright 2022-2026 Advanced Micro Devices, Inc. All Rights Reserved.
--------------------------------------------------------------------------------------------------------------------------------------------------------------------------------------
| Tool Version : Vivado v.2026.1 (win64) Build 6511674 Tue Jun 16 11:02:23 MDT 2026
| Date         : Wed Sep 30 22:44:06 2026
| Host         : DESKTOP-2MR89AG running 64-bit major release  (build 9200)
| Command      : report_timing_summary -delay_type min_max -max_paths 20 -report_unconstrained -file C:/Users/wonho/AppData/Local/Temp/rigel_mul_verify/post_route_timing_summary.rpt
| Design       : vector_system
| Device       : 7k480t-ffg1156
| Speed File   : -2  PRODUCTION 1.12 2017-02-17
| Design State : Routed
--------------------------------------------------------------------------------------------------------------------------------------------------------------------------------------

Timing Summary Report

------------------------------------------------------------------------------------------------
| Timer Settings
| --------------
------------------------------------------------------------------------------------------------

  Enable Multi Corner Analysis               :  Yes
  Enable Pessimism Removal                   :  Yes
  Pessimism Removal Resolution               :  Nearest Common Node
  Enable Input Delay Default Clock           :  No
  Enable Preset / Clear Arcs                 :  No
  Disable Flight Delays                      :  No
  Ignore I/O Paths                           :  No
  Timing Early Launch at Borrowing Latches   :  No
  Borrow Time for Max Delay Exceptions       :  Yes
  Merge Timing Exceptions                    :  Yes
  Inter-SLR Compensation                     :  Conservative

  Corner  Analyze    Analyze    
  Name    Max Paths  Min Paths  
  ------  ---------  ---------  
  Slow    Yes        Yes        
  Fast    Yes        Yes        


------------------------------------------------------------------------------------------------
| Report Methodology
| ------------------
------------------------------------------------------------------------------------------------

No report available as report_methodology has not been run prior. Run report_methodology on the current design for the summary of methodology violations.



check_timing report

Table of Contents
-----------------
1. checking no_clock (0)
2. checking constant_clock (0)
3. checking pulse_width_clock (0)
4. checking unconstrained_internal_endpoints (0)
5. checking no_input_delay (192)
6. checking no_output_delay (171)
7. checking multiple_clock (0)
8. checking generated_clocks (0)
9. checking loops (2)
10. checking partial_input_delay (0)
11. checking partial_output_delay (0)
12. checking latch_loops (0)

1. checking no_clock (0)
------------------------
 There are 0 register/latch pins with no clock.


2. checking constant_clock (0)
------------------------------
 There are 0 register/latch pins with constant_clock.


3. checking pulse_width_clock (0)
---------------------------------
 There are 0 register/latch pins which need pulse_width check


4. checking unconstrained_internal_endpoints (0)
------------------------------------------------
 There are 0 pins that are not constrained for maximum delay.

 There are 0 pins that are not constrained for maximum delay due to constant clock.


5. checking no_input_delay (192)
--------------------------------
 There are 192 input ports with no input delay specified. (HIGH)

 There are 0 input ports with no input delay but user has a false path constraint.


6. checking no_output_delay (171)
---------------------------------
 There are 171 ports with no output delay specified. (HIGH)

 There are 0 ports with no output delay but user has a false path constraint

 There are 0 ports with no output delay but with a timing clock defined on it or propagating through it


7. checking multiple_clock (0)
------------------------------
 There are 0 register/latch pins with multiple clocks.


8. checking generated_clocks (0)
--------------------------------
 There are 0 generated clocks that are not connected to a clock source.


9. checking loops (2)
---------------------
 There are 2 combinational loops in the design. (HIGH)


10. checking partial_input_delay (0)
------------------------------------
 There are 0 input ports with partial input delay specified.


11. checking partial_output_delay (0)
-------------------------------------
 There are 0 ports with partial output delay specified.


12. checking latch_loops (0)
----------------------------
 There are 0 combinational latch loops in the design through latch input



------------------------------------------------------------------------------------------------
| Design Timing Summary
| ---------------------
------------------------------------------------------------------------------------------------

    WNS(ns)      TNS(ns)  TNS Failing Endpoints  TNS Total Endpoints      WHS(ns)      THS(ns)  THS Failing Endpoints  THS Total Endpoints     WPWS(ns)     TPWS(ns)  TPWS Failing Endpoints  TPWS Total Endpoints  
    -------      -------  ---------------------  -------------------      -------      -------  ---------------------  -------------------     --------     --------  ----------------------  --------------------  
      0.177        0.000                      0                37496        0.046        0.000                      0                37496        1.732        0.000                       0                 16630  


All user specified timing constraints are met.


------------------------------------------------------------------------------------------------
| Clock Summary
| -------------
------------------------------------------------------------------------------------------------

Clock    Waveform(ns)         Period(ns)      Frequency(MHz)
-----    ------------         ----------      --------------
sys_clk  {0.000 2.500}        5.000           200.000         


------------------------------------------------------------------------------------------------
| Intra Clock Table
| -----------------
------------------------------------------------------------------------------------------------

Clock             WNS(ns)      TNS(ns)  TNS Failing Endpoints  TNS Total Endpoints      WHS(ns)      THS(ns)  THS Failing Endpoints  THS Total Endpoints     WPWS(ns)     TPWS(ns)  TPWS Failing Endpoints  TPWS Total Endpoints  
-----             -------      -------  ---------------------  -------------------      -------      -------  ---------------------  -------------------     --------     --------  ----------------------  --------------------  
sys_clk             0.177        0.000                      0                37496        0.046        0.000                      0                37496        1.732        0.000                       0                 16630  


------------------------------------------------------------------------------------------------
| Inter Clock Table
| -----------------
------------------------------------------------------------------------------------------------

From Clock    To Clock          WNS(ns)      TNS(ns)  TNS Failing Endpoints  TNS Total Endpoints      WHS(ns)      THS(ns)  THS Failing Endpoints  THS Total Endpoints  
----------    --------          -------      -------  ---------------------  -------------------      -------      -------  ---------------------  -------------------  


------------------------------------------------------------------------------------------------
| Other Path Groups Table
| -----------------------
------------------------------------------------------------------------------------------------

Path Group    From Clock    To Clock          WNS(ns)      TNS(ns)  TNS Failing Endpoints  TNS Total Endpoints      WHS(ns)      THS(ns)  THS Failing Endpoints  THS Total Endpoints  
----------    ----------    --------          -------      -------  ---------------------  -------------------      -------      -------  ---------------------  -------------------  


------------------------------------------------------------------------------------------------
| User Ignored Path Table
| -----------------------
------------------------------------------------------------------------------------------------

Path Group    From Clock    To Clock    
----------    ----------    --------    


------------------------------------------------------------------------------------------------
| Unconstrained Path Table
| ------------------------
------------------------------------------------------------------------------------------------

Path Group    From Clock    To Clock    
----------    ----------    --------    
(none)                                    
(none)        sys_clk                     
(none)                      sys_clk       


------------------------------------------------------------------------------------------------
| Timing Details
| --------------
------------------------------------------------------------------------------------------------


---------------------------------------------------------------------------------------------------
From Clock:  sys_clk
  To Clock:  sys_clk

Setup :            0  Failing Endpoints,  Worst Slack        0.177ns,  Total Violation        0.000ns
Hold  :            0  Failing Endpoints,  Worst Slack        0.046ns,  Total Violation        0.000ns
PW    :            0  Failing Endpoints,  Worst Slack        1.732ns,  Total Violation        0.000ns
---------------------------------------------------------------------------------------------------


Max Delay Paths
--------------------------------------------------------------------------------------
Slack (MET) :             0.177ns  (required time - arrival time)
  Source:                 vector_alu_0/control_out_reg[8]/C
                            (rising edge-triggered cell FDRE clocked by sys_clk  {rise@0.000ns fall@2.500ns period=5.000ns})
  Destination:            vector_accumulate_0/out_ch\\.data_reg[124]/D
                            (rising edge-triggered cell FDRE clocked by sys_clk  {rise@0.000ns fall@2.500ns period=5.000ns})
  Path Group:             sys_clk
  Path Type:              Setup (Max at Slow Process Corner)
  Requirement:            5.000ns  (sys_clk rise@5.000ns - sys_clk rise@0.000ns)
  Data Path Delay:        4.530ns  (logic 0.266ns (5.872%)  route 4.264ns (94.128%))
  Logic Levels:           1  (LUT6=1)
  Clock Path Skew:        -0.291ns (DCD - SCD + CPR)
    Destination Clock Delay (DCD):    4.435ns = ( 9.435 - 5.000 ) 
    Source Clock Delay      (SCD):    4.955ns
    Clock Pessimism Removal (CPR):    0.228ns
  Clock Uncertainty:      0.035ns  ((TSJ^2 + TIJ^2)^1/2 + DJ) / 2 + PE
    Total System Jitter     (TSJ):    0.071ns
    Total Input Jitter      (TIJ):    0.000ns
    Discrete Jitter          (DJ):    0.000ns
    Phase Error              (PE):    0.000ns

    Location             Delay type                Incr(ns)  Path(ns)    Netlist Resource(s)
  -------------------------------------------------------------------    -------------------
                         (clock sys_clk rise edge)    0.000     0.000 r  <hidden>
    AL25                                              0.000     0.000 r  clk
                         net (fo=0)                   0.000     0.000    clk
    AL25                 IBUF (Prop_ibuf_I_O)         0.790     0.790 r  clk_IBUF_inst/O
                         net (fo=1, routed)           2.376     3.166    clk_IBUF
    BUFGCTRL_X0Y0        BUFG (Prop_bufg_I_O)         0.093     3.259 r  clk_IBUF_BUFG_inst/O
                         net (fo=16661, routed)       1.696     4.955    vector_alu_0/clk_IBUF_BUFG
    SLICE_X37Y95         FDRE                                         r  vector_alu_0/control_out_reg[8]/C
  -------------------------------------------------------------------    -------------------
    SLICE_X37Y95         FDRE (Prop_fdre_C_Q)         0.223     5.178 r  vector_alu_0/control_out_reg[8]/Q
                         net (fo=160, routed)         4.264     9.442    vector_accumulate_0/vector_alu_0__out_ch__data[257]
    SLICE_X27Y143        LUT6 (Prop_lut6_I4_O)        0.043     9.485 r  vector_accumulate_0/out_ch\\.data[124]_i_1__3/O
                         net (fo=1, routed)           0.000     9.485    vector_accumulate_0/p_47_out[124]
    SLICE_X27Y143        FDRE                                         r  vector_accumulate_0/out_ch\\.data_reg[124]/D
  -------------------------------------------------------------------    -------------------

                         (clock sys_clk rise edge)    5.000     5.000 r  <hidden>
    AL25                                              0.000     5.000 r  clk
                         net (fo=0)                   0.000     5.000    clk
    AL25                 IBUF (Prop_ibuf_I_O)         0.714     5.714 r  clk_IBUF_inst/O
                         net (fo=1, routed)           2.248     7.962    clk_IBUF
    BUFGCTRL_X0Y0        BUFG (Prop_bufg_I_O)         0.083     8.045 r  clk_IBUF_BUFG_inst/O
                         net (fo=16661, routed)       1.390     9.435    vector_accumulate_0/clk_IBUF_BUFG
    SLICE_X27Y143        FDRE                                         r  vector_accumulate_0/out_ch\\.data_reg[124]/C
                         clock pessimism              0.228     9.664    <hidden>
                         clock uncertainty           -0.035     9.628    <hidden>
    SLICE_X27Y143        FDRE (Setup_fdre_C_D)        0.034     9.662    vector_accumulate_0/out_ch\\.data_reg[124]
  -------------------------------------------------------------------
                         required time                          9.662    <hidden>
                         arrival time                          -9.485    <hidden>
  -------------------------------------------------------------------
                         slack                                  0.177    <hidden>

Slack (MET) :             0.214ns  (required time - arrival time)
  Source:                 vector_alu_0/out_valid_reg/C
                            (rising edge-triggered cell FDRE clocked by sys_clk  {rise@0.000ns fall@2.500ns period=5.000ns})
  Destination:            vector_accumulate_0/accumulator_reg[1][24]/CE
                            (rising edge-triggered cell FDRE clocked by sys_clk  {rise@0.000ns fall@2.500ns period=5.000ns})
  Path Group:             sys_clk
  Path Type:              Setup (Max at Slow Process Corner)
  Requirement:            5.000ns  (sys_clk rise@5.000ns - sys_clk rise@0.000ns)
  Data Path Delay:        4.175ns  (logic 0.223ns (5.341%)  route 3.952ns (94.659%))
  Logic Levels:           0  
  Clock Path Skew:        -0.374ns (DCD - SCD + CPR)
    Destination Clock Delay (DCD):    4.296ns = ( 9.296 - 5.000 ) 
    Source Clock Delay      (SCD):    4.899ns
    Clock Pessimism Removal (CPR):    0.228ns
  Clock Uncertainty:      0.035ns  ((TSJ^2 + TIJ^2)^1/2 + DJ) / 2 + PE
    Total System Jitter     (TSJ):    0.071ns
    Total Input Jitter      (TIJ):    0.000ns
    Discrete Jitter          (DJ):    0.000ns
    Phase Error              (PE):    0.000ns

    Location             Delay type                Incr(ns)  Path(ns)    Netlist Resource(s)
  -------------------------------------------------------------------    -------------------
                         (clock sys_clk rise edge)    0.000     0.000 r  <hidden>
    AL25                                              0.000     0.000 r  clk
                         net (fo=0)                   0.000     0.000    clk
    AL25                 IBUF (Prop_ibuf_I_O)         0.790     0.790 r  clk_IBUF_inst/O
                         net (fo=1, routed)           2.376     3.166    clk_IBUF
    BUFGCTRL_X0Y0        BUFG (Prop_bufg_I_O)         0.093     3.259 r  clk_IBUF_BUFG_inst/O
                         net (fo=16661, routed)       1.640     4.899    vector_alu_0/clk_IBUF_BUFG
    SLICE_X39Y98         FDRE                                         r  vector_alu_0/out_valid_reg/C
  -------------------------------------------------------------------    -------------------
    SLICE_X39Y98         FDRE (Prop_fdre_C_Q)         0.223     5.122 r  vector_alu_0/out_valid_reg/Q
                         net (fo=526, routed)         3.952     9.074    vector_accumulate_0/vector_alu_0__out_ch__valid
    SLICE_X71Y122        FDRE                                         r  vector_accumulate_0/accumulator_reg[1][24]/CE
  -------------------------------------------------------------------    -------------------

                         (clock sys_clk rise edge)    5.000     5.000 r  <hidden>
    AL25                                              0.000     5.000 r  clk
                         net (fo=0)                   0.000     5.000    clk
    AL25                 IBUF (Prop_ibuf_I_O)         0.714     5.714 r  clk_IBUF_inst/O
                         net (fo=1, routed)           2.248     7.962    clk_IBUF
    BUFGCTRL_X0Y0        BUFG (Prop_bufg_I_O)         0.083     8.045 r  clk_IBUF_BUFG_inst/O
                         net (fo=16661, routed)       1.251     9.296    vector_accumulate_0/clk_IBUF_BUFG
    SLICE_X71Y122        FDRE                                         r  vector_accumulate_0/accumulator_reg[1][24]/C
                         clock pessimism              0.228     9.525    <hidden>
                         clock uncertainty           -0.035     9.489    <hidden>
    SLICE_X71Y122        FDRE (Setup_fdre_C_CE)      -0.201     9.288    vector_accumulate_0/accumulator_reg[1][24]
  -------------------------------------------------------------------
                         required time                          9.288    <hidden>
                         arrival time                          -9.074    <hidden>
  -------------------------------------------------------------------
                         slack                                  0.214    <hidden>

Slack (MET) :             0.214ns  (required time - arrival time)
  Source:                 vector_alu_0/out_valid_reg/C
                            (rising edge-triggered cell FDRE clocked by sys_clk  {rise@0.000ns fall@2.500ns period=5.000ns})
  Destination:            vector_accumulate_0/accumulator_reg[1][25]/CE
                            (rising edge-triggered cell FDRE clocked by sys_clk  {rise@0.000ns fall@2.500ns period=5.000ns})
  Path Group:             sys_clk
  Path Type:              Setup (Max at Slow Process Corner)
  Requirement:            5.000ns  (sys_clk rise@5.000ns - sys_clk rise@0.000ns)
  Data Path Delay:        4.175ns  (logic 0.223ns (5.341%)  route 3.952ns (94.659%))
  Logic Levels:           0  
  Clock Path Skew:        -0.374ns (DCD - SCD + CPR)
    Destination Clock Delay (DCD):    4.296ns = ( 9.296 - 5.000 ) 
    Source Clock Delay      (SCD):    4.899ns
    Clock Pessimism Removal (CPR):    0.228ns
  Clock Uncertainty:      0.035ns  ((TSJ^2 + TIJ^2)^1/2 + DJ) / 2 + PE
    Total System Jitter     (TSJ):    0.071ns
    Total Input Jitter      (TIJ):    0.000ns
    Discrete Jitter          (DJ):    0.000ns
    Phase Error              (PE):    0.000ns

    Location             Delay type                Incr(ns)  Path(ns)    Netlist Resource(s)
  -------------------------------------------------------------------    -------------------
                         (clock sys_clk rise edge)    0.000     0.000 r  <hidden>
    AL25                                              0.000     0.000 r  clk
                         net (fo=0)                   0.000     0.000    clk
    AL25                 IBUF (Prop_ibuf_I_O)         0.790     0.790 r  clk_IBUF_inst/O
                         net (fo=1, routed)           2.376     3.166    clk_IBUF
    BUFGCTRL_X0Y0        BUFG (Prop_bufg_I_O)         0.093     3.259 r  clk_IBUF_BUFG_inst/O
                         net (fo=16661, routed)       1.640     4.899    vector_alu_0/clk_IBUF_BUFG
    SLICE_X39Y98         FDRE                                         r  vector_alu_0/out_valid_reg/C
  -------------------------------------------------------------------    -------------------
    SLICE_X39Y98         FDRE (Prop_fdre_C_Q)         0.223     5.122 r  vector_alu_0/out_valid_reg/Q
                         net (fo=526, routed)         3.952     9.074    vector_accumulate_0/vector_alu_0__out_ch__valid
    SLICE_X71Y122        FDRE                                         r  vector_accumulate_0/accumulator_reg[1][25]/CE
  -------------------------------------------------------------------    -------------------

                         (clock sys_clk rise edge)    5.000     5.000 r  <hidden>
    AL25                                              0.000     5.000 r  clk
                         net (fo=0)                   0.000     5.000    clk
    AL25                 IBUF (Prop_ibuf_I_O)         0.714     5.714 r  clk_IBUF_inst/O
                         net (fo=1, routed)           2.248     7.962    clk_IBUF
    BUFGCTRL_X0Y0        BUFG (Prop_bufg_I_O)         0.083     8.045 r  clk_IBUF_BUFG_inst/O
                         net (fo=16661, routed)       1.251     9.296    vector_accumulate_0/clk_IBUF_BUFG
    SLICE_X71Y122        FDRE                                         r  vector_accumulate_0/accumulator_reg[1][25]/C
                         clock pessimism              0.228     9.525    <hidden>
                         clock uncertainty           -0.035     9.489    <hidden>
    SLICE_X71Y122        FDRE (Setup_fdre_C_CE)      -0.201     9.288    vector_accumulate_0/accumulator_reg[1][25]
  -------------------------------------------------------------------
                         required time                          9.288    <hidden>
                         arrival time                          -9.074    <hidden>
  -------------------------------------------------------------------
                         slack                                  0.214    <hidden>

Slack (MET) :             0.214ns  (required time - arrival time)
  Source:                 vector_alu_0/out_valid_reg/C
                            (rising edge-triggered cell FDRE clocked by sys_clk  {rise@0.000ns fall@2.500ns period=5.000ns})
  Destination:            vector_accumulate_0/accumulator_reg[1][26]/CE
                            (rising edge-triggered cell FDRE clocked by sys_clk  {rise@0.000ns fall@2.500ns period=5.000ns})
  Path Group:             sys_clk
  Path Type:              Setup (Max at Slow Process Corner)
  Requirement:            5.000ns  (sys_clk rise@5.000ns - sys_clk rise@0.000ns)
  Data Path Delay:        4.175ns  (logic 0.223ns (5.341%)  route 3.952ns (94.659%))
  Logic Levels:           0  
  Clock Path Skew:        -0.374ns (DCD - SCD + CPR)
    Destination Clock Delay (DCD):    4.296ns = ( 9.296 - 5.000 ) 
    Source Clock Delay      (SCD):    4.899ns
    Clock Pessimism Removal (CPR):    0.228ns
  Clock Uncertainty:      0.035ns  ((TSJ^2 + TIJ^2)^1/2 + DJ) / 2 + PE
    Total System Jitter     (TSJ):    0.071ns
    Total Input Jitter      (TIJ):    0.000ns
    Discrete Jitter          (DJ):    0.000ns
    Phase Error              (PE):    0.000ns

    Location             Delay type                Incr(ns)  Path(ns)    Netlist Resource(s)
  -------------------------------------------------------------------    -------------------
                         (clock sys_clk rise edge)    0.000     0.000 r  <hidden>
    AL25                                              0.000     0.000 r  clk
                         net (fo=0)                   0.000     0.000    clk
    AL25                 IBUF (Prop_ibuf_I_O)         0.790     0.790 r  clk_IBUF_inst/O
                         net (fo=1, routed)           2.376     3.166    clk_IBUF
    BUFGCTRL_X0Y0        BUFG (Prop_bufg_I_O)         0.093     3.259 r  clk_IBUF_BUFG_inst/O
                         net (fo=16661, routed)       1.640     4.899    vector_alu_0/clk_IBUF_BUFG
    SLICE_X39Y98         FDRE                                         r  vector_alu_0/out_valid_reg/C
  -------------------------------------------------------------------    -------------------
    SLICE_X39Y98         FDRE (Prop_fdre_C_Q)         0.223     5.122 r  vector_alu_0/out_valid_reg/Q
                         net (fo=526, routed)         3.952     9.074    vector_accumulate_0/vector_alu_0__out_ch__valid
    SLICE_X71Y122        FDRE                                         r  vector_accumulate_0/accumulator_reg[1][26]/CE
  -------------------------------------------------------------------    -------------------

                         (clock sys_clk rise edge)    5.000     5.000 r  <hidden>
    AL25                                              0.000     5.000 r  clk
                         net (fo=0)                   0.000     5.000    clk
    AL25                 IBUF (Prop_ibuf_I_O)         0.714     5.714 r  clk_IBUF_inst/O
                         net (fo=1, routed)           2.248     7.962    clk_IBUF
    BUFGCTRL_X0Y0        BUFG (Prop_bufg_I_O)         0.083     8.045 r  clk_IBUF_BUFG_inst/O
                         net (fo=16661, routed)       1.251     9.296    vector_accumulate_0/clk_IBUF_BUFG
    SLICE_X71Y122        FDRE                                         r  vector_accumulate_0/accumulator_reg[1][26]/C
                         clock pessimism              0.228     9.525    <hidden>
                         clock uncertainty           -0.035     9.489    <hidden>
    SLICE_X71Y122        FDRE (Setup_fdre_C_CE)      -0.201     9.288    vector_accumulate_0/accumulator_reg[1][26]
  -------------------------------------------------------------------
                         required time                          9.288    <hidden>
                         arrival time                          -9.074    <hidden>
  -------------------------------------------------------------------
                         slack                                  0.214    <hidden>

Slack (MET) :             0.214ns  (required time - arrival time)
  Source:                 vector_alu_0/out_valid_reg/C
                            (rising edge-triggered cell FDRE clocked by sys_clk  {rise@0.000ns fall@2.500ns period=5.000ns})
  Destination:            vector_accumulate_0/accumulator_reg[1][27]/CE
                            (rising edge-triggered cell FDRE clocked by sys_clk  {rise@0.000ns fall@2.500ns period=5.000ns})
  Path Group:             sys_clk
  Path Type:              Setup (Max at Slow Process Corner)
  Requirement:            5.000ns  (sys_clk rise@5.000ns - sys_clk rise@0.000ns)
  Data Path Delay:        4.175ns  (logic 0.223ns (5.341%)  route 3.952ns (94.659%))
  Logic Levels:           0  
  Clock Path Skew:        -0.374ns (DCD - SCD + CPR)
    Destination Clock Delay (DCD):    4.296ns = ( 9.296 - 5.000 ) 
    Source Clock Delay      (SCD):    4.899ns
    Clock Pessimism Removal (CPR):    0.228ns
  Clock Uncertainty:      0.035ns  ((TSJ^2 + TIJ^2)^1/2 + DJ) / 2 + PE
    Total System Jitter     (TSJ):    0.071ns
    Total Input Jitter      (TIJ):    0.000ns
    Discrete Jitter          (DJ):    0.000ns
    Phase Error              (PE):    0.000ns

    Location             Delay type                Incr(ns)  Path(ns)    Netlist Resource(s)
  -------------------------------------------------------------------    -------------------
                         (clock sys_clk rise edge)    0.000     0.000 r  <hidden>
    AL25                                              0.000     0.000 r  clk
                         net (fo=0)                   0.000     0.000    clk
    AL25                 IBUF (Prop_ibuf_I_O)         0.790     0.790 r  clk_IBUF_inst/O
                         net (fo=1, routed)           2.376     3.166    clk_IBUF
    BUFGCTRL_X0Y0        BUFG (Prop_bufg_I_O)         0.093     3.259 r  clk_IBUF_BUFG_inst/O
                         net (fo=16661, routed)       1.640     4.899    vector_alu_0/clk_IBUF_BUFG
    SLICE_X39Y98         FDRE                                         r  vector_alu_0/out_valid_reg/C
  -------------------------------------------------------------------    -------------------
    SLICE_X39Y98         FDRE (Prop_fdre_C_Q)         0.223     5.122 r  vector_alu_0/out_valid_reg/Q
                         net (fo=526, routed)         3.952     9.074    vector_accumulate_0/vector_alu_0__out_ch__valid
    SLICE_X71Y122        FDRE                                         r  vector_accumulate_0/accumulator_reg[1][27]/CE
  -------------------------------------------------------------------    -------------------

                         (clock sys_clk rise edge)    5.000     5.000 r  <hidden>
    AL25                                              0.000     5.000 r  clk
                         net (fo=0)                   0.000     5.000    clk
    AL25                 IBUF (Prop_ibuf_I_O)         0.714     5.714 r  clk_IBUF_inst/O
                         net (fo=1, routed)           2.248     7.962    clk_IBUF
    BUFGCTRL_X0Y0        BUFG (Prop_bufg_I_O)         0.083     8.045 r  clk_IBUF_BUFG_inst/O
                         net (fo=16661, routed)       1.251     9.296    vector_accumulate_0/clk_IBUF_BUFG
    SLICE_X71Y122        FDRE                                         r  vector_accumulate_0/accumulator_reg[1][27]/C
                         clock pessimism              0.228     9.525    <hidden>
                         clock uncertainty           -0.035     9.489    <hidden>
    SLICE_X71Y122        FDRE (Setup_fdre_C_CE)      -0.201     9.288    vector_accumulate_0/accumulator_reg[1][27]
  -------------------------------------------------------------------
                         required time                          9.288    <hidden>
                         arrival time                          -9.074    <hidden>
  -------------------------------------------------------------------
                         slack                                  0.214    <hidden>

Slack (MET) :             0.218ns  (required time - arrival time)
  Source:                 alu_a_dma/fifo_dut/fifo_read_offset_reg[1]/C
                            (rising edge-triggered cell FDCE clocked by sys_clk  {rise@0.000ns fall@2.500ns period=5.000ns})
  Destination:            alu_a_dma/fifo_dut/bram_out_data_reg[93]/D
                            (rising edge-triggered cell FDRE clocked by sys_clk  {rise@0.000ns fall@2.500ns period=5.000ns})
  Path Group:             sys_clk
  Path Type:              Setup (Max at Slow Process Corner)
  Requirement:            5.000ns  (sys_clk rise@5.000ns - sys_clk rise@0.000ns)
  Data Path Delay:        4.635ns  (logic 0.419ns (9.039%)  route 4.216ns (90.961%))
  Logic Levels:           2  (LUT6=1 MUXF7=1)
  Clock Path Skew:        -0.187ns (DCD - SCD + CPR)
    Destination Clock Delay (DCD):    4.305ns = ( 9.305 - 5.000 ) 
    Source Clock Delay      (SCD):    4.794ns
    Clock Pessimism Removal (CPR):    0.301ns
  Clock Uncertainty:      0.035ns  ((TSJ^2 + TIJ^2)^1/2 + DJ) / 2 + PE
    Total System Jitter     (TSJ):    0.071ns
    Total Input Jitter      (TIJ):    0.000ns
    Discrete Jitter          (DJ):    0.000ns
    Phase Error              (PE):    0.000ns

    Location             Delay type                Incr(ns)  Path(ns)    Netlist Resource(s)
  -------------------------------------------------------------------    -------------------
                         (clock sys_clk rise edge)    0.000     0.000 r  <hidden>
    AL25                                              0.000     0.000 r  clk
                         net (fo=0)                   0.000     0.000    clk
    AL25                 IBUF (Prop_ibuf_I_O)         0.790     0.790 r  clk_IBUF_inst/O
                         net (fo=1, routed)           2.376     3.166    clk_IBUF
    BUFGCTRL_X0Y0        BUFG (Prop_bufg_I_O)         0.093     3.259 r  clk_IBUF_BUFG_inst/O
                         net (fo=16661, routed)       1.535     4.794    alu_a_dma/fifo_dut/clk_IBUF_BUFG
    SLICE_X16Y146        FDCE                                         r  alu_a_dma/fifo_dut/fifo_read_offset_reg[1]/C
  -------------------------------------------------------------------    -------------------
    SLICE_X16Y146        FDCE (Prop_fdce_C_Q)         0.259     5.053 r  alu_a_dma/fifo_dut/fifo_read_offset_reg[1]/Q
                         net (fo=258, routed)         4.216     9.269    alu_a_dma/fifo_dut/fifo_read_offset[1]
    SLICE_X78Y113        LUT6 (Prop_lut6_I2_O)        0.043     9.312 r  alu_a_dma/fifo_dut/bram_out_data[93]_i_3__1/O
                         net (fo=1, routed)           0.000     9.312    alu_a_dma/fifo_dut/bram_out_data[93]_i_3__1_n_0
    SLICE_X78Y113        MUXF7 (Prop_muxf7_I1_O)      0.117     9.429 r  alu_a_dma/fifo_dut/bram_out_data_reg[93]_i_1__1/O
                         net (fo=1, routed)           0.000     9.429    alu_a_dma/fifo_dut/bram_out_data_reg[93]_i_1__1_n_0
    SLICE_X78Y113        FDRE                                         r  alu_a_dma/fifo_dut/bram_out_data_reg[93]/D
  -------------------------------------------------------------------    -------------------

                         (clock sys_clk rise edge)    5.000     5.000 r  <hidden>
    AL25                                              0.000     5.000 r  clk
                         net (fo=0)                   0.000     5.000    clk
    AL25                 IBUF (Prop_ibuf_I_O)         0.714     5.714 r  clk_IBUF_inst/O
                         net (fo=1, routed)           2.248     7.962    clk_IBUF
    BUFGCTRL_X0Y0        BUFG (Prop_bufg_I_O)         0.083     8.045 r  clk_IBUF_BUFG_inst/O
                         net (fo=16661, routed)       1.260     9.305    alu_a_dma/fifo_dut/clk_IBUF_BUFG
    SLICE_X78Y113        FDRE                                         r  alu_a_dma/fifo_dut/bram_out_data_reg[93]/C
                         clock pessimism              0.301     9.607    <hidden>
                         clock uncertainty           -0.035     9.571    <hidden>
    SLICE_X78Y113        FDRE (Setup_fdre_C_D)        0.076     9.647    alu_a_dma/fifo_dut/bram_out_data_reg[93]
  -------------------------------------------------------------------
                         required time                          9.647    <hidden>
                         arrival time                          -9.429    <hidden>
  -------------------------------------------------------------------
                         slack                                  0.218    <hidden>

Slack (MET) :             0.221ns  (required time - arrival time)
  Source:                 alu_a_dma/fifo_dut/fifo_read_offset_reg[1]/C
                            (rising edge-triggered cell FDCE clocked by sys_clk  {rise@0.000ns fall@2.500ns period=5.000ns})
  Destination:            alu_a_dma/fifo_dut/bram_out_data_reg[95]/D
                            (rising edge-triggered cell FDRE clocked by sys_clk  {rise@0.000ns fall@2.500ns period=5.000ns})
  Path Group:             sys_clk
  Path Type:              Setup (Max at Slow Process Corner)
  Requirement:            5.000ns  (sys_clk rise@5.000ns - sys_clk rise@0.000ns)
  Data Path Delay:        4.633ns  (logic 0.419ns (9.045%)  route 4.214ns (90.955%))
  Logic Levels:           2  (LUT6=1 MUXF7=1)
  Clock Path Skew:        -0.187ns (DCD - SCD + CPR)
    Destination Clock Delay (DCD):    4.305ns = ( 9.305 - 5.000 ) 
    Source Clock Delay      (SCD):    4.794ns
    Clock Pessimism Removal (CPR):    0.301ns
  Clock Uncertainty:      0.035ns  ((TSJ^2 + TIJ^2)^1/2 + DJ) / 2 + PE
    Total System Jitter     (TSJ):    0.071ns
    Total Input Jitter      (TIJ):    0.000ns
    Discrete Jitter          (DJ):    0.000ns
    Phase Error              (PE):    0.000ns

    Location             Delay type                Incr(ns)  Path(ns)    Netlist Resource(s)
  -------------------------------------------------------------------    -------------------
                         (clock sys_clk rise edge)    0.000     0.000 r  <hidden>
    AL25                                              0.000     0.000 r  clk
                         net (fo=0)                   0.000     0.000    clk
    AL25                 IBUF (Prop_ibuf_I_O)         0.790     0.790 r  clk_IBUF_inst/O
                         net (fo=1, routed)           2.376     3.166    clk_IBUF
    BUFGCTRL_X0Y0        BUFG (Prop_bufg_I_O)         0.093     3.259 r  clk_IBUF_BUFG_inst/O
                         net (fo=16661, routed)       1.535     4.794    alu_a_dma/fifo_dut/clk_IBUF_BUFG
    SLICE_X16Y146        FDCE                                         r  alu_a_dma/fifo_dut/fifo_read_offset_reg[1]/C
  -------------------------------------------------------------------    -------------------
    SLICE_X16Y146        FDCE (Prop_fdce_C_Q)         0.259     5.053 r  alu_a_dma/fifo_dut/fifo_read_offset_reg[1]/Q
                         net (fo=258, routed)         4.214     9.266    alu_a_dma/fifo_dut/fifo_read_offset[1]
    SLICE_X76Y111        LUT6 (Prop_lut6_I2_O)        0.043     9.309 r  alu_a_dma/fifo_dut/bram_out_data[95]_i_3__1/O
                         net (fo=1, routed)           0.000     9.309    alu_a_dma/fifo_dut/bram_out_data[95]_i_3__1_n_0
    SLICE_X76Y111        MUXF7 (Prop_muxf7_I1_O)      0.117     9.426 r  alu_a_dma/fifo_dut/bram_out_data_reg[95]_i_1__1/O
                         net (fo=1, routed)           0.000     9.426    alu_a_dma/fifo_dut/bram_out_data_reg[95]_i_1__1_n_0
    SLICE_X76Y111        FDRE                                         r  alu_a_dma/fifo_dut/bram_out_data_reg[95]/D
  -------------------------------------------------------------------    -------------------

                         (clock sys_clk rise edge)    5.000     5.000 r  <hidden>
    AL25                                              0.000     5.000 r  clk
                         net (fo=0)                   0.000     5.000    clk
    AL25                 IBUF (Prop_ibuf_I_O)         0.714     5.714 r  clk_IBUF_inst/O
                         net (fo=1, routed)           2.248     7.962    clk_IBUF
    BUFGCTRL_X0Y0        BUFG (Prop_bufg_I_O)         0.083     8.045 r  clk_IBUF_BUFG_inst/O
                         net (fo=16661, routed)       1.260     9.305    alu_a_dma/fifo_dut/clk_IBUF_BUFG
    SLICE_X76Y111        FDRE                                         r  alu_a_dma/fifo_dut/bram_out_data_reg[95]/C
                         clock pessimism              0.301     9.607    <hidden>
                         clock uncertainty           -0.035     9.571    <hidden>
    SLICE_X76Y111        FDRE (Setup_fdre_C_D)        0.076     9.647    alu_a_dma/fifo_dut/bram_out_data_reg[95]
  -------------------------------------------------------------------
                         required time                          9.647    <hidden>
                         arrival time                          -9.426    <hidden>
  -------------------------------------------------------------------
                         slack                                  0.221    <hidden>

Slack (MET) :             0.227ns  (required time - arrival time)
  Source:                 vector_alu_0/out_valid_reg/C
                            (rising edge-triggered cell FDRE clocked by sys_clk  {rise@0.000ns fall@2.500ns period=5.000ns})
  Destination:            vector_accumulate_0/accumulator_reg[1][20]/CE
                            (rising edge-triggered cell FDRE clocked by sys_clk  {rise@0.000ns fall@2.500ns period=5.000ns})
  Path Group:             sys_clk
  Path Type:              Setup (Max at Slow Process Corner)
  Requirement:            5.000ns  (sys_clk rise@5.000ns - sys_clk rise@0.000ns)
  Data Path Delay:        4.164ns  (logic 0.223ns (5.356%)  route 3.941ns (94.644%))
  Logic Levels:           0  
  Clock Path Skew:        -0.373ns (DCD - SCD + CPR)
    Destination Clock Delay (DCD):    4.297ns = ( 9.297 - 5.000 ) 
    Source Clock Delay      (SCD):    4.899ns
    Clock Pessimism Removal (CPR):    0.228ns
  Clock Uncertainty:      0.035ns  ((TSJ^2 + TIJ^2)^1/2 + DJ) / 2 + PE
    Total System Jitter     (TSJ):    0.071ns
    Total Input Jitter      (TIJ):    0.000ns
    Discrete Jitter          (DJ):    0.000ns
    Phase Error              (PE):    0.000ns

    Location             Delay type                Incr(ns)  Path(ns)    Netlist Resource(s)
  -------------------------------------------------------------------    -------------------
                         (clock sys_clk rise edge)    0.000     0.000 r  <hidden>
    AL25                                              0.000     0.000 r  clk
                         net (fo=0)                   0.000     0.000    clk
    AL25                 IBUF (Prop_ibuf_I_O)         0.790     0.790 r  clk_IBUF_inst/O
                         net (fo=1, routed)           2.376     3.166    clk_IBUF
    BUFGCTRL_X0Y0        BUFG (Prop_bufg_I_O)         0.093     3.259 r  clk_IBUF_BUFG_inst/O
                         net (fo=16661, routed)       1.640     4.899    vector_alu_0/clk_IBUF_BUFG
    SLICE_X39Y98         FDRE                                         r  vector_alu_0/out_valid_reg/C
  -------------------------------------------------------------------    -------------------
    SLICE_X39Y98         FDRE (Prop_fdre_C_Q)         0.223     5.122 r  vector_alu_0/out_valid_reg/Q
                         net (fo=526, routed)         3.941     9.062    vector_accumulate_0/vector_alu_0__out_ch__valid
    SLICE_X71Y121        FDRE                                         r  vector_accumulate_0/accumulator_reg[1][20]/CE
  -------------------------------------------------------------------    -------------------

                         (clock sys_clk rise edge)    5.000     5.000 r  <hidden>
    AL25                                              0.000     5.000 r  clk
                         net (fo=0)                   0.000     5.000    clk
    AL25                 IBUF (Prop_ibuf_I_O)         0.714     5.714 r  clk_IBUF_inst/O
                         net (fo=1, routed)           2.248     7.962    clk_IBUF
    BUFGCTRL_X0Y0        BUFG (Prop_bufg_I_O)         0.083     8.045 r  clk_IBUF_BUFG_inst/O
                         net (fo=16661, routed)       1.252     9.297    vector_accumulate_0/clk_IBUF_BUFG
    SLICE_X71Y121        FDRE                                         r  vector_accumulate_0/accumulator_reg[1][20]/C
                         clock pessimism              0.228     9.526    <hidden>
                         clock uncertainty           -0.035     9.490    <hidden>
    SLICE_X71Y121        FDRE (Setup_fdre_C_CE)      -0.201     9.289    vector_accumulate_0/accumulator_reg[1][20]
  -------------------------------------------------------------------
                         required time                          9.289    <hidden>
                         arrival time                          -9.062    <hidden>
  -------------------------------------------------------------------
                         slack                                  0.227    <hidden>

Slack (MET) :             0.227ns  (required time - arrival time)
  Source:                 vector_alu_0/out_valid_reg/C
                            (rising edge-triggered cell FDRE clocked by sys_clk  {rise@0.000ns fall@2.500ns period=5.000ns})
  Destination:            vector_accumulate_0/accumulator_reg[1][21]/CE
                            (rising edge-triggered cell FDRE clocked by sys_clk  {rise@0.000ns fall@2.500ns period=5.000ns})
  Path Group:             sys_clk
  Path Type:              Setup (Max at Slow Process Corner)
  Requirement:            5.000ns  (sys_clk rise@5.000ns - sys_clk rise@0.000ns)
  Data Path Delay:        4.164ns  (logic 0.223ns (5.356%)  route 3.941ns (94.644%))
  Logic Levels:           0  
  Clock Path Skew:        -0.373ns (DCD - SCD + CPR)
    Destination Clock Delay (DCD):    4.297ns = ( 9.297 - 5.000 ) 
    Source Clock Delay      (SCD):    4.899ns
    Clock Pessimism Removal (CPR):    0.228ns
  Clock Uncertainty:      0.035ns  ((TSJ^2 + TIJ^2)^1/2 + DJ) / 2 + PE
    Total System Jitter     (TSJ):    0.071ns
    Total Input Jitter      (TIJ):    0.000ns
    Discrete Jitter          (DJ):    0.000ns
    Phase Error              (PE):    0.000ns

    Location             Delay type                Incr(ns)  Path(ns)    Netlist Resource(s)
  -------------------------------------------------------------------    -------------------
                         (clock sys_clk rise edge)    0.000     0.000 r  <hidden>
    AL25                                              0.000     0.000 r  clk
                         net (fo=0)                   0.000     0.000    clk
    AL25                 IBUF (Prop_ibuf_I_O)         0.790     0.790 r  clk_IBUF_inst/O
                         net (fo=1, routed)           2.376     3.166    clk_IBUF
    BUFGCTRL_X0Y0        BUFG (Prop_bufg_I_O)         0.093     3.259 r  clk_IBUF_BUFG_inst/O
                         net (fo=16661, routed)       1.640     4.899    vector_alu_0/clk_IBUF_BUFG
    SLICE_X39Y98         FDRE                                         r  vector_alu_0/out_valid_reg/C
  -------------------------------------------------------------------    -------------------
    SLICE_X39Y98         FDRE (Prop_fdre_C_Q)         0.223     5.122 r  vector_alu_0/out_valid_reg/Q
                         net (fo=526, routed)         3.941     9.062    vector_accumulate_0/vector_alu_0__out_ch__valid
    SLICE_X71Y121        FDRE                                         r  vector_accumulate_0/accumulator_reg[1][21]/CE
  -------------------------------------------------------------------    -------------------

                         (clock sys_clk rise edge)    5.000     5.000 r  <hidden>
    AL25                                              0.000     5.000 r  clk
                         net (fo=0)                   0.000     5.000    clk
    AL25                 IBUF (Prop_ibuf_I_O)         0.714     5.714 r  clk_IBUF_inst/O
                         net (fo=1, routed)           2.248     7.962    clk_IBUF
    BUFGCTRL_X0Y0        BUFG (Prop_bufg_I_O)         0.083     8.045 r  clk_IBUF_BUFG_inst/O
                         net (fo=16661, routed)       1.252     9.297    vector_accumulate_0/clk_IBUF_BUFG
    SLICE_X71Y121        FDRE                                         r  vector_accumulate_0/accumulator_reg[1][21]/C
                         clock pessimism              0.228     9.526    <hidden>
                         clock uncertainty           -0.035     9.490    <hidden>
    SLICE_X71Y121        FDRE (Setup_fdre_C_CE)      -0.201     9.289    vector_accumulate_0/accumulator_reg[1][21]
  -------------------------------------------------------------------
                         required time                          9.289    <hidden>
                         arrival time                          -9.062    <hidden>
  -------------------------------------------------------------------
                         slack                                  0.227    <hidden>

Slack (MET) :             0.227ns  (required time - arrival time)
  Source:                 vector_alu_0/out_valid_reg/C
                            (rising edge-triggered cell FDRE clocked by sys_clk  {rise@0.000ns fall@2.500ns period=5.000ns})
  Destination:            vector_accumulate_0/accumulator_reg[1][22]/CE
                            (rising edge-triggered cell FDRE clocked by sys_clk  {rise@0.000ns fall@2.500ns period=5.000ns})
  Path Group:             sys_clk
  Path Type:              Setup (Max at Slow Process Corner)
  Requirement:            5.000ns  (sys_clk rise@5.000ns - sys_clk rise@0.000ns)
  Data Path Delay:        4.164ns  (logic 0.223ns (5.356%)  route 3.941ns (94.644%))
  Logic Levels:           0  
  Clock Path Skew:        -0.373ns (DCD - SCD + CPR)
    Destination Clock Delay (DCD):    4.297ns = ( 9.297 - 5.000 ) 
    Source Clock Delay      (SCD):    4.899ns
    Clock Pessimism Removal (CPR):    0.228ns
  Clock Uncertainty:      0.035ns  ((TSJ^2 + TIJ^2)^1/2 + DJ) / 2 + PE
    Total System Jitter     (TSJ):    0.071ns
    Total Input Jitter      (TIJ):    0.000ns
    Discrete Jitter          (DJ):    0.000ns
    Phase Error              (PE):    0.000ns

    Location             Delay type                Incr(ns)  Path(ns)    Netlist Resource(s)
  -------------------------------------------------------------------    -------------------
                         (clock sys_clk rise edge)    0.000     0.000 r  <hidden>
    AL25                                              0.000     0.000 r  clk
                         net (fo=0)                   0.000     0.000    clk
    AL25                 IBUF (Prop_ibuf_I_O)         0.790     0.790 r  clk_IBUF_inst/O
                         net (fo=1, routed)           2.376     3.166    clk_IBUF
    BUFGCTRL_X0Y0        BUFG (Prop_bufg_I_O)         0.093     3.259 r  clk_IBUF_BUFG_inst/O
                         net (fo=16661, routed)       1.640     4.899    vector_alu_0/clk_IBUF_BUFG
    SLICE_X39Y98         FDRE                                         r  vector_alu_0/out_valid_reg/C
  -------------------------------------------------------------------    -------------------
    SLICE_X39Y98         FDRE (Prop_fdre_C_Q)         0.223     5.122 r  vector_alu_0/out_valid_reg/Q
                         net (fo=526, routed)         3.941     9.062    vector_accumulate_0/vector_alu_0__out_ch__valid
    SLICE_X71Y121        FDRE                                         r  vector_accumulate_0/accumulator_reg[1][22]/CE
  -------------------------------------------------------------------    -------------------

                         (clock sys_clk rise edge)    5.000     5.000 r  <hidden>
    AL25                                              0.000     5.000 r  clk
                         net (fo=0)                   0.000     5.000    clk
    AL25                 IBUF (Prop_ibuf_I_O)         0.714     5.714 r  clk_IBUF_inst/O
                         net (fo=1, routed)           2.248     7.962    clk_IBUF
    BUFGCTRL_X0Y0        BUFG (Prop_bufg_I_O)         0.083     8.045 r  clk_IBUF_BUFG_inst/O
                         net (fo=16661, routed)       1.252     9.297    vector_accumulate_0/clk_IBUF_BUFG
    SLICE_X71Y121        FDRE                                         r  vector_accumulate_0/accumulator_reg[1][22]/C
                         clock pessimism              0.228     9.526    <hidden>
                         clock uncertainty           -0.035     9.490    <hidden>
    SLICE_X71Y121        FDRE (Setup_fdre_C_CE)      -0.201     9.289    vector_accumulate_0/accumulator_reg[1][22]
  -------------------------------------------------------------------
                         required time                          9.289    <hidden>
                         arrival time                          -9.062    <hidden>
  -------------------------------------------------------------------
                         slack                                  0.227    <hidden>

Slack (MET) :             0.227ns  (required time - arrival time)
  Source:                 vector_alu_0/out_valid_reg/C
                            (rising edge-triggered cell FDRE clocked by sys_clk  {rise@0.000ns fall@2.500ns period=5.000ns})
  Destination:            vector_accumulate_0/accumulator_reg[1][23]/CE
                            (rising edge-triggered cell FDRE clocked by sys_clk  {rise@0.000ns fall@2.500ns period=5.000ns})
  Path Group:             sys_clk
  Path Type:              Setup (Max at Slow Process Corner)
  Requirement:            5.000ns  (sys_clk rise@5.000ns - sys_clk rise@0.000ns)
  Data Path Delay:        4.164ns  (logic 0.223ns (5.356%)  route 3.941ns (94.644%))
  Logic Levels:           0  
  Clock Path Skew:        -0.373ns (DCD - SCD + CPR)
    Destination Clock Delay (DCD):    4.297ns = ( 9.297 - 5.000 ) 
    Source Clock Delay      (SCD):    4.899ns
    Clock Pessimism Removal (CPR):    0.228ns
  Clock Uncertainty:      0.035ns  ((TSJ^2 + TIJ^2)^1/2 + DJ) / 2 + PE
    Total System Jitter     (TSJ):    0.071ns
    Total Input Jitter      (TIJ):    0.000ns
    Discrete Jitter          (DJ):    0.000ns
    Phase Error              (PE):    0.000ns

    Location             Delay type                Incr(ns)  Path(ns)    Netlist Resource(s)
  -------------------------------------------------------------------    -------------------
                         (clock sys_clk rise edge)    0.000     0.000 r  <hidden>
    AL25                                              0.000     0.000 r  clk
                         net (fo=0)                   0.000     0.000    clk
    AL25                 IBUF (Prop_ibuf_I_O)         0.790     0.790 r  clk_IBUF_inst/O
                         net (fo=1, routed)           2.376     3.166    clk_IBUF
    BUFGCTRL_X0Y0        BUFG (Prop_bufg_I_O)         0.093     3.259 r  clk_IBUF_BUFG_inst/O
                         net (fo=16661, routed)       1.640     4.899    vector_alu_0/clk_IBUF_BUFG
    SLICE_X39Y98         FDRE                                         r  vector_alu_0/out_valid_reg/C
  -------------------------------------------------------------------    -------------------
    SLICE_X39Y98         FDRE (Prop_fdre_C_Q)         0.223     5.122 r  vector_alu_0/out_valid_reg/Q
                         net (fo=526, routed)         3.941     9.062    vector_accumulate_0/vector_alu_0__out_ch__valid
    SLICE_X71Y121        FDRE                                         r  vector_accumulate_0/accumulator_reg[1][23]/CE
  -------------------------------------------------------------------    -------------------

                         (clock sys_clk rise edge)    5.000     5.000 r  <hidden>
    AL25                                              0.000     5.000 r  clk
                         net (fo=0)                   0.000     5.000    clk
    AL25                 IBUF (Prop_ibuf_I_O)         0.714     5.714 r  clk_IBUF_inst/O
                         net (fo=1, routed)           2.248     7.962    clk_IBUF
    BUFGCTRL_X0Y0        BUFG (Prop_bufg_I_O)         0.083     8.045 r  clk_IBUF_BUFG_inst/O
                         net (fo=16661, routed)       1.252     9.297    vector_accumulate_0/clk_IBUF_BUFG
    SLICE_X71Y121        FDRE                                         r  vector_accumulate_0/accumulator_reg[1][23]/C
                         clock pessimism              0.228     9.526    <hidden>
                         clock uncertainty           -0.035     9.490    <hidden>
    SLICE_X71Y121        FDRE (Setup_fdre_C_CE)      -0.201     9.289    vector_accumulate_0/accumulator_reg[1][23]
  -------------------------------------------------------------------
                         required time                          9.289    <hidden>
                         arrival time                          -9.062    <hidden>
  -------------------------------------------------------------------
                         slack                                  0.227    <hidden>

Slack (MET) :             0.235ns  (required time - arrival time)
  Source:                 vector_alu_0/out_valid_reg/C
                            (rising edge-triggered cell FDRE clocked by sys_clk  {rise@0.000ns fall@2.500ns period=5.000ns})
  Destination:            vector_accumulate_0/accumulator_reg[8][12]/CE
                            (rising edge-triggered cell FDRE clocked by sys_clk  {rise@0.000ns fall@2.500ns period=5.000ns})
  Path Group:             sys_clk
  Path Type:              Setup (Max at Slow Process Corner)
  Requirement:            5.000ns  (sys_clk rise@5.000ns - sys_clk rise@0.000ns)
  Data Path Delay:        4.212ns  (logic 0.223ns (5.295%)  route 3.989ns (94.705%))
  Logic Levels:           0  
  Clock Path Skew:        -0.317ns (DCD - SCD + CPR)
    Destination Clock Delay (DCD):    4.353ns = ( 9.353 - 5.000 ) 
    Source Clock Delay      (SCD):    4.899ns
    Clock Pessimism Removal (CPR):    0.228ns
  Clock Uncertainty:      0.035ns  ((TSJ^2 + TIJ^2)^1/2 + DJ) / 2 + PE
    Total System Jitter     (TSJ):    0.071ns
    Total Input Jitter      (TIJ):    0.000ns
    Discrete Jitter          (DJ):    0.000ns
    Phase Error              (PE):    0.000ns

    Location             Delay type                Incr(ns)  Path(ns)    Netlist Resource(s)
  -------------------------------------------------------------------    -------------------
                         (clock sys_clk rise edge)    0.000     0.000 r  <hidden>
    AL25                                              0.000     0.000 r  clk
                         net (fo=0)                   0.000     0.000    clk
    AL25                 IBUF (Prop_ibuf_I_O)         0.790     0.790 r  clk_IBUF_inst/O
                         net (fo=1, routed)           2.376     3.166    clk_IBUF
    BUFGCTRL_X0Y0        BUFG (Prop_bufg_I_O)         0.093     3.259 r  clk_IBUF_BUFG_inst/O
                         net (fo=16661, routed)       1.640     4.899    vector_alu_0/clk_IBUF_BUFG
    SLICE_X39Y98         FDRE                                         r  vector_alu_0/out_valid_reg/C
  -------------------------------------------------------------------    -------------------
    SLICE_X39Y98         FDRE (Prop_fdre_C_Q)         0.223     5.122 r  vector_alu_0/out_valid_reg/Q
                         net (fo=526, routed)         3.989     9.110    vector_accumulate_0/vector_alu_0__out_ch__valid
    SLICE_X59Y125        FDRE                                         r  vector_accumulate_0/accumulator_reg[8][12]/CE
  -------------------------------------------------------------------    -------------------

                         (clock sys_clk rise edge)    5.000     5.000 r  <hidden>
    AL25                                              0.000     5.000 r  clk
                         net (fo=0)                   0.000     5.000    clk
    AL25                 IBUF (Prop_ibuf_I_O)         0.714     5.714 r  clk_IBUF_inst/O
                         net (fo=1, routed)           2.248     7.962    clk_IBUF
    BUFGCTRL_X0Y0        BUFG (Prop_bufg_I_O)         0.083     8.045 r  clk_IBUF_BUFG_inst/O
                         net (fo=16661, routed)       1.308     9.353    vector_accumulate_0/clk_IBUF_BUFG
    SLICE_X59Y125        FDRE                                         r  vector_accumulate_0/accumulator_reg[8][12]/C
                         clock pessimism              0.228     9.582    <hidden>
                         clock uncertainty           -0.035     9.546    <hidden>
    SLICE_X59Y125        FDRE (Setup_fdre_C_CE)      -0.201     9.345    vector_accumulate_0/accumulator_reg[8][12]
  -------------------------------------------------------------------
                         required time                          9.345    <hidden>
                         arrival time                          -9.110    <hidden>
  -------------------------------------------------------------------
                         slack                                  0.235    <hidden>

Slack (MET) :             0.235ns  (required time - arrival time)
  Source:                 vector_alu_0/out_valid_reg/C
                            (rising edge-triggered cell FDRE clocked by sys_clk  {rise@0.000ns fall@2.500ns period=5.000ns})
  Destination:            vector_accumulate_0/accumulator_reg[8][13]/CE
                            (rising edge-triggered cell FDRE clocked by sys_clk  {rise@0.000ns fall@2.500ns period=5.000ns})
  Path Group:             sys_clk
  Path Type:              Setup (Max at Slow Process Corner)
  Requirement:            5.000ns  (sys_clk rise@5.000ns - sys_clk rise@0.000ns)
  Data Path Delay:        4.212ns  (logic 0.223ns (5.295%)  route 3.989ns (94.705%))
  Logic Levels:           0  
  Clock Path Skew:        -0.317ns (DCD - SCD + CPR)
    Destination Clock Delay (DCD):    4.353ns = ( 9.353 - 5.000 ) 
    Source Clock Delay      (SCD):    4.899ns
    Clock Pessimism Removal (CPR):    0.228ns
  Clock Uncertainty:      0.035ns  ((TSJ^2 + TIJ^2)^1/2 + DJ) / 2 + PE
    Total System Jitter     (TSJ):    0.071ns
    Total Input Jitter      (TIJ):    0.000ns
    Discrete Jitter          (DJ):    0.000ns
    Phase Error              (PE):    0.000ns

    Location             Delay type                Incr(ns)  Path(ns)    Netlist Resource(s)
  -------------------------------------------------------------------    -------------------
                         (clock sys_clk rise edge)    0.000     0.000 r  <hidden>
    AL25                                              0.000     0.000 r  clk
                         net (fo=0)                   0.000     0.000    clk
    AL25                 IBUF (Prop_ibuf_I_O)         0.790     0.790 r  clk_IBUF_inst/O
                         net (fo=1, routed)           2.376     3.166    clk_IBUF
    BUFGCTRL_X0Y0        BUFG (Prop_bufg_I_O)         0.093     3.259 r  clk_IBUF_BUFG_inst/O
                         net (fo=16661, routed)       1.640     4.899    vector_alu_0/clk_IBUF_BUFG
    SLICE_X39Y98         FDRE                                         r  vector_alu_0/out_valid_reg/C
  -------------------------------------------------------------------    -------------------
    SLICE_X39Y98         FDRE (Prop_fdre_C_Q)         0.223     5.122 r  vector_alu_0/out_valid_reg/Q
                         net (fo=526, routed)         3.989     9.110    vector_accumulate_0/vector_alu_0__out_ch__valid
    SLICE_X59Y125        FDRE                                         r  vector_accumulate_0/accumulator_reg[8][13]/CE
  -------------------------------------------------------------------    -------------------

                         (clock sys_clk rise edge)    5.000     5.000 r  <hidden>
    AL25                                              0.000     5.000 r  clk
                         net (fo=0)                   0.000     5.000    clk
    AL25                 IBUF (Prop_ibuf_I_O)         0.714     5.714 r  clk_IBUF_inst/O
                         net (fo=1, routed)           2.248     7.962    clk_IBUF
    BUFGCTRL_X0Y0        BUFG (Prop_bufg_I_O)         0.083     8.045 r  clk_IBUF_BUFG_inst/O
                         net (fo=16661, routed)       1.308     9.353    vector_accumulate_0/clk_IBUF_BUFG
    SLICE_X59Y125        FDRE                                         r  vector_accumulate_0/accumulator_reg[8][13]/C
                         clock pessimism              0.228     9.582    <hidden>
                         clock uncertainty           -0.035     9.546    <hidden>
    SLICE_X59Y125        FDRE (Setup_fdre_C_CE)      -0.201     9.345    vector_accumulate_0/accumulator_reg[8][13]
  -------------------------------------------------------------------
                         required time                          9.345    <hidden>
                         arrival time                          -9.110    <hidden>
  -------------------------------------------------------------------
                         slack                                  0.235    <hidden>

Slack (MET) :             0.235ns  (required time - arrival time)
  Source:                 vector_alu_0/out_valid_reg/C
                            (rising edge-triggered cell FDRE clocked by sys_clk  {rise@0.000ns fall@2.500ns period=5.000ns})
  Destination:            vector_accumulate_0/accumulator_reg[8][14]/CE
                            (rising edge-triggered cell FDRE clocked by sys_clk  {rise@0.000ns fall@2.500ns period=5.000ns})
  Path Group:             sys_clk
  Path Type:              Setup (Max at Slow Process Corner)
  Requirement:            5.000ns  (sys_clk rise@5.000ns - sys_clk rise@0.000ns)
  Data Path Delay:        4.212ns  (logic 0.223ns (5.295%)  route 3.989ns (94.705%))
  Logic Levels:           0  
  Clock Path Skew:        -0.317ns (DCD - SCD + CPR)
    Destination Clock Delay (DCD):    4.353ns = ( 9.353 - 5.000 ) 
    Source Clock Delay      (SCD):    4.899ns
    Clock Pessimism Removal (CPR):    0.228ns
  Clock Uncertainty:      0.035ns  ((TSJ^2 + TIJ^2)^1/2 + DJ) / 2 + PE
    Total System Jitter     (TSJ):    0.071ns
    Total Input Jitter      (TIJ):    0.000ns
    Discrete Jitter          (DJ):    0.000ns
    Phase Error              (PE):    0.000ns

    Location             Delay type                Incr(ns)  Path(ns)    Netlist Resource(s)
  -------------------------------------------------------------------    -------------------
                         (clock sys_clk rise edge)    0.000     0.000 r  <hidden>
    AL25                                              0.000     0.000 r  clk
                         net (fo=0)                   0.000     0.000    clk
    AL25                 IBUF (Prop_ibuf_I_O)         0.790     0.790 r  clk_IBUF_inst/O
                         net (fo=1, routed)           2.376     3.166    clk_IBUF
    BUFGCTRL_X0Y0        BUFG (Prop_bufg_I_O)         0.093     3.259 r  clk_IBUF_BUFG_inst/O
                         net (fo=16661, routed)       1.640     4.899    vector_alu_0/clk_IBUF_BUFG
    SLICE_X39Y98         FDRE                                         r  vector_alu_0/out_valid_reg/C
  -------------------------------------------------------------------    -------------------
    SLICE_X39Y98         FDRE (Prop_fdre_C_Q)         0.223     5.122 r  vector_alu_0/out_valid_reg/Q
                         net (fo=526, routed)         3.989     9.110    vector_accumulate_0/vector_alu_0__out_ch__valid
    SLICE_X59Y125        FDRE                                         r  vector_accumulate_0/accumulator_reg[8][14]/CE
  -------------------------------------------------------------------    -------------------

                         (clock sys_clk rise edge)    5.000     5.000 r  <hidden>
    AL25                                              0.000     5.000 r  clk
                         net (fo=0)                   0.000     5.000    clk
    AL25                 IBUF (Prop_ibuf_I_O)         0.714     5.714 r  clk_IBUF_inst/O
                         net (fo=1, routed)           2.248     7.962    clk_IBUF
    BUFGCTRL_X0Y0        BUFG (Prop_bufg_I_O)         0.083     8.045 r  clk_IBUF_BUFG_inst/O
                         net (fo=16661, routed)       1.308     9.353    vector_accumulate_0/clk_IBUF_BUFG
    SLICE_X59Y125        FDRE                                         r  vector_accumulate_0/accumulator_reg[8][14]/C
                         clock pessimism              0.228     9.582    <hidden>
                         clock uncertainty           -0.035     9.546    <hidden>
    SLICE_X59Y125        FDRE (Setup_fdre_C_CE)      -0.201     9.345    vector_accumulate_0/accumulator_reg[8][14]
  -------------------------------------------------------------------
                         required time                          9.345    <hidden>
                         arrival time                          -9.110    <hidden>
  -------------------------------------------------------------------
                         slack                                  0.235    <hidden>

Slack (MET) :             0.235ns  (required time - arrival time)
  Source:                 vector_alu_0/out_valid_reg/C
                            (rising edge-triggered cell FDRE clocked by sys_clk  {rise@0.000ns fall@2.500ns period=5.000ns})
  Destination:            vector_accumulate_0/accumulator_reg[8][15]/CE
                            (rising edge-triggered cell FDRE clocked by sys_clk  {rise@0.000ns fall@2.500ns period=5.000ns})
  Path Group:             sys_clk
  Path Type:              Setup (Max at Slow Process Corner)
  Requirement:            5.000ns  (sys_clk rise@5.000ns - sys_clk rise@0.000ns)
  Data Path Delay:        4.212ns  (logic 0.223ns (5.295%)  route 3.989ns (94.705%))
  Logic Levels:           0  
  Clock Path Skew:        -0.317ns (DCD - SCD + CPR)
    Destination Clock Delay (DCD):    4.353ns = ( 9.353 - 5.000 ) 
    Source Clock Delay      (SCD):    4.899ns
    Clock Pessimism Removal (CPR):    0.228ns
  Clock Uncertainty:      0.035ns  ((TSJ^2 + TIJ^2)^1/2 + DJ) / 2 + PE
    Total System Jitter     (TSJ):    0.071ns
    Total Input Jitter      (TIJ):    0.000ns
    Discrete Jitter          (DJ):    0.000ns
    Phase Error              (PE):    0.000ns

    Location             Delay type                Incr(ns)  Path(ns)    Netlist Resource(s)
  -------------------------------------------------------------------    -------------------
                         (clock sys_clk rise edge)    0.000     0.000 r  <hidden>
    AL25                                              0.000     0.000 r  clk
                         net (fo=0)                   0.000     0.000    clk
    AL25                 IBUF (Prop_ibuf_I_O)         0.790     0.790 r  clk_IBUF_inst/O
                         net (fo=1, routed)           2.376     3.166    clk_IBUF
    BUFGCTRL_X0Y0        BUFG (Prop_bufg_I_O)         0.093     3.259 r  clk_IBUF_BUFG_inst/O
                         net (fo=16661, routed)       1.640     4.899    vector_alu_0/clk_IBUF_BUFG
    SLICE_X39Y98         FDRE                                         r  vector_alu_0/out_valid_reg/C
  -------------------------------------------------------------------    -------------------
    SLICE_X39Y98         FDRE (Prop_fdre_C_Q)         0.223     5.122 r  vector_alu_0/out_valid_reg/Q
                         net (fo=526, routed)         3.989     9.110    vector_accumulate_0/vector_alu_0__out_ch__valid
    SLICE_X59Y125        FDRE                                         r  vector_accumulate_0/accumulator_reg[8][15]/CE
  -------------------------------------------------------------------    -------------------

                         (clock sys_clk rise edge)    5.000     5.000 r  <hidden>
    AL25                                              0.000     5.000 r  clk
                         net (fo=0)                   0.000     5.000    clk
    AL25                 IBUF (Prop_ibuf_I_O)         0.714     5.714 r  clk_IBUF_inst/O
                         net (fo=1, routed)           2.248     7.962    clk_IBUF
    BUFGCTRL_X0Y0        BUFG (Prop_bufg_I_O)         0.083     8.045 r  clk_IBUF_BUFG_inst/O
                         net (fo=16661, routed)       1.308     9.353    vector_accumulate_0/clk_IBUF_BUFG
    SLICE_X59Y125        FDRE                                         r  vector_accumulate_0/accumulator_reg[8][15]/C
                         clock pessimism              0.228     9.582    <hidden>
                         clock uncertainty           -0.035     9.546    <hidden>
    SLICE_X59Y125        FDRE (Setup_fdre_C_CE)      -0.201     9.345    vector_accumulate_0/accumulator_reg[8][15]
  -------------------------------------------------------------------
                         required time                          9.345    <hidden>
                         arrival time                          -9.110    <hidden>
  -------------------------------------------------------------------
                         slack                                  0.235    <hidden>

Slack (MET) :             0.239ns  (required time - arrival time)
  Source:                 alu_b_dma/fifo_dut/fifo_read_offset_reg[1]/C
                            (rising edge-triggered cell FDCE clocked by sys_clk  {rise@0.000ns fall@2.500ns period=5.000ns})
  Destination:            alu_b_dma/fifo_dut/bram_out_data_reg[26]/D
                            (rising edge-triggered cell FDRE clocked by sys_clk  {rise@0.000ns fall@2.500ns period=5.000ns})
  Path Group:             sys_clk
  Path Type:              Setup (Max at Slow Process Corner)
  Requirement:            5.000ns  (sys_clk rise@5.000ns - sys_clk rise@0.000ns)
  Data Path Delay:        4.870ns  (logic 0.410ns (8.419%)  route 4.460ns (91.581%))
  Logic Levels:           2  (LUT6=1 MUXF7=1)
  Clock Path Skew:        0.096ns (DCD - SCD + CPR)
    Destination Clock Delay (DCD):    4.491ns = ( 9.491 - 5.000 ) 
    Source Clock Delay      (SCD):    4.622ns
    Clock Pessimism Removal (CPR):    0.226ns
  Clock Uncertainty:      0.035ns  ((TSJ^2 + TIJ^2)^1/2 + DJ) / 2 + PE
    Total System Jitter     (TSJ):    0.071ns
    Total Input Jitter      (TIJ):    0.000ns
    Discrete Jitter          (DJ):    0.000ns
    Phase Error              (PE):    0.000ns

    Location             Delay type                Incr(ns)  Path(ns)    Netlist Resource(s)
  -------------------------------------------------------------------    -------------------
                         (clock sys_clk rise edge)    0.000     0.000 r  <hidden>
    AL25                                              0.000     0.000 r  clk
                         net (fo=0)                   0.000     0.000    clk
    AL25                 IBUF (Prop_ibuf_I_O)         0.790     0.790 r  clk_IBUF_inst/O
                         net (fo=1, routed)           2.376     3.166    clk_IBUF
    BUFGCTRL_X0Y0        BUFG (Prop_bufg_I_O)         0.093     3.259 r  clk_IBUF_BUFG_inst/O
                         net (fo=16661, routed)       1.363     4.622    alu_b_dma/fifo_dut/clk_IBUF_BUFG
    SLICE_X10Y155        FDCE                                         r  alu_b_dma/fifo_dut/fifo_read_offset_reg[1]/C
  -------------------------------------------------------------------    -------------------
    SLICE_X10Y155        FDCE (Prop_fdce_C_Q)         0.259     4.881 r  alu_b_dma/fifo_dut/fifo_read_offset_reg[1]/Q
                         net (fo=258, routed)         4.460     9.340    alu_b_dma/fifo_dut/fifo_read_offset[1]
    SLICE_X4Y137         LUT6 (Prop_lut6_I2_O)        0.043     9.383 r  alu_b_dma/fifo_dut/bram_out_data[26]_i_3/O
                         net (fo=1, routed)           0.000     9.383    alu_b_dma/fifo_dut/bram_out_data[26]_i_3_n_0
    SLICE_X4Y137         MUXF7 (Prop_muxf7_I1_O)      0.108     9.491 r  alu_b_dma/fifo_dut/bram_out_data_reg[26]_i_1/O
                         net (fo=1, routed)           0.000     9.491    alu_b_dma/fifo_dut/bram_out_data_reg[26]_i_1_n_0
    SLICE_X4Y137         FDRE                                         r  alu_b_dma/fifo_dut/bram_out_data_reg[26]/D
  -------------------------------------------------------------------    -------------------

                         (clock sys_clk rise edge)    5.000     5.000 r  <hidden>
    AL25                                              0.000     5.000 r  clk
                         net (fo=0)                   0.000     5.000    clk
    AL25                 IBUF (Prop_ibuf_I_O)         0.714     5.714 r  clk_IBUF_inst/O
                         net (fo=1, routed)           2.248     7.962    clk_IBUF
    BUFGCTRL_X0Y0        BUFG (Prop_bufg_I_O)         0.083     8.045 r  clk_IBUF_BUFG_inst/O
                         net (fo=16661, routed)       1.446     9.491    alu_b_dma/fifo_dut/clk_IBUF_BUFG
    SLICE_X4Y137         FDRE                                         r  alu_b_dma/fifo_dut/bram_out_data_reg[26]/C
                         clock pessimism              0.226     9.718    <hidden>
                         clock uncertainty           -0.035     9.682    <hidden>
    SLICE_X4Y137         FDRE (Setup_fdre_C_D)        0.048     9.730    alu_b_dma/fifo_dut/bram_out_data_reg[26]
  -------------------------------------------------------------------
                         required time                          9.730    <hidden>
                         arrival time                          -9.491    <hidden>
  -------------------------------------------------------------------
                         slack                                  0.239    <hidden>

Slack (MET) :             0.240ns  (required time - arrival time)
  Source:                 scratchpad_c/port_a/response_count_reg[1]_rep/C
                            (rising edge-triggered cell FDRE clocked by sys_clk  {rise@0.000ns fall@2.500ns period=5.000ns})
  Destination:            scratchpad_c/port_a/response_data_reg[2][106]/D
                            (rising edge-triggered cell FDRE clocked by sys_clk  {rise@0.000ns fall@2.500ns period=5.000ns})
  Path Group:             sys_clk
  Path Type:              Setup (Max at Slow Process Corner)
  Requirement:            5.000ns  (sys_clk rise@5.000ns - sys_clk rise@0.000ns)
  Data Path Delay:        4.601ns  (logic 0.359ns (7.803%)  route 4.242ns (92.197%))
  Logic Levels:           1  (LUT6=1)
  Clock Path Skew:        -0.190ns (DCD - SCD + CPR)
    Destination Clock Delay (DCD):    4.350ns = ( 9.350 - 5.000 ) 
    Source Clock Delay      (SCD):    4.842ns
    Clock Pessimism Removal (CPR):    0.301ns
  Clock Uncertainty:      0.035ns  ((TSJ^2 + TIJ^2)^1/2 + DJ) / 2 + PE
    Total System Jitter     (TSJ):    0.071ns
    Total Input Jitter      (TIJ):    0.000ns
    Discrete Jitter          (DJ):    0.000ns
    Phase Error              (PE):    0.000ns

    Location             Delay type                Incr(ns)  Path(ns)    Netlist Resource(s)
  -------------------------------------------------------------------    -------------------
                         (clock sys_clk rise edge)    0.000     0.000 r  <hidden>
    AL25                                              0.000     0.000 r  clk
                         net (fo=0)                   0.000     0.000    clk
    AL25                 IBUF (Prop_ibuf_I_O)         0.790     0.790 r  clk_IBUF_inst/O
                         net (fo=1, routed)           2.376     3.166    clk_IBUF
    BUFGCTRL_X0Y0        BUFG (Prop_bufg_I_O)         0.093     3.259 r  clk_IBUF_BUFG_inst/O
                         net (fo=16661, routed)       1.583     4.842    scratchpad_c/port_a/clk_IBUF_BUFG
    SLICE_X2Y115         FDRE                                         r  scratchpad_c/port_a/response_count_reg[1]_rep/C
  -------------------------------------------------------------------    -------------------
    SLICE_X2Y115         FDRE (Prop_fdre_C_Q)         0.236     5.078 r  scratchpad_c/port_a/response_count_reg[1]_rep/Q
                         net (fo=115, routed)         4.242     9.320    scratchpad_c/port_a/response_count_reg[1]_rep_n_0
    SLICE_X66Y125        LUT6 (Prop_lut6_I0_O)        0.123     9.443 r  scratchpad_c/port_a/response_data[2][106]_i_1__1/O
                         net (fo=1, routed)           0.000     9.443    scratchpad_c/port_a/response_data[2][106]_i_1__1_n_0
    SLICE_X66Y125        FDRE                                         r  scratchpad_c/port_a/response_data_reg[2][106]/D
  -------------------------------------------------------------------    -------------------

                         (clock sys_clk rise edge)    5.000     5.000 r  <hidden>
    AL25                                              0.000     5.000 r  clk
                         net (fo=0)                   0.000     5.000    clk
    AL25                 IBUF (Prop_ibuf_I_O)         0.714     5.714 r  clk_IBUF_inst/O
                         net (fo=1, routed)           2.248     7.962    clk_IBUF
    BUFGCTRL_X0Y0        BUFG (Prop_bufg_I_O)         0.083     8.045 r  clk_IBUF_BUFG_inst/O
                         net (fo=16661, routed)       1.305     9.350    scratchpad_c/port_a/clk_IBUF_BUFG
    SLICE_X66Y125        FDRE                                         r  scratchpad_c/port_a/response_data_reg[2][106]/C
                         clock pessimism              0.301     9.652    <hidden>
                         clock uncertainty           -0.035     9.616    <hidden>
    SLICE_X66Y125        FDRE (Setup_fdre_C_D)        0.066     9.682    scratchpad_c/port_a/response_data_reg[2][106]
  -------------------------------------------------------------------
                         required time                          9.682    <hidden>
                         arrival time                          -9.443    <hidden>
  -------------------------------------------------------------------
                         slack                                  0.240    <hidden>

Slack (MET) :             0.249ns  (required time - arrival time)
  Source:                 vector_alu_0/out_valid_reg/C
                            (rising edge-triggered cell FDRE clocked by sys_clk  {rise@0.000ns fall@2.500ns period=5.000ns})
  Destination:            vector_accumulate_0/accumulator_reg[4][28]/CE
                            (rising edge-triggered cell FDRE clocked by sys_clk  {rise@0.000ns fall@2.500ns period=5.000ns})
  Path Group:             sys_clk
  Path Type:              Setup (Max at Slow Process Corner)
  Requirement:            5.000ns  (sys_clk rise@5.000ns - sys_clk rise@0.000ns)
  Data Path Delay:        4.150ns  (logic 0.223ns (5.374%)  route 3.927ns (94.626%))
  Logic Levels:           0  
  Clock Path Skew:        -0.365ns (DCD - SCD + CPR)
    Destination Clock Delay (DCD):    4.305ns = ( 9.305 - 5.000 ) 
    Source Clock Delay      (SCD):    4.899ns
    Clock Pessimism Removal (CPR):    0.228ns
  Clock Uncertainty:      0.035ns  ((TSJ^2 + TIJ^2)^1/2 + DJ) / 2 + PE
    Total System Jitter     (TSJ):    0.071ns
    Total Input Jitter      (TIJ):    0.000ns
    Discrete Jitter          (DJ):    0.000ns
    Phase Error              (PE):    0.000ns

    Location             Delay type                Incr(ns)  Path(ns)    Netlist Resource(s)
  -------------------------------------------------------------------    -------------------
                         (clock sys_clk rise edge)    0.000     0.000 r  <hidden>
    AL25                                              0.000     0.000 r  clk
                         net (fo=0)                   0.000     0.000    clk
    AL25                 IBUF (Prop_ibuf_I_O)         0.790     0.790 r  clk_IBUF_inst/O
                         net (fo=1, routed)           2.376     3.166    clk_IBUF
    BUFGCTRL_X0Y0        BUFG (Prop_bufg_I_O)         0.093     3.259 r  clk_IBUF_BUFG_inst/O
                         net (fo=16661, routed)       1.640     4.899    vector_alu_0/clk_IBUF_BUFG
    SLICE_X39Y98         FDRE                                         r  vector_alu_0/out_valid_reg/C
  -------------------------------------------------------------------    -------------------
    SLICE_X39Y98         FDRE (Prop_fdre_C_Q)         0.223     5.122 r  vector_alu_0/out_valid_reg/Q
                         net (fo=526, routed)         3.927     9.048    vector_accumulate_0/vector_alu_0__out_ch__valid
    SLICE_X79Y137        FDRE                                         r  vector_accumulate_0/accumulator_reg[4][28]/CE
  -------------------------------------------------------------------    -------------------

                         (clock sys_clk rise edge)    5.000     5.000 r  <hidden>
    AL25                                              0.000     5.000 r  clk
                         net (fo=0)                   0.000     5.000    clk
    AL25                 IBUF (Prop_ibuf_I_O)         0.714     5.714 r  clk_IBUF_inst/O
                         net (fo=1, routed)           2.248     7.962    clk_IBUF
    BUFGCTRL_X0Y0        BUFG (Prop_bufg_I_O)         0.083     8.045 r  clk_IBUF_BUFG_inst/O
                         net (fo=16661, routed)       1.260     9.305    vector_accumulate_0/clk_IBUF_BUFG
    SLICE_X79Y137        FDRE                                         r  vector_accumulate_0/accumulator_reg[4][28]/C
                         clock pessimism              0.228     9.534    <hidden>
                         clock uncertainty           -0.035     9.498    <hidden>
    SLICE_X79Y137        FDRE (Setup_fdre_C_CE)      -0.201     9.297    vector_accumulate_0/accumulator_reg[4][28]
  -------------------------------------------------------------------
                         required time                          9.297    <hidden>
                         arrival time                          -9.048    <hidden>
  -------------------------------------------------------------------
                         slack                                  0.249    <hidden>

Slack (MET) :             0.249ns  (required time - arrival time)
  Source:                 vector_alu_0/out_valid_reg/C
                            (rising edge-triggered cell FDRE clocked by sys_clk  {rise@0.000ns fall@2.500ns period=5.000ns})
  Destination:            vector_accumulate_0/accumulator_reg[4][29]/CE
                            (rising edge-triggered cell FDRE clocked by sys_clk  {rise@0.000ns fall@2.500ns period=5.000ns})
  Path Group:             sys_clk
  Path Type:              Setup (Max at Slow Process Corner)
  Requirement:            5.000ns  (sys_clk rise@5.000ns - sys_clk rise@0.000ns)
  Data Path Delay:        4.150ns  (logic 0.223ns (5.374%)  route 3.927ns (94.626%))
  Logic Levels:           0  
  Clock Path Skew:        -0.365ns (DCD - SCD + CPR)
    Destination Clock Delay (DCD):    4.305ns = ( 9.305 - 5.000 ) 
    Source Clock Delay      (SCD):    4.899ns
    Clock Pessimism Removal (CPR):    0.228ns
  Clock Uncertainty:      0.035ns  ((TSJ^2 + TIJ^2)^1/2 + DJ) / 2 + PE
    Total System Jitter     (TSJ):    0.071ns
    Total Input Jitter      (TIJ):    0.000ns
    Discrete Jitter          (DJ):    0.000ns
    Phase Error              (PE):    0.000ns

    Location             Delay type                Incr(ns)  Path(ns)    Netlist Resource(s)
  -------------------------------------------------------------------    -------------------
                         (clock sys_clk rise edge)    0.000     0.000 r  <hidden>
    AL25                                              0.000     0.000 r  clk
                         net (fo=0)                   0.000     0.000    clk
    AL25                 IBUF (Prop_ibuf_I_O)         0.790     0.790 r  clk_IBUF_inst/O
                         net (fo=1, routed)           2.376     3.166    clk_IBUF
    BUFGCTRL_X0Y0        BUFG (Prop_bufg_I_O)         0.093     3.259 r  clk_IBUF_BUFG_inst/O
                         net (fo=16661, routed)       1.640     4.899    vector_alu_0/clk_IBUF_BUFG
    SLICE_X39Y98         FDRE                                         r  vector_alu_0/out_valid_reg/C
  -------------------------------------------------------------------    -------------------
    SLICE_X39Y98         FDRE (Prop_fdre_C_Q)         0.223     5.122 r  vector_alu_0/out_valid_reg/Q
                         net (fo=526, routed)         3.927     9.048    vector_accumulate_0/vector_alu_0__out_ch__valid
    SLICE_X79Y137        FDRE                                         r  vector_accumulate_0/accumulator_reg[4][29]/CE
  -------------------------------------------------------------------    -------------------

                         (clock sys_clk rise edge)    5.000     5.000 r  <hidden>
    AL25                                              0.000     5.000 r  clk
                         net (fo=0)                   0.000     5.000    clk
    AL25                 IBUF (Prop_ibuf_I_O)         0.714     5.714 r  clk_IBUF_inst/O
                         net (fo=1, routed)           2.248     7.962    clk_IBUF
    BUFGCTRL_X0Y0        BUFG (Prop_bufg_I_O)         0.083     8.045 r  clk_IBUF_BUFG_inst/O
                         net (fo=16661, routed)       1.260     9.305    vector_accumulate_0/clk_IBUF_BUFG
    SLICE_X79Y137        FDRE                                         r  vector_accumulate_0/accumulator_reg[4][29]/C
                         clock pessimism              0.228     9.534    <hidden>
                         clock uncertainty           -0.035     9.498    <hidden>
    SLICE_X79Y137        FDRE (Setup_fdre_C_CE)      -0.201     9.297    vector_accumulate_0/accumulator_reg[4][29]
  -------------------------------------------------------------------
                         required time                          9.297    <hidden>
                         arrival time                          -9.048    <hidden>
  -------------------------------------------------------------------
                         slack                                  0.249    <hidden>

Slack (MET) :             0.249ns  (required time - arrival time)
  Source:                 vector_alu_0/out_valid_reg/C
                            (rising edge-triggered cell FDRE clocked by sys_clk  {rise@0.000ns fall@2.500ns period=5.000ns})
  Destination:            vector_accumulate_0/accumulator_reg[4][30]/CE
                            (rising edge-triggered cell FDRE clocked by sys_clk  {rise@0.000ns fall@2.500ns period=5.000ns})
  Path Group:             sys_clk
  Path Type:              Setup (Max at Slow Process Corner)
  Requirement:            5.000ns  (sys_clk rise@5.000ns - sys_clk rise@0.000ns)
  Data Path Delay:        4.150ns  (logic 0.223ns (5.374%)  route 3.927ns (94.626%))
  Logic Levels:           0  
  Clock Path Skew:        -0.365ns (DCD - SCD + CPR)
    Destination Clock Delay (DCD):    4.305ns = ( 9.305 - 5.000 ) 
    Source Clock Delay      (SCD):    4.899ns
    Clock Pessimism Removal (CPR):    0.228ns
  Clock Uncertainty:      0.035ns  ((TSJ^2 + TIJ^2)^1/2 + DJ) / 2 + PE
    Total System Jitter     (TSJ):    0.071ns
    Total Input Jitter      (TIJ):    0.000ns
    Discrete Jitter          (DJ):    0.000ns
    Phase Error              (PE):    0.000ns

    Location             Delay type                Incr(ns)  Path(ns)    Netlist Resource(s)
  -------------------------------------------------------------------    -------------------
                         (clock sys_clk rise edge)    0.000     0.000 r  <hidden>
    AL25                                              0.000     0.000 r  clk
                         net (fo=0)                   0.000     0.000    clk
    AL25                 IBUF (Prop_ibuf_I_O)         0.790     0.790 r  clk_IBUF_inst/O
                         net (fo=1, routed)           2.376     3.166    clk_IBUF
    BUFGCTRL_X0Y0        BUFG (Prop_bufg_I_O)         0.093     3.259 r  clk_IBUF_BUFG_inst/O
                         net (fo=16661, routed)       1.640     4.899    vector_alu_0/clk_IBUF_BUFG
    SLICE_X39Y98         FDRE                                         r  vector_alu_0/out_valid_reg/C
  -------------------------------------------------------------------    -------------------
    SLICE_X39Y98         FDRE (Prop_fdre_C_Q)         0.223     5.122 r  vector_alu_0/out_valid_reg/Q
                         net (fo=526, routed)         3.927     9.048    vector_accumulate_0/vector_alu_0__out_ch__valid
    SLICE_X79Y137        FDRE                                         r  vector_accumulate_0/accumulator_reg[4][30]/CE
  -------------------------------------------------------------------    -------------------

                         (clock sys_clk rise edge)    5.000     5.000 r  <hidden>
    AL25                                              0.000     5.000 r  clk
                         net (fo=0)                   0.000     5.000    clk
    AL25                 IBUF (Prop_ibuf_I_O)         0.714     5.714 r  clk_IBUF_inst/O
                         net (fo=1, routed)           2.248     7.962    clk_IBUF
    BUFGCTRL_X0Y0        BUFG (Prop_bufg_I_O)         0.083     8.045 r  clk_IBUF_BUFG_inst/O
                         net (fo=16661, routed)       1.260     9.305    vector_accumulate_0/clk_IBUF_BUFG
    SLICE_X79Y137        FDRE                                         r  vector_accumulate_0/accumulator_reg[4][30]/C
                         clock pessimism              0.228     9.534    <hidden>
                         clock uncertainty           -0.035     9.498    <hidden>
    SLICE_X79Y137        FDRE (Setup_fdre_C_CE)      -0.201     9.297    vector_accumulate_0/accumulator_reg[4][30]
  -------------------------------------------------------------------
                         required time                          9.297    <hidden>
                         arrival time                          -9.048    <hidden>
  -------------------------------------------------------------------
                         slack                                  0.249    <hidden>





Min Delay Paths
--------------------------------------------------------------------------------------
Slack (MET) :             0.046ns  (arrival time - required time)
  Source:                 scratchpad_a/port_b/response_data_reg[1][124]/C
                            (rising edge-triggered cell FDRE clocked by sys_clk  {rise@0.000ns fall@2.500ns period=5.000ns})
  Destination:            scratchpad_a/port_b/response_data_reg[0][124]/D
                            (rising edge-triggered cell FDRE clocked by sys_clk  {rise@0.000ns fall@2.500ns period=5.000ns})
  Path Group:             sys_clk
  Path Type:              Hold (Min at Fast Process Corner)
  Requirement:            0.000ns  (sys_clk rise@0.000ns - sys_clk rise@0.000ns)
  Data Path Delay:        0.277ns  (logic 0.146ns (52.736%)  route 0.131ns (47.264%))
  Logic Levels:           1  (LUT6=1)
  Clock Path Skew:        0.144ns (DCD - SCD - CPR)
    Destination Clock Delay (DCD):    2.472ns
    Source Clock Delay      (SCD):    1.996ns
    Clock Pessimism Removal (CPR):    0.331ns

    Location             Delay type                Incr(ns)  Path(ns)    Netlist Resource(s)
  -------------------------------------------------------------------    -------------------
                         (clock sys_clk rise edge)    0.000     0.000 r  <hidden>
    AL25                                              0.000     0.000 r  clk
                         net (fo=0)                   0.000     0.000    clk
    AL25                 IBUF (Prop_ibuf_I_O)         0.131     0.131 r  clk_IBUF_inst/O
                         net (fo=1, routed)           1.129     1.260    clk_IBUF
    BUFGCTRL_X0Y0        BUFG (Prop_bufg_I_O)         0.026     1.286 r  clk_IBUF_BUFG_inst/O
                         net (fo=16661, routed)       0.710     1.996    scratchpad_a/port_b/clk_IBUF_BUFG
    SLICE_X6Y149         FDRE                                         r  scratchpad_a/port_b/response_data_reg[1][124]/C
  -------------------------------------------------------------------    -------------------
    SLICE_X6Y149         FDRE (Prop_fdre_C_Q)         0.118     2.114 r  scratchpad_a/port_b/response_data_reg[1][124]/Q
                         net (fo=1, routed)           0.131     2.245    scratchpad_a/port_b/response_data_reg[1]_19[124]
    SLICE_X6Y150         LUT6 (Prop_lut6_I4_O)        0.028     2.273 r  scratchpad_a/port_b/response_data[0][124]_i_1__1/O
                         net (fo=1, routed)           0.000     2.273    scratchpad_a/port_b/response_data[0][124]_i_1__1_n_0
    SLICE_X6Y150         FDRE                                         r  scratchpad_a/port_b/response_data_reg[0][124]/D
  -------------------------------------------------------------------    -------------------

                         (clock sys_clk rise edge)    0.000     0.000 r  <hidden>
    AL25                                              0.000     0.000 r  clk
                         net (fo=0)                   0.000     0.000    clk
    AL25                 IBUF (Prop_ibuf_I_O)         0.380     0.380 r  clk_IBUF_inst/O
                         net (fo=1, routed)           1.200     1.580    clk_IBUF
    BUFGCTRL_X0Y0        BUFG (Prop_bufg_I_O)         0.030     1.610 r  clk_IBUF_BUFG_inst/O
                         net (fo=16661, routed)       0.862     2.472    scratchpad_a/port_b/clk_IBUF_BUFG
    SLICE_X6Y150         FDRE                                         r  scratchpad_a/port_b/response_data_reg[0][124]/C
                         clock pessimism             -0.331     2.140    <hidden>
    SLICE_X6Y150         FDRE (Hold_fdre_C_D)         0.087     2.227    scratchpad_a/port_b/response_data_reg[0][124]
  -------------------------------------------------------------------
                         required time                         -2.227    <hidden>
                         arrival time                           2.273    <hidden>
  -------------------------------------------------------------------
                         slack                                  0.046    <hidden>

Slack (MET) :             0.052ns  (arrival time - required time)
  Source:                 scratchpad_c/port_a/read_addr_reg[20]/C
                            (rising edge-triggered cell FDRE clocked by sys_clk  {rise@0.000ns fall@2.500ns period=5.000ns})
  Destination:            scratchpad_c/port_a/read_addr_pipeline_reg[1][20]/D
                            (rising edge-triggered cell FDRE clocked by sys_clk  {rise@0.000ns fall@2.500ns period=5.000ns})
  Path Group:             sys_clk
  Path Type:              Hold (Min at Fast Process Corner)
  Requirement:            0.000ns  (sys_clk rise@0.000ns - sys_clk rise@0.000ns)
  Data Path Delay:        0.237ns  (logic 0.100ns (42.169%)  route 0.137ns (57.831%))
  Logic Levels:           0  
  Clock Path Skew:        0.144ns (DCD - SCD - CPR)
    Destination Clock Delay (DCD):    2.544ns
    Source Clock Delay      (SCD):    2.048ns
    Clock Pessimism Removal (CPR):    0.351ns

    Location             Delay type                Incr(ns)  Path(ns)    Netlist Resource(s)
  -------------------------------------------------------------------    -------------------
                         (clock sys_clk rise edge)    0.000     0.000 r  <hidden>
    AL25                                              0.000     0.000 r  clk
                         net (fo=0)                   0.000     0.000    clk
    AL25                 IBUF (Prop_ibuf_I_O)         0.131     0.131 r  clk_IBUF_inst/O
                         net (fo=1, routed)           1.129     1.260    clk_IBUF
    BUFGCTRL_X0Y0        BUFG (Prop_bufg_I_O)         0.026     1.286 r  clk_IBUF_BUFG_inst/O
                         net (fo=16661, routed)       0.762     2.048    scratchpad_c/port_a/clk_IBUF_BUFG
    SLICE_X5Y99          FDRE                                         r  scratchpad_c/port_a/read_addr_reg[20]/C
  -------------------------------------------------------------------    -------------------
    SLICE_X5Y99          FDRE (Prop_fdre_C_Q)         0.100     2.148 r  scratchpad_c/port_a/read_addr_reg[20]/Q
                         net (fo=1, routed)           0.137     2.285    scratchpad_c/port_a/read_addr_a[20]
    SLICE_X4Y100         FDRE                                         r  scratchpad_c/port_a/read_addr_pipeline_reg[1][20]/D
  -------------------------------------------------------------------    -------------------

                         (clock sys_clk rise edge)    0.000     0.000 r  <hidden>
    AL25                                              0.000     0.000 r  clk
                         net (fo=0)                   0.000     0.000    clk
    AL25                 IBUF (Prop_ibuf_I_O)         0.380     0.380 r  clk_IBUF_inst/O
                         net (fo=1, routed)           1.200     1.580    clk_IBUF
    BUFGCTRL_X0Y0        BUFG (Prop_bufg_I_O)         0.030     1.610 r  clk_IBUF_BUFG_inst/O
                         net (fo=16661, routed)       0.934     2.544    scratchpad_c/port_a/clk_IBUF_BUFG
    SLICE_X4Y100         FDRE                                         r  scratchpad_c/port_a/read_addr_pipeline_reg[1][20]/C
                         clock pessimism             -0.351     2.192    <hidden>
    SLICE_X4Y100         FDRE (Hold_fdre_C_D)         0.041     2.233    scratchpad_c/port_a/read_addr_pipeline_reg[1][20]
  -------------------------------------------------------------------
                         required time                         -2.233    <hidden>
                         arrival time                           2.285    <hidden>
  -------------------------------------------------------------------
                         slack                                  0.052    <hidden>

Slack (MET) :             0.055ns  (arrival time - required time)
  Source:                 scratchpad_c/port_a/read_addr_reg[17]/C
                            (rising edge-triggered cell FDRE clocked by sys_clk  {rise@0.000ns fall@2.500ns period=5.000ns})
  Destination:            scratchpad_c/port_a/read_addr_pipeline_reg[1][17]/D
                            (rising edge-triggered cell FDRE clocked by sys_clk  {rise@0.000ns fall@2.500ns period=5.000ns})
  Path Group:             sys_clk
  Path Type:              Hold (Min at Fast Process Corner)
  Requirement:            0.000ns  (sys_clk rise@0.000ns - sys_clk rise@0.000ns)
  Data Path Delay:        0.237ns  (logic 0.100ns (42.256%)  route 0.137ns (57.744%))
  Logic Levels:           0  
  Clock Path Skew:        0.144ns (DCD - SCD - CPR)
    Destination Clock Delay (DCD):    2.544ns
    Source Clock Delay      (SCD):    2.048ns
    Clock Pessimism Removal (CPR):    0.351ns

    Location             Delay type                Incr(ns)  Path(ns)    Netlist Resource(s)
  -------------------------------------------------------------------    -------------------
                         (clock sys_clk rise edge)    0.000     0.000 r  <hidden>
    AL25                                              0.000     0.000 r  clk
                         net (fo=0)                   0.000     0.000    clk
    AL25                 IBUF (Prop_ibuf_I_O)         0.131     0.131 r  clk_IBUF_inst/O
                         net (fo=1, routed)           1.129     1.260    clk_IBUF
    BUFGCTRL_X0Y0        BUFG (Prop_bufg_I_O)         0.026     1.286 r  clk_IBUF_BUFG_inst/O
                         net (fo=16661, routed)       0.762     2.048    scratchpad_c/port_a/clk_IBUF_BUFG
    SLICE_X5Y99          FDRE                                         r  scratchpad_c/port_a/read_addr_reg[17]/C
  -------------------------------------------------------------------    -------------------
    SLICE_X5Y99          FDRE (Prop_fdre_C_Q)         0.100     2.148 r  scratchpad_c/port_a/read_addr_reg[17]/Q
                         net (fo=1, routed)           0.137     2.285    scratchpad_c/port_a/read_addr_a[17]
    SLICE_X4Y100         FDRE                                         r  scratchpad_c/port_a/read_addr_pipeline_reg[1][17]/D
  -------------------------------------------------------------------    -------------------

                         (clock sys_clk rise edge)    0.000     0.000 r  <hidden>
    AL25                                              0.000     0.000 r  clk
                         net (fo=0)                   0.000     0.000    clk
    AL25                 IBUF (Prop_ibuf_I_O)         0.380     0.380 r  clk_IBUF_inst/O
                         net (fo=1, routed)           1.200     1.580    clk_IBUF
    BUFGCTRL_X0Y0        BUFG (Prop_bufg_I_O)         0.030     1.610 r  clk_IBUF_BUFG_inst/O
                         net (fo=16661, routed)       0.934     2.544    scratchpad_c/port_a/clk_IBUF_BUFG
    SLICE_X4Y100         FDRE                                         r  scratchpad_c/port_a/read_addr_pipeline_reg[1][17]/C
                         clock pessimism             -0.351     2.192    <hidden>
    SLICE_X4Y100         FDRE (Hold_fdre_C_D)         0.038     2.230    scratchpad_c/port_a/read_addr_pipeline_reg[1][17]
  -------------------------------------------------------------------
                         required time                         -2.230    <hidden>
                         arrival time                           2.285    <hidden>
  -------------------------------------------------------------------
                         slack                                  0.055    <hidden>

Slack (MET) :             0.059ns  (arrival time - required time)
  Source:                 alu_b_dma/fifo_dut/fifo_mem_reg[5][113]/C
                            (rising edge-triggered cell FDRE clocked by sys_clk  {rise@0.000ns fall@2.500ns period=5.000ns})
  Destination:            alu_b_dma/fifo_dut/bram_out_data_reg[113]/D
                            (rising edge-triggered cell FDRE clocked by sys_clk  {rise@0.000ns fall@2.500ns period=5.000ns})
  Path Group:             sys_clk
  Path Type:              Hold (Min at Fast Process Corner)
  Requirement:            0.000ns  (sys_clk rise@0.000ns - sys_clk rise@0.000ns)
  Data Path Delay:        0.293ns  (logic 0.171ns (58.285%)  route 0.122ns (41.715%))
  Logic Levels:           2  (LUT6=1 MUXF7=1)
  Clock Path Skew:        0.142ns (DCD - SCD - CPR)
    Destination Clock Delay (DCD):    2.441ns
    Source Clock Delay      (SCD):    1.967ns
    Clock Pessimism Removal (CPR):    0.331ns

    Location             Delay type                Incr(ns)  Path(ns)    Netlist Resource(s)
  -------------------------------------------------------------------    -------------------
                         (clock sys_clk rise edge)    0.000     0.000 r  <hidden>
    AL25                                              0.000     0.000 r  clk
                         net (fo=0)                   0.000     0.000    clk
    AL25                 IBUF (Prop_ibuf_I_O)         0.131     0.131 r  clk_IBUF_inst/O
                         net (fo=1, routed)           1.129     1.260    clk_IBUF
    BUFGCTRL_X0Y0        BUFG (Prop_bufg_I_O)         0.026     1.286 r  clk_IBUF_BUFG_inst/O
                         net (fo=16661, routed)       0.681     1.967    alu_b_dma/fifo_dut/clk_IBUF_BUFG
    SLICE_X13Y149        FDRE                                         r  alu_b_dma/fifo_dut/fifo_mem_reg[5][113]/C
  -------------------------------------------------------------------    -------------------
    SLICE_X13Y149        FDRE (Prop_fdre_C_Q)         0.100     2.067 r  alu_b_dma/fifo_dut/fifo_mem_reg[5][113]/Q
                         net (fo=1, routed)           0.122     2.190    alu_b_dma/fifo_dut/fifo_mem_reg[5]_2[113]
    SLICE_X14Y150        LUT6 (Prop_lut6_I3_O)        0.028     2.218 r  alu_b_dma/fifo_dut/bram_out_data[113]_i_3/O
                         net (fo=1, routed)           0.000     2.218    alu_b_dma/fifo_dut/bram_out_data[113]_i_3_n_0
    SLICE_X14Y150        MUXF7 (Prop_muxf7_I1_O)      0.043     2.261 r  alu_b_dma/fifo_dut/bram_out_data_reg[113]_i_1/O
                         net (fo=1, routed)           0.000     2.261    alu_b_dma/fifo_dut/bram_out_data_reg[113]_i_1_n_0
    SLICE_X14Y150        FDRE                                         r  alu_b_dma/fifo_dut/bram_out_data_reg[113]/D
  -------------------------------------------------------------------    -------------------

                         (clock sys_clk rise edge)    0.000     0.000 r  <hidden>
    AL25                                              0.000     0.000 r  clk
                         net (fo=0)                   0.000     0.000    clk
    AL25                 IBUF (Prop_ibuf_I_O)         0.380     0.380 r  clk_IBUF_inst/O
                         net (fo=1, routed)           1.200     1.580    clk_IBUF
    BUFGCTRL_X0Y0        BUFG (Prop_bufg_I_O)         0.030     1.610 r  clk_IBUF_BUFG_inst/O
                         net (fo=16661, routed)       0.831     2.441    alu_b_dma/fifo_dut/clk_IBUF_BUFG
    SLICE_X14Y150        FDRE                                         r  alu_b_dma/fifo_dut/bram_out_data_reg[113]/C
                         clock pessimism             -0.331     2.109    <hidden>
    SLICE_X14Y150        FDRE (Hold_fdre_C_D)         0.092     2.201    alu_b_dma/fifo_dut/bram_out_data_reg[113]
  -------------------------------------------------------------------
                         required time                         -2.201    <hidden>
                         arrival time                           2.261    <hidden>
  -------------------------------------------------------------------
                         slack                                  0.059    <hidden>

Slack (MET) :             0.061ns  (arrival time - required time)
  Source:                 bram_dp_stream_0/port_b/response_data_reg[2][1]/C
                            (rising edge-triggered cell FDRE clocked by sys_clk  {rise@0.000ns fall@2.500ns period=5.000ns})
  Destination:            bram_dp_stream_0/port_b/response_data_reg[1][1]/D
                            (rising edge-triggered cell FDRE clocked by sys_clk  {rise@0.000ns fall@2.500ns period=5.000ns})
  Path Group:             sys_clk
  Path Type:              Hold (Min at Fast Process Corner)
  Requirement:            0.000ns  (sys_clk rise@0.000ns - sys_clk rise@0.000ns)
  Data Path Delay:        0.264ns  (logic 0.128ns (48.443%)  route 0.136ns (51.557%))
  Logic Levels:           1  (LUT6=1)
  Clock Path Skew:        0.142ns (DCD - SCD - CPR)
    Destination Clock Delay (DCD):    2.506ns
    Source Clock Delay      (SCD):    2.012ns
    Clock Pessimism Removal (CPR):    0.351ns

    Location             Delay type                Incr(ns)  Path(ns)    Netlist Resource(s)
  -------------------------------------------------------------------    -------------------
                         (clock sys_clk rise edge)    0.000     0.000 r  <hidden>
    AL25                                              0.000     0.000 r  clk
                         net (fo=0)                   0.000     0.000    clk
    AL25                 IBUF (Prop_ibuf_I_O)         0.131     0.131 r  clk_IBUF_inst/O
                         net (fo=1, routed)           1.129     1.260    clk_IBUF
    BUFGCTRL_X0Y0        BUFG (Prop_bufg_I_O)         0.026     1.286 r  clk_IBUF_BUFG_inst/O
                         net (fo=16661, routed)       0.726     2.012    bram_dp_stream_0/port_b/clk_IBUF_BUFG
    SLICE_X28Y99         FDRE                                         r  bram_dp_stream_0/port_b/response_data_reg[2][1]/C
  -------------------------------------------------------------------    -------------------
    SLICE_X28Y99         FDRE (Prop_fdre_C_Q)         0.100     2.112 r  bram_dp_stream_0/port_b/response_data_reg[2][1]/Q
                         net (fo=1, routed)           0.136     2.248    bram_dp_stream_0/port_b/response_data_reg_n_0_[2][1]
    SLICE_X28Y100        LUT6 (Prop_lut6_I5_O)        0.028     2.276 r  bram_dp_stream_0/port_b/response_data[1][1]_i_1__1/O
                         net (fo=1, routed)           0.000     2.276    bram_dp_stream_0/port_b/response_data[1][1]_i_1__1_n_0
    SLICE_X28Y100        FDRE                                         r  bram_dp_stream_0/port_b/response_data_reg[1][1]/D
  -------------------------------------------------------------------    -------------------

                         (clock sys_clk rise edge)    0.000     0.000 r  <hidden>
    AL25                                              0.000     0.000 r  clk
                         net (fo=0)                   0.000     0.000    clk
    AL25                 IBUF (Prop_ibuf_I_O)         0.380     0.380 r  clk_IBUF_inst/O
                         net (fo=1, routed)           1.200     1.580    clk_IBUF
    BUFGCTRL_X0Y0        BUFG (Prop_bufg_I_O)         0.030     1.610 r  clk_IBUF_BUFG_inst/O
                         net (fo=16661, routed)       0.896     2.506    bram_dp_stream_0/port_b/clk_IBUF_BUFG
    SLICE_X28Y100        FDRE                                         r  bram_dp_stream_0/port_b/response_data_reg[1][1]/C
                         clock pessimism             -0.351     2.154    <hidden>
    SLICE_X28Y100        FDRE (Hold_fdre_C_D)         0.061     2.215    bram_dp_stream_0/port_b/response_data_reg[1][1]
  -------------------------------------------------------------------
                         required time                         -2.215    <hidden>
                         arrival time                           2.276    <hidden>
  -------------------------------------------------------------------
                         slack                                  0.061    <hidden>

Slack (MET) :             0.067ns  (arrival time - required time)
  Source:                 scratchpad_c/port_a/write_data_reg[9]/C
                            (rising edge-triggered cell FDRE clocked by sys_clk  {rise@0.000ns fall@2.500ns period=5.000ns})
  Destination:            scratchpad_c/bram_dp_dut/data_reg_0/DIBDI[9]
                            (rising edge-triggered cell RAMB36E1 clocked by sys_clk  {rise@0.000ns fall@2.500ns period=5.000ns})
  Path Group:             sys_clk
  Path Type:              Hold (Min at Fast Process Corner)
  Requirement:            0.000ns  (sys_clk rise@0.000ns - sys_clk rise@0.000ns)
  Data Path Delay:        0.229ns  (logic 0.091ns (39.815%)  route 0.138ns (60.185%))
  Logic Levels:           0  
  Clock Path Skew:        0.043ns (DCD - SCD - CPR)
    Destination Clock Delay (DCD):    2.532ns
    Source Clock Delay      (SCD):    1.957ns
    Clock Pessimism Removal (CPR):    0.532ns

    Location             Delay type                Incr(ns)  Path(ns)    Netlist Resource(s)
  -------------------------------------------------------------------    -------------------
                         (clock sys_clk rise edge)    0.000     0.000 r  <hidden>
    AL25                                              0.000     0.000 r  clk
                         net (fo=0)                   0.000     0.000    clk
    AL25                 IBUF (Prop_ibuf_I_O)         0.131     0.131 r  clk_IBUF_inst/O
                         net (fo=1, routed)           1.129     1.260    clk_IBUF
    BUFGCTRL_X0Y0        BUFG (Prop_bufg_I_O)         0.026     1.286 r  clk_IBUF_BUFG_inst/O
                         net (fo=16661, routed)       0.671     1.957    scratchpad_c/port_a/clk_IBUF_BUFG
    SLICE_X23Y117        FDRE                                         r  scratchpad_c/port_a/write_data_reg[9]/C
  -------------------------------------------------------------------    -------------------
    SLICE_X23Y117        FDRE (Prop_fdre_C_Q)         0.091     2.048 r  scratchpad_c/port_a/write_data_reg[9]/Q
                         net (fo=1, routed)           0.138     2.186    scratchpad_c/bram_dp_dut/Q[9]
    RAMB36_X1Y23         RAMB36E1                                     r  scratchpad_c/bram_dp_dut/data_reg_0/DIBDI[9]
  -------------------------------------------------------------------    -------------------

                         (clock sys_clk rise edge)    0.000     0.000 r  <hidden>
    AL25                                              0.000     0.000 r  clk
                         net (fo=0)                   0.000     0.000    clk
    AL25                 IBUF (Prop_ibuf_I_O)         0.380     0.380 r  clk_IBUF_inst/O
                         net (fo=1, routed)           1.200     1.580    clk_IBUF
    BUFGCTRL_X0Y0        BUFG (Prop_bufg_I_O)         0.030     1.610 r  clk_IBUF_BUFG_inst/O
                         net (fo=16661, routed)       0.923     2.532    scratchpad_c/bram_dp_dut/clk_IBUF_BUFG
    RAMB36_X1Y23         RAMB36E1                                     r  scratchpad_c/bram_dp_dut/data_reg_0/CLKBWRCLK
                         clock pessimism             -0.532     2.000    <hidden>
    RAMB36_X1Y23         RAMB36E1 (Hold_ramb36e1_CLKBWRCLK_DIBDI[9])
                                                      0.119     2.119    scratchpad_c/bram_dp_dut/data_reg_0
  -------------------------------------------------------------------
                         required time                         -2.119    <hidden>
                         arrival time                           2.186    <hidden>
  -------------------------------------------------------------------
                         slack                                  0.067    <hidden>

Slack (MET) :             0.068ns  (arrival time - required time)
  Source:                 scratchpad_a/port_b/response_data_reg[1][51]/C
                            (rising edge-triggered cell FDRE clocked by sys_clk  {rise@0.000ns fall@2.500ns period=5.000ns})
  Destination:            scratchpad_a/port_b/response_data_reg[0][51]/D
                            (rising edge-triggered cell FDRE clocked by sys_clk  {rise@0.000ns fall@2.500ns period=5.000ns})
  Path Group:             sys_clk
  Path Type:              Hold (Min at Fast Process Corner)
  Requirement:            0.000ns  (sys_clk rise@0.000ns - sys_clk rise@0.000ns)
  Data Path Delay:        0.271ns  (logic 0.128ns (47.317%)  route 0.143ns (52.683%))
  Logic Levels:           1  (LUT6=1)
  Clock Path Skew:        0.142ns (DCD - SCD - CPR)
    Destination Clock Delay (DCD):    2.430ns
    Source Clock Delay      (SCD):    1.956ns
    Clock Pessimism Removal (CPR):    0.331ns

    Location             Delay type                Incr(ns)  Path(ns)    Netlist Resource(s)
  -------------------------------------------------------------------    -------------------
                         (clock sys_clk rise edge)    0.000     0.000 r  <hidden>
    AL25                                              0.000     0.000 r  clk
                         net (fo=0)                   0.000     0.000    clk
    AL25                 IBUF (Prop_ibuf_I_O)         0.131     0.131 r  clk_IBUF_inst/O
                         net (fo=1, routed)           1.129     1.260    clk_IBUF
    BUFGCTRL_X0Y0        BUFG (Prop_bufg_I_O)         0.026     1.286 r  clk_IBUF_BUFG_inst/O
                         net (fo=16661, routed)       0.670     1.956    scratchpad_a/port_b/clk_IBUF_BUFG
    SLICE_X36Y149        FDRE                                         r  scratchpad_a/port_b/response_data_reg[1][51]/C
  -------------------------------------------------------------------    -------------------
    SLICE_X36Y149        FDRE (Prop_fdre_C_Q)         0.100     2.056 r  scratchpad_a/port_b/response_data_reg[1][51]/Q
                         net (fo=1, routed)           0.143     2.199    scratchpad_a/port_b/response_data_reg[1]_19[51]
    SLICE_X36Y150        LUT6 (Prop_lut6_I4_O)        0.028     2.227 r  scratchpad_a/port_b/response_data[0][51]_i_1__1/O
                         net (fo=1, routed)           0.000     2.227    scratchpad_a/port_b/response_data[0][51]_i_1__1_n_0
    SLICE_X36Y150        FDRE                                         r  scratchpad_a/port_b/response_data_reg[0][51]/D
  -------------------------------------------------------------------    -------------------

                         (clock sys_clk rise edge)    0.000     0.000 r  <hidden>
    AL25                                              0.000     0.000 r  clk
                         net (fo=0)                   0.000     0.000    clk
    AL25                 IBUF (Prop_ibuf_I_O)         0.380     0.380 r  clk_IBUF_inst/O
                         net (fo=1, routed)           1.200     1.580    clk_IBUF
    BUFGCTRL_X0Y0        BUFG (Prop_bufg_I_O)         0.030     1.610 r  clk_IBUF_BUFG_inst/O
                         net (fo=16661, routed)       0.820     2.430    scratchpad_a/port_b/clk_IBUF_BUFG
    SLICE_X36Y150        FDRE                                         r  scratchpad_a/port_b/response_data_reg[0][51]/C
                         clock pessimism             -0.331     2.098    <hidden>
    SLICE_X36Y150        FDRE (Hold_fdre_C_D)         0.061     2.159    scratchpad_a/port_b/response_data_reg[0][51]
  -------------------------------------------------------------------
                         required time                         -2.159    <hidden>
                         arrival time                           2.227    <hidden>
  -------------------------------------------------------------------
                         slack                                  0.068    <hidden>

Slack (MET) :             0.071ns  (arrival time - required time)
  Source:                 scratchpad_a/port_a/write_data_reg[115]/C
                            (rising edge-triggered cell FDRE clocked by sys_clk  {rise@0.000ns fall@2.500ns period=5.000ns})
  Destination:            scratchpad_a/bram_dp_dut/data_reg_3/DIBDI[7]
                            (rising edge-triggered cell RAMB36E1 clocked by sys_clk  {rise@0.000ns fall@2.500ns period=5.000ns})
  Path Group:             sys_clk
  Path Type:              Hold (Min at Fast Process Corner)
  Requirement:            0.000ns  (sys_clk rise@0.000ns - sys_clk rise@0.000ns)
  Data Path Delay:        0.233ns  (logic 0.091ns (39.009%)  route 0.142ns (60.991%))
  Logic Levels:           0  
  Clock Path Skew:        0.044ns (DCD - SCD - CPR)
    Destination Clock Delay (DCD):    2.541ns
    Source Clock Delay      (SCD):    1.965ns
    Clock Pessimism Removal (CPR):    0.532ns

    Location             Delay type                Incr(ns)  Path(ns)    Netlist Resource(s)
  -------------------------------------------------------------------    -------------------
                         (clock sys_clk rise edge)    0.000     0.000 r  <hidden>
    AL25                                              0.000     0.000 r  clk
                         net (fo=0)                   0.000     0.000    clk
    AL25                 IBUF (Prop_ibuf_I_O)         0.131     0.131 r  clk_IBUF_inst/O
                         net (fo=1, routed)           1.129     1.260    clk_IBUF
    BUFGCTRL_X0Y0        BUFG (Prop_bufg_I_O)         0.026     1.286 r  clk_IBUF_BUFG_inst/O
                         net (fo=16661, routed)       0.679     1.965    scratchpad_a/port_a/clk_IBUF_BUFG
    SLICE_X9Y141         FDRE                                         r  scratchpad_a/port_a/write_data_reg[115]/C
  -------------------------------------------------------------------    -------------------
    SLICE_X9Y141         FDRE (Prop_fdre_C_Q)         0.091     2.056 r  scratchpad_a/port_a/write_data_reg[115]/Q
                         net (fo=1, routed)           0.142     2.198    scratchpad_a/bram_dp_dut/data_reg_3_0[115]
    RAMB36_X0Y28         RAMB36E1                                     r  scratchpad_a/bram_dp_dut/data_reg_3/DIBDI[7]
  -------------------------------------------------------------------    -------------------

                         (clock sys_clk rise edge)    0.000     0.000 r  <hidden>
    AL25                                              0.000     0.000 r  clk
                         net (fo=0)                   0.000     0.000    clk
    AL25                 IBUF (Prop_ibuf_I_O)         0.380     0.380 r  clk_IBUF_inst/O
                         net (fo=1, routed)           1.200     1.580    clk_IBUF
    BUFGCTRL_X0Y0        BUFG (Prop_bufg_I_O)         0.030     1.610 r  clk_IBUF_BUFG_inst/O
                         net (fo=16661, routed)       0.932     2.541    scratchpad_a/bram_dp_dut/clk_IBUF_BUFG
    RAMB36_X0Y28         RAMB36E1                                     r  scratchpad_a/bram_dp_dut/data_reg_3/CLKBWRCLK
                         clock pessimism             -0.532     2.009    <hidden>
    RAMB36_X0Y28         RAMB36E1 (Hold_ramb36e1_CLKBWRCLK_DIBDI[7])
                                                      0.119     2.128    scratchpad_a/bram_dp_dut/data_reg_3
  -------------------------------------------------------------------
                         required time                         -2.128    <hidden>
                         arrival time                           2.198    <hidden>
  -------------------------------------------------------------------
                         slack                                  0.071    <hidden>

Slack (MET) :             0.072ns  (arrival time - required time)
  Source:                 scratchpad_c/port_a/write_data_reg[3]/C
                            (rising edge-triggered cell FDRE clocked by sys_clk  {rise@0.000ns fall@2.500ns period=5.000ns})
  Destination:            scratchpad_c/bram_dp_dut/data_reg_0/DIBDI[3]
                            (rising edge-triggered cell RAMB36E1 clocked by sys_clk  {rise@0.000ns fall@2.500ns period=5.000ns})
  Path Group:             sys_clk
  Path Type:              Hold (Min at Fast Process Corner)
  Requirement:            0.000ns  (sys_clk rise@0.000ns - sys_clk rise@0.000ns)
  Data Path Delay:        0.230ns  (logic 0.091ns (39.510%)  route 0.139ns (60.490%))
  Logic Levels:           0  
  Clock Path Skew:        0.042ns (DCD - SCD - CPR)
    Destination Clock Delay (DCD):    2.532ns
    Source Clock Delay      (SCD):    1.958ns
    Clock Pessimism Removal (CPR):    0.532ns

    Location             Delay type                Incr(ns)  Path(ns)    Netlist Resource(s)
  -------------------------------------------------------------------    -------------------
                         (clock sys_clk rise edge)    0.000     0.000 r  <hidden>
    AL25                                              0.000     0.000 r  clk
                         net (fo=0)                   0.000     0.000    clk
    AL25                 IBUF (Prop_ibuf_I_O)         0.131     0.131 r  clk_IBUF_inst/O
                         net (fo=1, routed)           1.129     1.260    clk_IBUF
    BUFGCTRL_X0Y0        BUFG (Prop_bufg_I_O)         0.026     1.286 r  clk_IBUF_BUFG_inst/O
                         net (fo=16661, routed)       0.672     1.958    scratchpad_c/port_a/clk_IBUF_BUFG
    SLICE_X23Y116        FDRE                                         r  scratchpad_c/port_a/write_data_reg[3]/C
  -------------------------------------------------------------------    -------------------
    SLICE_X23Y116        FDRE (Prop_fdre_C_Q)         0.091     2.049 r  scratchpad_c/port_a/write_data_reg[3]/Q
                         net (fo=1, routed)           0.139     2.189    scratchpad_c/bram_dp_dut/Q[3]
    RAMB36_X1Y23         RAMB36E1                                     r  scratchpad_c/bram_dp_dut/data_reg_0/DIBDI[3]
  -------------------------------------------------------------------    -------------------

                         (clock sys_clk rise edge)    0.000     0.000 r  <hidden>
    AL25                                              0.000     0.000 r  clk
                         net (fo=0)                   0.000     0.000    clk
    AL25                 IBUF (Prop_ibuf_I_O)         0.380     0.380 r  clk_IBUF_inst/O
                         net (fo=1, routed)           1.200     1.580    clk_IBUF
    BUFGCTRL_X0Y0        BUFG (Prop_bufg_I_O)         0.030     1.610 r  clk_IBUF_BUFG_inst/O
                         net (fo=16661, routed)       0.923     2.532    scratchpad_c/bram_dp_dut/clk_IBUF_BUFG
    RAMB36_X1Y23         RAMB36E1                                     r  scratchpad_c/bram_dp_dut/data_reg_0/CLKBWRCLK
                         clock pessimism             -0.532     2.000    <hidden>
    RAMB36_X1Y23         RAMB36E1 (Hold_ramb36e1_CLKBWRCLK_DIBDI[3])
                                                      0.117     2.117    scratchpad_c/bram_dp_dut/data_reg_0
  -------------------------------------------------------------------
                         required time                         -2.117    <hidden>
                         arrival time                           2.189    <hidden>
  -------------------------------------------------------------------
                         slack                                  0.072    <hidden>

Slack (MET) :             0.072ns  (arrival time - required time)
  Source:                 scratchpad_c/port_a/write_data_reg[43]/C
                            (rising edge-triggered cell FDRE clocked by sys_clk  {rise@0.000ns fall@2.500ns period=5.000ns})
  Destination:            scratchpad_c/bram_dp_dut/data_reg_1/DIBDI[7]
                            (rising edge-triggered cell RAMB36E1 clocked by sys_clk  {rise@0.000ns fall@2.500ns period=5.000ns})
  Path Group:             sys_clk
  Path Type:              Hold (Min at Fast Process Corner)
  Requirement:            0.000ns  (sys_clk rise@0.000ns - sys_clk rise@0.000ns)
  Data Path Delay:        0.232ns  (logic 0.091ns (39.164%)  route 0.141ns (60.836%))
  Logic Levels:           0  
  Clock Path Skew:        0.044ns (DCD - SCD - CPR)
    Destination Clock Delay (DCD):    2.496ns
    Source Clock Delay      (SCD):    1.920ns
    Clock Pessimism Removal (CPR):    0.532ns

    Location             Delay type                Incr(ns)  Path(ns)    Netlist Resource(s)
  -------------------------------------------------------------------    -------------------
                         (clock sys_clk rise edge)    0.000     0.000 r  <hidden>
    AL25                                              0.000     0.000 r  clk
                         net (fo=0)                   0.000     0.000    clk
    AL25                 IBUF (Prop_ibuf_I_O)         0.131     0.131 r  clk_IBUF_inst/O
                         net (fo=1, routed)           1.129     1.260    clk_IBUF
    BUFGCTRL_X0Y0        BUFG (Prop_bufg_I_O)         0.026     1.286 r  clk_IBUF_BUFG_inst/O
                         net (fo=16661, routed)       0.634     1.920    scratchpad_c/port_a/clk_IBUF_BUFG
    SLICE_X53Y141        FDRE                                         r  scratchpad_c/port_a/write_data_reg[43]/C
  -------------------------------------------------------------------    -------------------
    SLICE_X53Y141        FDRE (Prop_fdre_C_Q)         0.091     2.011 r  scratchpad_c/port_a/write_data_reg[43]/Q
                         net (fo=1, routed)           0.141     2.153    scratchpad_c/bram_dp_dut/Q[43]
    RAMB36_X3Y28         RAMB36E1                                     r  scratchpad_c/bram_dp_dut/data_reg_1/DIBDI[7]
  -------------------------------------------------------------------    -------------------

                         (clock sys_clk rise edge)    0.000     0.000 r  <hidden>
    AL25                                              0.000     0.000 r  clk
                         net (fo=0)                   0.000     0.000    clk
    AL25                 IBUF (Prop_ibuf_I_O)         0.380     0.380 r  clk_IBUF_inst/O
                         net (fo=1, routed)           1.200     1.580    clk_IBUF
    BUFGCTRL_X0Y0        BUFG (Prop_bufg_I_O)         0.030     1.610 r  clk_IBUF_BUFG_inst/O
                         net (fo=16661, routed)       0.887     2.496    scratchpad_c/bram_dp_dut/clk_IBUF_BUFG
    RAMB36_X3Y28         RAMB36E1                                     r  scratchpad_c/bram_dp_dut/data_reg_1/CLKBWRCLK
                         clock pessimism             -0.532     1.964    <hidden>
    RAMB36_X3Y28         RAMB36E1 (Hold_ramb36e1_CLKBWRCLK_DIBDI[7])
                                                      0.117     2.081    scratchpad_c/bram_dp_dut/data_reg_1
  -------------------------------------------------------------------
                         required time                         -2.081    <hidden>
                         arrival time                           2.153    <hidden>
  -------------------------------------------------------------------
                         slack                                  0.072    <hidden>

Slack (MET) :             0.072ns  (arrival time - required time)
  Source:                 alu_c_dma/fifo_dut/fifo_mem_reg[3][0]/C
                            (rising edge-triggered cell FDRE clocked by sys_clk  {rise@0.000ns fall@2.500ns period=5.000ns})
  Destination:            alu_c_dma/fifo_dut/bram_out_data_reg[0]/D
                            (rising edge-triggered cell FDRE clocked by sys_clk  {rise@0.000ns fall@2.500ns period=5.000ns})
  Path Group:             sys_clk
  Path Type:              Hold (Min at Fast Process Corner)
  Requirement:            0.000ns  (sys_clk rise@0.000ns - sys_clk rise@0.000ns)
  Data Path Delay:        0.306ns  (logic 0.171ns (55.872%)  route 0.135ns (44.128%))
  Logic Levels:           2  (LUT6=1 MUXF7=1)
  Clock Path Skew:        0.142ns (DCD - SCD - CPR)
    Destination Clock Delay (DCD):    2.471ns
    Source Clock Delay      (SCD):    1.977ns
    Clock Pessimism Removal (CPR):    0.351ns

    Location             Delay type                Incr(ns)  Path(ns)    Netlist Resource(s)
  -------------------------------------------------------------------    -------------------
                         (clock sys_clk rise edge)    0.000     0.000 r  <hidden>
    AL25                                              0.000     0.000 r  clk
                         net (fo=0)                   0.000     0.000    clk
    AL25                 IBUF (Prop_ibuf_I_O)         0.131     0.131 r  clk_IBUF_inst/O
                         net (fo=1, routed)           1.129     1.260    clk_IBUF
    BUFGCTRL_X0Y0        BUFG (Prop_bufg_I_O)         0.026     1.286 r  clk_IBUF_BUFG_inst/O
                         net (fo=16661, routed)       0.691     1.977    alu_c_dma/fifo_dut/clk_IBUF_BUFG
    SLICE_X41Y99         FDRE                                         r  alu_c_dma/fifo_dut/fifo_mem_reg[3][0]/C
  -------------------------------------------------------------------    -------------------
    SLICE_X41Y99         FDRE (Prop_fdre_C_Q)         0.100     2.077 r  alu_c_dma/fifo_dut/fifo_mem_reg[3][0]/Q
                         net (fo=1, routed)           0.135     2.212    alu_c_dma/fifo_dut/fifo_mem_reg[3]_4[0]
    SLICE_X38Y100        LUT6 (Prop_lut6_I0_O)        0.028     2.240 r  alu_c_dma/fifo_dut/bram_out_data[0]_i_2__0/O
                         net (fo=1, routed)           0.000     2.240    alu_c_dma/fifo_dut/bram_out_data[0]_i_2__0_n_0
    SLICE_X38Y100        MUXF7 (Prop_muxf7_I0_O)      0.043     2.283 r  alu_c_dma/fifo_dut/bram_out_data_reg[0]_i_1__0/O
                         net (fo=1, routed)           0.000     2.283    alu_c_dma/fifo_dut/bram_out_data_reg[0]_i_1__0_n_0
    SLICE_X38Y100        FDRE                                         r  alu_c_dma/fifo_dut/bram_out_data_reg[0]/D
  -------------------------------------------------------------------    -------------------

                         (clock sys_clk rise edge)    0.000     0.000 r  <hidden>
    AL25                                              0.000     0.000 r  clk
                         net (fo=0)                   0.000     0.000    clk
    AL25                 IBUF (Prop_ibuf_I_O)         0.380     0.380 r  clk_IBUF_inst/O
                         net (fo=1, routed)           1.200     1.580    clk_IBUF
    BUFGCTRL_X0Y0        BUFG (Prop_bufg_I_O)         0.030     1.610 r  clk_IBUF_BUFG_inst/O
                         net (fo=16661, routed)       0.861     2.471    alu_c_dma/fifo_dut/clk_IBUF_BUFG
    SLICE_X38Y100        FDRE                                         r  alu_c_dma/fifo_dut/bram_out_data_reg[0]/C
                         clock pessimism             -0.351     2.119    <hidden>
    SLICE_X38Y100        FDRE (Hold_fdre_C_D)         0.092     2.211    alu_c_dma/fifo_dut/bram_out_data_reg[0]
  -------------------------------------------------------------------
                         required time                         -2.211    <hidden>
                         arrival time                           2.283    <hidden>
  -------------------------------------------------------------------
                         slack                                  0.072    <hidden>

Slack (MET) :             0.074ns  (arrival time - required time)
  Source:                 scratchpad_a/port_b/response_data_reg[0][65]/C
                            (rising edge-triggered cell FDRE clocked by sys_clk  {rise@0.000ns fall@2.500ns period=5.000ns})
  Destination:            alu_b_dma/fifo_dut/fifo_mem_reg[5][65]/D
                            (rising edge-triggered cell FDRE clocked by sys_clk  {rise@0.000ns fall@2.500ns period=5.000ns})
  Path Group:             sys_clk
  Path Type:              Hold (Min at Fast Process Corner)
  Requirement:            0.000ns  (sys_clk rise@0.000ns - sys_clk rise@0.000ns)
  Data Path Delay:        0.263ns  (logic 0.100ns (38.068%)  route 0.163ns (61.932%))
  Logic Levels:           0  
  Clock Path Skew:        0.142ns (DCD - SCD - CPR)
    Destination Clock Delay (DCD):    2.430ns
    Source Clock Delay      (SCD):    1.956ns
    Clock Pessimism Removal (CPR):    0.331ns

    Location             Delay type                Incr(ns)  Path(ns)    Netlist Resource(s)
  -------------------------------------------------------------------    -------------------
                         (clock sys_clk rise edge)    0.000     0.000 r  <hidden>
    AL25                                              0.000     0.000 r  clk
                         net (fo=0)                   0.000     0.000    clk
    AL25                 IBUF (Prop_ibuf_I_O)         0.131     0.131 r  clk_IBUF_inst/O
                         net (fo=1, routed)           1.129     1.260    clk_IBUF
    BUFGCTRL_X0Y0        BUFG (Prop_bufg_I_O)         0.026     1.286 r  clk_IBUF_BUFG_inst/O
                         net (fo=16661, routed)       0.670     1.956    scratchpad_a/port_b/clk_IBUF_BUFG
    SLICE_X36Y148        FDRE                                         r  scratchpad_a/port_b/response_data_reg[0][65]/C
  -------------------------------------------------------------------    -------------------
    SLICE_X36Y148        FDRE (Prop_fdre_C_Q)         0.100     2.056 r  scratchpad_a/port_b/response_data_reg[0][65]/Q
                         net (fo=8, routed)           0.163     2.219    alu_b_dma/fifo_dut/fifo_mem_reg[0][127]_0[65]
    SLICE_X36Y151        FDRE                                         r  alu_b_dma/fifo_dut/fifo_mem_reg[5][65]/D
  -------------------------------------------------------------------    -------------------

                         (clock sys_clk rise edge)    0.000     0.000 r  <hidden>
    AL25                                              0.000     0.000 r  clk
                         net (fo=0)                   0.000     0.000    clk
    AL25                 IBUF (Prop_ibuf_I_O)         0.380     0.380 r  clk_IBUF_inst/O
                         net (fo=1, routed)           1.200     1.580    clk_IBUF
    BUFGCTRL_X0Y0        BUFG (Prop_bufg_I_O)         0.030     1.610 r  clk_IBUF_BUFG_inst/O
                         net (fo=16661, routed)       0.820     2.430    alu_b_dma/fifo_dut/clk_IBUF_BUFG
    SLICE_X36Y151        FDRE                                         r  alu_b_dma/fifo_dut/fifo_mem_reg[5][65]/C
                         clock pessimism             -0.331     2.098    <hidden>
    SLICE_X36Y151        FDRE (Hold_fdre_C_D)         0.047     2.145    alu_b_dma/fifo_dut/fifo_mem_reg[5][65]
  -------------------------------------------------------------------
                         required time                         -2.145    <hidden>
                         arrival time                           2.219    <hidden>
  -------------------------------------------------------------------
                         slack                                  0.074    <hidden>

Slack (MET) :             0.077ns  (arrival time - required time)
  Source:                 alu_a_dma/dma_src_addr_dut/read_req\\.addr_reg[4]/C
                            (rising edge-triggered cell FDRE clocked by sys_clk  {rise@0.000ns fall@2.500ns period=5.000ns})
  Destination:            bram_arbiter_0/arbiter/arbiter/out_ch\\.data_reg[4]/D
                            (rising edge-triggered cell FDRE clocked by sys_clk  {rise@0.000ns fall@2.500ns period=5.000ns})
  Path Group:             sys_clk
  Path Type:              Hold (Min at Fast Process Corner)
  Requirement:            0.000ns  (sys_clk rise@0.000ns - sys_clk rise@0.000ns)
  Data Path Delay:        0.279ns  (logic 0.128ns (45.831%)  route 0.151ns (54.169%))
  Logic Levels:           1  (LUT5=1)
  Clock Path Skew:        0.142ns (DCD - SCD - CPR)
    Destination Clock Delay (DCD):    2.513ns
    Source Clock Delay      (SCD):    2.019ns
    Clock Pessimism Removal (CPR):    0.351ns

    Location             Delay type                Incr(ns)  Path(ns)    Netlist Resource(s)
  -------------------------------------------------------------------    -------------------
                         (clock sys_clk rise edge)    0.000     0.000 r  <hidden>
    AL25                                              0.000     0.000 r  clk
                         net (fo=0)                   0.000     0.000    clk
    AL25                 IBUF (Prop_ibuf_I_O)         0.131     0.131 r  clk_IBUF_inst/O
                         net (fo=1, routed)           1.129     1.260    clk_IBUF
    BUFGCTRL_X0Y0        BUFG (Prop_bufg_I_O)         0.026     1.286 r  clk_IBUF_BUFG_inst/O
                         net (fo=16661, routed)       0.733     2.019    alu_a_dma/dma_src_addr_dut/clk_IBUF_BUFG
    SLICE_X15Y99         FDRE                                         r  alu_a_dma/dma_src_addr_dut/read_req\\.addr_reg[4]/C
  -------------------------------------------------------------------    -------------------
    SLICE_X15Y99         FDRE (Prop_fdre_C_Q)         0.100     2.119 r  alu_a_dma/dma_src_addr_dut/read_req\\.addr_reg[4]/Q
                         net (fo=1, routed)           0.151     2.270    alu_a_dma/dma_src_addr_dut/alu_a_dma__read_req__addr[4]
    SLICE_X15Y100        LUT5 (Prop_lut5_I0_O)        0.028     2.298 r  alu_a_dma/dma_src_addr_dut/out_ch\\.data[4]_i_1__4/O
                         net (fo=1, routed)           0.000     2.298    bram_arbiter_0/arbiter/arbiter/out_ch\\.data_reg[31]_1[4]
    SLICE_X15Y100        FDRE                                         r  bram_arbiter_0/arbiter/arbiter/out_ch\\.data_reg[4]/D
  -------------------------------------------------------------------    -------------------

                         (clock sys_clk rise edge)    0.000     0.000 r  <hidden>
    AL25                                              0.000     0.000 r  clk
                         net (fo=0)                   0.000     0.000    clk
    AL25                 IBUF (Prop_ibuf_I_O)         0.380     0.380 r  clk_IBUF_inst/O
                         net (fo=1, routed)           1.200     1.580    clk_IBUF
    BUFGCTRL_X0Y0        BUFG (Prop_bufg_I_O)         0.030     1.610 r  clk_IBUF_BUFG_inst/O
                         net (fo=16661, routed)       0.903     2.513    bram_arbiter_0/arbiter/arbiter/clk_IBUF_BUFG
    SLICE_X15Y100        FDRE                                         r  bram_arbiter_0/arbiter/arbiter/out_ch\\.data_reg[4]/C
                         clock pessimism             -0.351     2.161    <hidden>
    SLICE_X15Y100        FDRE (Hold_fdre_C_D)         0.060     2.221    bram_arbiter_0/arbiter/arbiter/out_ch\\.data_reg[4]
  -------------------------------------------------------------------
                         required time                         -2.221    <hidden>
                         arrival time                           2.298    <hidden>
  -------------------------------------------------------------------
                         slack                                  0.077    <hidden>

Slack (MET) :             0.079ns  (arrival time - required time)
  Source:                 scratchpad_c/port_a/write_data_reg[101]/C
                            (rising edge-triggered cell FDRE clocked by sys_clk  {rise@0.000ns fall@2.500ns period=5.000ns})
  Destination:            scratchpad_c/bram_dp_dut/data_reg_2/DIBDI[29]
                            (rising edge-triggered cell RAMB36E1 clocked by sys_clk  {rise@0.000ns fall@2.500ns period=5.000ns})
  Path Group:             sys_clk
  Path Type:              Hold (Min at Fast Process Corner)
  Requirement:            0.000ns  (sys_clk rise@0.000ns - sys_clk rise@0.000ns)
  Data Path Delay:        0.245ns  (logic 0.107ns (43.736%)  route 0.138ns (56.264%))
  Logic Levels:           0  
  Clock Path Skew:        0.047ns (DCD - SCD - CPR)
    Destination Clock Delay (DCD):    2.495ns
    Source Clock Delay      (SCD):    1.916ns
    Clock Pessimism Removal (CPR):    0.532ns

    Location             Delay type                Incr(ns)  Path(ns)    Netlist Resource(s)
  -------------------------------------------------------------------    -------------------
                         (clock sys_clk rise edge)    0.000     0.000 r  <hidden>
    AL25                                              0.000     0.000 r  clk
                         net (fo=0)                   0.000     0.000    clk
    AL25                 IBUF (Prop_ibuf_I_O)         0.131     0.131 r  clk_IBUF_inst/O
                         net (fo=1, routed)           1.129     1.260    clk_IBUF
    BUFGCTRL_X0Y0        BUFG (Prop_bufg_I_O)         0.026     1.286 r  clk_IBUF_BUFG_inst/O
                         net (fo=16661, routed)       0.630     1.916    scratchpad_c/port_a/clk_IBUF_BUFG
    SLICE_X52Y116        FDRE                                         r  scratchpad_c/port_a/write_data_reg[101]/C
  -------------------------------------------------------------------    -------------------
    SLICE_X52Y116        FDRE (Prop_fdre_C_Q)         0.107     2.023 r  scratchpad_c/port_a/write_data_reg[101]/Q
                         net (fo=1, routed)           0.138     2.161    scratchpad_c/bram_dp_dut/Q[101]
    RAMB36_X3Y22         RAMB36E1                                     r  scratchpad_c/bram_dp_dut/data_reg_2/DIBDI[29]
  -------------------------------------------------------------------    -------------------

                         (clock sys_clk rise edge)    0.000     0.000 r  <hidden>
    AL25                                              0.000     0.000 r  clk
                         net (fo=0)                   0.000     0.000    clk
    AL25                 IBUF (Prop_ibuf_I_O)         0.380     0.380 r  clk_IBUF_inst/O
                         net (fo=1, routed)           1.200     1.580    clk_IBUF
    BUFGCTRL_X0Y0        BUFG (Prop_bufg_I_O)         0.030     1.610 r  clk_IBUF_BUFG_inst/O
                         net (fo=16661, routed)       0.886     2.495    scratchpad_c/bram_dp_dut/clk_IBUF_BUFG
    RAMB36_X3Y22         RAMB36E1                                     r  scratchpad_c/bram_dp_dut/data_reg_2/CLKBWRCLK
                         clock pessimism             -0.532     1.963    <hidden>
    RAMB36_X3Y22         RAMB36E1 (Hold_ramb36e1_CLKBWRCLK_DIBDI[29])
                                                      0.119     2.082    scratchpad_c/bram_dp_dut/data_reg_2
  -------------------------------------------------------------------
                         required time                         -2.082    <hidden>
                         arrival time                           2.161    <hidden>
  -------------------------------------------------------------------
                         slack                                  0.079    <hidden>

Slack (MET) :             0.079ns  (arrival time - required time)
  Source:                 alu_a_dma/fifo_dut/output_data_0_reg[123]/C
                            (rising edge-triggered cell FDCE clocked by sys_clk  {rise@0.000ns fall@2.500ns period=5.000ns})
  Destination:            alu_a_dma/dma_dst_addr_dut/data_skid_reg[123]/D
                            (rising edge-triggered cell FDRE clocked by sys_clk  {rise@0.000ns fall@2.500ns period=5.000ns})
  Path Group:             sys_clk
  Path Type:              Hold (Min at Fast Process Corner)
  Requirement:            0.000ns  (sys_clk rise@0.000ns - sys_clk rise@0.000ns)
  Data Path Delay:        0.280ns  (logic 0.118ns (42.120%)  route 0.162ns (57.880%))
  Logic Levels:           0  
  Clock Path Skew:        0.142ns (DCD - SCD - CPR)
    Destination Clock Delay (DCD):    2.440ns
    Source Clock Delay      (SCD):    1.966ns
    Clock Pessimism Removal (CPR):    0.331ns

    Location             Delay type                Incr(ns)  Path(ns)    Netlist Resource(s)
  -------------------------------------------------------------------    -------------------
                         (clock sys_clk rise edge)    0.000     0.000 r  <hidden>
    AL25                                              0.000     0.000 r  clk
                         net (fo=0)                   0.000     0.000    clk
    AL25                 IBUF (Prop_ibuf_I_O)         0.131     0.131 r  clk_IBUF_inst/O
                         net (fo=1, routed)           1.129     1.260    clk_IBUF
    BUFGCTRL_X0Y0        BUFG (Prop_bufg_I_O)         0.026     1.286 r  clk_IBUF_BUFG_inst/O
                         net (fo=16661, routed)       0.680     1.966    alu_a_dma/fifo_dut/clk_IBUF_BUFG
    SLICE_X18Y149        FDCE                                         r  alu_a_dma/fifo_dut/output_data_0_reg[123]/C
  -------------------------------------------------------------------    -------------------
    SLICE_X18Y149        FDCE (Prop_fdce_C_Q)         0.118     2.084 r  alu_a_dma/fifo_dut/output_data_0_reg[123]/Q
                         net (fo=2, routed)           0.162     2.246    alu_a_dma/dma_dst_addr_dut/Q[123]
    SLICE_X18Y151        FDRE                                         r  alu_a_dma/dma_dst_addr_dut/data_skid_reg[123]/D
  -------------------------------------------------------------------    -------------------

                         (clock sys_clk rise edge)    0.000     0.000 r  <hidden>
    AL25                                              0.000     0.000 r  clk
                         net (fo=0)                   0.000     0.000    clk
    AL25                 IBUF (Prop_ibuf_I_O)         0.380     0.380 r  clk_IBUF_inst/O
                         net (fo=1, routed)           1.200     1.580    clk_IBUF
    BUFGCTRL_X0Y0        BUFG (Prop_bufg_I_O)         0.030     1.610 r  clk_IBUF_BUFG_inst/O
                         net (fo=16661, routed)       0.830     2.440    alu_a_dma/dma_dst_addr_dut/clk_IBUF_BUFG
    SLICE_X18Y151        FDRE                                         r  alu_a_dma/dma_dst_addr_dut/data_skid_reg[123]/C
                         clock pessimism             -0.331     2.108    <hidden>
    SLICE_X18Y151        FDRE (Hold_fdre_C_D)         0.059     2.167    alu_a_dma/dma_dst_addr_dut/data_skid_reg[123]
  -------------------------------------------------------------------
                         required time                         -2.167    <hidden>
                         arrival time                           2.246    <hidden>
  -------------------------------------------------------------------
                         slack                                  0.079    <hidden>

Slack (MET) :             0.079ns  (arrival time - required time)
  Source:                 scratchpad_c/port_a/write_data_reg[95]/C
                            (rising edge-triggered cell FDRE clocked by sys_clk  {rise@0.000ns fall@2.500ns period=5.000ns})
  Destination:            scratchpad_c/bram_dp_dut/data_reg_2/DIBDI[23]
                            (rising edge-triggered cell RAMB36E1 clocked by sys_clk  {rise@0.000ns fall@2.500ns period=5.000ns})
  Path Group:             sys_clk
  Path Type:              Hold (Min at Fast Process Corner)
  Requirement:            0.000ns  (sys_clk rise@0.000ns - sys_clk rise@0.000ns)
  Data Path Delay:        0.244ns  (logic 0.107ns (43.863%)  route 0.137ns (56.137%))
  Logic Levels:           0  
  Clock Path Skew:        0.046ns (DCD - SCD - CPR)
    Destination Clock Delay (DCD):    2.495ns
    Source Clock Delay      (SCD):    1.917ns
    Clock Pessimism Removal (CPR):    0.532ns

    Location             Delay type                Incr(ns)  Path(ns)    Netlist Resource(s)
  -------------------------------------------------------------------    -------------------
                         (clock sys_clk rise edge)    0.000     0.000 r  <hidden>
    AL25                                              0.000     0.000 r  clk
                         net (fo=0)                   0.000     0.000    clk
    AL25                 IBUF (Prop_ibuf_I_O)         0.131     0.131 r  clk_IBUF_inst/O
                         net (fo=1, routed)           1.129     1.260    clk_IBUF
    BUFGCTRL_X0Y0        BUFG (Prop_bufg_I_O)         0.026     1.286 r  clk_IBUF_BUFG_inst/O
                         net (fo=16661, routed)       0.631     1.917    scratchpad_c/port_a/clk_IBUF_BUFG
    SLICE_X52Y113        FDRE                                         r  scratchpad_c/port_a/write_data_reg[95]/C
  -------------------------------------------------------------------    -------------------
    SLICE_X52Y113        FDRE (Prop_fdre_C_Q)         0.107     2.024 r  scratchpad_c/port_a/write_data_reg[95]/Q
                         net (fo=1, routed)           0.137     2.161    scratchpad_c/bram_dp_dut/Q[95]
    RAMB36_X3Y22         RAMB36E1                                     r  scratchpad_c/bram_dp_dut/data_reg_2/DIBDI[23]
  -------------------------------------------------------------------    -------------------

                         (clock sys_clk rise edge)    0.000     0.000 r  <hidden>
    AL25                                              0.000     0.000 r  clk
                         net (fo=0)                   0.000     0.000    clk
    AL25                 IBUF (Prop_ibuf_I_O)         0.380     0.380 r  clk_IBUF_inst/O
                         net (fo=1, routed)           1.200     1.580    clk_IBUF
    BUFGCTRL_X0Y0        BUFG (Prop_bufg_I_O)         0.030     1.610 r  clk_IBUF_BUFG_inst/O
                         net (fo=16661, routed)       0.886     2.495    scratchpad_c/bram_dp_dut/clk_IBUF_BUFG
    RAMB36_X3Y22         RAMB36E1                                     r  scratchpad_c/bram_dp_dut/data_reg_2/CLKBWRCLK
                         clock pessimism             -0.532     1.963    <hidden>
    RAMB36_X3Y22         RAMB36E1 (Hold_ramb36e1_CLKBWRCLK_DIBDI[23])
                                                      0.119     2.082    scratchpad_c/bram_dp_dut/data_reg_2
  -------------------------------------------------------------------
                         required time                         -2.082    <hidden>
                         arrival time                           2.161    <hidden>
  -------------------------------------------------------------------
                         slack                                  0.079    <hidden>

Slack (MET) :             0.080ns  (arrival time - required time)
  Source:                 scratchpad_c/port_a/write_data_reg[93]/C
                            (rising edge-triggered cell FDRE clocked by sys_clk  {rise@0.000ns fall@2.500ns period=5.000ns})
  Destination:            scratchpad_c/bram_dp_dut/data_reg_2/DIBDI[21]
                            (rising edge-triggered cell RAMB36E1 clocked by sys_clk  {rise@0.000ns fall@2.500ns period=5.000ns})
  Path Group:             sys_clk
  Path Type:              Hold (Min at Fast Process Corner)
  Requirement:            0.000ns  (sys_clk rise@0.000ns - sys_clk rise@0.000ns)
  Data Path Delay:        0.255ns  (logic 0.107ns (41.881%)  route 0.148ns (58.119%))
  Logic Levels:           0  
  Clock Path Skew:        0.065ns (DCD - SCD - CPR)
    Destination Clock Delay (DCD):    2.495ns
    Source Clock Delay      (SCD):    1.919ns
    Clock Pessimism Removal (CPR):    0.511ns

    Location             Delay type                Incr(ns)  Path(ns)    Netlist Resource(s)
  -------------------------------------------------------------------    -------------------
                         (clock sys_clk rise edge)    0.000     0.000 r  <hidden>
    AL25                                              0.000     0.000 r  clk
                         net (fo=0)                   0.000     0.000    clk
    AL25                 IBUF (Prop_ibuf_I_O)         0.131     0.131 r  clk_IBUF_inst/O
                         net (fo=1, routed)           1.129     1.260    clk_IBUF
    BUFGCTRL_X0Y0        BUFG (Prop_bufg_I_O)         0.026     1.286 r  clk_IBUF_BUFG_inst/O
                         net (fo=16661, routed)       0.633     1.919    scratchpad_c/port_a/clk_IBUF_BUFG
    SLICE_X50Y112        FDRE                                         r  scratchpad_c/port_a/write_data_reg[93]/C
  -------------------------------------------------------------------    -------------------
    SLICE_X50Y112        FDRE (Prop_fdre_C_Q)         0.107     2.026 r  scratchpad_c/port_a/write_data_reg[93]/Q
                         net (fo=1, routed)           0.148     2.175    scratchpad_c/bram_dp_dut/Q[93]
    RAMB36_X3Y22         RAMB36E1                                     r  scratchpad_c/bram_dp_dut/data_reg_2/DIBDI[21]
  -------------------------------------------------------------------    -------------------

                         (clock sys_clk rise edge)    0.000     0.000 r  <hidden>
    AL25                                              0.000     0.000 r  clk
                         net (fo=0)                   0.000     0.000    clk
    AL25                 IBUF (Prop_ibuf_I_O)         0.380     0.380 r  clk_IBUF_inst/O
                         net (fo=1, routed)           1.200     1.580    clk_IBUF
    BUFGCTRL_X0Y0        BUFG (Prop_bufg_I_O)         0.030     1.610 r  clk_IBUF_BUFG_inst/O
                         net (fo=16661, routed)       0.886     2.495    scratchpad_c/bram_dp_dut/clk_IBUF_BUFG
    RAMB36_X3Y22         RAMB36E1                                     r  scratchpad_c/bram_dp_dut/data_reg_2/CLKBWRCLK
                         clock pessimism             -0.511     1.984    <hidden>
    RAMB36_X3Y22         RAMB36E1 (Hold_ramb36e1_CLKBWRCLK_DIBDI[21])
                                                      0.111     2.095    scratchpad_c/bram_dp_dut/data_reg_2
  -------------------------------------------------------------------
                         required time                         -2.095    <hidden>
                         arrival time                           2.175    <hidden>
  -------------------------------------------------------------------
                         slack                                  0.080    <hidden>

Slack (MET) :             0.080ns  (arrival time - required time)
  Source:                 scratchpad_a/port_a/write_data_reg[125]/C
                            (rising edge-triggered cell FDRE clocked by sys_clk  {rise@0.000ns fall@2.500ns period=5.000ns})
  Destination:            scratchpad_a/bram_dp_dut/data_reg_3/DIBDI[17]
                            (rising edge-triggered cell RAMB36E1 clocked by sys_clk  {rise@0.000ns fall@2.500ns period=5.000ns})
  Path Group:             sys_clk
  Path Type:              Hold (Min at Fast Process Corner)
  Requirement:            0.000ns  (sys_clk rise@0.000ns - sys_clk rise@0.000ns)
  Data Path Delay:        0.242ns  (logic 0.107ns (44.226%)  route 0.135ns (55.774%))
  Logic Levels:           0  
  Clock Path Skew:        0.043ns (DCD - SCD - CPR)
    Destination Clock Delay (DCD):    2.541ns
    Source Clock Delay      (SCD):    1.966ns
    Clock Pessimism Removal (CPR):    0.532ns

    Location             Delay type                Incr(ns)  Path(ns)    Netlist Resource(s)
  -------------------------------------------------------------------    -------------------
                         (clock sys_clk rise edge)    0.000     0.000 r  <hidden>
    AL25                                              0.000     0.000 r  clk
                         net (fo=0)                   0.000     0.000    clk
    AL25                 IBUF (Prop_ibuf_I_O)         0.131     0.131 r  clk_IBUF_inst/O
                         net (fo=1, routed)           1.129     1.260    clk_IBUF
    BUFGCTRL_X0Y0        BUFG (Prop_bufg_I_O)         0.026     1.286 r  clk_IBUF_BUFG_inst/O
                         net (fo=16661, routed)       0.680     1.966    scratchpad_a/port_a/clk_IBUF_BUFG
    SLICE_X8Y144         FDRE                                         r  scratchpad_a/port_a/write_data_reg[125]/C
  -------------------------------------------------------------------    -------------------
    SLICE_X8Y144         FDRE (Prop_fdre_C_Q)         0.107     2.073 r  scratchpad_a/port_a/write_data_reg[125]/Q
                         net (fo=1, routed)           0.135     2.208    scratchpad_a/bram_dp_dut/data_reg_3_0[125]
    RAMB36_X0Y28         RAMB36E1                                     r  scratchpad_a/bram_dp_dut/data_reg_3/DIBDI[17]
  -------------------------------------------------------------------    -------------------

                         (clock sys_clk rise edge)    0.000     0.000 r  <hidden>
    AL25                                              0.000     0.000 r  clk
                         net (fo=0)                   0.000     0.000    clk
    AL25                 IBUF (Prop_ibuf_I_O)         0.380     0.380 r  clk_IBUF_inst/O
                         net (fo=1, routed)           1.200     1.580    clk_IBUF
    BUFGCTRL_X0Y0        BUFG (Prop_bufg_I_O)         0.030     1.610 r  clk_IBUF_BUFG_inst/O
                         net (fo=16661, routed)       0.932     2.541    scratchpad_a/bram_dp_dut/clk_IBUF_BUFG
    RAMB36_X0Y28         RAMB36E1                                     r  scratchpad_a/bram_dp_dut/data_reg_3/CLKBWRCLK
                         clock pessimism             -0.532     2.009    <hidden>
    RAMB36_X0Y28         RAMB36E1 (Hold_ramb36e1_CLKBWRCLK_DIBDI[17])
                                                      0.119     2.128    scratchpad_a/bram_dp_dut/data_reg_3
  -------------------------------------------------------------------
                         required time                         -2.128    <hidden>
                         arrival time                           2.208    <hidden>
  -------------------------------------------------------------------
                         slack                                  0.080    <hidden>

Slack (MET) :             0.081ns  (arrival time - required time)
  Source:                 scratchpad_c/port_a/write_data_reg[27]/C
                            (rising edge-triggered cell FDRE clocked by sys_clk  {rise@0.000ns fall@2.500ns period=5.000ns})
  Destination:            scratchpad_c/bram_dp_dut/data_reg_0/DIBDI[27]
                            (rising edge-triggered cell RAMB36E1 clocked by sys_clk  {rise@0.000ns fall@2.500ns period=5.000ns})
  Path Group:             sys_clk
  Path Type:              Hold (Min at Fast Process Corner)
  Requirement:            0.000ns  (sys_clk rise@0.000ns - sys_clk rise@0.000ns)
  Data Path Delay:        0.244ns  (logic 0.107ns (43.866%)  route 0.137ns (56.134%))
  Logic Levels:           0  
  Clock Path Skew:        0.044ns (DCD - SCD - CPR)
    Destination Clock Delay (DCD):    2.532ns
    Source Clock Delay      (SCD):    1.956ns
    Clock Pessimism Removal (CPR):    0.532ns

    Location             Delay type                Incr(ns)  Path(ns)    Netlist Resource(s)
  -------------------------------------------------------------------    -------------------
                         (clock sys_clk rise edge)    0.000     0.000 r  <hidden>
    AL25                                              0.000     0.000 r  clk
                         net (fo=0)                   0.000     0.000    clk
    AL25                 IBUF (Prop_ibuf_I_O)         0.131     0.131 r  clk_IBUF_inst/O
                         net (fo=1, routed)           1.129     1.260    clk_IBUF
    BUFGCTRL_X0Y0        BUFG (Prop_bufg_I_O)         0.026     1.286 r  clk_IBUF_BUFG_inst/O
                         net (fo=16661, routed)       0.670     1.956    scratchpad_c/port_a/clk_IBUF_BUFG
    SLICE_X22Y118        FDRE                                         r  scratchpad_c/port_a/write_data_reg[27]/C
  -------------------------------------------------------------------    -------------------
    SLICE_X22Y118        FDRE (Prop_fdre_C_Q)         0.107     2.063 r  scratchpad_c/port_a/write_data_reg[27]/Q
                         net (fo=1, routed)           0.137     2.200    scratchpad_c/bram_dp_dut/Q[27]
    RAMB36_X1Y23         RAMB36E1                                     r  scratchpad_c/bram_dp_dut/data_reg_0/DIBDI[27]
  -------------------------------------------------------------------    -------------------

                         (clock sys_clk rise edge)    0.000     0.000 r  <hidden>
    AL25                                              0.000     0.000 r  clk
                         net (fo=0)                   0.000     0.000    clk
    AL25                 IBUF (Prop_ibuf_I_O)         0.380     0.380 r  clk_IBUF_inst/O
                         net (fo=1, routed)           1.200     1.580    clk_IBUF
    BUFGCTRL_X0Y0        BUFG (Prop_bufg_I_O)         0.030     1.610 r  clk_IBUF_BUFG_inst/O
                         net (fo=16661, routed)       0.923     2.532    scratchpad_c/bram_dp_dut/clk_IBUF_BUFG
    RAMB36_X1Y23         RAMB36E1                                     r  scratchpad_c/bram_dp_dut/data_reg_0/CLKBWRCLK
                         clock pessimism             -0.532     2.000    <hidden>
    RAMB36_X1Y23         RAMB36E1 (Hold_ramb36e1_CLKBWRCLK_DIBDI[27])
                                                      0.119     2.119    scratchpad_c/bram_dp_dut/data_reg_0
  -------------------------------------------------------------------
                         required time                         -2.119    <hidden>
                         arrival time                           2.200    <hidden>
  -------------------------------------------------------------------
                         slack                                  0.081    <hidden>

Slack (MET) :             0.082ns  (arrival time - required time)
  Source:                 scratchpad_c/port_a/write_data_reg[103]/C
                            (rising edge-triggered cell FDRE clocked by sys_clk  {rise@0.000ns fall@2.500ns period=5.000ns})
  Destination:            scratchpad_c/bram_dp_dut/data_reg_2/DIBDI[31]
                            (rising edge-triggered cell RAMB36E1 clocked by sys_clk  {rise@0.000ns fall@2.500ns period=5.000ns})
  Path Group:             sys_clk
  Path Type:              Hold (Min at Fast Process Corner)
  Requirement:            0.000ns  (sys_clk rise@0.000ns - sys_clk rise@0.000ns)
  Data Path Delay:        0.246ns  (logic 0.107ns (43.569%)  route 0.139ns (56.431%))
  Logic Levels:           0  
  Clock Path Skew:        0.047ns (DCD - SCD - CPR)
    Destination Clock Delay (DCD):    2.495ns
    Source Clock Delay      (SCD):    1.916ns
    Clock Pessimism Removal (CPR):    0.532ns

    Location             Delay type                Incr(ns)  Path(ns)    Netlist Resource(s)
  -------------------------------------------------------------------    -------------------
                         (clock sys_clk rise edge)    0.000     0.000 r  <hidden>
    AL25                                              0.000     0.000 r  clk
                         net (fo=0)                   0.000     0.000    clk
    AL25                 IBUF (Prop_ibuf_I_O)         0.131     0.131 r  clk_IBUF_inst/O
                         net (fo=1, routed)           1.129     1.260    clk_IBUF
    BUFGCTRL_X0Y0        BUFG (Prop_bufg_I_O)         0.026     1.286 r  clk_IBUF_BUFG_inst/O
                         net (fo=16661, routed)       0.630     1.916    scratchpad_c/port_a/clk_IBUF_BUFG
    SLICE_X52Y116        FDRE                                         r  scratchpad_c/port_a/write_data_reg[103]/C
  -------------------------------------------------------------------    -------------------
    SLICE_X52Y116        FDRE (Prop_fdre_C_Q)         0.107     2.023 r  scratchpad_c/port_a/write_data_reg[103]/Q
                         net (fo=1, routed)           0.139     2.162    scratchpad_c/bram_dp_dut/Q[103]
    RAMB36_X3Y22         RAMB36E1                                     r  scratchpad_c/bram_dp_dut/data_reg_2/DIBDI[31]
  -------------------------------------------------------------------    -------------------

                         (clock sys_clk rise edge)    0.000     0.000 r  <hidden>
    AL25                                              0.000     0.000 r  clk
                         net (fo=0)                   0.000     0.000    clk
    AL25                 IBUF (Prop_ibuf_I_O)         0.380     0.380 r  clk_IBUF_inst/O
                         net (fo=1, routed)           1.200     1.580    clk_IBUF
    BUFGCTRL_X0Y0        BUFG (Prop_bufg_I_O)         0.030     1.610 r  clk_IBUF_BUFG_inst/O
                         net (fo=16661, routed)       0.886     2.495    scratchpad_c/bram_dp_dut/clk_IBUF_BUFG
    RAMB36_X3Y22         RAMB36E1                                     r  scratchpad_c/bram_dp_dut/data_reg_2/CLKBWRCLK
                         clock pessimism             -0.532     1.963    <hidden>
    RAMB36_X3Y22         RAMB36E1 (Hold_ramb36e1_CLKBWRCLK_DIBDI[31])
                                                      0.117     2.080    scratchpad_c/bram_dp_dut/data_reg_2
  -------------------------------------------------------------------
                         required time                         -2.080    <hidden>
                         arrival time                           2.162    <hidden>
  -------------------------------------------------------------------
                         slack                                  0.082    <hidden>





Pulse Width Checks
--------------------------------------------------------------------------------------
Clock Name:         sys_clk
Waveform(ns):       { 0.000 2.500 }
Period(ns):         5.000
Sources:            { clk }

Check Type        Corner  Lib Pin             Reference Pin  Required(ns)  Actual(ns)  Slack(ns)  Location      Pin
Min Period        n/a     DSP48E1/CLK         n/a            2.772         5.000       2.228      DSP48_X1Y31   sch_0/execute/mul_cross_ab_reg/CLK
Min Period        n/a     DSP48E1/CLK         n/a            2.772         5.000       2.228      DSP48_X1Y30   sch_0/execute/mul_lo_product_reg/CLK
Min Period        n/a     RAMB36E1/CLKARDCLK  n/a            2.095         5.000       2.905      RAMB36_X1Y19  bram_dp_stream_0/bram_dp_dut/data_reg/CLKARDCLK
Min Period        n/a     RAMB36E1/CLKBWRCLK  n/a            2.095         5.000       2.905      RAMB36_X1Y19  bram_dp_stream_0/bram_dp_dut/data_reg/CLKBWRCLK
Min Period        n/a     RAMB36E1/CLKARDCLK  n/a            2.095         5.000       2.905      RAMB36_X0Y24  scratchpad_a/bram_dp_dut/data_reg_0/CLKARDCLK
Min Period        n/a     RAMB36E1/CLKBWRCLK  n/a            2.095         5.000       2.905      RAMB36_X0Y24  scratchpad_a/bram_dp_dut/data_reg_0/CLKBWRCLK
Min Period        n/a     RAMB36E1/CLKARDCLK  n/a            2.095         5.000       2.905      RAMB36_X2Y28  scratchpad_a/bram_dp_dut/data_reg_1/CLKARDCLK
Min Period        n/a     RAMB36E1/CLKBWRCLK  n/a            2.095         5.000       2.905      RAMB36_X2Y28  scratchpad_a/bram_dp_dut/data_reg_1/CLKBWRCLK
Min Period        n/a     RAMB36E1/CLKARDCLK  n/a            2.095         5.000       2.905      RAMB36_X2Y23  scratchpad_a/bram_dp_dut/data_reg_2/CLKARDCLK
Min Period        n/a     RAMB36E1/CLKBWRCLK  n/a            2.095         5.000       2.905      RAMB36_X2Y23  scratchpad_a/bram_dp_dut/data_reg_2/CLKBWRCLK
Min Period        n/a     RAMB36E1/CLKARDCLK  n/a            2.095         5.000       2.905      RAMB36_X0Y28  scratchpad_a/bram_dp_dut/data_reg_3/CLKARDCLK
Min Period        n/a     RAMB36E1/CLKBWRCLK  n/a            2.095         5.000       2.905      RAMB36_X0Y28  scratchpad_a/bram_dp_dut/data_reg_3/CLKBWRCLK
Min Period        n/a     RAMB36E1/CLKARDCLK  n/a            2.095         5.000       2.905      RAMB36_X1Y23  scratchpad_c/bram_dp_dut/data_reg_0/CLKARDCLK
Min Period        n/a     RAMB36E1/CLKBWRCLK  n/a            2.095         5.000       2.905      RAMB36_X1Y23  scratchpad_c/bram_dp_dut/data_reg_0/CLKBWRCLK
Min Period        n/a     RAMB36E1/CLKARDCLK  n/a            2.095         5.000       2.905      RAMB36_X3Y28  scratchpad_c/bram_dp_dut/data_reg_1/CLKARDCLK
Min Period        n/a     RAMB36E1/CLKBWRCLK  n/a            2.095         5.000       2.905      RAMB36_X3Y28  scratchpad_c/bram_dp_dut/data_reg_1/CLKBWRCLK
Min Period        n/a     RAMB36E1/CLKARDCLK  n/a            2.095         5.000       2.905      RAMB36_X3Y22  scratchpad_c/bram_dp_dut/data_reg_2/CLKARDCLK
Min Period        n/a     RAMB36E1/CLKBWRCLK  n/a            2.095         5.000       2.905      RAMB36_X3Y22  scratchpad_c/bram_dp_dut/data_reg_2/CLKBWRCLK
Min Period        n/a     RAMB36E1/CLKARDCLK  n/a            2.095         5.000       2.905      RAMB36_X1Y28  scratchpad_c/bram_dp_dut/data_reg_3/CLKARDCLK
Min Period        n/a     RAMB36E1/CLKBWRCLK  n/a            2.095         5.000       2.905      RAMB36_X1Y28  scratchpad_c/bram_dp_dut/data_reg_3/CLKBWRCLK
Low Pulse Width   Slow    RAMD32/CLK          n/a            0.768         2.500       1.732      SLICE_X14Y98  vector_main_ixc/read_path/master_queue[0].addr_mem_reg_0_3_0_5/RAMA/CLK
Low Pulse Width   Fast    RAMD32/CLK          n/a            0.768         2.500       1.732      SLICE_X14Y98  vector_main_ixc/read_path/master_queue[0].addr_mem_reg_0_3_0_5/RAMA/CLK
Low Pulse Width   Slow    RAMD32/CLK          n/a            0.768         2.500       1.732      SLICE_X14Y98  vector_main_ixc/read_path/master_queue[0].addr_mem_reg_0_3_0_5/RAMA_D1/CLK
Low Pulse Width   Fast    RAMD32/CLK          n/a            0.768         2.500       1.732      SLICE_X14Y98  vector_main_ixc/read_path/master_queue[0].addr_mem_reg_0_3_0_5/RAMA_D1/CLK
Low Pulse Width   Slow    RAMD32/CLK          n/a            0.768         2.500       1.732      SLICE_X14Y98  vector_main_ixc/read_path/master_queue[0].addr_mem_reg_0_3_0_5/RAMB/CLK
Low Pulse Width   Fast    RAMD32/CLK          n/a            0.768         2.500       1.732      SLICE_X14Y98  vector_main_ixc/read_path/master_queue[0].addr_mem_reg_0_3_0_5/RAMB/CLK
Low Pulse Width   Slow    RAMD32/CLK          n/a            0.768         2.500       1.732      SLICE_X14Y98  vector_main_ixc/read_path/master_queue[0].addr_mem_reg_0_3_0_5/RAMB_D1/CLK
Low Pulse Width   Fast    RAMD32/CLK          n/a            0.768         2.500       1.732      SLICE_X14Y98  vector_main_ixc/read_path/master_queue[0].addr_mem_reg_0_3_0_5/RAMB_D1/CLK
Low Pulse Width   Slow    RAMD32/CLK          n/a            0.768         2.500       1.732      SLICE_X14Y98  vector_main_ixc/read_path/master_queue[0].addr_mem_reg_0_3_0_5/RAMC/CLK
Low Pulse Width   Fast    RAMD32/CLK          n/a            0.768         2.500       1.732      SLICE_X14Y98  vector_main_ixc/read_path/master_queue[0].addr_mem_reg_0_3_0_5/RAMC/CLK
Low Pulse Width   Slow    RAMD32/CLK          n/a            0.768         2.500       1.732      SLICE_X14Y98  vector_main_ixc/read_path/master_queue[0].addr_mem_reg_0_3_0_5/RAMC_D1/CLK
Low Pulse Width   Fast    RAMD32/CLK          n/a            0.768         2.500       1.732      SLICE_X14Y98  vector_main_ixc/read_path/master_queue[0].addr_mem_reg_0_3_0_5/RAMC_D1/CLK
Low Pulse Width   Slow    RAMS32/CLK          n/a            0.768         2.500       1.732      SLICE_X14Y98  vector_main_ixc/read_path/master_queue[0].addr_mem_reg_0_3_0_5/RAMD/CLK
Low Pulse Width   Fast    RAMS32/CLK          n/a            0.768         2.500       1.732      SLICE_X14Y98  vector_main_ixc/read_path/master_queue[0].addr_mem_reg_0_3_0_5/RAMD/CLK
Low Pulse Width   Slow    RAMS32/CLK          n/a            0.768         2.500       1.732      SLICE_X14Y98  vector_main_ixc/read_path/master_queue[0].addr_mem_reg_0_3_0_5/RAMD_D1/CLK
Low Pulse Width   Fast    RAMS32/CLK          n/a            0.768         2.500       1.732      SLICE_X14Y98  vector_main_ixc/read_path/master_queue[0].addr_mem_reg_0_3_0_5/RAMD_D1/CLK
Low Pulse Width   Slow    RAMD32/CLK          n/a            0.768         2.500       1.732      SLICE_X10Y99  vector_main_ixc/read_path/master_queue[0].addr_mem_reg_0_3_12_17/RAMA/CLK
Low Pulse Width   Fast    RAMD32/CLK          n/a            0.768         2.500       1.732      SLICE_X10Y99  vector_main_ixc/read_path/master_queue[0].addr_mem_reg_0_3_12_17/RAMA/CLK
Low Pulse Width   Slow    RAMD32/CLK          n/a            0.768         2.500       1.732      SLICE_X10Y99  vector_main_ixc/read_path/master_queue[0].addr_mem_reg_0_3_12_17/RAMA_D1/CLK
Low Pulse Width   Fast    RAMD32/CLK          n/a            0.768         2.500       1.732      SLICE_X10Y99  vector_main_ixc/read_path/master_queue[0].addr_mem_reg_0_3_12_17/RAMA_D1/CLK
High Pulse Width  Slow    RAMD32/CLK          n/a            0.768         2.500       1.732      SLICE_X14Y98  vector_main_ixc/read_path/master_queue[0].addr_mem_reg_0_3_0_5/RAMA/CLK
High Pulse Width  Fast    RAMD32/CLK          n/a            0.768         2.500       1.732      SLICE_X14Y98  vector_main_ixc/read_path/master_queue[0].addr_mem_reg_0_3_0_5/RAMA/CLK
High Pulse Width  Slow    RAMD32/CLK          n/a            0.768         2.500       1.732      SLICE_X14Y98  vector_main_ixc/read_path/master_queue[0].addr_mem_reg_0_3_0_5/RAMA_D1/CLK
High Pulse Width  Fast    RAMD32/CLK          n/a            0.768         2.500       1.732      SLICE_X14Y98  vector_main_ixc/read_path/master_queue[0].addr_mem_reg_0_3_0_5/RAMA_D1/CLK
High Pulse Width  Slow    RAMD32/CLK          n/a            0.768         2.500       1.732      SLICE_X14Y98  vector_main_ixc/read_path/master_queue[0].addr_mem_reg_0_3_0_5/RAMB/CLK
High Pulse Width  Fast    RAMD32/CLK          n/a            0.768         2.500       1.732      SLICE_X14Y98  vector_main_ixc/read_path/master_queue[0].addr_mem_reg_0_3_0_5/RAMB/CLK
High Pulse Width  Slow    RAMD32/CLK          n/a            0.768         2.500       1.732      SLICE_X14Y98  vector_main_ixc/read_path/master_queue[0].addr_mem_reg_0_3_0_5/RAMB_D1/CLK
High Pulse Width  Fast    RAMD32/CLK          n/a            0.768         2.500       1.732      SLICE_X14Y98  vector_main_ixc/read_path/master_queue[0].addr_mem_reg_0_3_0_5/RAMB_D1/CLK
High Pulse Width  Slow    RAMD32/CLK          n/a            0.768         2.500       1.732      SLICE_X14Y98  vector_main_ixc/read_path/master_queue[0].addr_mem_reg_0_3_0_5/RAMC/CLK
High Pulse Width  Fast    RAMD32/CLK          n/a            0.768         2.500       1.732      SLICE_X14Y98  vector_main_ixc/read_path/master_queue[0].addr_mem_reg_0_3_0_5/RAMC/CLK
High Pulse Width  Slow    RAMD32/CLK          n/a            0.768         2.500       1.732      SLICE_X14Y98  vector_main_ixc/read_path/master_queue[0].addr_mem_reg_0_3_0_5/RAMC_D1/CLK
High Pulse Width  Fast    RAMD32/CLK          n/a            0.768         2.500       1.732      SLICE_X14Y98  vector_main_ixc/read_path/master_queue[0].addr_mem_reg_0_3_0_5/RAMC_D1/CLK
High Pulse Width  Slow    RAMS32/CLK          n/a            0.768         2.500       1.732      SLICE_X14Y98  vector_main_ixc/read_path/master_queue[0].addr_mem_reg_0_3_0_5/RAMD/CLK
High Pulse Width  Fast    RAMS32/CLK          n/a            0.768         2.500       1.732      SLICE_X14Y98  vector_main_ixc/read_path/master_queue[0].addr_mem_reg_0_3_0_5/RAMD/CLK
High Pulse Width  Slow    RAMS32/CLK          n/a            0.768         2.500       1.732      SLICE_X14Y98  vector_main_ixc/read_path/master_queue[0].addr_mem_reg_0_3_0_5/RAMD_D1/CLK
High Pulse Width  Fast    RAMS32/CLK          n/a            0.768         2.500       1.732      SLICE_X14Y98  vector_main_ixc/read_path/master_queue[0].addr_mem_reg_0_3_0_5/RAMD_D1/CLK
High Pulse Width  Slow    RAMD32/CLK          n/a            0.768         2.500       1.732      SLICE_X10Y99  vector_main_ixc/read_path/master_queue[0].addr_mem_reg_0_3_12_17/RAMA/CLK
High Pulse Width  Fast    RAMD32/CLK          n/a            0.768         2.500       1.732      SLICE_X10Y99  vector_main_ixc/read_path/master_queue[0].addr_mem_reg_0_3_12_17/RAMA/CLK
High Pulse Width  Slow    RAMD32/CLK          n/a            0.768         2.500       1.732      SLICE_X10Y99  vector_main_ixc/read_path/master_queue[0].addr_mem_reg_0_3_12_17/RAMA_D1/CLK
High Pulse Width  Fast    RAMD32/CLK          n/a            0.768         2.500       1.732      SLICE_X10Y99  vector_main_ixc/read_path/master_queue[0].addr_mem_reg_0_3_12_17/RAMA_D1/CLK



--------------------------------------------------------------------------------------
Path Group:  (none)
From Clock:  
  To Clock:  

Max Delay             3 Endpoints
Min Delay             3 Endpoints
--------------------------------------------------------------------------------------


Max Delay Paths
--------------------------------------------------------------------------------------
Slack:                    inf
  Source:                 rst_n
                            (input port)
  Destination:            write_req\\.ready
                            (output port)
  Path Group:             (none)
  Path Type:              Max at Slow Process Corner
  Data Path Delay:        9.395ns  (logic 3.405ns (36.248%)  route 5.989ns (63.752%))
  Logic Levels:           3  (IBUF=1 LUT2=1 OBUF=1)

    Location             Delay type                Incr(ns)  Path(ns)    Netlist Resource(s)
  -------------------------------------------------------------------    -------------------
    AN28                                              0.000     0.000 r  rst_n
                         net (fo=0)                   0.000     0.000    rst_n
    AN28                 IBUF (Prop_ibuf_I_O)         0.819     0.819 r  rst_n_IBUF_inst/O
                         net (fo=185, routed)         4.038     4.857    vector_main_ixc/control/rst_n_IBUF
    SLICE_X29Y87         LUT2 (Prop_lut2_I0_O)        0.052     4.909 r  vector_main_ixc/control/write_req\\.ready_INST_0_i_1/O
                         net (fo=1, routed)           1.952     6.861    vector_main_ixc_n_962
    AN23                 OBUF (Prop_obuf_I_O)         2.534     9.395 r  write_req\\.ready_INST_0/O
                         net (fo=0)                   0.000     9.395    write_req\\.ready
    AN23                                                              r  write_req\\.ready
  -------------------------------------------------------------------    -------------------

Slack:                    inf
  Source:                 rst_n
                            (input port)
  Destination:            read_rsp\\.valid
                            (output port)
  Path Group:             (none)
  Path Type:              Max at Slow Process Corner
  Data Path Delay:        7.111ns  (logic 3.401ns (47.827%)  route 3.710ns (52.173%))
  Logic Levels:           3  (IBUF=1 LUT5=1 OBUF=1)

    Location             Delay type                Incr(ns)  Path(ns)    Netlist Resource(s)
  -------------------------------------------------------------------    -------------------
    AN28                                              0.000     0.000 r  rst_n
                         net (fo=0)                   0.000     0.000    rst_n
    AN28                 IBUF (Prop_ibuf_I_O)         0.819     0.819 r  rst_n_IBUF_inst/O
                         net (fo=185, routed)         2.043     2.863    vector_main_ixc/read_path/rst_n_IBUF
    SLICE_X12Y107        LUT5 (Prop_lut5_I0_O)        0.051     2.914 r  vector_main_ixc/read_path/read_rsp\\.valid_INST_0_i_1/O
                         net (fo=1, routed)           1.667     4.580    vector_main_ixc_n_139
    AN24                 OBUF (Prop_obuf_I_O)         2.530     7.111 r  read_rsp\\.valid_INST_0/O
                         net (fo=0)                   0.000     7.111    read_rsp\\.valid
    AN24                                                              r  read_rsp\\.valid
  -------------------------------------------------------------------    -------------------

Slack:                    inf
  Source:                 rst_n
                            (input port)
  Destination:            read_req\\.ready
                            (output port)
  Path Group:             (none)
  Path Type:              Max at Slow Process Corner
  Data Path Delay:        7.055ns  (logic 3.417ns (48.434%)  route 3.638ns (51.566%))
  Logic Levels:           3  (IBUF=1 LUT2=1 OBUF=1)

    Location             Delay type                Incr(ns)  Path(ns)    Netlist Resource(s)
  -------------------------------------------------------------------    -------------------
    AN28                                              0.000     0.000 r  rst_n
                         net (fo=0)                   0.000     0.000    rst_n
    AN28                 IBUF (Prop_ibuf_I_O)         0.819     0.819 r  rst_n_IBUF_inst/O
                         net (fo=185, routed)         1.949     2.768    vector_main_ixc/read_path/rst_n_IBUF
    SLICE_X14Y107        LUT2 (Prop_lut2_I0_O)        0.051     2.819 r  vector_main_ixc/read_path/read_req\\.ready_INST_0_i_1/O
                         net (fo=1, routed)           1.689     4.508    vector_main_ixc_n_137
    AP24                 OBUF (Prop_obuf_I_O)         2.547     7.055 r  read_req\\.ready_INST_0/O
                         net (fo=0)                   0.000     7.055    read_req\\.ready
    AP24                                                              r  read_req\\.ready
  -------------------------------------------------------------------    -------------------





Min Delay Paths
--------------------------------------------------------------------------------------
Slack:                    inf
  Source:                 rst_n
                            (input port)
  Destination:            read_req\\.ready
                            (output port)
  Path Group:             (none)
  Path Type:              Min at Fast Process Corner
  Data Path Delay:        3.352ns  (logic 1.609ns (47.997%)  route 1.743ns (52.003%))
  Logic Levels:           3  (IBUF=1 LUT2=1 OBUF=1)

    Location             Delay type                Incr(ns)  Path(ns)    Netlist Resource(s)
  -------------------------------------------------------------------    -------------------
    AN28                                              0.000     0.000 r  rst_n
                         net (fo=0)                   0.000     0.000    rst_n
    AN28                 IBUF (Prop_ibuf_I_O)         0.161     0.161 r  rst_n_IBUF_inst/O
                         net (fo=185, routed)         1.089     1.249    vector_main_ixc/read_path/rst_n_IBUF
    SLICE_X14Y107        LUT2 (Prop_lut2_I0_O)        0.030     1.279 r  vector_main_ixc/read_path/read_req\\.ready_INST_0_i_1/O
                         net (fo=1, routed)           0.654     1.934    vector_main_ixc_n_137
    AP24                 OBUF (Prop_obuf_I_O)         1.418     3.352 r  read_req\\.ready_INST_0/O
                         net (fo=0)                   0.000     3.352    read_req\\.ready
    AP24                                                              r  read_req\\.ready
  -------------------------------------------------------------------    -------------------

Slack:                    inf
  Source:                 rst_n
                            (input port)
  Destination:            read_rsp\\.valid
                            (output port)
  Path Group:             (none)
  Path Type:              Min at Fast Process Corner
  Data Path Delay:        3.352ns  (logic 1.593ns (47.504%)  route 1.760ns (52.496%))
  Logic Levels:           3  (IBUF=1 LUT5=1 OBUF=1)

    Location             Delay type                Incr(ns)  Path(ns)    Netlist Resource(s)
  -------------------------------------------------------------------    -------------------
    AN28                                              0.000     0.000 r  rst_n
                         net (fo=0)                   0.000     0.000    rst_n
    AN28                 IBUF (Prop_ibuf_I_O)         0.161     0.161 r  rst_n_IBUF_inst/O
                         net (fo=185, routed)         1.126     1.287    vector_main_ixc/read_path/rst_n_IBUF
    SLICE_X12Y107        LUT5 (Prop_lut5_I0_O)        0.029     1.316 r  vector_main_ixc/read_path/read_rsp\\.valid_INST_0_i_1/O
                         net (fo=1, routed)           0.634     1.950    vector_main_ixc_n_139
    AN24                 OBUF (Prop_obuf_I_O)         1.403     3.352 r  read_rsp\\.valid_INST_0/O
                         net (fo=0)                   0.000     3.352    read_rsp\\.valid
    AN24                                                              r  read_rsp\\.valid
  -------------------------------------------------------------------    -------------------

Slack:                    inf
  Source:                 rst_n
                            (input port)
  Destination:            write_req\\.ready
                            (output port)
  Path Group:             (none)
  Path Type:              Min at Fast Process Corner
  Data Path Delay:        4.642ns  (logic 1.598ns (34.423%)  route 3.044ns (65.577%))
  Logic Levels:           3  (IBUF=1 LUT2=1 OBUF=1)

    Location             Delay type                Incr(ns)  Path(ns)    Netlist Resource(s)
  -------------------------------------------------------------------    -------------------
    AN28                                              0.000     0.000 r  rst_n
                         net (fo=0)                   0.000     0.000    rst_n
    AN28                 IBUF (Prop_ibuf_I_O)         0.161     0.161 r  rst_n_IBUF_inst/O
                         net (fo=185, routed)         2.241     2.401    vector_main_ixc/control/rst_n_IBUF
    SLICE_X29Y87         LUT2 (Prop_lut2_I0_O)        0.029     2.430 r  vector_main_ixc/control/write_req\\.ready_INST_0_i_1/O
                         net (fo=1, routed)           0.804     3.234    vector_main_ixc_n_962
    AN23                 OBUF (Prop_obuf_I_O)         1.408     4.642 r  write_req\\.ready_INST_0/O
                         net (fo=0)                   0.000     4.642    write_req\\.ready
    AN23                                                              r  write_req\\.ready
  -------------------------------------------------------------------    -------------------





--------------------------------------------------------------------------------------
Path Group:  (none)
From Clock:  sys_clk
  To Clock:  

Max Delay           171 Endpoints
Min Delay           171 Endpoints
--------------------------------------------------------------------------------------


Max Delay Paths
--------------------------------------------------------------------------------------
Slack:                    inf
  Source:                 vector_main_ixc/read_path/master_queue[0].response_head_reg[0]/C
                            (rising edge-triggered cell FDRE clocked by sys_clk  {rise@0.000ns fall@2.500ns period=5.000ns})
  Destination:            read_rsp\\.data[119]
                            (output port)
  Path Group:             (none)
  Path Type:              Max at Slow Process Corner
  Data Path Delay:        10.669ns  (logic 2.703ns (25.334%)  route 7.966ns (74.666%))
  Logic Levels:           2  (OBUF=1 RAMD32=1)
  Clock Uncertainty:      0.025ns  ((TSJ^2 + TIJ^2)^1/2 + DJ) / 2 + PE
    Total System Jitter     (TSJ):    0.050ns
    Total Input Jitter      (TIJ):    0.000ns
    Discrete Jitter          (DJ):    0.000ns
    Phase Error              (PE):    0.000ns

    Location             Delay type                Incr(ns)  Path(ns)    Netlist Resource(s)
  -------------------------------------------------------------------    -------------------
                         (clock sys_clk rise edge)    0.000     0.000 r  <hidden>
    AL25                                              0.000     0.000 r  clk
                         net (fo=0)                   0.000     0.000    clk
    AL25                 IBUF (Prop_ibuf_I_O)         0.790     0.790 r  clk_IBUF_inst/O
                         net (fo=1, routed)           2.376     3.166    clk_IBUF
    BUFGCTRL_X0Y0        BUFG (Prop_bufg_I_O)         0.093     3.259 r  clk_IBUF_BUFG_inst/O
                         net (fo=16661, routed)       1.533     4.792    vector_main_ixc/read_path/clk_IBUF_BUFG
    SLICE_X9Y109         FDRE                                         r  vector_main_ixc/read_path/master_queue[0].response_head_reg[0]/C
  -------------------------------------------------------------------    -------------------
    SLICE_X9Y109         FDRE (Prop_fdre_C_Q)         0.204     4.996 r  vector_main_ixc/read_path/master_queue[0].response_head_reg[0]/Q
                         net (fo=173, routed)         3.426     8.421    vector_main_ixc/read_path/master_queue[0].response_mem_reg_0_7_114_119/ADDRC0
    SLICE_X38Y134        RAMD32 (Prop_ramd32_RADR0_O)
                                                      0.123     8.544 r  vector_main_ixc/read_path/master_queue[0].response_mem_reg_0_7_114_119/RAMC_D1/O
                         net (fo=1, routed)           4.540    13.084    read_rsp\\.data_OBUF[119]
    P26                  OBUF (Prop_obuf_I_O)         2.376    15.460 r  read_rsp\\.data[119]_INST_0/O
                         net (fo=0)                   0.000    15.460    read_rsp\\.data[119]
    P26                                                               r  read_rsp\\.data[119]
  -------------------------------------------------------------------    -------------------

Slack:                    inf
  Source:                 vector_main_ixc/read_path/master_queue[0].response_head_reg[0]/C
                            (rising edge-triggered cell FDRE clocked by sys_clk  {rise@0.000ns fall@2.500ns period=5.000ns})
  Destination:            read_rsp\\.data[107]
                            (output port)
  Path Group:             (none)
  Path Type:              Max at Slow Process Corner
  Data Path Delay:        10.527ns  (logic 2.683ns (25.483%)  route 7.845ns (74.517%))
  Logic Levels:           2  (OBUF=1 RAMD32=1)
  Clock Uncertainty:      0.025ns  ((TSJ^2 + TIJ^2)^1/2 + DJ) / 2 + PE
    Total System Jitter     (TSJ):    0.050ns
    Total Input Jitter      (TIJ):    0.000ns
    Discrete Jitter          (DJ):    0.000ns
    Phase Error              (PE):    0.000ns

    Location             Delay type                Incr(ns)  Path(ns)    Netlist Resource(s)
  -------------------------------------------------------------------    -------------------
                         (clock sys_clk rise edge)    0.000     0.000 r  <hidden>
    AL25                                              0.000     0.000 r  clk
                         net (fo=0)                   0.000     0.000    clk
    AL25                 IBUF (Prop_ibuf_I_O)         0.790     0.790 r  clk_IBUF_inst/O
                         net (fo=1, routed)           2.376     3.166    clk_IBUF
    BUFGCTRL_X0Y0        BUFG (Prop_bufg_I_O)         0.093     3.259 r  clk_IBUF_BUFG_inst/O
                         net (fo=16661, routed)       1.533     4.792    vector_main_ixc/read_path/clk_IBUF_BUFG
    SLICE_X9Y109         FDRE                                         r  vector_main_ixc/read_path/master_queue[0].response_head_reg[0]/C
  -------------------------------------------------------------------    -------------------
    SLICE_X9Y109         FDRE (Prop_fdre_C_Q)         0.204     4.996 r  vector_main_ixc/read_path/master_queue[0].response_head_reg[0]/Q
                         net (fo=173, routed)         3.185     8.180    vector_main_ixc/read_path/master_queue[0].response_mem_reg_0_7_102_107/ADDRC0
    SLICE_X40Y127        RAMD32 (Prop_ramd32_RADR0_O)
                                                      0.123     8.303 r  vector_main_ixc/read_path/master_queue[0].response_mem_reg_0_7_102_107/RAMC_D1/O
                         net (fo=1, routed)           4.660    12.963    read_rsp\\.data_OBUF[107]
    T29                  OBUF (Prop_obuf_I_O)         2.356    15.319 r  read_rsp\\.data[107]_INST_0/O
                         net (fo=0)                   0.000    15.319    read_rsp\\.data[107]
    T29                                                               r  read_rsp\\.data[107]
  -------------------------------------------------------------------    -------------------

Slack:                    inf
  Source:                 vector_main_ixc/read_path/master_queue[0].response_head_reg[0]/C
                            (rising edge-triggered cell FDRE clocked by sys_clk  {rise@0.000ns fall@2.500ns period=5.000ns})
  Destination:            read_rsp\\.data[116]
                            (output port)
  Path Group:             (none)
  Path Type:              Max at Slow Process Corner
  Data Path Delay:        10.444ns  (logic 2.767ns (26.497%)  route 7.676ns (73.503%))
  Logic Levels:           2  (OBUF=1 RAMD32=1)
  Clock Uncertainty:      0.025ns  ((TSJ^2 + TIJ^2)^1/2 + DJ) / 2 + PE
    Total System Jitter     (TSJ):    0.050ns
    Total Input Jitter      (TIJ):    0.000ns
    Discrete Jitter          (DJ):    0.000ns
    Phase Error              (PE):    0.000ns

    Location             Delay type                Incr(ns)  Path(ns)    Netlist Resource(s)
  -------------------------------------------------------------------    -------------------
                         (clock sys_clk rise edge)    0.000     0.000 r  <hidden>
    AL25                                              0.000     0.000 r  clk
                         net (fo=0)                   0.000     0.000    clk
    AL25                 IBUF (Prop_ibuf_I_O)         0.790     0.790 r  clk_IBUF_inst/O
                         net (fo=1, routed)           2.376     3.166    clk_IBUF
    BUFGCTRL_X0Y0        BUFG (Prop_bufg_I_O)         0.093     3.259 r  clk_IBUF_BUFG_inst/O
                         net (fo=16661, routed)       1.533     4.792    vector_main_ixc/read_path/clk_IBUF_BUFG
    SLICE_X9Y109         FDRE                                         r  vector_main_ixc/read_path/master_queue[0].response_head_reg[0]/C
  -------------------------------------------------------------------    -------------------
    SLICE_X9Y109         FDRE (Prop_fdre_C_Q)         0.204     4.996 r  vector_main_ixc/read_path/master_queue[0].response_head_reg[0]/Q
                         net (fo=173, routed)         3.221     8.217    vector_main_ixc/read_path/master_queue[0].response_mem_reg_0_7_114_119/ADDRB0
    SLICE_X38Y134        RAMD32 (Prop_ramd32_RADR0_O)
                                                      0.131     8.348 r  vector_main_ixc/read_path/master_queue[0].response_mem_reg_0_7_114_119/RAMB/O
                         net (fo=1, routed)           4.455    12.803    read_rsp\\.data_OBUF[116]
    R26                  OBUF (Prop_obuf_I_O)         2.432    15.235 r  read_rsp\\.data[116]_INST_0/O
                         net (fo=0)                   0.000    15.235    read_rsp\\.data[116]
    R26                                                               r  read_rsp\\.data[116]
  -------------------------------------------------------------------    -------------------

Slack:                    inf
  Source:                 vector_main_ixc/read_path/master_queue[0].response_head_reg[0]/C
                            (rising edge-triggered cell FDRE clocked by sys_clk  {rise@0.000ns fall@2.500ns period=5.000ns})
  Destination:            read_rsp\\.data[114]
                            (output port)
  Path Group:             (none)
  Path Type:              Max at Slow Process Corner
  Data Path Delay:        10.162ns  (logic 2.746ns (27.023%)  route 7.416ns (72.977%))
  Logic Levels:           2  (OBUF=1 RAMD32=1)
  Clock Uncertainty:      0.025ns  ((TSJ^2 + TIJ^2)^1/2 + DJ) / 2 + PE
    Total System Jitter     (TSJ):    0.050ns
    Total Input Jitter      (TIJ):    0.000ns
    Discrete Jitter          (DJ):    0.000ns
    Phase Error              (PE):    0.000ns

    Location             Delay type                Incr(ns)  Path(ns)    Netlist Resource(s)
  -------------------------------------------------------------------    -------------------
                         (clock sys_clk rise edge)    0.000     0.000 r  <hidden>
    AL25                                              0.000     0.000 r  clk
                         net (fo=0)                   0.000     0.000    clk
    AL25                 IBUF (Prop_ibuf_I_O)         0.790     0.790 r  clk_IBUF_inst/O
                         net (fo=1, routed)           2.376     3.166    clk_IBUF
    BUFGCTRL_X0Y0        BUFG (Prop_bufg_I_O)         0.093     3.259 r  clk_IBUF_BUFG_inst/O
                         net (fo=16661, routed)       1.533     4.792    vector_main_ixc/read_path/clk_IBUF_BUFG
    SLICE_X9Y109         FDRE                                         r  vector_main_ixc/read_path/master_queue[0].response_head_reg[0]/C
  -------------------------------------------------------------------    -------------------
    SLICE_X9Y109         FDRE (Prop_fdre_C_Q)         0.204     4.996 r  vector_main_ixc/read_path/master_queue[0].response_head_reg[0]/Q
                         net (fo=173, routed)         3.225     8.221    vector_main_ixc/read_path/master_queue[0].response_mem_reg_0_7_114_119/ADDRA0
    SLICE_X38Y134        RAMD32 (Prop_ramd32_RADR0_O)
                                                      0.127     8.348 r  vector_main_ixc/read_path/master_queue[0].response_mem_reg_0_7_114_119/RAMA/O
                         net (fo=1, routed)           4.191    12.539    read_rsp\\.data_OBUF[114]
    T25                  OBUF (Prop_obuf_I_O)         2.415    14.954 r  read_rsp\\.data[114]_INST_0/O
                         net (fo=0)                   0.000    14.954    read_rsp\\.data[114]
    T25                                                               r  read_rsp\\.data[114]
  -------------------------------------------------------------------    -------------------

Slack:                    inf
  Source:                 vector_main_ixc/read_path/master_queue[0].response_head_reg[0]/C
                            (rising edge-triggered cell FDRE clocked by sys_clk  {rise@0.000ns fall@2.500ns period=5.000ns})
  Destination:            read_rsp\\.data[102]
                            (output port)
  Path Group:             (none)
  Path Type:              Max at Slow Process Corner
  Data Path Delay:        10.078ns  (logic 2.807ns (27.850%)  route 7.271ns (72.150%))
  Logic Levels:           2  (OBUF=1 RAMD32=1)
  Clock Uncertainty:      0.025ns  ((TSJ^2 + TIJ^2)^1/2 + DJ) / 2 + PE
    Total System Jitter     (TSJ):    0.050ns
    Total Input Jitter      (TIJ):    0.000ns
    Discrete Jitter          (DJ):    0.000ns
    Phase Error              (PE):    0.000ns

    Location             Delay type                Incr(ns)  Path(ns)    Netlist Resource(s)
  -------------------------------------------------------------------    -------------------
                         (clock sys_clk rise edge)    0.000     0.000 r  <hidden>
    AL25                                              0.000     0.000 r  clk
                         net (fo=0)                   0.000     0.000    clk
    AL25                 IBUF (Prop_ibuf_I_O)         0.790     0.790 r  clk_IBUF_inst/O
                         net (fo=1, routed)           2.376     3.166    clk_IBUF
    BUFGCTRL_X0Y0        BUFG (Prop_bufg_I_O)         0.093     3.259 r  clk_IBUF_BUFG_inst/O
                         net (fo=16661, routed)       1.533     4.792    vector_main_ixc/read_path/clk_IBUF_BUFG
    SLICE_X9Y109         FDRE                                         r  vector_main_ixc/read_path/master_queue[0].response_head_reg[0]/C
  -------------------------------------------------------------------    -------------------
    SLICE_X9Y109         FDRE (Prop_fdre_C_Q)         0.204     4.996 r  vector_main_ixc/read_path/master_queue[0].response_head_reg[0]/Q
                         net (fo=173, routed)         2.994     7.989    vector_main_ixc/read_path/master_queue[0].response_mem_reg_0_7_102_107/ADDRA0
    SLICE_X40Y127        RAMD32 (Prop_ramd32_RADR0_O)
                                                      0.127     8.116 r  vector_main_ixc/read_path/master_queue[0].response_mem_reg_0_7_102_107/RAMA/O
                         net (fo=1, routed)           4.277    12.393    read_rsp\\.data_OBUF[102]
    P30                  OBUF (Prop_obuf_I_O)         2.476    14.869 r  read_rsp\\.data[102]_INST_0/O
                         net (fo=0)                   0.000    14.869    read_rsp\\.data[102]
    P30                                                               r  read_rsp\\.data[102]
  -------------------------------------------------------------------    -------------------

Slack:                    inf
  Source:                 vector_main_ixc/read_path/master_queue[0].response_head_reg[0]/C
                            (rising edge-triggered cell FDRE clocked by sys_clk  {rise@0.000ns fall@2.500ns period=5.000ns})
  Destination:            read_rsp\\.data[125]
                            (output port)
  Path Group:             (none)
  Path Type:              Max at Slow Process Corner
  Data Path Delay:        10.072ns  (logic 2.696ns (26.770%)  route 7.376ns (73.230%))
  Logic Levels:           2  (OBUF=1 RAMD32=1)
  Clock Uncertainty:      0.025ns  ((TSJ^2 + TIJ^2)^1/2 + DJ) / 2 + PE
    Total System Jitter     (TSJ):    0.050ns
    Total Input Jitter      (TIJ):    0.000ns
    Discrete Jitter          (DJ):    0.000ns
    Phase Error              (PE):    0.000ns

    Location             Delay type                Incr(ns)  Path(ns)    Netlist Resource(s)
  -------------------------------------------------------------------    -------------------
                         (clock sys_clk rise edge)    0.000     0.000 r  <hidden>
    AL25                                              0.000     0.000 r  clk
                         net (fo=0)                   0.000     0.000    clk
    AL25                 IBUF (Prop_ibuf_I_O)         0.790     0.790 r  clk_IBUF_inst/O
                         net (fo=1, routed)           2.376     3.166    clk_IBUF
    BUFGCTRL_X0Y0        BUFG (Prop_bufg_I_O)         0.093     3.259 r  clk_IBUF_BUFG_inst/O
                         net (fo=16661, routed)       1.533     4.792    vector_main_ixc/read_path/clk_IBUF_BUFG
    SLICE_X9Y109         FDRE                                         r  vector_main_ixc/read_path/master_queue[0].response_head_reg[0]/C
  -------------------------------------------------------------------    -------------------
    SLICE_X9Y109         FDRE (Prop_fdre_C_Q)         0.204     4.996 r  vector_main_ixc/read_path/master_queue[0].response_head_reg[0]/Q
                         net (fo=173, routed)         2.776     7.771    vector_main_ixc/read_path/master_queue[0].response_mem_reg_0_7_120_125/ADDRC0
    SLICE_X20Y130        RAMD32 (Prop_ramd32_RADR0_O)
                                                      0.123     7.894 r  vector_main_ixc/read_path/master_queue[0].response_mem_reg_0_7_120_125/RAMC_D1/O
                         net (fo=1, routed)           4.600    12.495    read_rsp\\.data_OBUF[125]
    N29                  OBUF (Prop_obuf_I_O)         2.369    14.864 r  read_rsp\\.data[125]_INST_0/O
                         net (fo=0)                   0.000    14.864    read_rsp\\.data[125]
    N29                                                               r  read_rsp\\.data[125]
  -------------------------------------------------------------------    -------------------

Slack:                    inf
  Source:                 vector_main_ixc/read_path/master_queue[0].response_head_reg[0]/C
                            (rising edge-triggered cell FDRE clocked by sys_clk  {rise@0.000ns fall@2.500ns period=5.000ns})
  Destination:            read_rsp\\.data[104]
                            (output port)
  Path Group:             (none)
  Path Type:              Max at Slow Process Corner
  Data Path Delay:        9.969ns  (logic 2.809ns (28.176%)  route 7.160ns (71.824%))
  Logic Levels:           2  (OBUF=1 RAMD32=1)
  Clock Uncertainty:      0.025ns  ((TSJ^2 + TIJ^2)^1/2 + DJ) / 2 + PE
    Total System Jitter     (TSJ):    0.050ns
    Total Input Jitter      (TIJ):    0.000ns
    Discrete Jitter          (DJ):    0.000ns
    Phase Error              (PE):    0.000ns

    Location             Delay type                Incr(ns)  Path(ns)    Netlist Resource(s)
  -------------------------------------------------------------------    -------------------
                         (clock sys_clk rise edge)    0.000     0.000 r  <hidden>
    AL25                                              0.000     0.000 r  clk
                         net (fo=0)                   0.000     0.000    clk
    AL25                 IBUF (Prop_ibuf_I_O)         0.790     0.790 r  clk_IBUF_inst/O
                         net (fo=1, routed)           2.376     3.166    clk_IBUF
    BUFGCTRL_X0Y0        BUFG (Prop_bufg_I_O)         0.093     3.259 r  clk_IBUF_BUFG_inst/O
                         net (fo=16661, routed)       1.533     4.792    vector_main_ixc/read_path/clk_IBUF_BUFG
    SLICE_X9Y109         FDRE                                         r  vector_main_ixc/read_path/master_queue[0].response_head_reg[0]/C
  -------------------------------------------------------------------    -------------------
    SLICE_X9Y109         FDRE (Prop_fdre_C_Q)         0.204     4.996 r  vector_main_ixc/read_path/master_queue[0].response_head_reg[0]/Q
                         net (fo=173, routed)         2.990     7.985    vector_main_ixc/read_path/master_queue[0].response_mem_reg_0_7_102_107/ADDRB0
    SLICE_X40Y127        RAMD32 (Prop_ramd32_RADR0_O)
                                                      0.131     8.116 r  vector_main_ixc/read_path/master_queue[0].response_mem_reg_0_7_102_107/RAMB/O
                         net (fo=1, routed)           4.170    12.286    read_rsp\\.data_OBUF[104]
    R31                  OBUF (Prop_obuf_I_O)         2.474    14.760 r  read_rsp\\.data[104]_INST_0/O
                         net (fo=0)                   0.000    14.760    read_rsp\\.data[104]
    R31                                                               r  read_rsp\\.data[104]
  -------------------------------------------------------------------    -------------------

Slack:                    inf
  Source:                 vector_main_ixc/read_path/master_queue[0].response_head_reg[0]/C
                            (rising edge-triggered cell FDRE clocked by sys_clk  {rise@0.000ns fall@2.500ns period=5.000ns})
  Destination:            read_rsp\\.data[120]
                            (output port)
  Path Group:             (none)
  Path Type:              Max at Slow Process Corner
  Data Path Delay:        9.950ns  (logic 2.792ns (28.063%)  route 7.158ns (71.937%))
  Logic Levels:           2  (OBUF=1 RAMD32=1)
  Clock Uncertainty:      0.025ns  ((TSJ^2 + TIJ^2)^1/2 + DJ) / 2 + PE
    Total System Jitter     (TSJ):    0.050ns
    Total Input Jitter      (TIJ):    0.000ns
    Discrete Jitter          (DJ):    0.000ns
    Phase Error              (PE):    0.000ns

    Location             Delay type                Incr(ns)  Path(ns)    Netlist Resource(s)
  -------------------------------------------------------------------    -------------------
                         (clock sys_clk rise edge)    0.000     0.000 r  <hidden>
    AL25                                              0.000     0.000 r  clk
                         net (fo=0)                   0.000     0.000    clk
    AL25                 IBUF (Prop_ibuf_I_O)         0.790     0.790 r  clk_IBUF_inst/O
                         net (fo=1, routed)           2.376     3.166    clk_IBUF
    BUFGCTRL_X0Y0        BUFG (Prop_bufg_I_O)         0.093     3.259 r  clk_IBUF_BUFG_inst/O
                         net (fo=16661, routed)       1.533     4.792    vector_main_ixc/read_path/clk_IBUF_BUFG
    SLICE_X9Y109         FDRE                                         r  vector_main_ixc/read_path/master_queue[0].response_head_reg[0]/C
  -------------------------------------------------------------------    -------------------
    SLICE_X9Y109         FDRE (Prop_fdre_C_Q)         0.204     4.996 r  vector_main_ixc/read_path/master_queue[0].response_head_reg[0]/Q
                         net (fo=173, routed)         2.736     7.731    vector_main_ixc/read_path/master_queue[0].response_mem_reg_0_7_120_125/ADDRA0
    SLICE_X20Y130        RAMD32 (Prop_ramd32_RADR0_O)
                                                      0.127     7.858 r  vector_main_ixc/read_path/master_queue[0].response_mem_reg_0_7_120_125/RAMA/O
                         net (fo=1, routed)           4.422    12.280    read_rsp\\.data_OBUF[120]
    P25                  OBUF (Prop_obuf_I_O)         2.461    14.741 r  read_rsp\\.data[120]_INST_0/O
                         net (fo=0)                   0.000    14.741    read_rsp\\.data[120]
    P25                                                               r  read_rsp\\.data[120]
  -------------------------------------------------------------------    -------------------

Slack:                    inf
  Source:                 vector_main_ixc/read_path/master_queue[0].response_head_reg[0]/C
                            (rising edge-triggered cell FDRE clocked by sys_clk  {rise@0.000ns fall@2.500ns period=5.000ns})
  Destination:            read_rsp\\.data[118]
                            (output port)
  Path Group:             (none)
  Path Type:              Max at Slow Process Corner
  Data Path Delay:        9.934ns  (logic 2.783ns (28.013%)  route 7.152ns (71.987%))
  Logic Levels:           2  (OBUF=1 RAMD32=1)
  Clock Uncertainty:      0.025ns  ((TSJ^2 + TIJ^2)^1/2 + DJ) / 2 + PE
    Total System Jitter     (TSJ):    0.050ns
    Total Input Jitter      (TIJ):    0.000ns
    Discrete Jitter          (DJ):    0.000ns
    Phase Error              (PE):    0.000ns

    Location             Delay type                Incr(ns)  Path(ns)    Netlist Resource(s)
  -------------------------------------------------------------------    -------------------
                         (clock sys_clk rise edge)    0.000     0.000 r  <hidden>
    AL25                                              0.000     0.000 r  clk
                         net (fo=0)                   0.000     0.000    clk
    AL25                 IBUF (Prop_ibuf_I_O)         0.790     0.790 r  clk_IBUF_inst/O
                         net (fo=1, routed)           2.376     3.166    clk_IBUF
    BUFGCTRL_X0Y0        BUFG (Prop_bufg_I_O)         0.093     3.259 r  clk_IBUF_BUFG_inst/O
                         net (fo=16661, routed)       1.533     4.792    vector_main_ixc/read_path/clk_IBUF_BUFG
    SLICE_X9Y109         FDRE                                         r  vector_main_ixc/read_path/master_queue[0].response_head_reg[0]/C
  -------------------------------------------------------------------    -------------------
    SLICE_X9Y109         FDRE (Prop_fdre_C_Q)         0.204     4.996 r  vector_main_ixc/read_path/master_queue[0].response_head_reg[0]/Q
                         net (fo=173, routed)         3.426     8.421    vector_main_ixc/read_path/master_queue[0].response_mem_reg_0_7_114_119/ADDRC0
    SLICE_X38Y134        RAMD32 (Prop_ramd32_RADR0_O)
                                                      0.126     8.547 r  vector_main_ixc/read_path/master_queue[0].response_mem_reg_0_7_114_119/RAMC/O
                         net (fo=1, routed)           3.726    12.273    read_rsp\\.data_OBUF[118]
    R24                  OBUF (Prop_obuf_I_O)         2.453    14.726 r  read_rsp\\.data[118]_INST_0/O
                         net (fo=0)                   0.000    14.726    read_rsp\\.data[118]
    R24                                                               r  read_rsp\\.data[118]
  -------------------------------------------------------------------    -------------------

Slack:                    inf
  Source:                 vector_main_ixc/read_path/master_queue[0].response_head_reg[0]/C
                            (rising edge-triggered cell FDRE clocked by sys_clk  {rise@0.000ns fall@2.500ns period=5.000ns})
  Destination:            read_rsp\\.data[126]
                            (output port)
  Path Group:             (none)
  Path Type:              Max at Slow Process Corner
  Data Path Delay:        9.815ns  (logic 2.684ns (27.351%)  route 7.130ns (72.649%))
  Logic Levels:           2  (OBUF=1 RAMD32=1)
  Clock Uncertainty:      0.025ns  ((TSJ^2 + TIJ^2)^1/2 + DJ) / 2 + PE
    Total System Jitter     (TSJ):    0.050ns
    Total Input Jitter      (TIJ):    0.000ns
    Discrete Jitter          (DJ):    0.000ns
    Phase Error              (PE):    0.000ns

    Location             Delay type                Incr(ns)  Path(ns)    Netlist Resource(s)
  -------------------------------------------------------------------    -------------------
                         (clock sys_clk rise edge)    0.000     0.000 r  <hidden>
    AL25                                              0.000     0.000 r  clk
                         net (fo=0)                   0.000     0.000    clk
    AL25                 IBUF (Prop_ibuf_I_O)         0.790     0.790 r  clk_IBUF_inst/O
                         net (fo=1, routed)           2.376     3.166    clk_IBUF
    BUFGCTRL_X0Y0        BUFG (Prop_bufg_I_O)         0.093     3.259 r  clk_IBUF_BUFG_inst/O
                         net (fo=16661, routed)       1.533     4.792    vector_main_ixc/read_path/clk_IBUF_BUFG
    SLICE_X9Y109         FDRE                                         r  vector_main_ixc/read_path/master_queue[0].response_head_reg[0]/C
  -------------------------------------------------------------------    -------------------
    SLICE_X9Y109         FDRE (Prop_fdre_C_Q)         0.204     4.996 r  vector_main_ixc/read_path/master_queue[0].response_head_reg[0]/Q
                         net (fo=173, routed)         2.361     7.357    vector_main_ixc/read_path/master_queue[0].response_mem_reg_0_7_126_127/DPRA0
    SLICE_X22Y127        RAMD32 (Prop_ramd32_RADR0_O)
                                                      0.123     7.480 r  vector_main_ixc/read_path/master_queue[0].response_mem_reg_0_7_126_127/DP/O
                         net (fo=1, routed)           4.769    12.249    read_rsp\\.data_OBUF[126]
    P29                  OBUF (Prop_obuf_I_O)         2.357    14.606 r  read_rsp\\.data[126]_INST_0/O
                         net (fo=0)                   0.000    14.606    read_rsp\\.data[126]
    P29                                                               r  read_rsp\\.data[126]
  -------------------------------------------------------------------    -------------------

Slack:                    inf
  Source:                 vector_main_ixc/read_path/master_queue[0].response_head_reg[0]/C
                            (rising edge-triggered cell FDRE clocked by sys_clk  {rise@0.000ns fall@2.500ns period=5.000ns})
  Destination:            read_rsp\\.data[105]
                            (output port)
  Path Group:             (none)
  Path Type:              Max at Slow Process Corner
  Data Path Delay:        9.770ns  (logic 2.684ns (27.474%)  route 7.086ns (72.526%))
  Logic Levels:           2  (OBUF=1 RAMD32=1)
  Clock Uncertainty:      0.025ns  ((TSJ^2 + TIJ^2)^1/2 + DJ) / 2 + PE
    Total System Jitter     (TSJ):    0.050ns
    Total Input Jitter      (TIJ):    0.000ns
    Discrete Jitter          (DJ):    0.000ns
    Phase Error              (PE):    0.000ns

    Location             Delay type                Incr(ns)  Path(ns)    Netlist Resource(s)
  -------------------------------------------------------------------    -------------------
                         (clock sys_clk rise edge)    0.000     0.000 r  <hidden>
    AL25                                              0.000     0.000 r  clk
                         net (fo=0)                   0.000     0.000    clk
    AL25                 IBUF (Prop_ibuf_I_O)         0.790     0.790 r  clk_IBUF_inst/O
                         net (fo=1, routed)           2.376     3.166    clk_IBUF
    BUFGCTRL_X0Y0        BUFG (Prop_bufg_I_O)         0.093     3.259 r  clk_IBUF_BUFG_inst/O
                         net (fo=16661, routed)       1.533     4.792    vector_main_ixc/read_path/clk_IBUF_BUFG
    SLICE_X9Y109         FDRE                                         r  vector_main_ixc/read_path/master_queue[0].response_head_reg[0]/C
  -------------------------------------------------------------------    -------------------
    SLICE_X9Y109         FDRE (Prop_fdre_C_Q)         0.204     4.996 r  vector_main_ixc/read_path/master_queue[0].response_head_reg[0]/Q
                         net (fo=173, routed)         2.990     7.985    vector_main_ixc/read_path/master_queue[0].response_mem_reg_0_7_102_107/ADDRB0
    SLICE_X40Y127        RAMD32 (Prop_ramd32_RADR0_O)
                                                      0.123     8.108 r  vector_main_ixc/read_path/master_queue[0].response_mem_reg_0_7_102_107/RAMB_D1/O
                         net (fo=1, routed)           4.096    12.204    read_rsp\\.data_OBUF[105]
    R29                  OBUF (Prop_obuf_I_O)         2.357    14.562 r  read_rsp\\.data[105]_INST_0/O
                         net (fo=0)                   0.000    14.562    read_rsp\\.data[105]
    R29                                                               r  read_rsp\\.data[105]
  -------------------------------------------------------------------    -------------------

Slack:                    inf
  Source:                 vector_main_ixc/read_path/master_queue[0].response_head_reg[0]/C
                            (rising edge-triggered cell FDRE clocked by sys_clk  {rise@0.000ns fall@2.500ns period=5.000ns})
  Destination:            read_rsp\\.data[123]
                            (output port)
  Path Group:             (none)
  Path Type:              Max at Slow Process Corner
  Data Path Delay:        9.736ns  (logic 2.689ns (27.618%)  route 7.047ns (72.382%))
  Logic Levels:           2  (OBUF=1 RAMD32=1)
  Clock Uncertainty:      0.025ns  ((TSJ^2 + TIJ^2)^1/2 + DJ) / 2 + PE
    Total System Jitter     (TSJ):    0.050ns
    Total Input Jitter      (TIJ):    0.000ns
    Discrete Jitter          (DJ):    0.000ns
    Phase Error              (PE):    0.000ns

    Location             Delay type                Incr(ns)  Path(ns)    Netlist Resource(s)
  -------------------------------------------------------------------    -------------------
                         (clock sys_clk rise edge)    0.000     0.000 r  <hidden>
    AL25                                              0.000     0.000 r  clk
                         net (fo=0)                   0.000     0.000    clk
    AL25                 IBUF (Prop_ibuf_I_O)         0.790     0.790 r  clk_IBUF_inst/O
                         net (fo=1, routed)           2.376     3.166    clk_IBUF
    BUFGCTRL_X0Y0        BUFG (Prop_bufg_I_O)         0.093     3.259 r  clk_IBUF_BUFG_inst/O
                         net (fo=16661, routed)       1.533     4.792    vector_main_ixc/read_path/clk_IBUF_BUFG
    SLICE_X9Y109         FDRE                                         r  vector_main_ixc/read_path/master_queue[0].response_head_reg[0]/C
  -------------------------------------------------------------------    -------------------
    SLICE_X9Y109         FDRE (Prop_fdre_C_Q)         0.204     4.996 r  vector_main_ixc/read_path/master_queue[0].response_head_reg[0]/Q
                         net (fo=173, routed)         2.732     7.727    vector_main_ixc/read_path/master_queue[0].response_mem_reg_0_7_120_125/ADDRB0
    SLICE_X20Y130        RAMD32 (Prop_ramd32_RADR0_O)
                                                      0.123     7.850 r  vector_main_ixc/read_path/master_queue[0].response_mem_reg_0_7_120_125/RAMB_D1/O
                         net (fo=1, routed)           4.315    12.165    read_rsp\\.data_OBUF[123]
    N27                  OBUF (Prop_obuf_I_O)         2.362    14.527 r  read_rsp\\.data[123]_INST_0/O
                         net (fo=0)                   0.000    14.527    read_rsp\\.data[123]
    N27                                                               r  read_rsp\\.data[123]
  -------------------------------------------------------------------    -------------------

Slack:                    inf
  Source:                 vector_main_ixc/read_path/master_queue[0].response_head_reg[0]/C
                            (rising edge-triggered cell FDRE clocked by sys_clk  {rise@0.000ns fall@2.500ns period=5.000ns})
  Destination:            read_rsp\\.data[117]
                            (output port)
  Path Group:             (none)
  Path Type:              Max at Slow Process Corner
  Data Path Delay:        9.715ns  (logic 2.688ns (27.672%)  route 7.027ns (72.328%))
  Logic Levels:           2  (OBUF=1 RAMD32=1)
  Clock Uncertainty:      0.025ns  ((TSJ^2 + TIJ^2)^1/2 + DJ) / 2 + PE
    Total System Jitter     (TSJ):    0.050ns
    Total Input Jitter      (TIJ):    0.000ns
    Discrete Jitter          (DJ):    0.000ns
    Phase Error              (PE):    0.000ns

    Location             Delay type                Incr(ns)  Path(ns)    Netlist Resource(s)
  -------------------------------------------------------------------    -------------------
                         (clock sys_clk rise edge)    0.000     0.000 r  <hidden>
    AL25                                              0.000     0.000 r  clk
                         net (fo=0)                   0.000     0.000    clk
    AL25                 IBUF (Prop_ibuf_I_O)         0.790     0.790 r  clk_IBUF_inst/O
                         net (fo=1, routed)           2.376     3.166    clk_IBUF
    BUFGCTRL_X0Y0        BUFG (Prop_bufg_I_O)         0.093     3.259 r  clk_IBUF_BUFG_inst/O
                         net (fo=16661, routed)       1.533     4.792    vector_main_ixc/read_path/clk_IBUF_BUFG
    SLICE_X9Y109         FDRE                                         r  vector_main_ixc/read_path/master_queue[0].response_head_reg[0]/C
  -------------------------------------------------------------------    -------------------
    SLICE_X9Y109         FDRE (Prop_fdre_C_Q)         0.204     4.996 r  vector_main_ixc/read_path/master_queue[0].response_head_reg[0]/Q
                         net (fo=173, routed)         3.221     8.217    vector_main_ixc/read_path/master_queue[0].response_mem_reg_0_7_114_119/ADDRB0
    SLICE_X38Y134        RAMD32 (Prop_ramd32_RADR0_O)
                                                      0.123     8.340 r  vector_main_ixc/read_path/master_queue[0].response_mem_reg_0_7_114_119/RAMB_D1/O
                         net (fo=1, routed)           3.805    12.145    read_rsp\\.data_OBUF[117]
    P24                  OBUF (Prop_obuf_I_O)         2.361    14.506 r  read_rsp\\.data[117]_INST_0/O
                         net (fo=0)                   0.000    14.506    read_rsp\\.data[117]
    P24                                                               r  read_rsp\\.data[117]
  -------------------------------------------------------------------    -------------------

Slack:                    inf
  Source:                 vector_main_ixc/read_path/master_queue[0].response_head_reg[0]/C
                            (rising edge-triggered cell FDRE clocked by sys_clk  {rise@0.000ns fall@2.500ns period=5.000ns})
  Destination:            read_rsp\\.data[106]
                            (output port)
  Path Group:             (none)
  Path Type:              Max at Slow Process Corner
  Data Path Delay:        9.706ns  (logic 2.778ns (28.617%)  route 6.929ns (71.383%))
  Logic Levels:           2  (OBUF=1 RAMD32=1)
  Clock Uncertainty:      0.025ns  ((TSJ^2 + TIJ^2)^1/2 + DJ) / 2 + PE
    Total System Jitter     (TSJ):    0.050ns
    Total Input Jitter      (TIJ):    0.000ns
    Discrete Jitter          (DJ):    0.000ns
    Phase Error              (PE):    0.000ns

    Location             Delay type                Incr(ns)  Path(ns)    Netlist Resource(s)
  -------------------------------------------------------------------    -------------------
                         (clock sys_clk rise edge)    0.000     0.000 r  <hidden>
    AL25                                              0.000     0.000 r  clk
                         net (fo=0)                   0.000     0.000    clk
    AL25                 IBUF (Prop_ibuf_I_O)         0.790     0.790 r  clk_IBUF_inst/O
                         net (fo=1, routed)           2.376     3.166    clk_IBUF
    BUFGCTRL_X0Y0        BUFG (Prop_bufg_I_O)         0.093     3.259 r  clk_IBUF_BUFG_inst/O
                         net (fo=16661, routed)       1.533     4.792    vector_main_ixc/read_path/clk_IBUF_BUFG
    SLICE_X9Y109         FDRE                                         r  vector_main_ixc/read_path/master_queue[0].response_head_reg[0]/C
  -------------------------------------------------------------------    -------------------
    SLICE_X9Y109         FDRE (Prop_fdre_C_Q)         0.204     4.996 r  vector_main_ixc/read_path/master_queue[0].response_head_reg[0]/Q
                         net (fo=173, routed)         3.185     8.180    vector_main_ixc/read_path/master_queue[0].response_mem_reg_0_7_102_107/ADDRC0
    SLICE_X40Y127        RAMD32 (Prop_ramd32_RADR0_O)
                                                      0.126     8.306 r  vector_main_ixc/read_path/master_queue[0].response_mem_reg_0_7_102_107/RAMC/O
                         net (fo=1, routed)           3.744    12.050    read_rsp\\.data_OBUF[106]
    R28                  OBUF (Prop_obuf_I_O)         2.448    14.498 r  read_rsp\\.data[106]_INST_0/O
                         net (fo=0)                   0.000    14.498    read_rsp\\.data[106]
    R28                                                               r  read_rsp\\.data[106]
  -------------------------------------------------------------------    -------------------

Slack:                    inf
  Source:                 vector_main_ixc/read_path/master_queue[0].response_head_reg[0]/C
                            (rising edge-triggered cell FDRE clocked by sys_clk  {rise@0.000ns fall@2.500ns period=5.000ns})
  Destination:            read_rsp\\.data[113]
                            (output port)
  Path Group:             (none)
  Path Type:              Max at Slow Process Corner
  Data Path Delay:        9.602ns  (logic 2.662ns (27.723%)  route 6.940ns (72.277%))
  Logic Levels:           2  (OBUF=1 RAMD32=1)
  Clock Uncertainty:      0.025ns  ((TSJ^2 + TIJ^2)^1/2 + DJ) / 2 + PE
    Total System Jitter     (TSJ):    0.050ns
    Total Input Jitter      (TIJ):    0.000ns
    Discrete Jitter          (DJ):    0.000ns
    Phase Error              (PE):    0.000ns

    Location             Delay type                Incr(ns)  Path(ns)    Netlist Resource(s)
  -------------------------------------------------------------------    -------------------
                         (clock sys_clk rise edge)    0.000     0.000 r  <hidden>
    AL25                                              0.000     0.000 r  clk
                         net (fo=0)                   0.000     0.000    clk
    AL25                 IBUF (Prop_ibuf_I_O)         0.790     0.790 r  clk_IBUF_inst/O
                         net (fo=1, routed)           2.376     3.166    clk_IBUF
    BUFGCTRL_X0Y0        BUFG (Prop_bufg_I_O)         0.093     3.259 r  clk_IBUF_BUFG_inst/O
                         net (fo=16661, routed)       1.533     4.792    vector_main_ixc/read_path/clk_IBUF_BUFG
    SLICE_X9Y109         FDRE                                         r  vector_main_ixc/read_path/master_queue[0].response_head_reg[0]/C
  -------------------------------------------------------------------    -------------------
    SLICE_X9Y109         FDRE (Prop_fdre_C_Q)         0.204     4.996 r  vector_main_ixc/read_path/master_queue[0].response_head_reg[0]/Q
                         net (fo=173, routed)         2.875     7.870    vector_main_ixc/read_path/master_queue[0].response_mem_reg_0_7_108_113/ADDRC0
    SLICE_X22Y131        RAMD32 (Prop_ramd32_RADR0_O)
                                                      0.123     7.993 r  vector_main_ixc/read_path/master_queue[0].response_mem_reg_0_7_108_113/RAMC_D1/O
                         net (fo=1, routed)           4.065    12.058    read_rsp\\.data_OBUF[113]
    T26                  OBUF (Prop_obuf_I_O)         2.335    14.393 r  read_rsp\\.data[113]_INST_0/O
                         net (fo=0)                   0.000    14.393    read_rsp\\.data[113]
    T26                                                               r  read_rsp\\.data[113]
  -------------------------------------------------------------------    -------------------

Slack:                    inf
  Source:                 vector_main_ixc/read_path/master_queue[0].response_head_reg[0]/C
                            (rising edge-triggered cell FDRE clocked by sys_clk  {rise@0.000ns fall@2.500ns period=5.000ns})
  Destination:            read_rsp\\.data[101]
                            (output port)
  Path Group:             (none)
  Path Type:              Max at Slow Process Corner
  Data Path Delay:        9.518ns  (logic 2.708ns (28.454%)  route 6.810ns (71.546%))
  Logic Levels:           2  (OBUF=1 RAMD32=1)
  Clock Uncertainty:      0.025ns  ((TSJ^2 + TIJ^2)^1/2 + DJ) / 2 + PE
    Total System Jitter     (TSJ):    0.050ns
    Total Input Jitter      (TIJ):    0.000ns
    Discrete Jitter          (DJ):    0.000ns
    Phase Error              (PE):    0.000ns

    Location             Delay type                Incr(ns)  Path(ns)    Netlist Resource(s)
  -------------------------------------------------------------------    -------------------
                         (clock sys_clk rise edge)    0.000     0.000 r  <hidden>
    AL25                                              0.000     0.000 r  clk
                         net (fo=0)                   0.000     0.000    clk
    AL25                 IBUF (Prop_ibuf_I_O)         0.790     0.790 r  clk_IBUF_inst/O
                         net (fo=1, routed)           2.376     3.166    clk_IBUF
    BUFGCTRL_X0Y0        BUFG (Prop_bufg_I_O)         0.093     3.259 r  clk_IBUF_BUFG_inst/O
                         net (fo=16661, routed)       1.533     4.792    vector_main_ixc/read_path/clk_IBUF_BUFG
    SLICE_X9Y109         FDRE                                         r  vector_main_ixc/read_path/master_queue[0].response_head_reg[0]/C
  -------------------------------------------------------------------    -------------------
    SLICE_X9Y109         FDRE (Prop_fdre_C_Q)         0.204     4.996 r  vector_main_ixc/read_path/master_queue[0].response_head_reg[0]/Q
                         net (fo=173, routed)         2.559     7.554    vector_main_ixc/read_path/master_queue[0].response_mem_reg_0_7_96_101/ADDRC0
    SLICE_X38Y122        RAMD32 (Prop_ramd32_RADR0_O)
                                                      0.123     7.677 r  vector_main_ixc/read_path/master_queue[0].response_mem_reg_0_7_96_101/RAMC_D1/O
                         net (fo=1, routed)           4.251    11.928    read_rsp\\.data_OBUF[101]
    N30                  OBUF (Prop_obuf_I_O)         2.381    14.309 r  read_rsp\\.data[101]_INST_0/O
                         net (fo=0)                   0.000    14.309    read_rsp\\.data[101]
    N30                                                               r  read_rsp\\.data[101]
  -------------------------------------------------------------------    -------------------

Slack:                    inf
  Source:                 vector_main_ixc/read_path/master_queue[0].response_head_reg[0]/C
                            (rising edge-triggered cell FDRE clocked by sys_clk  {rise@0.000ns fall@2.500ns period=5.000ns})
  Destination:            read_rsp\\.data[103]
                            (output port)
  Path Group:             (none)
  Path Type:              Max at Slow Process Corner
  Data Path Delay:        9.412ns  (logic 2.706ns (28.748%)  route 6.707ns (71.252%))
  Logic Levels:           2  (OBUF=1 RAMD32=1)
  Clock Uncertainty:      0.025ns  ((TSJ^2 + TIJ^2)^1/2 + DJ) / 2 + PE
    Total System Jitter     (TSJ):    0.050ns
    Total Input Jitter      (TIJ):    0.000ns
    Discrete Jitter          (DJ):    0.000ns
    Phase Error              (PE):    0.000ns

    Location             Delay type                Incr(ns)  Path(ns)    Netlist Resource(s)
  -------------------------------------------------------------------    -------------------
                         (clock sys_clk rise edge)    0.000     0.000 r  <hidden>
    AL25                                              0.000     0.000 r  clk
                         net (fo=0)                   0.000     0.000    clk
    AL25                 IBUF (Prop_ibuf_I_O)         0.790     0.790 r  clk_IBUF_inst/O
                         net (fo=1, routed)           2.376     3.166    clk_IBUF
    BUFGCTRL_X0Y0        BUFG (Prop_bufg_I_O)         0.093     3.259 r  clk_IBUF_BUFG_inst/O
                         net (fo=16661, routed)       1.533     4.792    vector_main_ixc/read_path/clk_IBUF_BUFG
    SLICE_X9Y109         FDRE                                         r  vector_main_ixc/read_path/master_queue[0].response_head_reg[0]/C
  -------------------------------------------------------------------    -------------------
    SLICE_X9Y109         FDRE (Prop_fdre_C_Q)         0.204     4.996 r  vector_main_ixc/read_path/master_queue[0].response_head_reg[0]/Q
                         net (fo=173, routed)         2.994     7.989    vector_main_ixc/read_path/master_queue[0].response_mem_reg_0_7_102_107/ADDRA0
    SLICE_X40Y127        RAMD32 (Prop_ramd32_RADR0_O)
                                                      0.123     8.112 r  vector_main_ixc/read_path/master_queue[0].response_mem_reg_0_7_102_107/RAMA_D1/O
                         net (fo=1, routed)           3.713    11.825    read_rsp\\.data_OBUF[103]
    P31                  OBUF (Prop_obuf_I_O)         2.379    14.204 r  read_rsp\\.data[103]_INST_0/O
                         net (fo=0)                   0.000    14.204    read_rsp\\.data[103]
    P31                                                               r  read_rsp\\.data[103]
  -------------------------------------------------------------------    -------------------

Slack:                    inf
  Source:                 vector_main_ixc/read_path/master_queue[0].response_head_reg[0]/C
                            (rising edge-triggered cell FDRE clocked by sys_clk  {rise@0.000ns fall@2.500ns period=5.000ns})
  Destination:            read_rsp\\.data[108]
                            (output port)
  Path Group:             (none)
  Path Type:              Max at Slow Process Corner
  Data Path Delay:        9.371ns  (logic 2.774ns (29.606%)  route 6.596ns (70.394%))
  Logic Levels:           2  (OBUF=1 RAMD32=1)
  Clock Uncertainty:      0.025ns  ((TSJ^2 + TIJ^2)^1/2 + DJ) / 2 + PE
    Total System Jitter     (TSJ):    0.050ns
    Total Input Jitter      (TIJ):    0.000ns
    Discrete Jitter          (DJ):    0.000ns
    Phase Error              (PE):    0.000ns

    Location             Delay type                Incr(ns)  Path(ns)    Netlist Resource(s)
  -------------------------------------------------------------------    -------------------
                         (clock sys_clk rise edge)    0.000     0.000 r  <hidden>
    AL25                                              0.000     0.000 r  clk
                         net (fo=0)                   0.000     0.000    clk
    AL25                 IBUF (Prop_ibuf_I_O)         0.790     0.790 r  clk_IBUF_inst/O
                         net (fo=1, routed)           2.376     3.166    clk_IBUF
    BUFGCTRL_X0Y0        BUFG (Prop_bufg_I_O)         0.093     3.259 r  clk_IBUF_BUFG_inst/O
                         net (fo=16661, routed)       1.533     4.792    vector_main_ixc/read_path/clk_IBUF_BUFG
    SLICE_X9Y109         FDRE                                         r  vector_main_ixc/read_path/master_queue[0].response_head_reg[0]/C
  -------------------------------------------------------------------    -------------------
    SLICE_X9Y109         FDRE (Prop_fdre_C_Q)         0.204     4.996 r  vector_main_ixc/read_path/master_queue[0].response_head_reg[0]/Q
                         net (fo=173, routed)         2.494     7.489    vector_main_ixc/read_path/master_queue[0].response_mem_reg_0_7_108_113/ADDRA0
    SLICE_X22Y131        RAMD32 (Prop_ramd32_RADR0_O)
                                                      0.127     7.616 r  vector_main_ixc/read_path/master_queue[0].response_mem_reg_0_7_108_113/RAMA/O
                         net (fo=1, routed)           4.103    11.719    read_rsp\\.data_OBUF[108]
    T28                  OBUF (Prop_obuf_I_O)         2.443    14.162 r  read_rsp\\.data[108]_INST_0/O
                         net (fo=0)                   0.000    14.162    read_rsp\\.data[108]
    T28                                                               r  read_rsp\\.data[108]
  -------------------------------------------------------------------    -------------------

Slack:                    inf
  Source:                 vector_main_ixc/read_path/master_queue[0].response_head_reg[0]/C
                            (rising edge-triggered cell FDRE clocked by sys_clk  {rise@0.000ns fall@2.500ns period=5.000ns})
  Destination:            read_rsp\\.data[122]
                            (output port)
  Path Group:             (none)
  Path Type:              Max at Slow Process Corner
  Data Path Delay:        9.363ns  (logic 2.810ns (30.011%)  route 6.553ns (69.989%))
  Logic Levels:           2  (OBUF=1 RAMD32=1)
  Clock Uncertainty:      0.025ns  ((TSJ^2 + TIJ^2)^1/2 + DJ) / 2 + PE
    Total System Jitter     (TSJ):    0.050ns
    Total Input Jitter      (TIJ):    0.000ns
    Discrete Jitter          (DJ):    0.000ns
    Phase Error              (PE):    0.000ns

    Location             Delay type                Incr(ns)  Path(ns)    Netlist Resource(s)
  -------------------------------------------------------------------    -------------------
                         (clock sys_clk rise edge)    0.000     0.000 r  <hidden>
    AL25                                              0.000     0.000 r  clk
                         net (fo=0)                   0.000     0.000    clk
    AL25                 IBUF (Prop_ibuf_I_O)         0.790     0.790 r  clk_IBUF_inst/O
                         net (fo=1, routed)           2.376     3.166    clk_IBUF
    BUFGCTRL_X0Y0        BUFG (Prop_bufg_I_O)         0.093     3.259 r  clk_IBUF_BUFG_inst/O
                         net (fo=16661, routed)       1.533     4.792    vector_main_ixc/read_path/clk_IBUF_BUFG
    SLICE_X9Y109         FDRE                                         r  vector_main_ixc/read_path/master_queue[0].response_head_reg[0]/C
  -------------------------------------------------------------------    -------------------
    SLICE_X9Y109         FDRE (Prop_fdre_C_Q)         0.204     4.996 r  vector_main_ixc/read_path/master_queue[0].response_head_reg[0]/Q
                         net (fo=173, routed)         2.732     7.727    vector_main_ixc/read_path/master_queue[0].response_mem_reg_0_7_120_125/ADDRB0
    SLICE_X20Y130        RAMD32 (Prop_ramd32_RADR0_O)
                                                      0.131     7.858 r  vector_main_ixc/read_path/master_queue[0].response_mem_reg_0_7_120_125/RAMB/O
                         net (fo=1, routed)           3.822    11.680    read_rsp\\.data_OBUF[122]
    N24                  OBUF (Prop_obuf_I_O)         2.475    14.155 r  read_rsp\\.data[122]_INST_0/O
                         net (fo=0)                   0.000    14.155    read_rsp\\.data[122]
    N24                                                               r  read_rsp\\.data[122]
  -------------------------------------------------------------------    -------------------

Slack:                    inf
  Source:                 vector_main_ixc/read_path/master_queue[0].response_head_reg[0]/C
                            (rising edge-triggered cell FDRE clocked by sys_clk  {rise@0.000ns fall@2.500ns period=5.000ns})
  Destination:            read_rsp\\.data[111]
                            (output port)
  Path Group:             (none)
  Path Type:              Max at Slow Process Corner
  Data Path Delay:        9.182ns  (logic 2.672ns (29.101%)  route 6.510ns (70.899%))
  Logic Levels:           2  (OBUF=1 RAMD32=1)
  Clock Uncertainty:      0.025ns  ((TSJ^2 + TIJ^2)^1/2 + DJ) / 2 + PE
    Total System Jitter     (TSJ):    0.050ns
    Total Input Jitter      (TIJ):    0.000ns
    Discrete Jitter          (DJ):    0.000ns
    Phase Error              (PE):    0.000ns

    Location             Delay type                Incr(ns)  Path(ns)    Netlist Resource(s)
  -------------------------------------------------------------------    -------------------
                         (clock sys_clk rise edge)    0.000     0.000 r  <hidden>
    AL25                                              0.000     0.000 r  clk
                         net (fo=0)                   0.000     0.000    clk
    AL25                 IBUF (Prop_ibuf_I_O)         0.790     0.790 r  clk_IBUF_inst/O
                         net (fo=1, routed)           2.376     3.166    clk_IBUF
    BUFGCTRL_X0Y0        BUFG (Prop_bufg_I_O)         0.093     3.259 r  clk_IBUF_BUFG_inst/O
                         net (fo=16661, routed)       1.533     4.792    vector_main_ixc/read_path/clk_IBUF_BUFG
    SLICE_X9Y109         FDRE                                         r  vector_main_ixc/read_path/master_queue[0].response_head_reg[0]/C
  -------------------------------------------------------------------    -------------------
    SLICE_X9Y109         FDRE (Prop_fdre_C_Q)         0.204     4.996 r  vector_main_ixc/read_path/master_queue[0].response_head_reg[0]/Q
                         net (fo=173, routed)         2.490     7.485    vector_main_ixc/read_path/master_queue[0].response_mem_reg_0_7_108_113/ADDRB0
    SLICE_X22Y131        RAMD32 (Prop_ramd32_RADR0_O)
                                                      0.123     7.608 r  vector_main_ixc/read_path/master_queue[0].response_mem_reg_0_7_108_113/RAMB_D1/O
                         net (fo=1, routed)           4.020    11.629    read_rsp\\.data_OBUF[111]
    U26                  OBUF (Prop_obuf_I_O)         2.345    13.974 r  read_rsp\\.data[111]_INST_0/O
                         net (fo=0)                   0.000    13.974    read_rsp\\.data[111]
    U26                                                               r  read_rsp\\.data[111]
  -------------------------------------------------------------------    -------------------





Min Delay Paths
--------------------------------------------------------------------------------------
Slack:                    inf
  Source:                 vector_main_ixc/read_path/master_queue[0].response_mem_reg_0_7_6_11/RAMC_D1/CLK
                            (rising edge-triggered cell RAMD32 clocked by sys_clk  {rise@0.000ns fall@2.500ns period=5.000ns})
  Destination:            read_rsp\\.data[11]
                            (output port)
  Path Group:             (none)
  Path Type:              Min at Fast Process Corner
  Data Path Delay:        2.172ns  (logic 1.645ns (75.758%)  route 0.526ns (24.242%))
  Logic Levels:           1  (OBUF=1)
  Clock Uncertainty:      0.025ns  ((TSJ^2 + TIJ^2)^1/2 + DJ) / 2 + PE
    Total System Jitter     (TSJ):    0.050ns
    Total Input Jitter      (TIJ):    0.000ns
    Discrete Jitter          (DJ):    0.000ns
    Phase Error              (PE):    0.000ns

    Location             Delay type                Incr(ns)  Path(ns)    Netlist Resource(s)
  -------------------------------------------------------------------    -------------------
                         (clock sys_clk rise edge)    0.000     0.000 r  <hidden>
    AL25                                              0.000     0.000 r  clk
                         net (fo=0)                   0.000     0.000    clk
    AL25                 IBUF (Prop_ibuf_I_O)         0.131     0.131 r  clk_IBUF_inst/O
                         net (fo=1, routed)           1.129     1.260    clk_IBUF
    BUFGCTRL_X0Y0        BUFG (Prop_bufg_I_O)         0.026     1.286 r  clk_IBUF_BUFG_inst/O
                         net (fo=16661, routed)       0.672     1.958    vector_main_ixc/read_path/master_queue[0].response_mem_reg_0_7_6_11/WCLK
    SLICE_X22Y116        RAMD32                                       r  vector_main_ixc/read_path/master_queue[0].response_mem_reg_0_7_6_11/RAMC_D1/CLK
  -------------------------------------------------------------------    -------------------
    SLICE_X22Y116        RAMD32 (Prop_ramd32_CLK_O)
                                                      0.294     2.252 r  vector_main_ixc/read_path/master_queue[0].response_mem_reg_0_7_6_11/RAMC_D1/O
                         net (fo=1, routed)           0.526     2.779    read_rsp\\.data_OBUF[11]
    AM32                 OBUF (Prop_obuf_I_O)         1.351     4.130 r  read_rsp\\.data[11]_INST_0/O
                         net (fo=0)                   0.000     4.130    read_rsp\\.data[11]
    AM32                                                              r  read_rsp\\.data[11]
  -------------------------------------------------------------------    -------------------

Slack:                    inf
  Source:                 vector_main_ixc/read_path/master_queue[0].response_mem_reg_0_7_30_35/RAMB_D1/CLK
                            (rising edge-triggered cell RAMD32 clocked by sys_clk  {rise@0.000ns fall@2.500ns period=5.000ns})
  Destination:            read_rsp\\.data[33]
                            (output port)
  Path Group:             (none)
  Path Type:              Min at Fast Process Corner
  Data Path Delay:        2.201ns  (logic 1.619ns (73.545%)  route 0.582ns (26.455%))
  Logic Levels:           1  (OBUF=1)
  Clock Uncertainty:      0.025ns  ((TSJ^2 + TIJ^2)^1/2 + DJ) / 2 + PE
    Total System Jitter     (TSJ):    0.050ns
    Total Input Jitter      (TIJ):    0.000ns
    Discrete Jitter          (DJ):    0.000ns
    Phase Error              (PE):    0.000ns

    Location             Delay type                Incr(ns)  Path(ns)    Netlist Resource(s)
  -------------------------------------------------------------------    -------------------
                         (clock sys_clk rise edge)    0.000     0.000 r  <hidden>
    AL25                                              0.000     0.000 r  clk
                         net (fo=0)                   0.000     0.000    clk
    AL25                 IBUF (Prop_ibuf_I_O)         0.131     0.131 r  clk_IBUF_inst/O
                         net (fo=1, routed)           1.129     1.260    clk_IBUF
    BUFGCTRL_X0Y0        BUFG (Prop_bufg_I_O)         0.026     1.286 r  clk_IBUF_BUFG_inst/O
                         net (fo=16661, routed)       0.668     1.954    vector_main_ixc/read_path/master_queue[0].response_mem_reg_0_7_30_35/WCLK
    SLICE_X22Y129        RAMD32                                       r  vector_main_ixc/read_path/master_queue[0].response_mem_reg_0_7_30_35/RAMB_D1/CLK
  -------------------------------------------------------------------    -------------------
    SLICE_X22Y129        RAMD32 (Prop_ramd32_CLK_O)
                                                      0.297     2.251 r  vector_main_ixc/read_path/master_queue[0].response_mem_reg_0_7_30_35/RAMB_D1/O
                         net (fo=1, routed)           0.582     2.834    read_rsp\\.data_OBUF[33]
    AG30                 OBUF (Prop_obuf_I_O)         1.322     4.156 r  read_rsp\\.data[33]_INST_0/O
                         net (fo=0)                   0.000     4.156    read_rsp\\.data[33]
    AG30                                                              r  read_rsp\\.data[33]
  -------------------------------------------------------------------    -------------------

Slack:                    inf
  Source:                 vector_main_ixc/read_path/master_queue[0].response_mem_reg_0_7_24_29/RAMB_D1/CLK
                            (rising edge-triggered cell RAMD32 clocked by sys_clk  {rise@0.000ns fall@2.500ns period=5.000ns})
  Destination:            read_rsp\\.data[27]
                            (output port)
  Path Group:             (none)
  Path Type:              Min at Fast Process Corner
  Data Path Delay:        2.208ns  (logic 1.628ns (73.736%)  route 0.580ns (26.264%))
  Logic Levels:           1  (OBUF=1)
  Clock Uncertainty:      0.025ns  ((TSJ^2 + TIJ^2)^1/2 + DJ) / 2 + PE
    Total System Jitter     (TSJ):    0.050ns
    Total Input Jitter      (TIJ):    0.000ns
    Discrete Jitter          (DJ):    0.000ns
    Phase Error              (PE):    0.000ns

    Location             Delay type                Incr(ns)  Path(ns)    Netlist Resource(s)
  -------------------------------------------------------------------    -------------------
                         (clock sys_clk rise edge)    0.000     0.000 r  <hidden>
    AL25                                              0.000     0.000 r  clk
                         net (fo=0)                   0.000     0.000    clk
    AL25                 IBUF (Prop_ibuf_I_O)         0.131     0.131 r  clk_IBUF_inst/O
                         net (fo=1, routed)           1.129     1.260    clk_IBUF
    BUFGCTRL_X0Y0        BUFG (Prop_bufg_I_O)         0.026     1.286 r  clk_IBUF_BUFG_inst/O
                         net (fo=16661, routed)       0.664     1.950    vector_main_ixc/read_path/master_queue[0].response_mem_reg_0_7_24_29/WCLK
    SLICE_X22Y125        RAMD32                                       r  vector_main_ixc/read_path/master_queue[0].response_mem_reg_0_7_24_29/RAMB_D1/CLK
  -------------------------------------------------------------------    -------------------
    SLICE_X22Y125        RAMD32 (Prop_ramd32_CLK_O)
                                                      0.297     2.247 r  vector_main_ixc/read_path/master_queue[0].response_mem_reg_0_7_24_29/RAMB_D1/O
                         net (fo=1, routed)           0.580     2.827    read_rsp\\.data_OBUF[27]
    AH32                 OBUF (Prop_obuf_I_O)         1.331     4.159 r  read_rsp\\.data[27]_INST_0/O
                         net (fo=0)                   0.000     4.159    read_rsp\\.data[27]
    AH32                                                              r  read_rsp\\.data[27]
  -------------------------------------------------------------------    -------------------

Slack:                    inf
  Source:                 vector_main_ixc/read_path/master_queue[0].response_mem_reg_0_7_24_29/RAMA_D1/CLK
                            (rising edge-triggered cell RAMD32 clocked by sys_clk  {rise@0.000ns fall@2.500ns period=5.000ns})
  Destination:            read_rsp\\.data[25]
                            (output port)
  Path Group:             (none)
  Path Type:              Min at Fast Process Corner
  Data Path Delay:        2.261ns  (logic 1.695ns (74.988%)  route 0.566ns (25.012%))
  Logic Levels:           1  (OBUF=1)
  Clock Uncertainty:      0.025ns  ((TSJ^2 + TIJ^2)^1/2 + DJ) / 2 + PE
    Total System Jitter     (TSJ):    0.050ns
    Total Input Jitter      (TIJ):    0.000ns
    Discrete Jitter          (DJ):    0.000ns
    Phase Error              (PE):    0.000ns

    Location             Delay type                Incr(ns)  Path(ns)    Netlist Resource(s)
  -------------------------------------------------------------------    -------------------
                         (clock sys_clk rise edge)    0.000     0.000 r  <hidden>
    AL25                                              0.000     0.000 r  clk
                         net (fo=0)                   0.000     0.000    clk
    AL25                 IBUF (Prop_ibuf_I_O)         0.131     0.131 r  clk_IBUF_inst/O
                         net (fo=1, routed)           1.129     1.260    clk_IBUF
    BUFGCTRL_X0Y0        BUFG (Prop_bufg_I_O)         0.026     1.286 r  clk_IBUF_BUFG_inst/O
                         net (fo=16661, routed)       0.664     1.950    vector_main_ixc/read_path/master_queue[0].response_mem_reg_0_7_24_29/WCLK
    SLICE_X22Y125        RAMD32                                       r  vector_main_ixc/read_path/master_queue[0].response_mem_reg_0_7_24_29/RAMA_D1/CLK
  -------------------------------------------------------------------    -------------------
    SLICE_X22Y125        RAMD32 (Prop_ramd32_CLK_O)
                                                      0.374     2.324 r  vector_main_ixc/read_path/master_queue[0].response_mem_reg_0_7_24_29/RAMA_D1/O
                         net (fo=1, routed)           0.566     2.890    read_rsp\\.data_OBUF[25]
    AG31                 OBUF (Prop_obuf_I_O)         1.321     4.211 r  read_rsp\\.data[25]_INST_0/O
                         net (fo=0)                   0.000     4.211    read_rsp\\.data[25]
    AG31                                                              r  read_rsp\\.data[25]
  -------------------------------------------------------------------    -------------------

Slack:                    inf
  Source:                 vector_main_ixc/read_path/master_queue[0].response_mem_reg_0_7_12_17/RAMB_D1/CLK
                            (rising edge-triggered cell RAMD32 clocked by sys_clk  {rise@0.000ns fall@2.500ns period=5.000ns})
  Destination:            read_rsp\\.data[15]
                            (output port)
  Path Group:             (none)
  Path Type:              Min at Fast Process Corner
  Data Path Delay:        2.253ns  (logic 1.643ns (72.927%)  route 0.610ns (27.073%))
  Logic Levels:           1  (OBUF=1)
  Clock Uncertainty:      0.025ns  ((TSJ^2 + TIJ^2)^1/2 + DJ) / 2 + PE
    Total System Jitter     (TSJ):    0.050ns
    Total Input Jitter      (TIJ):    0.000ns
    Discrete Jitter          (DJ):    0.000ns
    Phase Error              (PE):    0.000ns

    Location             Delay type                Incr(ns)  Path(ns)    Netlist Resource(s)
  -------------------------------------------------------------------    -------------------
                         (clock sys_clk rise edge)    0.000     0.000 r  <hidden>
    AL25                                              0.000     0.000 r  clk
                         net (fo=0)                   0.000     0.000    clk
    AL25                 IBUF (Prop_ibuf_I_O)         0.131     0.131 r  clk_IBUF_inst/O
                         net (fo=1, routed)           1.129     1.260    clk_IBUF
    BUFGCTRL_X0Y0        BUFG (Prop_bufg_I_O)         0.026     1.286 r  clk_IBUF_BUFG_inst/O
                         net (fo=16661, routed)       0.673     1.959    vector_main_ixc/read_path/master_queue[0].response_mem_reg_0_7_12_17/WCLK
    SLICE_X22Y115        RAMD32                                       r  vector_main_ixc/read_path/master_queue[0].response_mem_reg_0_7_12_17/RAMB_D1/CLK
  -------------------------------------------------------------------    -------------------
    SLICE_X22Y115        RAMD32 (Prop_ramd32_CLK_O)
                                                      0.297     2.256 r  vector_main_ixc/read_path/master_queue[0].response_mem_reg_0_7_12_17/RAMB_D1/O
                         net (fo=1, routed)           0.610     2.866    read_rsp\\.data_OBUF[15]
    AL31                 OBUF (Prop_obuf_I_O)         1.346     4.212 r  read_rsp\\.data[15]_INST_0/O
                         net (fo=0)                   0.000     4.212    read_rsp\\.data[15]
    AL31                                                              r  read_rsp\\.data[15]
  -------------------------------------------------------------------    -------------------

Slack:                    inf
  Source:                 vector_main_ixc/read_path/master_queue[0].response_mem_reg_0_7_24_29/RAMC_D1/CLK
                            (rising edge-triggered cell RAMD32 clocked by sys_clk  {rise@0.000ns fall@2.500ns period=5.000ns})
  Destination:            read_rsp\\.data[29]
                            (output port)
  Path Group:             (none)
  Path Type:              Min at Fast Process Corner
  Data Path Delay:        2.262ns  (logic 1.633ns (72.168%)  route 0.630ns (27.832%))
  Logic Levels:           1  (OBUF=1)
  Clock Uncertainty:      0.025ns  ((TSJ^2 + TIJ^2)^1/2 + DJ) / 2 + PE
    Total System Jitter     (TSJ):    0.050ns
    Total Input Jitter      (TIJ):    0.000ns
    Discrete Jitter          (DJ):    0.000ns
    Phase Error              (PE):    0.000ns

    Location             Delay type                Incr(ns)  Path(ns)    Netlist Resource(s)
  -------------------------------------------------------------------    -------------------
                         (clock sys_clk rise edge)    0.000     0.000 r  <hidden>
    AL25                                              0.000     0.000 r  clk
                         net (fo=0)                   0.000     0.000    clk
    AL25                 IBUF (Prop_ibuf_I_O)         0.131     0.131 r  clk_IBUF_inst/O
                         net (fo=1, routed)           1.129     1.260    clk_IBUF
    BUFGCTRL_X0Y0        BUFG (Prop_bufg_I_O)         0.026     1.286 r  clk_IBUF_BUFG_inst/O
                         net (fo=16661, routed)       0.664     1.950    vector_main_ixc/read_path/master_queue[0].response_mem_reg_0_7_24_29/WCLK
    SLICE_X22Y125        RAMD32                                       r  vector_main_ixc/read_path/master_queue[0].response_mem_reg_0_7_24_29/RAMC_D1/CLK
  -------------------------------------------------------------------    -------------------
    SLICE_X22Y125        RAMD32 (Prop_ramd32_CLK_O)
                                                      0.294     2.244 r  vector_main_ixc/read_path/master_queue[0].response_mem_reg_0_7_24_29/RAMC_D1/O
                         net (fo=1, routed)           0.630     2.874    read_rsp\\.data_OBUF[29]
    AJ30                 OBUF (Prop_obuf_I_O)         1.339     4.213 r  read_rsp\\.data[29]_INST_0/O
                         net (fo=0)                   0.000     4.213    read_rsp\\.data[29]
    AJ30                                                              r  read_rsp\\.data[29]
  -------------------------------------------------------------------    -------------------

Slack:                    inf
  Source:                 vector_main_ixc/read_path/master_queue[0].response_mem_reg_0_7_24_29/RAMB/CLK
                            (rising edge-triggered cell RAMD32 clocked by sys_clk  {rise@0.000ns fall@2.500ns period=5.000ns})
  Destination:            read_rsp\\.data[26]
                            (output port)
  Path Group:             (none)
  Path Type:              Min at Fast Process Corner
  Data Path Delay:        2.270ns  (logic 1.664ns (73.283%)  route 0.607ns (26.718%))
  Logic Levels:           1  (OBUF=1)
  Clock Uncertainty:      0.025ns  ((TSJ^2 + TIJ^2)^1/2 + DJ) / 2 + PE
    Total System Jitter     (TSJ):    0.050ns
    Total Input Jitter      (TIJ):    0.000ns
    Discrete Jitter          (DJ):    0.000ns
    Phase Error              (PE):    0.000ns

    Location             Delay type                Incr(ns)  Path(ns)    Netlist Resource(s)
  -------------------------------------------------------------------    -------------------
                         (clock sys_clk rise edge)    0.000     0.000 r  <hidden>
    AL25                                              0.000     0.000 r  clk
                         net (fo=0)                   0.000     0.000    clk
    AL25                 IBUF (Prop_ibuf_I_O)         0.131     0.131 r  clk_IBUF_inst/O
                         net (fo=1, routed)           1.129     1.260    clk_IBUF
    BUFGCTRL_X0Y0        BUFG (Prop_bufg_I_O)         0.026     1.286 r  clk_IBUF_BUFG_inst/O
                         net (fo=16661, routed)       0.664     1.950    vector_main_ixc/read_path/master_queue[0].response_mem_reg_0_7_24_29/WCLK
    SLICE_X22Y125        RAMD32                                       r  vector_main_ixc/read_path/master_queue[0].response_mem_reg_0_7_24_29/RAMB/CLK
  -------------------------------------------------------------------    -------------------
    SLICE_X22Y125        RAMD32 (Prop_ramd32_CLK_O)
                                                      0.301     2.251 r  vector_main_ixc/read_path/master_queue[0].response_mem_reg_0_7_24_29/RAMB/O
                         net (fo=1, routed)           0.607     2.858    read_rsp\\.data_OBUF[26]
    AF31                 OBUF (Prop_obuf_I_O)         1.363     4.220 r  read_rsp\\.data[26]_INST_0/O
                         net (fo=0)                   0.000     4.220    read_rsp\\.data[26]
    AF31                                                              r  read_rsp\\.data[26]
  -------------------------------------------------------------------    -------------------

Slack:                    inf
  Source:                 vector_main_ixc/read_path/master_queue[0].response_mem_reg_0_7_18_23/RAMB_D1/CLK
                            (rising edge-triggered cell RAMD32 clocked by sys_clk  {rise@0.000ns fall@2.500ns period=5.000ns})
  Destination:            read_rsp\\.data[21]
                            (output port)
  Path Group:             (none)
  Path Type:              Min at Fast Process Corner
  Data Path Delay:        2.266ns  (logic 1.635ns (72.155%)  route 0.631ns (27.845%))
  Logic Levels:           1  (OBUF=1)
  Clock Uncertainty:      0.025ns  ((TSJ^2 + TIJ^2)^1/2 + DJ) / 2 + PE
    Total System Jitter     (TSJ):    0.050ns
    Total Input Jitter      (TIJ):    0.000ns
    Discrete Jitter          (DJ):    0.000ns
    Phase Error              (PE):    0.000ns

    Location             Delay type                Incr(ns)  Path(ns)    Netlist Resource(s)
  -------------------------------------------------------------------    -------------------
                         (clock sys_clk rise edge)    0.000     0.000 r  <hidden>
    AL25                                              0.000     0.000 r  clk
                         net (fo=0)                   0.000     0.000    clk
    AL25                 IBUF (Prop_ibuf_I_O)         0.131     0.131 r  clk_IBUF_inst/O
                         net (fo=1, routed)           1.129     1.260    clk_IBUF
    BUFGCTRL_X0Y0        BUFG (Prop_bufg_I_O)         0.026     1.286 r  clk_IBUF_BUFG_inst/O
                         net (fo=16661, routed)       0.674     1.960    vector_main_ixc/read_path/master_queue[0].response_mem_reg_0_7_18_23/WCLK
    SLICE_X20Y114        RAMD32                                       r  vector_main_ixc/read_path/master_queue[0].response_mem_reg_0_7_18_23/RAMB_D1/CLK
  -------------------------------------------------------------------    -------------------
    SLICE_X20Y114        RAMD32 (Prop_ramd32_CLK_O)
                                                      0.297     2.257 r  vector_main_ixc/read_path/master_queue[0].response_mem_reg_0_7_18_23/RAMB_D1/O
                         net (fo=1, routed)           0.631     2.888    read_rsp\\.data_OBUF[21]
    AK32                 OBUF (Prop_obuf_I_O)         1.338     4.226 r  read_rsp\\.data[21]_INST_0/O
                         net (fo=0)                   0.000     4.226    read_rsp\\.data[21]
    AK32                                                              r  read_rsp\\.data[21]
  -------------------------------------------------------------------    -------------------

Slack:                    inf
  Source:                 vector_main_ixc/read_path/master_queue[0].response_mem_reg_0_7_12_17/RAMC_D1/CLK
                            (rising edge-triggered cell RAMD32 clocked by sys_clk  {rise@0.000ns fall@2.500ns period=5.000ns})
  Destination:            read_rsp\\.data[17]
                            (output port)
  Path Group:             (none)
  Path Type:              Min at Fast Process Corner
  Data Path Delay:        2.268ns  (logic 1.654ns (72.905%)  route 0.615ns (27.095%))
  Logic Levels:           1  (OBUF=1)
  Clock Uncertainty:      0.025ns  ((TSJ^2 + TIJ^2)^1/2 + DJ) / 2 + PE
    Total System Jitter     (TSJ):    0.050ns
    Total Input Jitter      (TIJ):    0.000ns
    Discrete Jitter          (DJ):    0.000ns
    Phase Error              (PE):    0.000ns

    Location             Delay type                Incr(ns)  Path(ns)    Netlist Resource(s)
  -------------------------------------------------------------------    -------------------
                         (clock sys_clk rise edge)    0.000     0.000 r  <hidden>
    AL25                                              0.000     0.000 r  clk
                         net (fo=0)                   0.000     0.000    clk
    AL25                 IBUF (Prop_ibuf_I_O)         0.131     0.131 r  clk_IBUF_inst/O
                         net (fo=1, routed)           1.129     1.260    clk_IBUF
    BUFGCTRL_X0Y0        BUFG (Prop_bufg_I_O)         0.026     1.286 r  clk_IBUF_BUFG_inst/O
                         net (fo=16661, routed)       0.673     1.959    vector_main_ixc/read_path/master_queue[0].response_mem_reg_0_7_12_17/WCLK
    SLICE_X22Y115        RAMD32                                       r  vector_main_ixc/read_path/master_queue[0].response_mem_reg_0_7_12_17/RAMC_D1/CLK
  -------------------------------------------------------------------    -------------------
    SLICE_X22Y115        RAMD32 (Prop_ramd32_CLK_O)
                                                      0.294     2.253 r  vector_main_ixc/read_path/master_queue[0].response_mem_reg_0_7_12_17/RAMC_D1/O
                         net (fo=1, routed)           0.615     2.868    read_rsp\\.data_OBUF[17]
    AL34                 OBUF (Prop_obuf_I_O)         1.360     4.227 r  read_rsp\\.data[17]_INST_0/O
                         net (fo=0)                   0.000     4.227    read_rsp\\.data[17]
    AL34                                                              r  read_rsp\\.data[17]
  -------------------------------------------------------------------    -------------------

Slack:                    inf
  Source:                 vector_main_ixc/read_path/master_queue[0].response_mem_reg_0_7_30_35/RAMC/CLK
                            (rising edge-triggered cell RAMD32 clocked by sys_clk  {rise@0.000ns fall@2.500ns period=5.000ns})
  Destination:            read_rsp\\.data[34]
                            (output port)
  Path Group:             (none)
  Path Type:              Min at Fast Process Corner
  Data Path Delay:        2.285ns  (logic 1.650ns (72.232%)  route 0.634ns (27.768%))
  Logic Levels:           1  (OBUF=1)
  Clock Uncertainty:      0.025ns  ((TSJ^2 + TIJ^2)^1/2 + DJ) / 2 + PE
    Total System Jitter     (TSJ):    0.050ns
    Total Input Jitter      (TIJ):    0.000ns
    Discrete Jitter          (DJ):    0.000ns
    Phase Error              (PE):    0.000ns

    Location             Delay type                Incr(ns)  Path(ns)    Netlist Resource(s)
  -------------------------------------------------------------------    -------------------
                         (clock sys_clk rise edge)    0.000     0.000 r  <hidden>
    AL25                                              0.000     0.000 r  clk
                         net (fo=0)                   0.000     0.000    clk
    AL25                 IBUF (Prop_ibuf_I_O)         0.131     0.131 r  clk_IBUF_inst/O
                         net (fo=1, routed)           1.129     1.260    clk_IBUF
    BUFGCTRL_X0Y0        BUFG (Prop_bufg_I_O)         0.026     1.286 r  clk_IBUF_BUFG_inst/O
                         net (fo=16661, routed)       0.668     1.954    vector_main_ixc/read_path/master_queue[0].response_mem_reg_0_7_30_35/WCLK
    SLICE_X22Y129        RAMD32                                       r  vector_main_ixc/read_path/master_queue[0].response_mem_reg_0_7_30_35/RAMC/CLK
  -------------------------------------------------------------------    -------------------
    SLICE_X22Y129        RAMD32 (Prop_ramd32_CLK_O)
                                                      0.296     2.250 r  vector_main_ixc/read_path/master_queue[0].response_mem_reg_0_7_30_35/RAMC/O
                         net (fo=1, routed)           0.634     2.885    read_rsp\\.data_OBUF[34]
    AF30                 OBUF (Prop_obuf_I_O)         1.354     4.239 r  read_rsp\\.data[34]_INST_0/O
                         net (fo=0)                   0.000     4.239    read_rsp\\.data[34]
    AF30                                                              r  read_rsp\\.data[34]
  -------------------------------------------------------------------    -------------------

Slack:                    inf
  Source:                 vector_main_ixc/read_path/master_queue[0].response_count_reg[1]/C
                            (rising edge-triggered cell FDRE clocked by sys_clk  {rise@0.000ns fall@2.500ns period=5.000ns})
  Destination:            read_rsp\\.valid
                            (output port)
  Path Group:             (none)
  Path Type:              Min at Fast Process Corner
  Data Path Delay:        2.285ns  (logic 1.533ns (67.077%)  route 0.752ns (32.923%))
  Logic Levels:           2  (LUT5=1 OBUF=1)
  Clock Uncertainty:      0.025ns  ((TSJ^2 + TIJ^2)^1/2 + DJ) / 2 + PE
    Total System Jitter     (TSJ):    0.050ns
    Total Input Jitter      (TIJ):    0.000ns
    Discrete Jitter          (DJ):    0.000ns
    Phase Error              (PE):    0.000ns

    Location             Delay type                Incr(ns)  Path(ns)    Netlist Resource(s)
  -------------------------------------------------------------------    -------------------
                         (clock sys_clk rise edge)    0.000     0.000 r  <hidden>
    AL25                                              0.000     0.000 r  clk
                         net (fo=0)                   0.000     0.000    clk
    AL25                 IBUF (Prop_ibuf_I_O)         0.131     0.131 r  clk_IBUF_inst/O
                         net (fo=1, routed)           1.129     1.260    clk_IBUF
    BUFGCTRL_X0Y0        BUFG (Prop_bufg_I_O)         0.026     1.286 r  clk_IBUF_BUFG_inst/O
                         net (fo=16661, routed)       0.679     1.965    vector_main_ixc/read_path/clk_IBUF_BUFG
    SLICE_X13Y107        FDRE                                         r  vector_main_ixc/read_path/master_queue[0].response_count_reg[1]/C
  -------------------------------------------------------------------    -------------------
    SLICE_X13Y107        FDRE (Prop_fdre_C_Q)         0.100     2.065 r  vector_main_ixc/read_path/master_queue[0].response_count_reg[1]/Q
                         net (fo=5, routed)           0.119     2.184    vector_main_ixc/read_path/master_queue[0].response_count_reg[1]
    SLICE_X12Y107        LUT5 (Prop_lut5_I3_O)        0.030     2.214 r  vector_main_ixc/read_path/read_rsp\\.valid_INST_0_i_1/O
                         net (fo=1, routed)           0.634     2.848    vector_main_ixc_n_139
    AN24                 OBUF (Prop_obuf_I_O)         1.403     4.250 r  read_rsp\\.valid_INST_0/O
                         net (fo=0)                   0.000     4.250    read_rsp\\.valid
    AN24                                                              r  read_rsp\\.valid
  -------------------------------------------------------------------    -------------------

Slack:                    inf
  Source:                 vector_main_ixc/read_path/master_queue[0].response_mem_reg_0_7_12_17/RAMC/CLK
                            (rising edge-triggered cell RAMD32 clocked by sys_clk  {rise@0.000ns fall@2.500ns period=5.000ns})
  Destination:            read_rsp\\.data[16]
                            (output port)
  Path Group:             (none)
  Path Type:              Min at Fast Process Corner
  Data Path Delay:        2.298ns  (logic 1.687ns (73.382%)  route 0.612ns (26.618%))
  Logic Levels:           1  (OBUF=1)
  Clock Uncertainty:      0.025ns  ((TSJ^2 + TIJ^2)^1/2 + DJ) / 2 + PE
    Total System Jitter     (TSJ):    0.050ns
    Total Input Jitter      (TIJ):    0.000ns
    Discrete Jitter          (DJ):    0.000ns
    Phase Error              (PE):    0.000ns

    Location             Delay type                Incr(ns)  Path(ns)    Netlist Resource(s)
  -------------------------------------------------------------------    -------------------
                         (clock sys_clk rise edge)    0.000     0.000 r  <hidden>
    AL25                                              0.000     0.000 r  clk
                         net (fo=0)                   0.000     0.000    clk
    AL25                 IBUF (Prop_ibuf_I_O)         0.131     0.131 r  clk_IBUF_inst/O
                         net (fo=1, routed)           1.129     1.260    clk_IBUF
    BUFGCTRL_X0Y0        BUFG (Prop_bufg_I_O)         0.026     1.286 r  clk_IBUF_BUFG_inst/O
                         net (fo=16661, routed)       0.673     1.959    vector_main_ixc/read_path/master_queue[0].response_mem_reg_0_7_12_17/WCLK
    SLICE_X22Y115        RAMD32                                       r  vector_main_ixc/read_path/master_queue[0].response_mem_reg_0_7_12_17/RAMC/CLK
  -------------------------------------------------------------------    -------------------
    SLICE_X22Y115        RAMD32 (Prop_ramd32_CLK_O)
                                                      0.296     2.255 r  vector_main_ixc/read_path/master_queue[0].response_mem_reg_0_7_12_17/RAMC/O
                         net (fo=1, routed)           0.612     2.867    read_rsp\\.data_OBUF[16]
    AL30                 OBUF (Prop_obuf_I_O)         1.391     4.258 r  read_rsp\\.data[16]_INST_0/O
                         net (fo=0)                   0.000     4.258    read_rsp\\.data[16]
    AL30                                                              r  read_rsp\\.data[16]
  -------------------------------------------------------------------    -------------------

Slack:                    inf
  Source:                 vector_main_ixc/read_path/master_queue[0].response_mem_reg_0_7_12_17/RAMB/CLK
                            (rising edge-triggered cell RAMD32 clocked by sys_clk  {rise@0.000ns fall@2.500ns period=5.000ns})
  Destination:            read_rsp\\.data[14]
                            (output port)
  Path Group:             (none)
  Path Type:              Min at Fast Process Corner
  Data Path Delay:        2.302ns  (logic 1.686ns (73.245%)  route 0.616ns (26.755%))
  Logic Levels:           1  (OBUF=1)
  Clock Uncertainty:      0.025ns  ((TSJ^2 + TIJ^2)^1/2 + DJ) / 2 + PE
    Total System Jitter     (TSJ):    0.050ns
    Total Input Jitter      (TIJ):    0.000ns
    Discrete Jitter          (DJ):    0.000ns
    Phase Error              (PE):    0.000ns

    Location             Delay type                Incr(ns)  Path(ns)    Netlist Resource(s)
  -------------------------------------------------------------------    -------------------
                         (clock sys_clk rise edge)    0.000     0.000 r  <hidden>
    AL25                                              0.000     0.000 r  clk
                         net (fo=0)                   0.000     0.000    clk
    AL25                 IBUF (Prop_ibuf_I_O)         0.131     0.131 r  clk_IBUF_inst/O
                         net (fo=1, routed)           1.129     1.260    clk_IBUF
    BUFGCTRL_X0Y0        BUFG (Prop_bufg_I_O)         0.026     1.286 r  clk_IBUF_BUFG_inst/O
                         net (fo=16661, routed)       0.673     1.959    vector_main_ixc/read_path/master_queue[0].response_mem_reg_0_7_12_17/WCLK
    SLICE_X22Y115        RAMD32                                       r  vector_main_ixc/read_path/master_queue[0].response_mem_reg_0_7_12_17/RAMB/CLK
  -------------------------------------------------------------------    -------------------
    SLICE_X22Y115        RAMD32 (Prop_ramd32_CLK_O)
                                                      0.301     2.260 r  vector_main_ixc/read_path/master_queue[0].response_mem_reg_0_7_12_17/RAMB/O
                         net (fo=1, routed)           0.616     2.876    read_rsp\\.data_OBUF[14]
    AL29                 OBUF (Prop_obuf_I_O)         1.385     4.261 r  read_rsp\\.data[14]_INST_0/O
                         net (fo=0)                   0.000     4.261    read_rsp\\.data[14]
    AL29                                                              r  read_rsp\\.data[14]
  -------------------------------------------------------------------    -------------------

Slack:                    inf
  Source:                 vector_main_ixc/read_path/master_queue[0].response_mem_reg_0_7_18_23/RAMC/CLK
                            (rising edge-triggered cell RAMD32 clocked by sys_clk  {rise@0.000ns fall@2.500ns period=5.000ns})
  Destination:            read_rsp\\.data[22]
                            (output port)
  Path Group:             (none)
  Path Type:              Min at Fast Process Corner
  Data Path Delay:        2.304ns  (logic 1.672ns (72.553%)  route 0.632ns (27.447%))
  Logic Levels:           1  (OBUF=1)
  Clock Uncertainty:      0.025ns  ((TSJ^2 + TIJ^2)^1/2 + DJ) / 2 + PE
    Total System Jitter     (TSJ):    0.050ns
    Total Input Jitter      (TIJ):    0.000ns
    Discrete Jitter          (DJ):    0.000ns
    Phase Error              (PE):    0.000ns

    Location             Delay type                Incr(ns)  Path(ns)    Netlist Resource(s)
  -------------------------------------------------------------------    -------------------
                         (clock sys_clk rise edge)    0.000     0.000 r  <hidden>
    AL25                                              0.000     0.000 r  clk
                         net (fo=0)                   0.000     0.000    clk
    AL25                 IBUF (Prop_ibuf_I_O)         0.131     0.131 r  clk_IBUF_inst/O
                         net (fo=1, routed)           1.129     1.260    clk_IBUF
    BUFGCTRL_X0Y0        BUFG (Prop_bufg_I_O)         0.026     1.286 r  clk_IBUF_BUFG_inst/O
                         net (fo=16661, routed)       0.674     1.960    vector_main_ixc/read_path/master_queue[0].response_mem_reg_0_7_18_23/WCLK
    SLICE_X20Y114        RAMD32                                       r  vector_main_ixc/read_path/master_queue[0].response_mem_reg_0_7_18_23/RAMC/CLK
  -------------------------------------------------------------------    -------------------
    SLICE_X20Y114        RAMD32 (Prop_ramd32_CLK_O)
                                                      0.296     2.256 r  vector_main_ixc/read_path/master_queue[0].response_mem_reg_0_7_18_23/RAMC/O
                         net (fo=1, routed)           0.632     2.889    read_rsp\\.data_OBUF[22]
    AJ32                 OBUF (Prop_obuf_I_O)         1.376     4.264 r  read_rsp\\.data[22]_INST_0/O
                         net (fo=0)                   0.000     4.264    read_rsp\\.data[22]
    AJ32                                                              r  read_rsp\\.data[22]
  -------------------------------------------------------------------    -------------------

Slack:                    inf
  Source:                 vector_main_ixc/read_path/master_queue[0].response_mem_reg_0_7_30_35/RAMA/CLK
                            (rising edge-triggered cell RAMD32 clocked by sys_clk  {rise@0.000ns fall@2.500ns period=5.000ns})
  Destination:            read_rsp\\.data[30]
                            (output port)
  Path Group:             (none)
  Path Type:              Min at Fast Process Corner
  Data Path Delay:        2.322ns  (logic 1.750ns (75.376%)  route 0.572ns (24.624%))
  Logic Levels:           1  (OBUF=1)
  Clock Uncertainty:      0.025ns  ((TSJ^2 + TIJ^2)^1/2 + DJ) / 2 + PE
    Total System Jitter     (TSJ):    0.050ns
    Total Input Jitter      (TIJ):    0.000ns
    Discrete Jitter          (DJ):    0.000ns
    Phase Error              (PE):    0.000ns

    Location             Delay type                Incr(ns)  Path(ns)    Netlist Resource(s)
  -------------------------------------------------------------------    -------------------
                         (clock sys_clk rise edge)    0.000     0.000 r  <hidden>
    AL25                                              0.000     0.000 r  clk
                         net (fo=0)                   0.000     0.000    clk
    AL25                 IBUF (Prop_ibuf_I_O)         0.131     0.131 r  clk_IBUF_inst/O
                         net (fo=1, routed)           1.129     1.260    clk_IBUF
    BUFGCTRL_X0Y0        BUFG (Prop_bufg_I_O)         0.026     1.286 r  clk_IBUF_BUFG_inst/O
                         net (fo=16661, routed)       0.668     1.954    vector_main_ixc/read_path/master_queue[0].response_mem_reg_0_7_30_35/WCLK
    SLICE_X22Y129        RAMD32                                       r  vector_main_ixc/read_path/master_queue[0].response_mem_reg_0_7_30_35/RAMA/CLK
  -------------------------------------------------------------------    -------------------
    SLICE_X22Y129        RAMD32 (Prop_ramd32_CLK_O)
                                                      0.385     2.339 r  vector_main_ixc/read_path/master_queue[0].response_mem_reg_0_7_30_35/RAMA/O
                         net (fo=1, routed)           0.572     2.911    read_rsp\\.data_OBUF[30]
    AH30                 OBUF (Prop_obuf_I_O)         1.365     4.276 r  read_rsp\\.data[30]_INST_0/O
                         net (fo=0)                   0.000     4.276    read_rsp\\.data[30]
    AH30                                                              r  read_rsp\\.data[30]
  -------------------------------------------------------------------    -------------------

Slack:                    inf
  Source:                 vector_main_ixc/read_path/master_queue[0].response_mem_reg_0_7_18_23/RAMC_D1/CLK
                            (rising edge-triggered cell RAMD32 clocked by sys_clk  {rise@0.000ns fall@2.500ns period=5.000ns})
  Destination:            read_rsp\\.data[23]
                            (output port)
  Path Group:             (none)
  Path Type:              Min at Fast Process Corner
  Data Path Delay:        2.319ns  (logic 1.632ns (70.390%)  route 0.687ns (29.610%))
  Logic Levels:           1  (OBUF=1)
  Clock Uncertainty:      0.025ns  ((TSJ^2 + TIJ^2)^1/2 + DJ) / 2 + PE
    Total System Jitter     (TSJ):    0.050ns
    Total Input Jitter      (TIJ):    0.000ns
    Discrete Jitter          (DJ):    0.000ns
    Phase Error              (PE):    0.000ns

    Location             Delay type                Incr(ns)  Path(ns)    Netlist Resource(s)
  -------------------------------------------------------------------    -------------------
                         (clock sys_clk rise edge)    0.000     0.000 r  <hidden>
    AL25                                              0.000     0.000 r  clk
                         net (fo=0)                   0.000     0.000    clk
    AL25                 IBUF (Prop_ibuf_I_O)         0.131     0.131 r  clk_IBUF_inst/O
                         net (fo=1, routed)           1.129     1.260    clk_IBUF
    BUFGCTRL_X0Y0        BUFG (Prop_bufg_I_O)         0.026     1.286 r  clk_IBUF_BUFG_inst/O
                         net (fo=16661, routed)       0.674     1.960    vector_main_ixc/read_path/master_queue[0].response_mem_reg_0_7_18_23/WCLK
    SLICE_X20Y114        RAMD32                                       r  vector_main_ixc/read_path/master_queue[0].response_mem_reg_0_7_18_23/RAMC_D1/CLK
  -------------------------------------------------------------------    -------------------
    SLICE_X20Y114        RAMD32 (Prop_ramd32_CLK_O)
                                                      0.294     2.254 r  vector_main_ixc/read_path/master_queue[0].response_mem_reg_0_7_18_23/RAMC_D1/O
                         net (fo=1, routed)           0.687     2.941    read_rsp\\.data_OBUF[23]
    AK31                 OBUF (Prop_obuf_I_O)         1.338     4.279 r  read_rsp\\.data[23]_INST_0/O
                         net (fo=0)                   0.000     4.279    read_rsp\\.data[23]
    AK31                                                              r  read_rsp\\.data[23]
  -------------------------------------------------------------------    -------------------

Slack:                    inf
  Source:                 vector_main_ixc/read_path/master_queue[0].response_mem_reg_0_7_30_35/RAMC_D1/CLK
                            (rising edge-triggered cell RAMD32 clocked by sys_clk  {rise@0.000ns fall@2.500ns period=5.000ns})
  Destination:            read_rsp\\.data[35]
                            (output port)
  Path Group:             (none)
  Path Type:              Min at Fast Process Corner
  Data Path Delay:        2.328ns  (logic 1.648ns (70.805%)  route 0.680ns (29.195%))
  Logic Levels:           1  (OBUF=1)
  Clock Uncertainty:      0.025ns  ((TSJ^2 + TIJ^2)^1/2 + DJ) / 2 + PE
    Total System Jitter     (TSJ):    0.050ns
    Total Input Jitter      (TIJ):    0.000ns
    Discrete Jitter          (DJ):    0.000ns
    Phase Error              (PE):    0.000ns

    Location             Delay type                Incr(ns)  Path(ns)    Netlist Resource(s)
  -------------------------------------------------------------------    -------------------
                         (clock sys_clk rise edge)    0.000     0.000 r  <hidden>
    AL25                                              0.000     0.000 r  clk
                         net (fo=0)                   0.000     0.000    clk
    AL25                 IBUF (Prop_ibuf_I_O)         0.131     0.131 r  clk_IBUF_inst/O
                         net (fo=1, routed)           1.129     1.260    clk_IBUF
    BUFGCTRL_X0Y0        BUFG (Prop_bufg_I_O)         0.026     1.286 r  clk_IBUF_BUFG_inst/O
                         net (fo=16661, routed)       0.668     1.954    vector_main_ixc/read_path/master_queue[0].response_mem_reg_0_7_30_35/WCLK
    SLICE_X22Y129        RAMD32                                       r  vector_main_ixc/read_path/master_queue[0].response_mem_reg_0_7_30_35/RAMC_D1/CLK
  -------------------------------------------------------------------    -------------------
    SLICE_X22Y129        RAMD32 (Prop_ramd32_CLK_O)
                                                      0.294     2.248 r  vector_main_ixc/read_path/master_queue[0].response_mem_reg_0_7_30_35/RAMC_D1/O
                         net (fo=1, routed)           0.680     2.928    read_rsp\\.data_OBUF[35]
    AJ34                 OBUF (Prop_obuf_I_O)         1.354     4.282 r  read_rsp\\.data[35]_INST_0/O
                         net (fo=0)                   0.000     4.282    read_rsp\\.data[35]
    AJ34                                                              r  read_rsp\\.data[35]
  -------------------------------------------------------------------    -------------------

Slack:                    inf
  Source:                 vector_main_ixc/read_path/master_queue[0].response_mem_reg_0_7_6_11/RAMB_D1/CLK
                            (rising edge-triggered cell RAMD32 clocked by sys_clk  {rise@0.000ns fall@2.500ns period=5.000ns})
  Destination:            read_rsp\\.data[9]
                            (output port)
  Path Group:             (none)
  Path Type:              Min at Fast Process Corner
  Data Path Delay:        2.332ns  (logic 1.662ns (71.269%)  route 0.670ns (28.731%))
  Logic Levels:           1  (OBUF=1)
  Clock Uncertainty:      0.025ns  ((TSJ^2 + TIJ^2)^1/2 + DJ) / 2 + PE
    Total System Jitter     (TSJ):    0.050ns
    Total Input Jitter      (TIJ):    0.000ns
    Discrete Jitter          (DJ):    0.000ns
    Phase Error              (PE):    0.000ns

    Location             Delay type                Incr(ns)  Path(ns)    Netlist Resource(s)
  -------------------------------------------------------------------    -------------------
                         (clock sys_clk rise edge)    0.000     0.000 r  <hidden>
    AL25                                              0.000     0.000 r  clk
                         net (fo=0)                   0.000     0.000    clk
    AL25                 IBUF (Prop_ibuf_I_O)         0.131     0.131 r  clk_IBUF_inst/O
                         net (fo=1, routed)           1.129     1.260    clk_IBUF
    BUFGCTRL_X0Y0        BUFG (Prop_bufg_I_O)         0.026     1.286 r  clk_IBUF_BUFG_inst/O
                         net (fo=16661, routed)       0.672     1.958    vector_main_ixc/read_path/master_queue[0].response_mem_reg_0_7_6_11/WCLK
    SLICE_X22Y116        RAMD32                                       r  vector_main_ixc/read_path/master_queue[0].response_mem_reg_0_7_6_11/RAMB_D1/CLK
  -------------------------------------------------------------------    -------------------
    SLICE_X22Y116        RAMD32 (Prop_ramd32_CLK_O)
                                                      0.297     2.255 r  vector_main_ixc/read_path/master_queue[0].response_mem_reg_0_7_6_11/RAMB_D1/O
                         net (fo=1, routed)           0.670     2.925    read_rsp\\.data_OBUF[9]
    AN34                 OBUF (Prop_obuf_I_O)         1.365     4.290 r  read_rsp\\.data[9]_INST_0/O
                         net (fo=0)                   0.000     4.290    read_rsp\\.data[9]
    AN34                                                              r  read_rsp\\.data[9]
  -------------------------------------------------------------------    -------------------

Slack:                    inf
  Source:                 vector_main_ixc/read_path/master_queue[0].response_mem_reg_0_7_30_35/RAMA_D1/CLK
                            (rising edge-triggered cell RAMD32 clocked by sys_clk  {rise@0.000ns fall@2.500ns period=5.000ns})
  Destination:            read_rsp\\.data[31]
                            (output port)
  Path Group:             (none)
  Path Type:              Min at Fast Process Corner
  Data Path Delay:        2.336ns  (logic 1.713ns (73.338%)  route 0.623ns (26.662%))
  Logic Levels:           1  (OBUF=1)
  Clock Uncertainty:      0.025ns  ((TSJ^2 + TIJ^2)^1/2 + DJ) / 2 + PE
    Total System Jitter     (TSJ):    0.050ns
    Total Input Jitter      (TIJ):    0.000ns
    Discrete Jitter          (DJ):    0.000ns
    Phase Error              (PE):    0.000ns

    Location             Delay type                Incr(ns)  Path(ns)    Netlist Resource(s)
  -------------------------------------------------------------------    -------------------
                         (clock sys_clk rise edge)    0.000     0.000 r  <hidden>
    AL25                                              0.000     0.000 r  clk
                         net (fo=0)                   0.000     0.000    clk
    AL25                 IBUF (Prop_ibuf_I_O)         0.131     0.131 r  clk_IBUF_inst/O
                         net (fo=1, routed)           1.129     1.260    clk_IBUF
    BUFGCTRL_X0Y0        BUFG (Prop_bufg_I_O)         0.026     1.286 r  clk_IBUF_BUFG_inst/O
                         net (fo=16661, routed)       0.668     1.954    vector_main_ixc/read_path/master_queue[0].response_mem_reg_0_7_30_35/WCLK
    SLICE_X22Y129        RAMD32                                       r  vector_main_ixc/read_path/master_queue[0].response_mem_reg_0_7_30_35/RAMA_D1/CLK
  -------------------------------------------------------------------    -------------------
    SLICE_X22Y129        RAMD32 (Prop_ramd32_CLK_O)
                                                      0.374     2.328 r  vector_main_ixc/read_path/master_queue[0].response_mem_reg_0_7_30_35/RAMA_D1/O
                         net (fo=1, routed)           0.623     2.951    read_rsp\\.data_OBUF[31]
    AH33                 OBUF (Prop_obuf_I_O)         1.339     4.290 r  read_rsp\\.data[31]_INST_0/O
                         net (fo=0)                   0.000     4.290    read_rsp\\.data[31]
    AH33                                                              r  read_rsp\\.data[31]
  -------------------------------------------------------------------    -------------------

Slack:                    inf
  Source:                 vector_main_ixc/read_path/master_queue[0].response_mem_reg_0_7_12_17/RAMA_D1/CLK
                            (rising edge-triggered cell RAMD32 clocked by sys_clk  {rise@0.000ns fall@2.500ns period=5.000ns})
  Destination:            read_rsp\\.data[13]
                            (output port)
  Path Group:             (none)
  Path Type:              Min at Fast Process Corner
  Data Path Delay:        2.332ns  (logic 1.719ns (73.705%)  route 0.613ns (26.295%))
  Logic Levels:           1  (OBUF=1)
  Clock Uncertainty:      0.025ns  ((TSJ^2 + TIJ^2)^1/2 + DJ) / 2 + PE
    Total System Jitter     (TSJ):    0.050ns
    Total Input Jitter      (TIJ):    0.000ns
    Discrete Jitter          (DJ):    0.000ns
    Phase Error              (PE):    0.000ns

    Location             Delay type                Incr(ns)  Path(ns)    Netlist Resource(s)
  -------------------------------------------------------------------    -------------------
                         (clock sys_clk rise edge)    0.000     0.000 r  <hidden>
    AL25                                              0.000     0.000 r  clk
                         net (fo=0)                   0.000     0.000    clk
    AL25                 IBUF (Prop_ibuf_I_O)         0.131     0.131 r  clk_IBUF_inst/O
                         net (fo=1, routed)           1.129     1.260    clk_IBUF
    BUFGCTRL_X0Y0        BUFG (Prop_bufg_I_O)         0.026     1.286 r  clk_IBUF_BUFG_inst/O
                         net (fo=16661, routed)       0.673     1.959    vector_main_ixc/read_path/master_queue[0].response_mem_reg_0_7_12_17/WCLK
    SLICE_X22Y115        RAMD32                                       r  vector_main_ixc/read_path/master_queue[0].response_mem_reg_0_7_12_17/RAMA_D1/CLK
  -------------------------------------------------------------------    -------------------
    SLICE_X22Y115        RAMD32 (Prop_ramd32_CLK_O)
                                                      0.374     2.333 r  vector_main_ixc/read_path/master_queue[0].response_mem_reg_0_7_12_17/RAMA_D1/O
                         net (fo=1, routed)           0.613     2.947    read_rsp\\.data_OBUF[13]
    AM30                 OBUF (Prop_obuf_I_O)         1.345     4.292 r  read_rsp\\.data[13]_INST_0/O
                         net (fo=0)                   0.000     4.292    read_rsp\\.data[13]
    AM30                                                              r  read_rsp\\.data[13]
  -------------------------------------------------------------------    -------------------





--------------------------------------------------------------------------------------
Path Group:  (none)
From Clock:  
  To Clock:  sys_clk

Max Delay         20526 Endpoints
Min Delay         20526 Endpoints
--------------------------------------------------------------------------------------


Max Delay Paths
--------------------------------------------------------------------------------------
Slack:                    inf
  Source:                 rst_n
                            (input port)
  Destination:            alu_c_dma/dma_dst_addr_dut/data_skid_reg[48]/R
                            (rising edge-triggered cell FDRE clocked by sys_clk  {rise@0.000ns fall@2.500ns period=5.000ns})
  Path Group:             (none)
  Path Type:              Setup (Max at Slow Process Corner)
  Data Path Delay:        19.053ns  (logic 0.862ns (4.526%)  route 18.191ns (95.474%))
  Logic Levels:           2  (IBUF=1 LUT1=1)
  Clock Path Skew:        4.309ns (DCD - SCD + CPR)
    Destination Clock Delay (DCD):    4.309ns
    Source Clock Delay      (SCD):    0.000ns
    Clock Pessimism Removal (CPR):    0.000ns
  Clock Uncertainty:      0.025ns  ((TSJ^2 + TIJ^2)^1/2 + DJ) / 2 + PE
    Total System Jitter     (TSJ):    0.050ns
    Total Input Jitter      (TIJ):    0.000ns
    Discrete Jitter          (DJ):    0.000ns
    Phase Error              (PE):    0.000ns

    Location             Delay type                Incr(ns)  Path(ns)    Netlist Resource(s)
  -------------------------------------------------------------------    -------------------
    AN28                                              0.000     0.000 f  rst_n
                         net (fo=0)                   0.000     0.000    rst_n
    AN28                 IBUF (Prop_ibuf_I_O)         0.819     0.819 f  rst_n_IBUF_inst/O
                         net (fo=185, routed)         0.887     1.706    scratchpad_a/port_a/rst_n_IBUF
    SLICE_X2Y88          LUT1 (Prop_lut1_I0_O)        0.043     1.749 r  scratchpad_a/port_a/slave_queue[1].tail[2]_i_1/O
                         net (fo=6285, routed)       17.304    19.053    alu_c_dma/dma_dst_addr_dut/p_0_in__0
    SLICE_X79Y144        FDRE                                         r  alu_c_dma/dma_dst_addr_dut/data_skid_reg[48]/R
  -------------------------------------------------------------------    -------------------

                         (clock sys_clk rise edge)    0.000     0.000 r  <hidden>
    AL25                                              0.000     0.000 r  clk
                         net (fo=0)                   0.000     0.000    clk
    AL25                 IBUF (Prop_ibuf_I_O)         0.714     0.714 r  clk_IBUF_inst/O
                         net (fo=1, routed)           2.248     2.962    clk_IBUF
    BUFGCTRL_X0Y0        BUFG (Prop_bufg_I_O)         0.083     3.045 r  clk_IBUF_BUFG_inst/O
                         net (fo=16661, routed)       1.264     4.309    alu_c_dma/dma_dst_addr_dut/clk_IBUF_BUFG
    SLICE_X79Y144        FDRE                                         r  alu_c_dma/dma_dst_addr_dut/data_skid_reg[48]/C

Slack:                    inf
  Source:                 rst_n
                            (input port)
  Destination:            alu_c_dma/dma_dst_addr_dut/data_skid_reg[49]/R
                            (rising edge-triggered cell FDRE clocked by sys_clk  {rise@0.000ns fall@2.500ns period=5.000ns})
  Path Group:             (none)
  Path Type:              Setup (Max at Slow Process Corner)
  Data Path Delay:        19.053ns  (logic 0.862ns (4.526%)  route 18.191ns (95.474%))
  Logic Levels:           2  (IBUF=1 LUT1=1)
  Clock Path Skew:        4.309ns (DCD - SCD + CPR)
    Destination Clock Delay (DCD):    4.309ns
    Source Clock Delay      (SCD):    0.000ns
    Clock Pessimism Removal (CPR):    0.000ns
  Clock Uncertainty:      0.025ns  ((TSJ^2 + TIJ^2)^1/2 + DJ) / 2 + PE
    Total System Jitter     (TSJ):    0.050ns
    Total Input Jitter      (TIJ):    0.000ns
    Discrete Jitter          (DJ):    0.000ns
    Phase Error              (PE):    0.000ns

    Location             Delay type                Incr(ns)  Path(ns)    Netlist Resource(s)
  -------------------------------------------------------------------    -------------------
    AN28                                              0.000     0.000 f  rst_n
                         net (fo=0)                   0.000     0.000    rst_n
    AN28                 IBUF (Prop_ibuf_I_O)         0.819     0.819 f  rst_n_IBUF_inst/O
                         net (fo=185, routed)         0.887     1.706    scratchpad_a/port_a/rst_n_IBUF
    SLICE_X2Y88          LUT1 (Prop_lut1_I0_O)        0.043     1.749 r  scratchpad_a/port_a/slave_queue[1].tail[2]_i_1/O
                         net (fo=6285, routed)       17.304    19.053    alu_c_dma/dma_dst_addr_dut/p_0_in__0
    SLICE_X79Y144        FDRE                                         r  alu_c_dma/dma_dst_addr_dut/data_skid_reg[49]/R
  -------------------------------------------------------------------    -------------------

                         (clock sys_clk rise edge)    0.000     0.000 r  <hidden>
    AL25                                              0.000     0.000 r  clk
                         net (fo=0)                   0.000     0.000    clk
    AL25                 IBUF (Prop_ibuf_I_O)         0.714     0.714 r  clk_IBUF_inst/O
                         net (fo=1, routed)           2.248     2.962    clk_IBUF
    BUFGCTRL_X0Y0        BUFG (Prop_bufg_I_O)         0.083     3.045 r  clk_IBUF_BUFG_inst/O
                         net (fo=16661, routed)       1.264     4.309    alu_c_dma/dma_dst_addr_dut/clk_IBUF_BUFG
    SLICE_X79Y144        FDRE                                         r  alu_c_dma/dma_dst_addr_dut/data_skid_reg[49]/C

Slack:                    inf
  Source:                 rst_n
                            (input port)
  Destination:            alu_c_dma/dma_dst_addr_dut/data_skid_reg[52]/R
                            (rising edge-triggered cell FDRE clocked by sys_clk  {rise@0.000ns fall@2.500ns period=5.000ns})
  Path Group:             (none)
  Path Type:              Setup (Max at Slow Process Corner)
  Data Path Delay:        19.053ns  (logic 0.862ns (4.526%)  route 18.191ns (95.474%))
  Logic Levels:           2  (IBUF=1 LUT1=1)
  Clock Path Skew:        4.309ns (DCD - SCD + CPR)
    Destination Clock Delay (DCD):    4.309ns
    Source Clock Delay      (SCD):    0.000ns
    Clock Pessimism Removal (CPR):    0.000ns
  Clock Uncertainty:      0.025ns  ((TSJ^2 + TIJ^2)^1/2 + DJ) / 2 + PE
    Total System Jitter     (TSJ):    0.050ns
    Total Input Jitter      (TIJ):    0.000ns
    Discrete Jitter          (DJ):    0.000ns
    Phase Error              (PE):    0.000ns

    Location             Delay type                Incr(ns)  Path(ns)    Netlist Resource(s)
  -------------------------------------------------------------------    -------------------
    AN28                                              0.000     0.000 f  rst_n
                         net (fo=0)                   0.000     0.000    rst_n
    AN28                 IBUF (Prop_ibuf_I_O)         0.819     0.819 f  rst_n_IBUF_inst/O
                         net (fo=185, routed)         0.887     1.706    scratchpad_a/port_a/rst_n_IBUF
    SLICE_X2Y88          LUT1 (Prop_lut1_I0_O)        0.043     1.749 r  scratchpad_a/port_a/slave_queue[1].tail[2]_i_1/O
                         net (fo=6285, routed)       17.304    19.053    alu_c_dma/dma_dst_addr_dut/p_0_in__0
    SLICE_X79Y144        FDRE                                         r  alu_c_dma/dma_dst_addr_dut/data_skid_reg[52]/R
  -------------------------------------------------------------------    -------------------

                         (clock sys_clk rise edge)    0.000     0.000 r  <hidden>
    AL25                                              0.000     0.000 r  clk
                         net (fo=0)                   0.000     0.000    clk
    AL25                 IBUF (Prop_ibuf_I_O)         0.714     0.714 r  clk_IBUF_inst/O
                         net (fo=1, routed)           2.248     2.962    clk_IBUF
    BUFGCTRL_X0Y0        BUFG (Prop_bufg_I_O)         0.083     3.045 r  clk_IBUF_BUFG_inst/O
                         net (fo=16661, routed)       1.264     4.309    alu_c_dma/dma_dst_addr_dut/clk_IBUF_BUFG
    SLICE_X79Y144        FDRE                                         r  alu_c_dma/dma_dst_addr_dut/data_skid_reg[52]/C

Slack:                    inf
  Source:                 rst_n
                            (input port)
  Destination:            alu_c_dma/dma_dst_addr_dut/data_skid_reg[53]/R
                            (rising edge-triggered cell FDRE clocked by sys_clk  {rise@0.000ns fall@2.500ns period=5.000ns})
  Path Group:             (none)
  Path Type:              Setup (Max at Slow Process Corner)
  Data Path Delay:        19.053ns  (logic 0.862ns (4.526%)  route 18.191ns (95.474%))
  Logic Levels:           2  (IBUF=1 LUT1=1)
  Clock Path Skew:        4.309ns (DCD - SCD + CPR)
    Destination Clock Delay (DCD):    4.309ns
    Source Clock Delay      (SCD):    0.000ns
    Clock Pessimism Removal (CPR):    0.000ns
  Clock Uncertainty:      0.025ns  ((TSJ^2 + TIJ^2)^1/2 + DJ) / 2 + PE
    Total System Jitter     (TSJ):    0.050ns
    Total Input Jitter      (TIJ):    0.000ns
    Discrete Jitter          (DJ):    0.000ns
    Phase Error              (PE):    0.000ns

    Location             Delay type                Incr(ns)  Path(ns)    Netlist Resource(s)
  -------------------------------------------------------------------    -------------------
    AN28                                              0.000     0.000 f  rst_n
                         net (fo=0)                   0.000     0.000    rst_n
    AN28                 IBUF (Prop_ibuf_I_O)         0.819     0.819 f  rst_n_IBUF_inst/O
                         net (fo=185, routed)         0.887     1.706    scratchpad_a/port_a/rst_n_IBUF
    SLICE_X2Y88          LUT1 (Prop_lut1_I0_O)        0.043     1.749 r  scratchpad_a/port_a/slave_queue[1].tail[2]_i_1/O
                         net (fo=6285, routed)       17.304    19.053    alu_c_dma/dma_dst_addr_dut/p_0_in__0
    SLICE_X79Y144        FDRE                                         r  alu_c_dma/dma_dst_addr_dut/data_skid_reg[53]/R
  -------------------------------------------------------------------    -------------------

                         (clock sys_clk rise edge)    0.000     0.000 r  <hidden>
    AL25                                              0.000     0.000 r  clk
                         net (fo=0)                   0.000     0.000    clk
    AL25                 IBUF (Prop_ibuf_I_O)         0.714     0.714 r  clk_IBUF_inst/O
                         net (fo=1, routed)           2.248     2.962    clk_IBUF
    BUFGCTRL_X0Y0        BUFG (Prop_bufg_I_O)         0.083     3.045 r  clk_IBUF_BUFG_inst/O
                         net (fo=16661, routed)       1.264     4.309    alu_c_dma/dma_dst_addr_dut/clk_IBUF_BUFG
    SLICE_X79Y144        FDRE                                         r  alu_c_dma/dma_dst_addr_dut/data_skid_reg[53]/C

Slack:                    inf
  Source:                 rst_n
                            (input port)
  Destination:            alu_c_dma/dma_dst_addr_dut/data_skid_reg[54]/R
                            (rising edge-triggered cell FDRE clocked by sys_clk  {rise@0.000ns fall@2.500ns period=5.000ns})
  Path Group:             (none)
  Path Type:              Setup (Max at Slow Process Corner)
  Data Path Delay:        19.053ns  (logic 0.862ns (4.526%)  route 18.191ns (95.474%))
  Logic Levels:           2  (IBUF=1 LUT1=1)
  Clock Path Skew:        4.309ns (DCD - SCD + CPR)
    Destination Clock Delay (DCD):    4.309ns
    Source Clock Delay      (SCD):    0.000ns
    Clock Pessimism Removal (CPR):    0.000ns
  Clock Uncertainty:      0.025ns  ((TSJ^2 + TIJ^2)^1/2 + DJ) / 2 + PE
    Total System Jitter     (TSJ):    0.050ns
    Total Input Jitter      (TIJ):    0.000ns
    Discrete Jitter          (DJ):    0.000ns
    Phase Error              (PE):    0.000ns

    Location             Delay type                Incr(ns)  Path(ns)    Netlist Resource(s)
  -------------------------------------------------------------------    -------------------
    AN28                                              0.000     0.000 f  rst_n
                         net (fo=0)                   0.000     0.000    rst_n
    AN28                 IBUF (Prop_ibuf_I_O)         0.819     0.819 f  rst_n_IBUF_inst/O
                         net (fo=185, routed)         0.887     1.706    scratchpad_a/port_a/rst_n_IBUF
    SLICE_X2Y88          LUT1 (Prop_lut1_I0_O)        0.043     1.749 r  scratchpad_a/port_a/slave_queue[1].tail[2]_i_1/O
                         net (fo=6285, routed)       17.304    19.053    alu_c_dma/dma_dst_addr_dut/p_0_in__0
    SLICE_X79Y144        FDRE                                         r  alu_c_dma/dma_dst_addr_dut/data_skid_reg[54]/R
  -------------------------------------------------------------------    -------------------

                         (clock sys_clk rise edge)    0.000     0.000 r  <hidden>
    AL25                                              0.000     0.000 r  clk
                         net (fo=0)                   0.000     0.000    clk
    AL25                 IBUF (Prop_ibuf_I_O)         0.714     0.714 r  clk_IBUF_inst/O
                         net (fo=1, routed)           2.248     2.962    clk_IBUF
    BUFGCTRL_X0Y0        BUFG (Prop_bufg_I_O)         0.083     3.045 r  clk_IBUF_BUFG_inst/O
                         net (fo=16661, routed)       1.264     4.309    alu_c_dma/dma_dst_addr_dut/clk_IBUF_BUFG
    SLICE_X79Y144        FDRE                                         r  alu_c_dma/dma_dst_addr_dut/data_skid_reg[54]/C

Slack:                    inf
  Source:                 rst_n
                            (input port)
  Destination:            alu_c_dma/dma_dst_addr_dut/data_skid_reg[55]/R
                            (rising edge-triggered cell FDRE clocked by sys_clk  {rise@0.000ns fall@2.500ns period=5.000ns})
  Path Group:             (none)
  Path Type:              Setup (Max at Slow Process Corner)
  Data Path Delay:        19.053ns  (logic 0.862ns (4.526%)  route 18.191ns (95.474%))
  Logic Levels:           2  (IBUF=1 LUT1=1)
  Clock Path Skew:        4.309ns (DCD - SCD + CPR)
    Destination Clock Delay (DCD):    4.309ns
    Source Clock Delay      (SCD):    0.000ns
    Clock Pessimism Removal (CPR):    0.000ns
  Clock Uncertainty:      0.025ns  ((TSJ^2 + TIJ^2)^1/2 + DJ) / 2 + PE
    Total System Jitter     (TSJ):    0.050ns
    Total Input Jitter      (TIJ):    0.000ns
    Discrete Jitter          (DJ):    0.000ns
    Phase Error              (PE):    0.000ns

    Location             Delay type                Incr(ns)  Path(ns)    Netlist Resource(s)
  -------------------------------------------------------------------    -------------------
    AN28                                              0.000     0.000 f  rst_n
                         net (fo=0)                   0.000     0.000    rst_n
    AN28                 IBUF (Prop_ibuf_I_O)         0.819     0.819 f  rst_n_IBUF_inst/O
                         net (fo=185, routed)         0.887     1.706    scratchpad_a/port_a/rst_n_IBUF
    SLICE_X2Y88          LUT1 (Prop_lut1_I0_O)        0.043     1.749 r  scratchpad_a/port_a/slave_queue[1].tail[2]_i_1/O
                         net (fo=6285, routed)       17.304    19.053    alu_c_dma/dma_dst_addr_dut/p_0_in__0
    SLICE_X79Y144        FDRE                                         r  alu_c_dma/dma_dst_addr_dut/data_skid_reg[55]/R
  -------------------------------------------------------------------    -------------------

                         (clock sys_clk rise edge)    0.000     0.000 r  <hidden>
    AL25                                              0.000     0.000 r  clk
                         net (fo=0)                   0.000     0.000    clk
    AL25                 IBUF (Prop_ibuf_I_O)         0.714     0.714 r  clk_IBUF_inst/O
                         net (fo=1, routed)           2.248     2.962    clk_IBUF
    BUFGCTRL_X0Y0        BUFG (Prop_bufg_I_O)         0.083     3.045 r  clk_IBUF_BUFG_inst/O
                         net (fo=16661, routed)       1.264     4.309    alu_c_dma/dma_dst_addr_dut/clk_IBUF_BUFG
    SLICE_X79Y144        FDRE                                         r  alu_c_dma/dma_dst_addr_dut/data_skid_reg[55]/C

Slack:                    inf
  Source:                 rst_n
                            (input port)
  Destination:            alu_c_dma/dma_dst_addr_dut/data_skid_reg[58]/R
                            (rising edge-triggered cell FDRE clocked by sys_clk  {rise@0.000ns fall@2.500ns period=5.000ns})
  Path Group:             (none)
  Path Type:              Setup (Max at Slow Process Corner)
  Data Path Delay:        19.053ns  (logic 0.862ns (4.526%)  route 18.191ns (95.474%))
  Logic Levels:           2  (IBUF=1 LUT1=1)
  Clock Path Skew:        4.309ns (DCD - SCD + CPR)
    Destination Clock Delay (DCD):    4.309ns
    Source Clock Delay      (SCD):    0.000ns
    Clock Pessimism Removal (CPR):    0.000ns
  Clock Uncertainty:      0.025ns  ((TSJ^2 + TIJ^2)^1/2 + DJ) / 2 + PE
    Total System Jitter     (TSJ):    0.050ns
    Total Input Jitter      (TIJ):    0.000ns
    Discrete Jitter          (DJ):    0.000ns
    Phase Error              (PE):    0.000ns

    Location             Delay type                Incr(ns)  Path(ns)    Netlist Resource(s)
  -------------------------------------------------------------------    -------------------
    AN28                                              0.000     0.000 f  rst_n
                         net (fo=0)                   0.000     0.000    rst_n
    AN28                 IBUF (Prop_ibuf_I_O)         0.819     0.819 f  rst_n_IBUF_inst/O
                         net (fo=185, routed)         0.887     1.706    scratchpad_a/port_a/rst_n_IBUF
    SLICE_X2Y88          LUT1 (Prop_lut1_I0_O)        0.043     1.749 r  scratchpad_a/port_a/slave_queue[1].tail[2]_i_1/O
                         net (fo=6285, routed)       17.304    19.053    alu_c_dma/dma_dst_addr_dut/p_0_in__0
    SLICE_X79Y144        FDRE                                         r  alu_c_dma/dma_dst_addr_dut/data_skid_reg[58]/R
  -------------------------------------------------------------------    -------------------

                         (clock sys_clk rise edge)    0.000     0.000 r  <hidden>
    AL25                                              0.000     0.000 r  clk
                         net (fo=0)                   0.000     0.000    clk
    AL25                 IBUF (Prop_ibuf_I_O)         0.714     0.714 r  clk_IBUF_inst/O
                         net (fo=1, routed)           2.248     2.962    clk_IBUF
    BUFGCTRL_X0Y0        BUFG (Prop_bufg_I_O)         0.083     3.045 r  clk_IBUF_BUFG_inst/O
                         net (fo=16661, routed)       1.264     4.309    alu_c_dma/dma_dst_addr_dut/clk_IBUF_BUFG
    SLICE_X79Y144        FDRE                                         r  alu_c_dma/dma_dst_addr_dut/data_skid_reg[58]/C

Slack:                    inf
  Source:                 rst_n
                            (input port)
  Destination:            alu_c_dma/dma_dst_addr_dut/data_skid_reg[59]/R
                            (rising edge-triggered cell FDRE clocked by sys_clk  {rise@0.000ns fall@2.500ns period=5.000ns})
  Path Group:             (none)
  Path Type:              Setup (Max at Slow Process Corner)
  Data Path Delay:        19.053ns  (logic 0.862ns (4.526%)  route 18.191ns (95.474%))
  Logic Levels:           2  (IBUF=1 LUT1=1)
  Clock Path Skew:        4.309ns (DCD - SCD + CPR)
    Destination Clock Delay (DCD):    4.309ns
    Source Clock Delay      (SCD):    0.000ns
    Clock Pessimism Removal (CPR):    0.000ns
  Clock Uncertainty:      0.025ns  ((TSJ^2 + TIJ^2)^1/2 + DJ) / 2 + PE
    Total System Jitter     (TSJ):    0.050ns
    Total Input Jitter      (TIJ):    0.000ns
    Discrete Jitter          (DJ):    0.000ns
    Phase Error              (PE):    0.000ns

    Location             Delay type                Incr(ns)  Path(ns)    Netlist Resource(s)
  -------------------------------------------------------------------    -------------------
    AN28                                              0.000     0.000 f  rst_n
                         net (fo=0)                   0.000     0.000    rst_n
    AN28                 IBUF (Prop_ibuf_I_O)         0.819     0.819 f  rst_n_IBUF_inst/O
                         net (fo=185, routed)         0.887     1.706    scratchpad_a/port_a/rst_n_IBUF
    SLICE_X2Y88          LUT1 (Prop_lut1_I0_O)        0.043     1.749 r  scratchpad_a/port_a/slave_queue[1].tail[2]_i_1/O
                         net (fo=6285, routed)       17.304    19.053    alu_c_dma/dma_dst_addr_dut/p_0_in__0
    SLICE_X79Y144        FDRE                                         r  alu_c_dma/dma_dst_addr_dut/data_skid_reg[59]/R
  -------------------------------------------------------------------    -------------------

                         (clock sys_clk rise edge)    0.000     0.000 r  <hidden>
    AL25                                              0.000     0.000 r  clk
                         net (fo=0)                   0.000     0.000    clk
    AL25                 IBUF (Prop_ibuf_I_O)         0.714     0.714 r  clk_IBUF_inst/O
                         net (fo=1, routed)           2.248     2.962    clk_IBUF
    BUFGCTRL_X0Y0        BUFG (Prop_bufg_I_O)         0.083     3.045 r  clk_IBUF_BUFG_inst/O
                         net (fo=16661, routed)       1.264     4.309    alu_c_dma/dma_dst_addr_dut/clk_IBUF_BUFG
    SLICE_X79Y144        FDRE                                         r  alu_c_dma/dma_dst_addr_dut/data_skid_reg[59]/C

Slack:                    inf
  Source:                 rst_n
                            (input port)
  Destination:            alu_a_dma/dma_dst_addr_dut/data_skid_reg[52]/R
                            (rising edge-triggered cell FDRE clocked by sys_clk  {rise@0.000ns fall@2.500ns period=5.000ns})
  Path Group:             (none)
  Path Type:              Setup (Max at Slow Process Corner)
  Data Path Delay:        19.027ns  (logic 0.862ns (4.532%)  route 18.165ns (95.468%))
  Logic Levels:           2  (IBUF=1 LUT1=1)
  Clock Path Skew:        4.309ns (DCD - SCD + CPR)
    Destination Clock Delay (DCD):    4.309ns
    Source Clock Delay      (SCD):    0.000ns
    Clock Pessimism Removal (CPR):    0.000ns
  Clock Uncertainty:      0.025ns  ((TSJ^2 + TIJ^2)^1/2 + DJ) / 2 + PE
    Total System Jitter     (TSJ):    0.050ns
    Total Input Jitter      (TIJ):    0.000ns
    Discrete Jitter          (DJ):    0.000ns
    Phase Error              (PE):    0.000ns

    Location             Delay type                Incr(ns)  Path(ns)    Netlist Resource(s)
  -------------------------------------------------------------------    -------------------
    AN28                                              0.000     0.000 f  rst_n
                         net (fo=0)                   0.000     0.000    rst_n
    AN28                 IBUF (Prop_ibuf_I_O)         0.819     0.819 f  rst_n_IBUF_inst/O
                         net (fo=185, routed)         0.887     1.706    scratchpad_a/port_a/rst_n_IBUF
    SLICE_X2Y88          LUT1 (Prop_lut1_I0_O)        0.043     1.749 r  scratchpad_a/port_a/slave_queue[1].tail[2]_i_1/O
                         net (fo=6285, routed)       17.278    19.027    alu_a_dma/dma_dst_addr_dut/p_0_in__0
    SLICE_X74Y145        FDRE                                         r  alu_a_dma/dma_dst_addr_dut/data_skid_reg[52]/R
  -------------------------------------------------------------------    -------------------

                         (clock sys_clk rise edge)    0.000     0.000 r  <hidden>
    AL25                                              0.000     0.000 r  clk
                         net (fo=0)                   0.000     0.000    clk
    AL25                 IBUF (Prop_ibuf_I_O)         0.714     0.714 r  clk_IBUF_inst/O
                         net (fo=1, routed)           2.248     2.962    clk_IBUF
    BUFGCTRL_X0Y0        BUFG (Prop_bufg_I_O)         0.083     3.045 r  clk_IBUF_BUFG_inst/O
                         net (fo=16661, routed)       1.264     4.309    alu_a_dma/dma_dst_addr_dut/clk_IBUF_BUFG
    SLICE_X74Y145        FDRE                                         r  alu_a_dma/dma_dst_addr_dut/data_skid_reg[52]/C

Slack:                    inf
  Source:                 rst_n
                            (input port)
  Destination:            alu_a_dma/dma_dst_addr_dut/data_skid_reg[53]/R
                            (rising edge-triggered cell FDRE clocked by sys_clk  {rise@0.000ns fall@2.500ns period=5.000ns})
  Path Group:             (none)
  Path Type:              Setup (Max at Slow Process Corner)
  Data Path Delay:        19.027ns  (logic 0.862ns (4.532%)  route 18.165ns (95.468%))
  Logic Levels:           2  (IBUF=1 LUT1=1)
  Clock Path Skew:        4.309ns (DCD - SCD + CPR)
    Destination Clock Delay (DCD):    4.309ns
    Source Clock Delay      (SCD):    0.000ns
    Clock Pessimism Removal (CPR):    0.000ns
  Clock Uncertainty:      0.025ns  ((TSJ^2 + TIJ^2)^1/2 + DJ) / 2 + PE
    Total System Jitter     (TSJ):    0.050ns
    Total Input Jitter      (TIJ):    0.000ns
    Discrete Jitter          (DJ):    0.000ns
    Phase Error              (PE):    0.000ns

    Location             Delay type                Incr(ns)  Path(ns)    Netlist Resource(s)
  -------------------------------------------------------------------    -------------------
    AN28                                              0.000     0.000 f  rst_n
                         net (fo=0)                   0.000     0.000    rst_n
    AN28                 IBUF (Prop_ibuf_I_O)         0.819     0.819 f  rst_n_IBUF_inst/O
                         net (fo=185, routed)         0.887     1.706    scratchpad_a/port_a/rst_n_IBUF
    SLICE_X2Y88          LUT1 (Prop_lut1_I0_O)        0.043     1.749 r  scratchpad_a/port_a/slave_queue[1].tail[2]_i_1/O
                         net (fo=6285, routed)       17.278    19.027    alu_a_dma/dma_dst_addr_dut/p_0_in__0
    SLICE_X74Y145        FDRE                                         r  alu_a_dma/dma_dst_addr_dut/data_skid_reg[53]/R
  -------------------------------------------------------------------    -------------------

                         (clock sys_clk rise edge)    0.000     0.000 r  <hidden>
    AL25                                              0.000     0.000 r  clk
                         net (fo=0)                   0.000     0.000    clk
    AL25                 IBUF (Prop_ibuf_I_O)         0.714     0.714 r  clk_IBUF_inst/O
                         net (fo=1, routed)           2.248     2.962    clk_IBUF
    BUFGCTRL_X0Y0        BUFG (Prop_bufg_I_O)         0.083     3.045 r  clk_IBUF_BUFG_inst/O
                         net (fo=16661, routed)       1.264     4.309    alu_a_dma/dma_dst_addr_dut/clk_IBUF_BUFG
    SLICE_X74Y145        FDRE                                         r  alu_a_dma/dma_dst_addr_dut/data_skid_reg[53]/C

Slack:                    inf
  Source:                 rst_n
                            (input port)
  Destination:            alu_a_dma/dma_dst_addr_dut/data_skid_reg[56]/R
                            (rising edge-triggered cell FDRE clocked by sys_clk  {rise@0.000ns fall@2.500ns period=5.000ns})
  Path Group:             (none)
  Path Type:              Setup (Max at Slow Process Corner)
  Data Path Delay:        19.027ns  (logic 0.862ns (4.532%)  route 18.165ns (95.468%))
  Logic Levels:           2  (IBUF=1 LUT1=1)
  Clock Path Skew:        4.309ns (DCD - SCD + CPR)
    Destination Clock Delay (DCD):    4.309ns
    Source Clock Delay      (SCD):    0.000ns
    Clock Pessimism Removal (CPR):    0.000ns
  Clock Uncertainty:      0.025ns  ((TSJ^2 + TIJ^2)^1/2 + DJ) / 2 + PE
    Total System Jitter     (TSJ):    0.050ns
    Total Input Jitter      (TIJ):    0.000ns
    Discrete Jitter          (DJ):    0.000ns
    Phase Error              (PE):    0.000ns

    Location             Delay type                Incr(ns)  Path(ns)    Netlist Resource(s)
  -------------------------------------------------------------------    -------------------
    AN28                                              0.000     0.000 f  rst_n
                         net (fo=0)                   0.000     0.000    rst_n
    AN28                 IBUF (Prop_ibuf_I_O)         0.819     0.819 f  rst_n_IBUF_inst/O
                         net (fo=185, routed)         0.887     1.706    scratchpad_a/port_a/rst_n_IBUF
    SLICE_X2Y88          LUT1 (Prop_lut1_I0_O)        0.043     1.749 r  scratchpad_a/port_a/slave_queue[1].tail[2]_i_1/O
                         net (fo=6285, routed)       17.278    19.027    alu_a_dma/dma_dst_addr_dut/p_0_in__0
    SLICE_X74Y145        FDRE                                         r  alu_a_dma/dma_dst_addr_dut/data_skid_reg[56]/R
  -------------------------------------------------------------------    -------------------

                         (clock sys_clk rise edge)    0.000     0.000 r  <hidden>
    AL25                                              0.000     0.000 r  clk
                         net (fo=0)                   0.000     0.000    clk
    AL25                 IBUF (Prop_ibuf_I_O)         0.714     0.714 r  clk_IBUF_inst/O
                         net (fo=1, routed)           2.248     2.962    clk_IBUF
    BUFGCTRL_X0Y0        BUFG (Prop_bufg_I_O)         0.083     3.045 r  clk_IBUF_BUFG_inst/O
                         net (fo=16661, routed)       1.264     4.309    alu_a_dma/dma_dst_addr_dut/clk_IBUF_BUFG
    SLICE_X74Y145        FDRE                                         r  alu_a_dma/dma_dst_addr_dut/data_skid_reg[56]/C

Slack:                    inf
  Source:                 rst_n
                            (input port)
  Destination:            alu_a_dma/dma_dst_addr_dut/data_skid_reg[57]/R
                            (rising edge-triggered cell FDRE clocked by sys_clk  {rise@0.000ns fall@2.500ns period=5.000ns})
  Path Group:             (none)
  Path Type:              Setup (Max at Slow Process Corner)
  Data Path Delay:        19.027ns  (logic 0.862ns (4.532%)  route 18.165ns (95.468%))
  Logic Levels:           2  (IBUF=1 LUT1=1)
  Clock Path Skew:        4.309ns (DCD - SCD + CPR)
    Destination Clock Delay (DCD):    4.309ns
    Source Clock Delay      (SCD):    0.000ns
    Clock Pessimism Removal (CPR):    0.000ns
  Clock Uncertainty:      0.025ns  ((TSJ^2 + TIJ^2)^1/2 + DJ) / 2 + PE
    Total System Jitter     (TSJ):    0.050ns
    Total Input Jitter      (TIJ):    0.000ns
    Discrete Jitter          (DJ):    0.000ns
    Phase Error              (PE):    0.000ns

    Location             Delay type                Incr(ns)  Path(ns)    Netlist Resource(s)
  -------------------------------------------------------------------    -------------------
    AN28                                              0.000     0.000 f  rst_n
                         net (fo=0)                   0.000     0.000    rst_n
    AN28                 IBUF (Prop_ibuf_I_O)         0.819     0.819 f  rst_n_IBUF_inst/O
                         net (fo=185, routed)         0.887     1.706    scratchpad_a/port_a/rst_n_IBUF
    SLICE_X2Y88          LUT1 (Prop_lut1_I0_O)        0.043     1.749 r  scratchpad_a/port_a/slave_queue[1].tail[2]_i_1/O
                         net (fo=6285, routed)       17.278    19.027    alu_a_dma/dma_dst_addr_dut/p_0_in__0
    SLICE_X74Y145        FDRE                                         r  alu_a_dma/dma_dst_addr_dut/data_skid_reg[57]/R
  -------------------------------------------------------------------    -------------------

                         (clock sys_clk rise edge)    0.000     0.000 r  <hidden>
    AL25                                              0.000     0.000 r  clk
                         net (fo=0)                   0.000     0.000    clk
    AL25                 IBUF (Prop_ibuf_I_O)         0.714     0.714 r  clk_IBUF_inst/O
                         net (fo=1, routed)           2.248     2.962    clk_IBUF
    BUFGCTRL_X0Y0        BUFG (Prop_bufg_I_O)         0.083     3.045 r  clk_IBUF_BUFG_inst/O
                         net (fo=16661, routed)       1.264     4.309    alu_a_dma/dma_dst_addr_dut/clk_IBUF_BUFG
    SLICE_X74Y145        FDRE                                         r  alu_a_dma/dma_dst_addr_dut/data_skid_reg[57]/C

Slack:                    inf
  Source:                 rst_n
                            (input port)
  Destination:            alu_a_dma/dma_dst_addr_dut/data_skid_reg[58]/R
                            (rising edge-triggered cell FDRE clocked by sys_clk  {rise@0.000ns fall@2.500ns period=5.000ns})
  Path Group:             (none)
  Path Type:              Setup (Max at Slow Process Corner)
  Data Path Delay:        19.027ns  (logic 0.862ns (4.532%)  route 18.165ns (95.468%))
  Logic Levels:           2  (IBUF=1 LUT1=1)
  Clock Path Skew:        4.309ns (DCD - SCD + CPR)
    Destination Clock Delay (DCD):    4.309ns
    Source Clock Delay      (SCD):    0.000ns
    Clock Pessimism Removal (CPR):    0.000ns
  Clock Uncertainty:      0.025ns  ((TSJ^2 + TIJ^2)^1/2 + DJ) / 2 + PE
    Total System Jitter     (TSJ):    0.050ns
    Total Input Jitter      (TIJ):    0.000ns
    Discrete Jitter          (DJ):    0.000ns
    Phase Error              (PE):    0.000ns

    Location             Delay type                Incr(ns)  Path(ns)    Netlist Resource(s)
  -------------------------------------------------------------------    -------------------
    AN28                                              0.000     0.000 f  rst_n
                         net (fo=0)                   0.000     0.000    rst_n
    AN28                 IBUF (Prop_ibuf_I_O)         0.819     0.819 f  rst_n_IBUF_inst/O
                         net (fo=185, routed)         0.887     1.706    scratchpad_a/port_a/rst_n_IBUF
    SLICE_X2Y88          LUT1 (Prop_lut1_I0_O)        0.043     1.749 r  scratchpad_a/port_a/slave_queue[1].tail[2]_i_1/O
                         net (fo=6285, routed)       17.278    19.027    alu_a_dma/dma_dst_addr_dut/p_0_in__0
    SLICE_X74Y145        FDRE                                         r  alu_a_dma/dma_dst_addr_dut/data_skid_reg[58]/R
  -------------------------------------------------------------------    -------------------

                         (clock sys_clk rise edge)    0.000     0.000 r  <hidden>
    AL25                                              0.000     0.000 r  clk
                         net (fo=0)                   0.000     0.000    clk
    AL25                 IBUF (Prop_ibuf_I_O)         0.714     0.714 r  clk_IBUF_inst/O
                         net (fo=1, routed)           2.248     2.962    clk_IBUF
    BUFGCTRL_X0Y0        BUFG (Prop_bufg_I_O)         0.083     3.045 r  clk_IBUF_BUFG_inst/O
                         net (fo=16661, routed)       1.264     4.309    alu_a_dma/dma_dst_addr_dut/clk_IBUF_BUFG
    SLICE_X74Y145        FDRE                                         r  alu_a_dma/dma_dst_addr_dut/data_skid_reg[58]/C

Slack:                    inf
  Source:                 rst_n
                            (input port)
  Destination:            alu_a_dma/dma_dst_addr_dut/data_skid_reg[59]/R
                            (rising edge-triggered cell FDRE clocked by sys_clk  {rise@0.000ns fall@2.500ns period=5.000ns})
  Path Group:             (none)
  Path Type:              Setup (Max at Slow Process Corner)
  Data Path Delay:        19.027ns  (logic 0.862ns (4.532%)  route 18.165ns (95.468%))
  Logic Levels:           2  (IBUF=1 LUT1=1)
  Clock Path Skew:        4.309ns (DCD - SCD + CPR)
    Destination Clock Delay (DCD):    4.309ns
    Source Clock Delay      (SCD):    0.000ns
    Clock Pessimism Removal (CPR):    0.000ns
  Clock Uncertainty:      0.025ns  ((TSJ^2 + TIJ^2)^1/2 + DJ) / 2 + PE
    Total System Jitter     (TSJ):    0.050ns
    Total Input Jitter      (TIJ):    0.000ns
    Discrete Jitter          (DJ):    0.000ns
    Phase Error              (PE):    0.000ns

    Location             Delay type                Incr(ns)  Path(ns)    Netlist Resource(s)
  -------------------------------------------------------------------    -------------------
    AN28                                              0.000     0.000 f  rst_n
                         net (fo=0)                   0.000     0.000    rst_n
    AN28                 IBUF (Prop_ibuf_I_O)         0.819     0.819 f  rst_n_IBUF_inst/O
                         net (fo=185, routed)         0.887     1.706    scratchpad_a/port_a/rst_n_IBUF
    SLICE_X2Y88          LUT1 (Prop_lut1_I0_O)        0.043     1.749 r  scratchpad_a/port_a/slave_queue[1].tail[2]_i_1/O
                         net (fo=6285, routed)       17.278    19.027    alu_a_dma/dma_dst_addr_dut/p_0_in__0
    SLICE_X74Y145        FDRE                                         r  alu_a_dma/dma_dst_addr_dut/data_skid_reg[59]/R
  -------------------------------------------------------------------    -------------------

                         (clock sys_clk rise edge)    0.000     0.000 r  <hidden>
    AL25                                              0.000     0.000 r  clk
                         net (fo=0)                   0.000     0.000    clk
    AL25                 IBUF (Prop_ibuf_I_O)         0.714     0.714 r  clk_IBUF_inst/O
                         net (fo=1, routed)           2.248     2.962    clk_IBUF
    BUFGCTRL_X0Y0        BUFG (Prop_bufg_I_O)         0.083     3.045 r  clk_IBUF_BUFG_inst/O
                         net (fo=16661, routed)       1.264     4.309    alu_a_dma/dma_dst_addr_dut/clk_IBUF_BUFG
    SLICE_X74Y145        FDRE                                         r  alu_a_dma/dma_dst_addr_dut/data_skid_reg[59]/C

Slack:                    inf
  Source:                 rst_n
                            (input port)
  Destination:            alu_a_dma/dma_dst_addr_dut/data_skid_reg[60]/R
                            (rising edge-triggered cell FDRE clocked by sys_clk  {rise@0.000ns fall@2.500ns period=5.000ns})
  Path Group:             (none)
  Path Type:              Setup (Max at Slow Process Corner)
  Data Path Delay:        19.027ns  (logic 0.862ns (4.532%)  route 18.165ns (95.468%))
  Logic Levels:           2  (IBUF=1 LUT1=1)
  Clock Path Skew:        4.309ns (DCD - SCD + CPR)
    Destination Clock Delay (DCD):    4.309ns
    Source Clock Delay      (SCD):    0.000ns
    Clock Pessimism Removal (CPR):    0.000ns
  Clock Uncertainty:      0.025ns  ((TSJ^2 + TIJ^2)^1/2 + DJ) / 2 + PE
    Total System Jitter     (TSJ):    0.050ns
    Total Input Jitter      (TIJ):    0.000ns
    Discrete Jitter          (DJ):    0.000ns
    Phase Error              (PE):    0.000ns

    Location             Delay type                Incr(ns)  Path(ns)    Netlist Resource(s)
  -------------------------------------------------------------------    -------------------
    AN28                                              0.000     0.000 f  rst_n
                         net (fo=0)                   0.000     0.000    rst_n
    AN28                 IBUF (Prop_ibuf_I_O)         0.819     0.819 f  rst_n_IBUF_inst/O
                         net (fo=185, routed)         0.887     1.706    scratchpad_a/port_a/rst_n_IBUF
    SLICE_X2Y88          LUT1 (Prop_lut1_I0_O)        0.043     1.749 r  scratchpad_a/port_a/slave_queue[1].tail[2]_i_1/O
                         net (fo=6285, routed)       17.278    19.027    alu_a_dma/dma_dst_addr_dut/p_0_in__0
    SLICE_X74Y145        FDRE                                         r  alu_a_dma/dma_dst_addr_dut/data_skid_reg[60]/R
  -------------------------------------------------------------------    -------------------

                         (clock sys_clk rise edge)    0.000     0.000 r  <hidden>
    AL25                                              0.000     0.000 r  clk
                         net (fo=0)                   0.000     0.000    clk
    AL25                 IBUF (Prop_ibuf_I_O)         0.714     0.714 r  clk_IBUF_inst/O
                         net (fo=1, routed)           2.248     2.962    clk_IBUF
    BUFGCTRL_X0Y0        BUFG (Prop_bufg_I_O)         0.083     3.045 r  clk_IBUF_BUFG_inst/O
                         net (fo=16661, routed)       1.264     4.309    alu_a_dma/dma_dst_addr_dut/clk_IBUF_BUFG
    SLICE_X74Y145        FDRE                                         r  alu_a_dma/dma_dst_addr_dut/data_skid_reg[60]/C

Slack:                    inf
  Source:                 rst_n
                            (input port)
  Destination:            alu_c_dma/fifo_dut/output_data_0_reg[54]/CLR
                            (recovery check against rising-edge clock sys_clk  {rise@0.000ns fall@2.500ns period=5.000ns})
  Path Group:             (none)
  Path Type:              Recovery (Max at Slow Process Corner)
  Data Path Delay:        18.968ns  (logic 0.862ns (4.546%)  route 18.106ns (95.454%))
  Logic Levels:           2  (IBUF=1 LUT1=1)
  Clock Path Skew:        4.308ns (DCD - SCD + CPR)
    Destination Clock Delay (DCD):    4.308ns
    Source Clock Delay      (SCD):    0.000ns
    Clock Pessimism Removal (CPR):    0.000ns
  Clock Uncertainty:      0.025ns  ((TSJ^2 + TIJ^2)^1/2 + DJ) / 2 + PE
    Total System Jitter     (TSJ):    0.050ns
    Total Input Jitter      (TIJ):    0.000ns
    Discrete Jitter          (DJ):    0.000ns
    Phase Error              (PE):    0.000ns

    Location             Delay type                Incr(ns)  Path(ns)    Netlist Resource(s)
  -------------------------------------------------------------------    -------------------
    AN28                                              0.000     0.000 r  rst_n
                         net (fo=0)                   0.000     0.000    rst_n
    AN28                 IBUF (Prop_ibuf_I_O)         0.819     0.819 r  rst_n_IBUF_inst/O
                         net (fo=185, routed)         0.887     1.706    scratchpad_a/port_a/rst_n_IBUF
    SLICE_X2Y88          LUT1 (Prop_lut1_I0_O)        0.043     1.749 f  scratchpad_a/port_a/slave_queue[1].tail[2]_i_1/O
                         net (fo=6285, routed)       17.219    18.968    alu_c_dma/fifo_dut/p_0_in__0
    SLICE_X79Y143        FDCE                                         f  alu_c_dma/fifo_dut/output_data_0_reg[54]/CLR
  -------------------------------------------------------------------    -------------------

                         (clock sys_clk rise edge)    0.000     0.000 r  <hidden>
    AL25                                              0.000     0.000 r  clk
                         net (fo=0)                   0.000     0.000    clk
    AL25                 IBUF (Prop_ibuf_I_O)         0.714     0.714 r  clk_IBUF_inst/O
                         net (fo=1, routed)           2.248     2.962    clk_IBUF
    BUFGCTRL_X0Y0        BUFG (Prop_bufg_I_O)         0.083     3.045 r  clk_IBUF_BUFG_inst/O
                         net (fo=16661, routed)       1.263     4.308    alu_c_dma/fifo_dut/clk_IBUF_BUFG
    SLICE_X79Y143        FDCE                                         r  alu_c_dma/fifo_dut/output_data_0_reg[54]/C

Slack:                    inf
  Source:                 rst_n
                            (input port)
  Destination:            alu_c_dma/fifo_dut/output_data_0_reg[59]/CLR
                            (recovery check against rising-edge clock sys_clk  {rise@0.000ns fall@2.500ns period=5.000ns})
  Path Group:             (none)
  Path Type:              Recovery (Max at Slow Process Corner)
  Data Path Delay:        18.968ns  (logic 0.862ns (4.546%)  route 18.106ns (95.454%))
  Logic Levels:           2  (IBUF=1 LUT1=1)
  Clock Path Skew:        4.308ns (DCD - SCD + CPR)
    Destination Clock Delay (DCD):    4.308ns
    Source Clock Delay      (SCD):    0.000ns
    Clock Pessimism Removal (CPR):    0.000ns
  Clock Uncertainty:      0.025ns  ((TSJ^2 + TIJ^2)^1/2 + DJ) / 2 + PE
    Total System Jitter     (TSJ):    0.050ns
    Total Input Jitter      (TIJ):    0.000ns
    Discrete Jitter          (DJ):    0.000ns
    Phase Error              (PE):    0.000ns

    Location             Delay type                Incr(ns)  Path(ns)    Netlist Resource(s)
  -------------------------------------------------------------------    -------------------
    AN28                                              0.000     0.000 r  rst_n
                         net (fo=0)                   0.000     0.000    rst_n
    AN28                 IBUF (Prop_ibuf_I_O)         0.819     0.819 r  rst_n_IBUF_inst/O
                         net (fo=185, routed)         0.887     1.706    scratchpad_a/port_a/rst_n_IBUF
    SLICE_X2Y88          LUT1 (Prop_lut1_I0_O)        0.043     1.749 f  scratchpad_a/port_a/slave_queue[1].tail[2]_i_1/O
                         net (fo=6285, routed)       17.219    18.968    alu_c_dma/fifo_dut/p_0_in__0
    SLICE_X79Y143        FDCE                                         f  alu_c_dma/fifo_dut/output_data_0_reg[59]/CLR
  -------------------------------------------------------------------    -------------------

                         (clock sys_clk rise edge)    0.000     0.000 r  <hidden>
    AL25                                              0.000     0.000 r  clk
                         net (fo=0)                   0.000     0.000    clk
    AL25                 IBUF (Prop_ibuf_I_O)         0.714     0.714 r  clk_IBUF_inst/O
                         net (fo=1, routed)           2.248     2.962    clk_IBUF
    BUFGCTRL_X0Y0        BUFG (Prop_bufg_I_O)         0.083     3.045 r  clk_IBUF_BUFG_inst/O
                         net (fo=16661, routed)       1.263     4.308    alu_c_dma/fifo_dut/clk_IBUF_BUFG
    SLICE_X79Y143        FDCE                                         r  alu_c_dma/fifo_dut/output_data_0_reg[59]/C

Slack:                    inf
  Source:                 rst_n
                            (input port)
  Destination:            alu_c_dma/fifo_dut/output_data_0_reg[39]/CLR
                            (recovery check against rising-edge clock sys_clk  {rise@0.000ns fall@2.500ns period=5.000ns})
  Path Group:             (none)
  Path Type:              Recovery (Max at Slow Process Corner)
  Data Path Delay:        18.913ns  (logic 0.862ns (4.559%)  route 18.051ns (95.441%))
  Logic Levels:           2  (IBUF=1 LUT1=1)
  Clock Path Skew:        4.305ns (DCD - SCD + CPR)
    Destination Clock Delay (DCD):    4.305ns
    Source Clock Delay      (SCD):    0.000ns
    Clock Pessimism Removal (CPR):    0.000ns
  Clock Uncertainty:      0.025ns  ((TSJ^2 + TIJ^2)^1/2 + DJ) / 2 + PE
    Total System Jitter     (TSJ):    0.050ns
    Total Input Jitter      (TIJ):    0.000ns
    Discrete Jitter          (DJ):    0.000ns
    Phase Error              (PE):    0.000ns

    Location             Delay type                Incr(ns)  Path(ns)    Netlist Resource(s)
  -------------------------------------------------------------------    -------------------
    AN28                                              0.000     0.000 r  rst_n
                         net (fo=0)                   0.000     0.000    rst_n
    AN28                 IBUF (Prop_ibuf_I_O)         0.819     0.819 r  rst_n_IBUF_inst/O
                         net (fo=185, routed)         0.887     1.706    scratchpad_a/port_a/rst_n_IBUF
    SLICE_X2Y88          LUT1 (Prop_lut1_I0_O)        0.043     1.749 f  scratchpad_a/port_a/slave_queue[1].tail[2]_i_1/O
                         net (fo=6285, routed)       17.164    18.913    alu_c_dma/fifo_dut/p_0_in__0
    SLICE_X78Y138        FDCE                                         f  alu_c_dma/fifo_dut/output_data_0_reg[39]/CLR
  -------------------------------------------------------------------    -------------------

                         (clock sys_clk rise edge)    0.000     0.000 r  <hidden>
    AL25                                              0.000     0.000 r  clk
                         net (fo=0)                   0.000     0.000    clk
    AL25                 IBUF (Prop_ibuf_I_O)         0.714     0.714 r  clk_IBUF_inst/O
                         net (fo=1, routed)           2.248     2.962    clk_IBUF
    BUFGCTRL_X0Y0        BUFG (Prop_bufg_I_O)         0.083     3.045 r  clk_IBUF_BUFG_inst/O
                         net (fo=16661, routed)       1.260     4.305    alu_c_dma/fifo_dut/clk_IBUF_BUFG
    SLICE_X78Y138        FDCE                                         r  alu_c_dma/fifo_dut/output_data_0_reg[39]/C

Slack:                    inf
  Source:                 rst_n
                            (input port)
  Destination:            alu_c_dma/fifo_dut/output_data_0_reg[49]/CLR
                            (recovery check against rising-edge clock sys_clk  {rise@0.000ns fall@2.500ns period=5.000ns})
  Path Group:             (none)
  Path Type:              Recovery (Max at Slow Process Corner)
  Data Path Delay:        18.913ns  (logic 0.862ns (4.559%)  route 18.051ns (95.441%))
  Logic Levels:           2  (IBUF=1 LUT1=1)
  Clock Path Skew:        4.305ns (DCD - SCD + CPR)
    Destination Clock Delay (DCD):    4.305ns
    Source Clock Delay      (SCD):    0.000ns
    Clock Pessimism Removal (CPR):    0.000ns
  Clock Uncertainty:      0.025ns  ((TSJ^2 + TIJ^2)^1/2 + DJ) / 2 + PE
    Total System Jitter     (TSJ):    0.050ns
    Total Input Jitter      (TIJ):    0.000ns
    Discrete Jitter          (DJ):    0.000ns
    Phase Error              (PE):    0.000ns

    Location             Delay type                Incr(ns)  Path(ns)    Netlist Resource(s)
  -------------------------------------------------------------------    -------------------
    AN28                                              0.000     0.000 r  rst_n
                         net (fo=0)                   0.000     0.000    rst_n
    AN28                 IBUF (Prop_ibuf_I_O)         0.819     0.819 r  rst_n_IBUF_inst/O
                         net (fo=185, routed)         0.887     1.706    scratchpad_a/port_a/rst_n_IBUF
    SLICE_X2Y88          LUT1 (Prop_lut1_I0_O)        0.043     1.749 f  scratchpad_a/port_a/slave_queue[1].tail[2]_i_1/O
                         net (fo=6285, routed)       17.164    18.913    alu_c_dma/fifo_dut/p_0_in__0
    SLICE_X78Y138        FDCE                                         f  alu_c_dma/fifo_dut/output_data_0_reg[49]/CLR
  -------------------------------------------------------------------    -------------------

                         (clock sys_clk rise edge)    0.000     0.000 r  <hidden>
    AL25                                              0.000     0.000 r  clk
                         net (fo=0)                   0.000     0.000    clk
    AL25                 IBUF (Prop_ibuf_I_O)         0.714     0.714 r  clk_IBUF_inst/O
                         net (fo=1, routed)           2.248     2.962    clk_IBUF
    BUFGCTRL_X0Y0        BUFG (Prop_bufg_I_O)         0.083     3.045 r  clk_IBUF_BUFG_inst/O
                         net (fo=16661, routed)       1.260     4.305    alu_c_dma/fifo_dut/clk_IBUF_BUFG
    SLICE_X78Y138        FDCE                                         r  alu_c_dma/fifo_dut/output_data_0_reg[49]/C

Slack:                    inf
  Source:                 rst_n
                            (input port)
  Destination:            alu_c_dma/fifo_dut/output_data_0_reg[53]/CLR
                            (recovery check against rising-edge clock sys_clk  {rise@0.000ns fall@2.500ns period=5.000ns})
  Path Group:             (none)
  Path Type:              Recovery (Max at Slow Process Corner)
  Data Path Delay:        18.913ns  (logic 0.862ns (4.559%)  route 18.051ns (95.441%))
  Logic Levels:           2  (IBUF=1 LUT1=1)
  Clock Path Skew:        4.305ns (DCD - SCD + CPR)
    Destination Clock Delay (DCD):    4.305ns
    Source Clock Delay      (SCD):    0.000ns
    Clock Pessimism Removal (CPR):    0.000ns
  Clock Uncertainty:      0.025ns  ((TSJ^2 + TIJ^2)^1/2 + DJ) / 2 + PE
    Total System Jitter     (TSJ):    0.050ns
    Total Input Jitter      (TIJ):    0.000ns
    Discrete Jitter          (DJ):    0.000ns
    Phase Error              (PE):    0.000ns

    Location             Delay type                Incr(ns)  Path(ns)    Netlist Resource(s)
  -------------------------------------------------------------------    -------------------
    AN28                                              0.000     0.000 r  rst_n
                         net (fo=0)                   0.000     0.000    rst_n
    AN28                 IBUF (Prop_ibuf_I_O)         0.819     0.819 r  rst_n_IBUF_inst/O
                         net (fo=185, routed)         0.887     1.706    scratchpad_a/port_a/rst_n_IBUF
    SLICE_X2Y88          LUT1 (Prop_lut1_I0_O)        0.043     1.749 f  scratchpad_a/port_a/slave_queue[1].tail[2]_i_1/O
                         net (fo=6285, routed)       17.164    18.913    alu_c_dma/fifo_dut/p_0_in__0
    SLICE_X78Y138        FDCE                                         f  alu_c_dma/fifo_dut/output_data_0_reg[53]/CLR
  -------------------------------------------------------------------    -------------------

                         (clock sys_clk rise edge)    0.000     0.000 r  <hidden>
    AL25                                              0.000     0.000 r  clk
                         net (fo=0)                   0.000     0.000    clk
    AL25                 IBUF (Prop_ibuf_I_O)         0.714     0.714 r  clk_IBUF_inst/O
                         net (fo=1, routed)           2.248     2.962    clk_IBUF
    BUFGCTRL_X0Y0        BUFG (Prop_bufg_I_O)         0.083     3.045 r  clk_IBUF_BUFG_inst/O
                         net (fo=16661, routed)       1.260     4.305    alu_c_dma/fifo_dut/clk_IBUF_BUFG
    SLICE_X78Y138        FDCE                                         r  alu_c_dma/fifo_dut/output_data_0_reg[53]/C





Min Delay Paths
--------------------------------------------------------------------------------------
Slack:                    inf
  Source:                 rst_n
                            (input port)
  Destination:            bram_arbiter_0/sel_fifo/fifo_mem_reg[1][0]/D
                            (rising edge-triggered cell FDRE clocked by sys_clk  {rise@0.000ns fall@2.500ns period=5.000ns})
  Path Group:             (none)
  Path Type:              Hold (Min at Fast Process Corner)
  Data Path Delay:        0.663ns  (logic 0.189ns (28.478%)  route 0.474ns (71.522%))
  Logic Levels:           2  (IBUF=1 LUT6=1)
  Clock Path Skew:        2.615ns (DCD - SCD - CPR)
    Destination Clock Delay (DCD):    2.615ns
    Source Clock Delay      (SCD):    0.000ns
    Clock Pessimism Removal (CPR):    -0.000ns

    Location             Delay type                Incr(ns)  Path(ns)    Netlist Resource(s)
  -------------------------------------------------------------------    -------------------
    AN28                                              0.000     0.000 r  rst_n
                         net (fo=0)                   0.000     0.000    rst_n
    AN28                 IBUF (Prop_ibuf_I_O)         0.161     0.161 r  rst_n_IBUF_inst/O
                         net (fo=185, routed)         0.474     0.635    bram_arbiter_0/sel_fifo/rst_n_IBUF
    SLICE_X4Y94          LUT6 (Prop_lut6_I3_O)        0.028     0.663 r  bram_arbiter_0/sel_fifo/fifo_mem[1][0]_i_1__0/O
                         net (fo=1, routed)           0.000     0.663    bram_arbiter_0/sel_fifo/fifo_mem[1][0]_i_1__0_n_0
    SLICE_X4Y94          FDRE                                         r  bram_arbiter_0/sel_fifo/fifo_mem_reg[1][0]/D
  -------------------------------------------------------------------    -------------------

                         (clock sys_clk rise edge)    0.000     0.000 r  <hidden>
    AL25                                              0.000     0.000 r  clk
                         net (fo=0)                   0.000     0.000    clk
    AL25                 IBUF (Prop_ibuf_I_O)         0.380     0.380 r  clk_IBUF_inst/O
                         net (fo=1, routed)           1.200     1.580    clk_IBUF
    BUFGCTRL_X0Y0        BUFG (Prop_bufg_I_O)         0.030     1.610 r  clk_IBUF_BUFG_inst/O
                         net (fo=16661, routed)       1.005     2.615    bram_arbiter_0/sel_fifo/clk_IBUF_BUFG
    SLICE_X4Y94          FDRE                                         r  bram_arbiter_0/sel_fifo/fifo_mem_reg[1][0]/C

Slack:                    inf
  Source:                 rst_n
                            (input port)
  Destination:            bram_arbiter_0/sel_fifo/fifo_mem_reg[0][0]/D
                            (rising edge-triggered cell FDRE clocked by sys_clk  {rise@0.000ns fall@2.500ns period=5.000ns})
  Path Group:             (none)
  Path Type:              Hold (Min at Fast Process Corner)
  Data Path Delay:        0.663ns  (logic 0.189ns (28.474%)  route 0.474ns (71.526%))
  Logic Levels:           2  (IBUF=1 LUT6=1)
  Clock Path Skew:        2.615ns (DCD - SCD - CPR)
    Destination Clock Delay (DCD):    2.615ns
    Source Clock Delay      (SCD):    0.000ns
    Clock Pessimism Removal (CPR):    -0.000ns

    Location             Delay type                Incr(ns)  Path(ns)    Netlist Resource(s)
  -------------------------------------------------------------------    -------------------
    AN28                                              0.000     0.000 r  rst_n
                         net (fo=0)                   0.000     0.000    rst_n
    AN28                 IBUF (Prop_ibuf_I_O)         0.161     0.161 r  rst_n_IBUF_inst/O
                         net (fo=185, routed)         0.474     0.635    bram_arbiter_0/sel_fifo/rst_n_IBUF
    SLICE_X4Y94          LUT6 (Prop_lut6_I3_O)        0.028     0.663 r  bram_arbiter_0/sel_fifo/fifo_mem[0][0]_i_1__0/O
                         net (fo=1, routed)           0.000     0.663    bram_arbiter_0/sel_fifo/fifo_mem[0][0]_i_1__0_n_0
    SLICE_X4Y94          FDRE                                         r  bram_arbiter_0/sel_fifo/fifo_mem_reg[0][0]/D
  -------------------------------------------------------------------    -------------------

                         (clock sys_clk rise edge)    0.000     0.000 r  <hidden>
    AL25                                              0.000     0.000 r  clk
                         net (fo=0)                   0.000     0.000    clk
    AL25                 IBUF (Prop_ibuf_I_O)         0.380     0.380 r  clk_IBUF_inst/O
                         net (fo=1, routed)           1.200     1.580    clk_IBUF
    BUFGCTRL_X0Y0        BUFG (Prop_bufg_I_O)         0.030     1.610 r  clk_IBUF_BUFG_inst/O
                         net (fo=16661, routed)       1.005     2.615    bram_arbiter_0/sel_fifo/clk_IBUF_BUFG
    SLICE_X4Y94          FDRE                                         r  bram_arbiter_0/sel_fifo/fifo_mem_reg[0][0]/C

Slack:                    inf
  Source:                 rst_n
                            (input port)
  Destination:            bram_arbiter_0/sel_fifo/fifo_mem_reg[3][0]/D
                            (rising edge-triggered cell FDRE clocked by sys_clk  {rise@0.000ns fall@2.500ns period=5.000ns})
  Path Group:             (none)
  Path Type:              Hold (Min at Fast Process Corner)
  Data Path Delay:        0.723ns  (logic 0.189ns (26.109%)  route 0.534ns (73.891%))
  Logic Levels:           2  (IBUF=1 LUT6=1)
  Clock Path Skew:        2.615ns (DCD - SCD - CPR)
    Destination Clock Delay (DCD):    2.615ns
    Source Clock Delay      (SCD):    0.000ns
    Clock Pessimism Removal (CPR):    -0.000ns

    Location             Delay type                Incr(ns)  Path(ns)    Netlist Resource(s)
  -------------------------------------------------------------------    -------------------
    AN28                                              0.000     0.000 r  rst_n
                         net (fo=0)                   0.000     0.000    rst_n
    AN28                 IBUF (Prop_ibuf_I_O)         0.161     0.161 r  rst_n_IBUF_inst/O
                         net (fo=185, routed)         0.534     0.695    bram_arbiter_0/sel_fifo/rst_n_IBUF
    SLICE_X4Y94          LUT6 (Prop_lut6_I3_O)        0.028     0.723 r  bram_arbiter_0/sel_fifo/fifo_mem[3][0]_i_1__0/O
                         net (fo=1, routed)           0.000     0.723    bram_arbiter_0/sel_fifo/fifo_mem[3][0]_i_1__0_n_0
    SLICE_X4Y94          FDRE                                         r  bram_arbiter_0/sel_fifo/fifo_mem_reg[3][0]/D
  -------------------------------------------------------------------    -------------------

                         (clock sys_clk rise edge)    0.000     0.000 r  <hidden>
    AL25                                              0.000     0.000 r  clk
                         net (fo=0)                   0.000     0.000    clk
    AL25                 IBUF (Prop_ibuf_I_O)         0.380     0.380 r  clk_IBUF_inst/O
                         net (fo=1, routed)           1.200     1.580    clk_IBUF
    BUFGCTRL_X0Y0        BUFG (Prop_bufg_I_O)         0.030     1.610 r  clk_IBUF_BUFG_inst/O
                         net (fo=16661, routed)       1.005     2.615    bram_arbiter_0/sel_fifo/clk_IBUF_BUFG
    SLICE_X4Y94          FDRE                                         r  bram_arbiter_0/sel_fifo/fifo_mem_reg[3][0]/C

Slack:                    inf
  Source:                 rst_n
                            (input port)
  Destination:            bram_arbiter_0/sel_fifo/fifo_mem_reg[2][0]/D
                            (rising edge-triggered cell FDRE clocked by sys_clk  {rise@0.000ns fall@2.500ns period=5.000ns})
  Path Group:             (none)
  Path Type:              Hold (Min at Fast Process Corner)
  Data Path Delay:        0.727ns  (logic 0.189ns (25.969%)  route 0.538ns (74.031%))
  Logic Levels:           2  (IBUF=1 LUT6=1)
  Clock Path Skew:        2.615ns (DCD - SCD - CPR)
    Destination Clock Delay (DCD):    2.615ns
    Source Clock Delay      (SCD):    0.000ns
    Clock Pessimism Removal (CPR):    -0.000ns

    Location             Delay type                Incr(ns)  Path(ns)    Netlist Resource(s)
  -------------------------------------------------------------------    -------------------
    AN28                                              0.000     0.000 r  rst_n
                         net (fo=0)                   0.000     0.000    rst_n
    AN28                 IBUF (Prop_ibuf_I_O)         0.161     0.161 r  rst_n_IBUF_inst/O
                         net (fo=185, routed)         0.538     0.699    bram_arbiter_0/sel_fifo/rst_n_IBUF
    SLICE_X4Y94          LUT6 (Prop_lut6_I3_O)        0.028     0.727 r  bram_arbiter_0/sel_fifo/fifo_mem[2][0]_i_1__0/O
                         net (fo=1, routed)           0.000     0.727    bram_arbiter_0/sel_fifo/fifo_mem[2][0]_i_1__0_n_0
    SLICE_X4Y94          FDRE                                         r  bram_arbiter_0/sel_fifo/fifo_mem_reg[2][0]/D
  -------------------------------------------------------------------    -------------------

                         (clock sys_clk rise edge)    0.000     0.000 r  <hidden>
    AL25                                              0.000     0.000 r  clk
                         net (fo=0)                   0.000     0.000    clk
    AL25                 IBUF (Prop_ibuf_I_O)         0.380     0.380 r  clk_IBUF_inst/O
                         net (fo=1, routed)           1.200     1.580    clk_IBUF
    BUFGCTRL_X0Y0        BUFG (Prop_bufg_I_O)         0.030     1.610 r  clk_IBUF_BUFG_inst/O
                         net (fo=16661, routed)       1.005     2.615    bram_arbiter_0/sel_fifo/clk_IBUF_BUFG
    SLICE_X4Y94          FDRE                                         r  bram_arbiter_0/sel_fifo/fifo_mem_reg[2][0]/C

Slack:                    inf
  Source:                 read_req\\.addr[22]
                            (input port)
  Destination:            vector_main_ixc/read_path/master_queue[0].addr_mem_reg_0_3_18_23/RAMC/I
                            (rising edge-triggered cell RAMD32 clocked by sys_clk  {rise@0.000ns fall@2.500ns period=5.000ns})
  Path Group:             (none)
  Path Type:              Hold (Min at Fast Process Corner)
  Data Path Delay:        0.767ns  (logic 0.102ns (13.311%)  route 0.665ns (86.689%))
  Logic Levels:           1  (IBUF=1)
  Clock Path Skew:        2.514ns (DCD - SCD - CPR)
    Destination Clock Delay (DCD):    2.514ns
    Source Clock Delay      (SCD):    0.000ns
    Clock Pessimism Removal (CPR):    -0.000ns

    Location             Delay type                Incr(ns)  Path(ns)    Netlist Resource(s)
  -------------------------------------------------------------------    -------------------
    AH27                                              0.000     0.000 r  read_req\\.addr[22]
                         net (fo=0)                   0.000     0.000    read_req\\.addr[22]
    AH27                 IBUF (Prop_ibuf_I_O)         0.102     0.102 r  master_queue[0].addr_mem_reg_0_3_18_23_i_6/O
                         net (fo=1, routed)           0.665     0.767    vector_main_ixc/read_path/master_queue[0].addr_mem_reg_0_3_18_23/DIC0
    SLICE_X8Y100         RAMD32                                       r  vector_main_ixc/read_path/master_queue[0].addr_mem_reg_0_3_18_23/RAMC/I
  -------------------------------------------------------------------    -------------------

                         (clock sys_clk rise edge)    0.000     0.000 r  <hidden>
    AL25                                              0.000     0.000 r  clk
                         net (fo=0)                   0.000     0.000    clk
    AL25                 IBUF (Prop_ibuf_I_O)         0.380     0.380 r  clk_IBUF_inst/O
                         net (fo=1, routed)           1.200     1.580    clk_IBUF
    BUFGCTRL_X0Y0        BUFG (Prop_bufg_I_O)         0.030     1.610 r  clk_IBUF_BUFG_inst/O
                         net (fo=16661, routed)       0.904     2.514    vector_main_ixc/read_path/master_queue[0].addr_mem_reg_0_3_18_23/WCLK
    SLICE_X8Y100         RAMD32                                       r  vector_main_ixc/read_path/master_queue[0].addr_mem_reg_0_3_18_23/RAMC/CLK

Slack:                    inf
  Source:                 read_req\\.addr[29]
                            (input port)
  Destination:            vector_main_ixc/read_path/master_queue[0].addr_mem_reg_0_3_24_29/RAMC_D1/I
                            (rising edge-triggered cell RAMD32 clocked by sys_clk  {rise@0.000ns fall@2.500ns period=5.000ns})
  Path Group:             (none)
  Path Type:              Hold (Min at Fast Process Corner)
  Data Path Delay:        0.781ns  (logic 0.117ns (14.979%)  route 0.664ns (85.021%))
  Logic Levels:           1  (IBUF=1)
  Clock Path Skew:        2.586ns (DCD - SCD - CPR)
    Destination Clock Delay (DCD):    2.586ns
    Source Clock Delay      (SCD):    0.000ns
    Clock Pessimism Removal (CPR):    -0.000ns

    Location             Delay type                Incr(ns)  Path(ns)    Netlist Resource(s)
  -------------------------------------------------------------------    -------------------
    AK28                                              0.000     0.000 r  read_req\\.addr[29]
                         net (fo=0)                   0.000     0.000    read_req\\.addr[29]
    AK28                 IBUF (Prop_ibuf_I_O)         0.117     0.117 r  master_queue[0].addr_mem_reg_0_3_24_29_i_5/O
                         net (fo=1, routed)           0.664     0.781    vector_main_ixc/read_path/master_queue[0].addr_mem_reg_0_3_24_29/DIC1
    SLICE_X10Y98         RAMD32                                       r  vector_main_ixc/read_path/master_queue[0].addr_mem_reg_0_3_24_29/RAMC_D1/I
  -------------------------------------------------------------------    -------------------

                         (clock sys_clk rise edge)    0.000     0.000 r  <hidden>
    AL25                                              0.000     0.000 r  clk
                         net (fo=0)                   0.000     0.000    clk
    AL25                 IBUF (Prop_ibuf_I_O)         0.380     0.380 r  clk_IBUF_inst/O
                         net (fo=1, routed)           1.200     1.580    clk_IBUF
    BUFGCTRL_X0Y0        BUFG (Prop_bufg_I_O)         0.030     1.610 r  clk_IBUF_BUFG_inst/O
                         net (fo=16661, routed)       0.976     2.586    vector_main_ixc/read_path/master_queue[0].addr_mem_reg_0_3_24_29/WCLK
    SLICE_X10Y98         RAMD32                                       r  vector_main_ixc/read_path/master_queue[0].addr_mem_reg_0_3_24_29/RAMC_D1/CLK

Slack:                    inf
  Source:                 read_req\\.epoch[3]
                            (input port)
  Destination:            vector_main_ixc/read_path/master_queue[0].addr_mem_reg_0_3_30_31/RAMC_D1/I
                            (rising edge-triggered cell RAMD32 clocked by sys_clk  {rise@0.000ns fall@2.500ns period=5.000ns})
  Path Group:             (none)
  Path Type:              Hold (Min at Fast Process Corner)
  Data Path Delay:        0.812ns  (logic 0.137ns (16.917%)  route 0.675ns (83.083%))
  Logic Levels:           1  (IBUF=1)
  Clock Path Skew:        2.513ns (DCD - SCD - CPR)
    Destination Clock Delay (DCD):    2.513ns
    Source Clock Delay      (SCD):    0.000ns
    Clock Pessimism Removal (CPR):    -0.000ns

    Location             Delay type                Incr(ns)  Path(ns)    Netlist Resource(s)
  -------------------------------------------------------------------    -------------------
    AM25                                              0.000     0.000 r  read_req\\.epoch[3]
                         net (fo=0)                   0.000     0.000    read_req\\.epoch[3]
    AM25                 IBUF (Prop_ibuf_I_O)         0.137     0.137 r  master_queue[0].addr_mem_reg_0_3_30_31_i_5/O
                         net (fo=1, routed)           0.675     0.812    vector_main_ixc/read_path/master_queue[0].addr_mem_reg_0_3_30_31/DIC1
    SLICE_X8Y104         RAMD32                                       r  vector_main_ixc/read_path/master_queue[0].addr_mem_reg_0_3_30_31/RAMC_D1/I
  -------------------------------------------------------------------    -------------------

                         (clock sys_clk rise edge)    0.000     0.000 r  <hidden>
    AL25                                              0.000     0.000 r  clk
                         net (fo=0)                   0.000     0.000    clk
    AL25                 IBUF (Prop_ibuf_I_O)         0.380     0.380 r  clk_IBUF_inst/O
                         net (fo=1, routed)           1.200     1.580    clk_IBUF
    BUFGCTRL_X0Y0        BUFG (Prop_bufg_I_O)         0.030     1.610 r  clk_IBUF_BUFG_inst/O
                         net (fo=16661, routed)       0.903     2.513    vector_main_ixc/read_path/master_queue[0].addr_mem_reg_0_3_30_31/WCLK
    SLICE_X8Y104         RAMD32                                       r  vector_main_ixc/read_path/master_queue[0].addr_mem_reg_0_3_30_31/RAMC_D1/CLK

Slack:                    inf
  Source:                 read_req\\.epoch[0]
                            (input port)
  Destination:            vector_main_ixc/read_path/master_queue[0].addr_mem_reg_0_3_30_31/RAMB/I
                            (rising edge-triggered cell RAMD32 clocked by sys_clk  {rise@0.000ns fall@2.500ns period=5.000ns})
  Path Group:             (none)
  Path Type:              Hold (Min at Fast Process Corner)
  Data Path Delay:        0.831ns  (logic 0.122ns (14.640%)  route 0.710ns (85.360%))
  Logic Levels:           1  (IBUF=1)
  Clock Path Skew:        2.513ns (DCD - SCD - CPR)
    Destination Clock Delay (DCD):    2.513ns
    Source Clock Delay      (SCD):    0.000ns
    Clock Pessimism Removal (CPR):    -0.000ns

    Location             Delay type                Incr(ns)  Path(ns)    Netlist Resource(s)
  -------------------------------------------------------------------    -------------------
    AK29                                              0.000     0.000 r  read_req\\.epoch[0]
                         net (fo=0)                   0.000     0.000    read_req\\.epoch[0]
    AK29                 IBUF (Prop_ibuf_I_O)         0.122     0.122 r  master_queue[0].addr_mem_reg_0_3_30_31_i_4/O
                         net (fo=1, routed)           0.710     0.831    vector_main_ixc/read_path/master_queue[0].addr_mem_reg_0_3_30_31/DIB0
    SLICE_X8Y104         RAMD32                                       r  vector_main_ixc/read_path/master_queue[0].addr_mem_reg_0_3_30_31/RAMB/I
  -------------------------------------------------------------------    -------------------

                         (clock sys_clk rise edge)    0.000     0.000 r  <hidden>
    AL25                                              0.000     0.000 r  clk
                         net (fo=0)                   0.000     0.000    clk
    AL25                 IBUF (Prop_ibuf_I_O)         0.380     0.380 r  clk_IBUF_inst/O
                         net (fo=1, routed)           1.200     1.580    clk_IBUF
    BUFGCTRL_X0Y0        BUFG (Prop_bufg_I_O)         0.030     1.610 r  clk_IBUF_BUFG_inst/O
                         net (fo=16661, routed)       0.903     2.513    vector_main_ixc/read_path/master_queue[0].addr_mem_reg_0_3_30_31/WCLK
    SLICE_X8Y104         RAMD32                                       r  vector_main_ixc/read_path/master_queue[0].addr_mem_reg_0_3_30_31/RAMB/CLK

Slack:                    inf
  Source:                 read_req\\.epoch[1]
                            (input port)
  Destination:            vector_main_ixc/read_path/master_queue[0].addr_mem_reg_0_3_30_31/RAMB_D1/I
                            (rising edge-triggered cell RAMD32 clocked by sys_clk  {rise@0.000ns fall@2.500ns period=5.000ns})
  Path Group:             (none)
  Path Type:              Hold (Min at Fast Process Corner)
  Data Path Delay:        0.838ns  (logic 0.116ns (13.899%)  route 0.722ns (86.101%))
  Logic Levels:           1  (IBUF=1)
  Clock Path Skew:        2.513ns (DCD - SCD - CPR)
    Destination Clock Delay (DCD):    2.513ns
    Source Clock Delay      (SCD):    0.000ns
    Clock Pessimism Removal (CPR):    -0.000ns

    Location             Delay type                Incr(ns)  Path(ns)    Netlist Resource(s)
  -------------------------------------------------------------------    -------------------
    AJ29                                              0.000     0.000 r  read_req\\.epoch[1]
                         net (fo=0)                   0.000     0.000    read_req\\.epoch[1]
    AJ29                 IBUF (Prop_ibuf_I_O)         0.116     0.116 r  master_queue[0].addr_mem_reg_0_3_30_31_i_3/O
                         net (fo=1, routed)           0.722     0.838    vector_main_ixc/read_path/master_queue[0].addr_mem_reg_0_3_30_31/DIB1
    SLICE_X8Y104         RAMD32                                       r  vector_main_ixc/read_path/master_queue[0].addr_mem_reg_0_3_30_31/RAMB_D1/I
  -------------------------------------------------------------------    -------------------

                         (clock sys_clk rise edge)    0.000     0.000 r  <hidden>
    AL25                                              0.000     0.000 r  clk
                         net (fo=0)                   0.000     0.000    clk
    AL25                 IBUF (Prop_ibuf_I_O)         0.380     0.380 r  clk_IBUF_inst/O
                         net (fo=1, routed)           1.200     1.580    clk_IBUF
    BUFGCTRL_X0Y0        BUFG (Prop_bufg_I_O)         0.030     1.610 r  clk_IBUF_BUFG_inst/O
                         net (fo=16661, routed)       0.903     2.513    vector_main_ixc/read_path/master_queue[0].addr_mem_reg_0_3_30_31/WCLK
    SLICE_X8Y104         RAMD32                                       r  vector_main_ixc/read_path/master_queue[0].addr_mem_reg_0_3_30_31/RAMB_D1/CLK

Slack:                    inf
  Source:                 read_req\\.addr[24]
                            (input port)
  Destination:            vector_main_ixc/read_path/master_queue[0].addr_mem_reg_0_3_24_29/RAMA/I
                            (rising edge-triggered cell RAMD32 clocked by sys_clk  {rise@0.000ns fall@2.500ns period=5.000ns})
  Path Group:             (none)
  Path Type:              Hold (Min at Fast Process Corner)
  Data Path Delay:        0.840ns  (logic 0.108ns (12.819%)  route 0.732ns (87.181%))
  Logic Levels:           1  (IBUF=1)
  Clock Path Skew:        2.586ns (DCD - SCD - CPR)
    Destination Clock Delay (DCD):    2.586ns
    Source Clock Delay      (SCD):    0.000ns
    Clock Pessimism Removal (CPR):    -0.000ns

    Location             Delay type                Incr(ns)  Path(ns)    Netlist Resource(s)
  -------------------------------------------------------------------    -------------------
    AJ26                                              0.000     0.000 r  read_req\\.addr[24]
                         net (fo=0)                   0.000     0.000    read_req\\.addr[24]
    AJ26                 IBUF (Prop_ibuf_I_O)         0.108     0.108 r  master_queue[0].addr_mem_reg_0_3_24_29_i_2/O
                         net (fo=1, routed)           0.732     0.840    vector_main_ixc/read_path/master_queue[0].addr_mem_reg_0_3_24_29/DIA0
    SLICE_X10Y98         RAMD32                                       r  vector_main_ixc/read_path/master_queue[0].addr_mem_reg_0_3_24_29/RAMA/I
  -------------------------------------------------------------------    -------------------

                         (clock sys_clk rise edge)    0.000     0.000 r  <hidden>
    AL25                                              0.000     0.000 r  clk
                         net (fo=0)                   0.000     0.000    clk
    AL25                 IBUF (Prop_ibuf_I_O)         0.380     0.380 r  clk_IBUF_inst/O
                         net (fo=1, routed)           1.200     1.580    clk_IBUF
    BUFGCTRL_X0Y0        BUFG (Prop_bufg_I_O)         0.030     1.610 r  clk_IBUF_BUFG_inst/O
                         net (fo=16661, routed)       0.976     2.586    vector_main_ixc/read_path/master_queue[0].addr_mem_reg_0_3_24_29/WCLK
    SLICE_X10Y98         RAMD32                                       r  vector_main_ixc/read_path/master_queue[0].addr_mem_reg_0_3_24_29/RAMA/CLK

Slack:                    inf
  Source:                 read_req\\.addr[26]
                            (input port)
  Destination:            vector_main_ixc/read_path/master_queue[0].addr_mem_reg_0_3_24_29/RAMB/I
                            (rising edge-triggered cell RAMD32 clocked by sys_clk  {rise@0.000ns fall@2.500ns period=5.000ns})
  Path Group:             (none)
  Path Type:              Hold (Min at Fast Process Corner)
  Data Path Delay:        0.845ns  (logic 0.112ns (13.227%)  route 0.733ns (86.773%))
  Logic Levels:           1  (IBUF=1)
  Clock Path Skew:        2.586ns (DCD - SCD - CPR)
    Destination Clock Delay (DCD):    2.586ns
    Source Clock Delay      (SCD):    0.000ns
    Clock Pessimism Removal (CPR):    -0.000ns

    Location             Delay type                Incr(ns)  Path(ns)    Netlist Resource(s)
  -------------------------------------------------------------------    -------------------
    AK26                                              0.000     0.000 r  read_req\\.addr[26]
                         net (fo=0)                   0.000     0.000    read_req\\.addr[26]
    AK26                 IBUF (Prop_ibuf_I_O)         0.112     0.112 r  master_queue[0].addr_mem_reg_0_3_24_29_i_4/O
                         net (fo=1, routed)           0.733     0.845    vector_main_ixc/read_path/master_queue[0].addr_mem_reg_0_3_24_29/DIB0
    SLICE_X10Y98         RAMD32                                       r  vector_main_ixc/read_path/master_queue[0].addr_mem_reg_0_3_24_29/RAMB/I
  -------------------------------------------------------------------    -------------------

                         (clock sys_clk rise edge)    0.000     0.000 r  <hidden>
    AL25                                              0.000     0.000 r  clk
                         net (fo=0)                   0.000     0.000    clk
    AL25                 IBUF (Prop_ibuf_I_O)         0.380     0.380 r  clk_IBUF_inst/O
                         net (fo=1, routed)           1.200     1.580    clk_IBUF
    BUFGCTRL_X0Y0        BUFG (Prop_bufg_I_O)         0.030     1.610 r  clk_IBUF_BUFG_inst/O
                         net (fo=16661, routed)       0.976     2.586    vector_main_ixc/read_path/master_queue[0].addr_mem_reg_0_3_24_29/WCLK
    SLICE_X10Y98         RAMD32                                       r  vector_main_ixc/read_path/master_queue[0].addr_mem_reg_0_3_24_29/RAMB/CLK

Slack:                    inf
  Source:                 read_req\\.addr[28]
                            (input port)
  Destination:            vector_main_ixc/read_path/master_queue[0].addr_mem_reg_0_3_24_29/RAMC/I
                            (rising edge-triggered cell RAMD32 clocked by sys_clk  {rise@0.000ns fall@2.500ns period=5.000ns})
  Path Group:             (none)
  Path Type:              Hold (Min at Fast Process Corner)
  Data Path Delay:        0.846ns  (logic 0.123ns (14.568%)  route 0.722ns (85.432%))
  Logic Levels:           1  (IBUF=1)
  Clock Path Skew:        2.586ns (DCD - SCD - CPR)
    Destination Clock Delay (DCD):    2.586ns
    Source Clock Delay      (SCD):    0.000ns
    Clock Pessimism Removal (CPR):    -0.000ns

    Location             Delay type                Incr(ns)  Path(ns)    Netlist Resource(s)
  -------------------------------------------------------------------    -------------------
    AL28                                              0.000     0.000 r  read_req\\.addr[28]
                         net (fo=0)                   0.000     0.000    read_req\\.addr[28]
    AL28                 IBUF (Prop_ibuf_I_O)         0.123     0.123 r  master_queue[0].addr_mem_reg_0_3_24_29_i_6/O
                         net (fo=1, routed)           0.722     0.846    vector_main_ixc/read_path/master_queue[0].addr_mem_reg_0_3_24_29/DIC0
    SLICE_X10Y98         RAMD32                                       r  vector_main_ixc/read_path/master_queue[0].addr_mem_reg_0_3_24_29/RAMC/I
  -------------------------------------------------------------------    -------------------

                         (clock sys_clk rise edge)    0.000     0.000 r  <hidden>
    AL25                                              0.000     0.000 r  clk
                         net (fo=0)                   0.000     0.000    clk
    AL25                 IBUF (Prop_ibuf_I_O)         0.380     0.380 r  clk_IBUF_inst/O
                         net (fo=1, routed)           1.200     1.580    clk_IBUF
    BUFGCTRL_X0Y0        BUFG (Prop_bufg_I_O)         0.030     1.610 r  clk_IBUF_BUFG_inst/O
                         net (fo=16661, routed)       0.976     2.586    vector_main_ixc/read_path/master_queue[0].addr_mem_reg_0_3_24_29/WCLK
    SLICE_X10Y98         RAMD32                                       r  vector_main_ixc/read_path/master_queue[0].addr_mem_reg_0_3_24_29/RAMC/CLK

Slack:                    inf
  Source:                 read_req\\.addr[30]
                            (input port)
  Destination:            vector_main_ixc/read_path/master_queue[0].addr_mem_reg_0_3_30_31/RAMA/I
                            (rising edge-triggered cell RAMD32 clocked by sys_clk  {rise@0.000ns fall@2.500ns period=5.000ns})
  Path Group:             (none)
  Path Type:              Hold (Min at Fast Process Corner)
  Data Path Delay:        0.850ns  (logic 0.138ns (16.269%)  route 0.711ns (83.731%))
  Logic Levels:           1  (IBUF=1)
  Clock Path Skew:        2.513ns (DCD - SCD - CPR)
    Destination Clock Delay (DCD):    2.513ns
    Source Clock Delay      (SCD):    0.000ns
    Clock Pessimism Removal (CPR):    -0.000ns

    Location             Delay type                Incr(ns)  Path(ns)    Netlist Resource(s)
  -------------------------------------------------------------------    -------------------
    AL24                                              0.000     0.000 r  read_req\\.addr[30]
                         net (fo=0)                   0.000     0.000    read_req\\.addr[30]
    AL24                 IBUF (Prop_ibuf_I_O)         0.138     0.138 r  master_queue[0].addr_mem_reg_0_3_30_31_i_2/O
                         net (fo=1, routed)           0.711     0.850    vector_main_ixc/read_path/master_queue[0].addr_mem_reg_0_3_30_31/DIA0
    SLICE_X8Y104         RAMD32                                       r  vector_main_ixc/read_path/master_queue[0].addr_mem_reg_0_3_30_31/RAMA/I
  -------------------------------------------------------------------    -------------------

                         (clock sys_clk rise edge)    0.000     0.000 r  <hidden>
    AL25                                              0.000     0.000 r  clk
                         net (fo=0)                   0.000     0.000    clk
    AL25                 IBUF (Prop_ibuf_I_O)         0.380     0.380 r  clk_IBUF_inst/O
                         net (fo=1, routed)           1.200     1.580    clk_IBUF
    BUFGCTRL_X0Y0        BUFG (Prop_bufg_I_O)         0.030     1.610 r  clk_IBUF_BUFG_inst/O
                         net (fo=16661, routed)       0.903     2.513    vector_main_ixc/read_path/master_queue[0].addr_mem_reg_0_3_30_31/WCLK
    SLICE_X8Y104         RAMD32                                       r  vector_main_ixc/read_path/master_queue[0].addr_mem_reg_0_3_30_31/RAMA/CLK

Slack:                    inf
  Source:                 read_req\\.addr[27]
                            (input port)
  Destination:            vector_main_ixc/read_path/master_queue[0].addr_mem_reg_0_3_24_29/RAMB_D1/I
                            (rising edge-triggered cell RAMD32 clocked by sys_clk  {rise@0.000ns fall@2.500ns period=5.000ns})
  Path Group:             (none)
  Path Type:              Hold (Min at Fast Process Corner)
  Data Path Delay:        0.850ns  (logic 0.130ns (15.346%)  route 0.719ns (84.654%))
  Logic Levels:           1  (IBUF=1)
  Clock Path Skew:        2.586ns (DCD - SCD - CPR)
    Destination Clock Delay (DCD):    2.586ns
    Source Clock Delay      (SCD):    0.000ns
    Clock Pessimism Removal (CPR):    -0.000ns

    Location             Delay type                Incr(ns)  Path(ns)    Netlist Resource(s)
  -------------------------------------------------------------------    -------------------
    AL26                                              0.000     0.000 r  read_req\\.addr[27]
                         net (fo=0)                   0.000     0.000    read_req\\.addr[27]
    AL26                 IBUF (Prop_ibuf_I_O)         0.130     0.130 r  master_queue[0].addr_mem_reg_0_3_24_29_i_3/O
                         net (fo=1, routed)           0.719     0.850    vector_main_ixc/read_path/master_queue[0].addr_mem_reg_0_3_24_29/DIB1
    SLICE_X10Y98         RAMD32                                       r  vector_main_ixc/read_path/master_queue[0].addr_mem_reg_0_3_24_29/RAMB_D1/I
  -------------------------------------------------------------------    -------------------

                         (clock sys_clk rise edge)    0.000     0.000 r  <hidden>
    AL25                                              0.000     0.000 r  clk
                         net (fo=0)                   0.000     0.000    clk
    AL25                 IBUF (Prop_ibuf_I_O)         0.380     0.380 r  clk_IBUF_inst/O
                         net (fo=1, routed)           1.200     1.580    clk_IBUF
    BUFGCTRL_X0Y0        BUFG (Prop_bufg_I_O)         0.030     1.610 r  clk_IBUF_BUFG_inst/O
                         net (fo=16661, routed)       0.976     2.586    vector_main_ixc/read_path/master_queue[0].addr_mem_reg_0_3_24_29/WCLK
    SLICE_X10Y98         RAMD32                                       r  vector_main_ixc/read_path/master_queue[0].addr_mem_reg_0_3_24_29/RAMB_D1/CLK

Slack:                    inf
  Source:                 read_req\\.epoch[2]
                            (input port)
  Destination:            vector_main_ixc/read_path/master_queue[0].addr_mem_reg_0_3_30_31/RAMC/I
                            (rising edge-triggered cell RAMD32 clocked by sys_clk  {rise@0.000ns fall@2.500ns period=5.000ns})
  Path Group:             (none)
  Path Type:              Hold (Min at Fast Process Corner)
  Data Path Delay:        0.850ns  (logic 0.134ns (15.808%)  route 0.716ns (84.192%))
  Logic Levels:           1  (IBUF=1)
  Clock Path Skew:        2.513ns (DCD - SCD - CPR)
    Destination Clock Delay (DCD):    2.513ns
    Source Clock Delay      (SCD):    0.000ns
    Clock Pessimism Removal (CPR):    -0.000ns

    Location             Delay type                Incr(ns)  Path(ns)    Netlist Resource(s)
  -------------------------------------------------------------------    -------------------
    AM26                                              0.000     0.000 r  read_req\\.epoch[2]
                         net (fo=0)                   0.000     0.000    read_req\\.epoch[2]
    AM26                 IBUF (Prop_ibuf_I_O)         0.134     0.134 r  master_queue[0].addr_mem_reg_0_3_30_31_i_6/O
                         net (fo=1, routed)           0.716     0.850    vector_main_ixc/read_path/master_queue[0].addr_mem_reg_0_3_30_31/DIC0
    SLICE_X8Y104         RAMD32                                       r  vector_main_ixc/read_path/master_queue[0].addr_mem_reg_0_3_30_31/RAMC/I
  -------------------------------------------------------------------    -------------------

                         (clock sys_clk rise edge)    0.000     0.000 r  <hidden>
    AL25                                              0.000     0.000 r  clk
                         net (fo=0)                   0.000     0.000    clk
    AL25                 IBUF (Prop_ibuf_I_O)         0.380     0.380 r  clk_IBUF_inst/O
                         net (fo=1, routed)           1.200     1.580    clk_IBUF
    BUFGCTRL_X0Y0        BUFG (Prop_bufg_I_O)         0.030     1.610 r  clk_IBUF_BUFG_inst/O
                         net (fo=16661, routed)       0.903     2.513    vector_main_ixc/read_path/master_queue[0].addr_mem_reg_0_3_30_31/WCLK
    SLICE_X8Y104         RAMD32                                       r  vector_main_ixc/read_path/master_queue[0].addr_mem_reg_0_3_30_31/RAMC/CLK

Slack:                    inf
  Source:                 read_req\\.addr[15]
                            (input port)
  Destination:            vector_main_ixc/read_path/master_queue[0].addr_mem_reg_0_3_12_17/RAMB_D1/I
                            (rising edge-triggered cell RAMD32 clocked by sys_clk  {rise@0.000ns fall@2.500ns period=5.000ns})
  Path Group:             (none)
  Path Type:              Hold (Min at Fast Process Corner)
  Data Path Delay:        0.865ns  (logic 0.091ns (10.547%)  route 0.774ns (89.453%))
  Logic Levels:           1  (IBUF=1)
  Clock Path Skew:        2.586ns (DCD - SCD - CPR)
    Destination Clock Delay (DCD):    2.586ns
    Source Clock Delay      (SCD):    0.000ns
    Clock Pessimism Removal (CPR):    -0.000ns

    Location             Delay type                Incr(ns)  Path(ns)    Netlist Resource(s)
  -------------------------------------------------------------------    -------------------
    AG27                                              0.000     0.000 r  read_req\\.addr[15]
                         net (fo=0)                   0.000     0.000    read_req\\.addr[15]
    AG27                 IBUF (Prop_ibuf_I_O)         0.091     0.091 r  master_queue[0].addr_mem_reg_0_3_12_17_i_3/O
                         net (fo=1, routed)           0.774     0.865    vector_main_ixc/read_path/master_queue[0].addr_mem_reg_0_3_12_17/DIB1
    SLICE_X10Y99         RAMD32                                       r  vector_main_ixc/read_path/master_queue[0].addr_mem_reg_0_3_12_17/RAMB_D1/I
  -------------------------------------------------------------------    -------------------

                         (clock sys_clk rise edge)    0.000     0.000 r  <hidden>
    AL25                                              0.000     0.000 r  clk
                         net (fo=0)                   0.000     0.000    clk
    AL25                 IBUF (Prop_ibuf_I_O)         0.380     0.380 r  clk_IBUF_inst/O
                         net (fo=1, routed)           1.200     1.580    clk_IBUF
    BUFGCTRL_X0Y0        BUFG (Prop_bufg_I_O)         0.030     1.610 r  clk_IBUF_BUFG_inst/O
                         net (fo=16661, routed)       0.976     2.586    vector_main_ixc/read_path/master_queue[0].addr_mem_reg_0_3_12_17/WCLK
    SLICE_X10Y99         RAMD32                                       r  vector_main_ixc/read_path/master_queue[0].addr_mem_reg_0_3_12_17/RAMB_D1/CLK

Slack:                    inf
  Source:                 read_req\\.addr[31]
                            (input port)
  Destination:            vector_main_ixc/read_path/master_queue[0].addr_mem_reg_0_3_30_31/RAMA_D1/I
                            (rising edge-triggered cell RAMD32 clocked by sys_clk  {rise@0.000ns fall@2.500ns period=5.000ns})
  Path Group:             (none)
  Path Type:              Hold (Min at Fast Process Corner)
  Data Path Delay:        0.868ns  (logic 0.137ns (15.762%)  route 0.731ns (84.238%))
  Logic Levels:           1  (IBUF=1)
  Clock Path Skew:        2.513ns (DCD - SCD - CPR)
    Destination Clock Delay (DCD):    2.513ns
    Source Clock Delay      (SCD):    0.000ns
    Clock Pessimism Removal (CPR):    -0.000ns

    Location             Delay type                Incr(ns)  Path(ns)    Netlist Resource(s)
  -------------------------------------------------------------------    -------------------
    AK24                                              0.000     0.000 r  read_req\\.addr[31]
                         net (fo=0)                   0.000     0.000    read_req\\.addr[31]
    AK24                 IBUF (Prop_ibuf_I_O)         0.137     0.137 r  master_queue[0].addr_mem_reg_0_3_30_31_i_1/O
                         net (fo=1, routed)           0.731     0.868    vector_main_ixc/read_path/master_queue[0].addr_mem_reg_0_3_30_31/DIA1
    SLICE_X8Y104         RAMD32                                       r  vector_main_ixc/read_path/master_queue[0].addr_mem_reg_0_3_30_31/RAMA_D1/I
  -------------------------------------------------------------------    -------------------

                         (clock sys_clk rise edge)    0.000     0.000 r  <hidden>
    AL25                                              0.000     0.000 r  clk
                         net (fo=0)                   0.000     0.000    clk
    AL25                 IBUF (Prop_ibuf_I_O)         0.380     0.380 r  clk_IBUF_inst/O
                         net (fo=1, routed)           1.200     1.580    clk_IBUF
    BUFGCTRL_X0Y0        BUFG (Prop_bufg_I_O)         0.030     1.610 r  clk_IBUF_BUFG_inst/O
                         net (fo=16661, routed)       0.903     2.513    vector_main_ixc/read_path/master_queue[0].addr_mem_reg_0_3_30_31/WCLK
    SLICE_X8Y104         RAMD32                                       r  vector_main_ixc/read_path/master_queue[0].addr_mem_reg_0_3_30_31/RAMA_D1/CLK

Slack:                    inf
  Source:                 read_req\\.addr[25]
                            (input port)
  Destination:            vector_main_ixc/read_path/master_queue[0].addr_mem_reg_0_3_24_29/RAMA_D1/I
                            (rising edge-triggered cell RAMD32 clocked by sys_clk  {rise@0.000ns fall@2.500ns period=5.000ns})
  Path Group:             (none)
  Path Type:              Hold (Min at Fast Process Corner)
  Data Path Delay:        0.874ns  (logic 0.108ns (12.357%)  route 0.766ns (87.643%))
  Logic Levels:           1  (IBUF=1)
  Clock Path Skew:        2.586ns (DCD - SCD - CPR)
    Destination Clock Delay (DCD):    2.586ns
    Source Clock Delay      (SCD):    0.000ns
    Clock Pessimism Removal (CPR):    -0.000ns

    Location             Delay type                Incr(ns)  Path(ns)    Netlist Resource(s)
  -------------------------------------------------------------------    -------------------
    AK27                                              0.000     0.000 r  read_req\\.addr[25]
                         net (fo=0)                   0.000     0.000    read_req\\.addr[25]
    AK27                 IBUF (Prop_ibuf_I_O)         0.108     0.108 r  master_queue[0].addr_mem_reg_0_3_24_29_i_1/O
                         net (fo=1, routed)           0.766     0.874    vector_main_ixc/read_path/master_queue[0].addr_mem_reg_0_3_24_29/DIA1
    SLICE_X10Y98         RAMD32                                       r  vector_main_ixc/read_path/master_queue[0].addr_mem_reg_0_3_24_29/RAMA_D1/I
  -------------------------------------------------------------------    -------------------

                         (clock sys_clk rise edge)    0.000     0.000 r  <hidden>
    AL25                                              0.000     0.000 r  clk
                         net (fo=0)                   0.000     0.000    clk
    AL25                 IBUF (Prop_ibuf_I_O)         0.380     0.380 r  clk_IBUF_inst/O
                         net (fo=1, routed)           1.200     1.580    clk_IBUF
    BUFGCTRL_X0Y0        BUFG (Prop_bufg_I_O)         0.030     1.610 r  clk_IBUF_BUFG_inst/O
                         net (fo=16661, routed)       0.976     2.586    vector_main_ixc/read_path/master_queue[0].addr_mem_reg_0_3_24_29/WCLK
    SLICE_X10Y98         RAMD32                                       r  vector_main_ixc/read_path/master_queue[0].addr_mem_reg_0_3_24_29/RAMA_D1/CLK

Slack:                    inf
  Source:                 read_req\\.addr[16]
                            (input port)
  Destination:            vector_main_ixc/read_path/master_queue[0].addr_mem_reg_0_3_12_17/RAMC/I
                            (rising edge-triggered cell RAMD32 clocked by sys_clk  {rise@0.000ns fall@2.500ns period=5.000ns})
  Path Group:             (none)
  Path Type:              Hold (Min at Fast Process Corner)
  Data Path Delay:        0.879ns  (logic 0.097ns (11.053%)  route 0.782ns (88.947%))
  Logic Levels:           1  (IBUF=1)
  Clock Path Skew:        2.586ns (DCD - SCD - CPR)
    Destination Clock Delay (DCD):    2.586ns
    Source Clock Delay      (SCD):    0.000ns
    Clock Pessimism Removal (CPR):    -0.000ns

    Location             Delay type                Incr(ns)  Path(ns)    Netlist Resource(s)
  -------------------------------------------------------------------    -------------------
    AG26                                              0.000     0.000 r  read_req\\.addr[16]
                         net (fo=0)                   0.000     0.000    read_req\\.addr[16]
    AG26                 IBUF (Prop_ibuf_I_O)         0.097     0.097 r  master_queue[0].addr_mem_reg_0_3_12_17_i_6/O
                         net (fo=1, routed)           0.782     0.879    vector_main_ixc/read_path/master_queue[0].addr_mem_reg_0_3_12_17/DIC0
    SLICE_X10Y99         RAMD32                                       r  vector_main_ixc/read_path/master_queue[0].addr_mem_reg_0_3_12_17/RAMC/I
  -------------------------------------------------------------------    -------------------

                         (clock sys_clk rise edge)    0.000     0.000 r  <hidden>
    AL25                                              0.000     0.000 r  clk
                         net (fo=0)                   0.000     0.000    clk
    AL25                 IBUF (Prop_ibuf_I_O)         0.380     0.380 r  clk_IBUF_inst/O
                         net (fo=1, routed)           1.200     1.580    clk_IBUF
    BUFGCTRL_X0Y0        BUFG (Prop_bufg_I_O)         0.030     1.610 r  clk_IBUF_BUFG_inst/O
                         net (fo=16661, routed)       0.976     2.586    vector_main_ixc/read_path/master_queue[0].addr_mem_reg_0_3_12_17/WCLK
    SLICE_X10Y99         RAMD32                                       r  vector_main_ixc/read_path/master_queue[0].addr_mem_reg_0_3_12_17/RAMC/CLK

Slack:                    inf
  Source:                 read_req\\.addr[13]
                            (input port)
  Destination:            vector_main_ixc/read_path/master_queue[0].addr_mem_reg_0_3_12_17/RAMA_D1/I
                            (rising edge-triggered cell RAMD32 clocked by sys_clk  {rise@0.000ns fall@2.500ns period=5.000ns})
  Path Group:             (none)
  Path Type:              Hold (Min at Fast Process Corner)
  Data Path Delay:        0.898ns  (logic 0.099ns (10.980%)  route 0.799ns (89.020%))
  Logic Levels:           1  (IBUF=1)
  Clock Path Skew:        2.586ns (DCD - SCD - CPR)
    Destination Clock Delay (DCD):    2.586ns
    Source Clock Delay      (SCD):    0.000ns
    Clock Pessimism Removal (CPR):    -0.000ns

    Location             Delay type                Incr(ns)  Path(ns)    Netlist Resource(s)
  -------------------------------------------------------------------    -------------------
    AH29                                              0.000     0.000 r  read_req\\.addr[13]
                         net (fo=0)                   0.000     0.000    read_req\\.addr[13]
    AH29                 IBUF (Prop_ibuf_I_O)         0.099     0.099 r  master_queue[0].addr_mem_reg_0_3_12_17_i_1/O
                         net (fo=1, routed)           0.799     0.898    vector_main_ixc/read_path/master_queue[0].addr_mem_reg_0_3_12_17/DIA1
    SLICE_X10Y99         RAMD32                                       r  vector_main_ixc/read_path/master_queue[0].addr_mem_reg_0_3_12_17/RAMA_D1/I
  -------------------------------------------------------------------    -------------------

                         (clock sys_clk rise edge)    0.000     0.000 r  <hidden>
    AL25                                              0.000     0.000 r  clk
                         net (fo=0)                   0.000     0.000    clk
    AL25                 IBUF (Prop_ibuf_I_O)         0.380     0.380 r  clk_IBUF_inst/O
                         net (fo=1, routed)           1.200     1.580    clk_IBUF
    BUFGCTRL_X0Y0        BUFG (Prop_bufg_I_O)         0.030     1.610 r  clk_IBUF_BUFG_inst/O
                         net (fo=16661, routed)       0.976     2.586    vector_main_ixc/read_path/master_queue[0].addr_mem_reg_0_3_12_17/WCLK
    SLICE_X10Y99         RAMD32                                       r  vector_main_ixc/read_path/master_queue[0].addr_mem_reg_0_3_12_17/RAMA_D1/CLK





