Copyright 1986-2022 Xilinx, Inc. All Rights Reserved. Copyright 2022-2026 Advanced Micro Devices, Inc. All Rights Reserved.
--------------------------------------------------------------------------------------------------------------------------------------------------------------------------------------
| Tool Version : Vivado v.2026.1 (win64) Build 6511674 Tue Jun 16 11:02:23 MDT 2026
| Date         : Wed Sep 30 22:41:45 2026
| Host         : DESKTOP-2MR89AG running 64-bit major release  (build 9200)
| Command      : report_timing_summary -delay_type min_max -max_paths 20 -report_unconstrained -file C:/Users/wonho/AppData/Local/Temp/rigel_mul_verify/post_place_timing_summary.rpt
| Design       : vector_system
| Device       : 7k480t-ffg1156
| Speed File   : -2  PRODUCTION 1.12 2017-02-17
| Design State : Physopt postPlace
--------------------------------------------------------------------------------------------------------------------------------------------------------------------------------------

Timing Summary Report

------------------------------------------------------------------------------------------------
| Timer Settings
| --------------
------------------------------------------------------------------------------------------------

  Enable Multi Corner Analysis               :  Yes
  Enable Pessimism Removal                   :  Yes
  Pessimism Removal Resolution               :  Nearest Common Node
  Enable Input Delay Default Clock           :  No
  Enable Preset / Clear Arcs                 :  No
  Disable Flight Delays                      :  No
  Ignore I/O Paths                           :  No
  Timing Early Launch at Borrowing Latches   :  No
  Borrow Time for Max Delay Exceptions       :  Yes
  Merge Timing Exceptions                    :  Yes
  Inter-SLR Compensation                     :  Conservative

  Corner  Analyze    Analyze    
  Name    Max Paths  Min Paths  
  ------  ---------  ---------  
  Slow    Yes        Yes        
  Fast    Yes        Yes        


------------------------------------------------------------------------------------------------
| Report Methodology
| ------------------
------------------------------------------------------------------------------------------------

No report available as report_methodology has not been run prior. Run report_methodology on the current design for the summary of methodology violations.



check_timing report

Table of Contents
-----------------
1. checking no_clock (0)
2. checking constant_clock (0)
3. checking pulse_width_clock (0)
4. checking unconstrained_internal_endpoints (0)
5. checking no_input_delay (192)
6. checking no_output_delay (171)
7. checking multiple_clock (0)
8. checking generated_clocks (0)
9. checking loops (2)
10. checking partial_input_delay (0)
11. checking partial_output_delay (0)
12. checking latch_loops (0)

1. checking no_clock (0)
------------------------
 There are 0 register/latch pins with no clock.


2. checking constant_clock (0)
------------------------------
 There are 0 register/latch pins with constant_clock.


3. checking pulse_width_clock (0)
---------------------------------
 There are 0 register/latch pins which need pulse_width check


4. checking unconstrained_internal_endpoints (0)
------------------------------------------------
 There are 0 pins that are not constrained for maximum delay.

 There are 0 pins that are not constrained for maximum delay due to constant clock.


5. checking no_input_delay (192)
--------------------------------
 There are 192 input ports with no input delay specified. (HIGH)

 There are 0 input ports with no input delay but user has a false path constraint.


6. checking no_output_delay (171)
---------------------------------
 There are 171 ports with no output delay specified. (HIGH)

 There are 0 ports with no output delay but user has a false path constraint

 There are 0 ports with no output delay but with a timing clock defined on it or propagating through it


7. checking multiple_clock (0)
------------------------------
 There are 0 register/latch pins with multiple clocks.


8. checking generated_clocks (0)
--------------------------------
 There are 0 generated clocks that are not connected to a clock source.


9. checking loops (2)
---------------------
 There are 2 combinational loops in the design. (HIGH)


10. checking partial_input_delay (0)
------------------------------------
 There are 0 input ports with partial input delay specified.


11. checking partial_output_delay (0)
-------------------------------------
 There are 0 ports with partial output delay specified.


12. checking latch_loops (0)
----------------------------
 There are 0 combinational latch loops in the design through latch input



------------------------------------------------------------------------------------------------
| Design Timing Summary
| ---------------------
------------------------------------------------------------------------------------------------

    WNS(ns)      TNS(ns)  TNS Failing Endpoints  TNS Total Endpoints      WHS(ns)      THS(ns)  THS Failing Endpoints  THS Total Endpoints     WPWS(ns)     TPWS(ns)  TPWS Failing Endpoints  TPWS Total Endpoints  
    -------      -------  ---------------------  -------------------      -------      -------  ---------------------  -------------------     --------     --------  ----------------------  --------------------  
      0.286        0.000                      0                37496       -0.124       -6.877                    126                37496        1.732        0.000                       0                 16630  


Timing constraints are not met.


------------------------------------------------------------------------------------------------
| Clock Summary
| -------------
------------------------------------------------------------------------------------------------

Clock    Waveform(ns)         Period(ns)      Frequency(MHz)
-----    ------------         ----------      --------------
sys_clk  {0.000 2.500}        5.000           200.000         


------------------------------------------------------------------------------------------------
| Intra Clock Table
| -----------------
------------------------------------------------------------------------------------------------

Clock             WNS(ns)      TNS(ns)  TNS Failing Endpoints  TNS Total Endpoints      WHS(ns)      THS(ns)  THS Failing Endpoints  THS Total Endpoints     WPWS(ns)     TPWS(ns)  TPWS Failing Endpoints  TPWS Total Endpoints  
-----             -------      -------  ---------------------  -------------------      -------      -------  ---------------------  -------------------     --------     --------  ----------------------  --------------------  
sys_clk             0.286        0.000                      0                37496       -0.124       -6.877                    126                37496        1.732        0.000                       0                 16630  


------------------------------------------------------------------------------------------------
| Inter Clock Table
| -----------------
------------------------------------------------------------------------------------------------

From Clock    To Clock          WNS(ns)      TNS(ns)  TNS Failing Endpoints  TNS Total Endpoints      WHS(ns)      THS(ns)  THS Failing Endpoints  THS Total Endpoints  
----------    --------          -------      -------  ---------------------  -------------------      -------      -------  ---------------------  -------------------  


------------------------------------------------------------------------------------------------
| Other Path Groups Table
| -----------------------
------------------------------------------------------------------------------------------------

Path Group    From Clock    To Clock          WNS(ns)      TNS(ns)  TNS Failing Endpoints  TNS Total Endpoints      WHS(ns)      THS(ns)  THS Failing Endpoints  THS Total Endpoints  
----------    ----------    --------          -------      -------  ---------------------  -------------------      -------      -------  ---------------------  -------------------  


------------------------------------------------------------------------------------------------
| User Ignored Path Table
| -----------------------
------------------------------------------------------------------------------------------------

Path Group    From Clock    To Clock    
----------    ----------    --------    


------------------------------------------------------------------------------------------------
| Unconstrained Path Table
| ------------------------
------------------------------------------------------------------------------------------------

Path Group    From Clock    To Clock    
----------    ----------    --------    
(none)                                    
(none)        sys_clk                     
(none)                      sys_clk       


------------------------------------------------------------------------------------------------
| Timing Details
| --------------
------------------------------------------------------------------------------------------------


---------------------------------------------------------------------------------------------------
From Clock:  sys_clk
  To Clock:  sys_clk

Setup :            0  Failing Endpoints,  Worst Slack        0.286ns,  Total Violation        0.000ns
Hold  :          126  Failing Endpoints,  Worst Slack       -0.124ns,  Total Violation       -6.877ns
PW    :            0  Failing Endpoints,  Worst Slack        1.732ns,  Total Violation        0.000ns
---------------------------------------------------------------------------------------------------


Max Delay Paths
--------------------------------------------------------------------------------------
Slack (MET) :             0.286ns  (required time - arrival time)
  Source:                 vector_alu_0/lane_product[8]/CLK
                            (rising edge-triggered cell DSP48E1 clocked by sys_clk  {rise@0.000ns fall@2.500ns period=5.000ns})
  Destination:            vector_alu_0/lane_out_skid_reg[8][13]/D
                            (rising edge-triggered cell FDRE clocked by sys_clk  {rise@0.000ns fall@2.500ns period=5.000ns})
  Path Group:             sys_clk
  Path Type:              Setup (Max at Slow Process Corner)
  Requirement:            5.000ns  (sys_clk rise@5.000ns - sys_clk rise@0.000ns)
  Data Path Delay:        4.559ns  (logic 2.989ns (65.563%)  route 1.570ns (34.437%))
  Logic Levels:           3  (LUT5=2 LUT6=1)
  Clock Path Skew:        -0.110ns (DCD - SCD + CPR)
    Destination Clock Delay (DCD):    4.365ns = ( 9.365 - 5.000 ) 
    Source Clock Delay      (SCD):    4.766ns
    Clock Pessimism Removal (CPR):    0.291ns
  Clock Uncertainty:      0.035ns  ((TSJ^2 + TIJ^2)^1/2 + DJ) / 2 + PE
    Total System Jitter     (TSJ):    0.071ns
    Total Input Jitter      (TIJ):    0.000ns
    Discrete Jitter          (DJ):    0.000ns
    Phase Error              (PE):    0.000ns

    Location             Delay type                Incr(ns)  Path(ns)    Netlist Resource(s)
  -------------------------------------------------------------------    -------------------
                         (clock sys_clk rise edge)    0.000     0.000 r  <hidden>
    AL25                                              0.000     0.000 r  clk
                         net (fo=0)                   0.000     0.000    clk
    AL25                 IBUF (Prop_ibuf_I_O)         0.790     0.790 r  clk_IBUF_inst/O
                         net (fo=1, estimated)        2.376     3.166    clk_IBUF
    BUFGCTRL_X0Y0        BUFG (Prop_bufg_I_O)         0.093     3.259 r  clk_IBUF_BUFG_inst/O
                         net (fo=16661, estimated)    1.508     4.766    vector_alu_0/clk_IBUF_BUFG
    DSP48_X3Y48          DSP48E1                                      r  vector_alu_0/lane_product[8]/CLK
  -------------------------------------------------------------------    -------------------
    DSP48_X3Y48          DSP48E1 (Prop_dsp48e1_CLK_P[13])
                                                      2.860     7.626 r  vector_alu_0/lane_product[8]/P[13]
                         net (fo=2, estimated)        0.766     8.392    handshake_join_0/output_skid/lane_out_reg[8][15]_0[13]
    SLICE_X54Y125        LUT5 (Prop_lut5_I1_O)        0.043     8.435 r  handshake_join_0/output_skid/lane_out_skid[8][13]_i_4/O
                         net (fo=1, estimated)        0.253     8.688    handshake_join_0/output_skid/lane_out_skid[8][13]_i_4_n_0
    SLICE_X54Y125        LUT6 (Prop_lut6_I5_O)        0.043     8.731 r  handshake_join_0/output_skid/lane_out_skid[8][13]_i_2/O
                         net (fo=1, estimated)        0.361     9.092    handshake_join_0/output_skid/lane_out_skid[8][13]_i_2_n_0
    SLICE_X54Y125        LUT5 (Prop_lut5_I0_O)        0.043     9.135 r  handshake_join_0/output_skid/lane_out_skid[8][13]_i_1/O
                         net (fo=1, estimated)        0.190     9.325    vector_alu_0/lane_out_skid_reg[8][15]_1[13]
    SLICE_X57Y125        FDRE                                         r  vector_alu_0/lane_out_skid_reg[8][13]/D
  -------------------------------------------------------------------    -------------------

                         (clock sys_clk rise edge)    5.000     5.000 r  <hidden>
    AL25                                              0.000     5.000 r  clk
                         net (fo=0)                   0.000     5.000    clk
    AL25                 IBUF (Prop_ibuf_I_O)         0.714     5.714 r  clk_IBUF_inst/O
                         net (fo=1, estimated)        2.257     7.971    clk_IBUF
    BUFGCTRL_X0Y0        BUFG (Prop_bufg_I_O)         0.083     8.054 r  clk_IBUF_BUFG_inst/O
                         net (fo=16661, estimated)    1.311     9.365    vector_alu_0/clk_IBUF_BUFG
    SLICE_X57Y125        FDRE                                         r  vector_alu_0/lane_out_skid_reg[8][13]/C
                         clock pessimism              0.291     9.657    <hidden>
                         clock uncertainty           -0.035     9.621    <hidden>
    SLICE_X57Y125        FDRE (Setup_fdre_C_D)       -0.010     9.611    vector_alu_0/lane_out_skid_reg[8][13]
  -------------------------------------------------------------------
                         required time                          9.611    <hidden>
                         arrival time                          -9.325    <hidden>
  -------------------------------------------------------------------
                         slack                                  0.286    <hidden>

Slack (MET) :             0.304ns  (required time - arrival time)
  Source:                 vector_alu_0/lane_product[6]/CLK
                            (rising edge-triggered cell DSP48E1 clocked by sys_clk  {rise@0.000ns fall@2.500ns period=5.000ns})
  Destination:            vector_alu_0/lane_out_skid_reg[6][9]/D
                            (rising edge-triggered cell FDRE clocked by sys_clk  {rise@0.000ns fall@2.500ns period=5.000ns})
  Path Group:             sys_clk
  Path Type:              Setup (Max at Slow Process Corner)
  Requirement:            5.000ns  (sys_clk rise@5.000ns - sys_clk rise@0.000ns)
  Data Path Delay:        4.437ns  (logic 2.992ns (67.433%)  route 1.445ns (32.567%))
  Logic Levels:           3  (LUT5=2 LUT6=1)
  Clock Path Skew:        -0.104ns (DCD - SCD + CPR)
    Destination Clock Delay (DCD):    4.148ns = ( 9.148 - 5.000 ) 
    Source Clock Delay      (SCD):    4.541ns
    Clock Pessimism Removal (CPR):    0.289ns
  Clock Uncertainty:      0.035ns  ((TSJ^2 + TIJ^2)^1/2 + DJ) / 2 + PE
    Total System Jitter     (TSJ):    0.071ns
    Total Input Jitter      (TIJ):    0.000ns
    Discrete Jitter          (DJ):    0.000ns
    Phase Error              (PE):    0.000ns

    Location             Delay type                Incr(ns)  Path(ns)    Netlist Resource(s)
  -------------------------------------------------------------------    -------------------
                         (clock sys_clk rise edge)    0.000     0.000 r  <hidden>
    AL25                                              0.000     0.000 r  clk
                         net (fo=0)                   0.000     0.000    clk
    AL25                 IBUF (Prop_ibuf_I_O)         0.790     0.790 r  clk_IBUF_inst/O
                         net (fo=1, estimated)        2.376     3.166    clk_IBUF
    BUFGCTRL_X0Y0        BUFG (Prop_bufg_I_O)         0.093     3.259 r  clk_IBUF_BUFG_inst/O
                         net (fo=16661, estimated)    1.283     4.541    vector_alu_0/clk_IBUF_BUFG
    DSP48_X4Y64          DSP48E1                                      r  vector_alu_0/lane_product[6]/CLK
  -------------------------------------------------------------------    -------------------
    DSP48_X4Y64          DSP48E1 (Prop_dsp48e1_CLK_P[9])
                                                      2.860     7.401 r  vector_alu_0/lane_product[6]/P[9]
                         net (fo=2, estimated)        0.447     7.848    handshake_join_0/output_skid/lane_out_reg[6][15]_0[9]
    SLICE_X76Y159        LUT5 (Prop_lut5_I4_O)        0.043     7.891 r  handshake_join_0/output_skid/lane_out_skid[6][9]_i_4/O
                         net (fo=1, estimated)        0.253     8.144    handshake_join_0/output_skid/lane_out_skid[6][9]_i_4_n_0
    SLICE_X76Y159        LUT6 (Prop_lut6_I5_O)        0.043     8.187 r  handshake_join_0/output_skid/lane_out_skid[6][9]_i_2/O
                         net (fo=1, estimated)        0.528     8.715    handshake_join_0/output_skid/lane_out_skid[6][9]_i_2_n_0
    SLICE_X76Y158        LUT5 (Prop_lut5_I0_O)        0.046     8.761 r  handshake_join_0/output_skid/lane_out_skid[6][9]_i_1/O
                         net (fo=1, estimated)        0.217     8.978    vector_alu_0/lane_out_skid_reg[6][15]_1[9]
    SLICE_X77Y158        FDRE                                         r  vector_alu_0/lane_out_skid_reg[6][9]/D
  -------------------------------------------------------------------    -------------------

                         (clock sys_clk rise edge)    5.000     5.000 r  <hidden>
    AL25                                              0.000     5.000 r  clk
                         net (fo=0)                   0.000     5.000    clk
    AL25                 IBUF (Prop_ibuf_I_O)         0.714     5.714 r  clk_IBUF_inst/O
                         net (fo=1, estimated)        2.257     7.971    clk_IBUF
    BUFGCTRL_X0Y0        BUFG (Prop_bufg_I_O)         0.083     8.054 r  clk_IBUF_BUFG_inst/O
                         net (fo=16661, estimated)    1.094     9.148    vector_alu_0/clk_IBUF_BUFG
    SLICE_X77Y158        FDRE                                         r  vector_alu_0/lane_out_skid_reg[6][9]/C
                         clock pessimism              0.289     9.438    <hidden>
                         clock uncertainty           -0.035     9.402    <hidden>
    SLICE_X77Y158        FDRE (Setup_fdre_C_D)       -0.120     9.282    vector_alu_0/lane_out_skid_reg[6][9]
  -------------------------------------------------------------------
                         required time                          9.282    <hidden>
                         arrival time                          -8.978    <hidden>
  -------------------------------------------------------------------
                         slack                                  0.304    <hidden>

Slack (MET) :             0.305ns  (required time - arrival time)
  Source:                 vector_alu_0/lane_product[0]/CLK
                            (rising edge-triggered cell DSP48E1 clocked by sys_clk  {rise@0.000ns fall@2.500ns period=5.000ns})
  Destination:            vector_alu_0/lane_out_skid_reg[0][11]/D
                            (rising edge-triggered cell FDRE clocked by sys_clk  {rise@0.000ns fall@2.500ns period=5.000ns})
  Path Group:             sys_clk
  Path Type:              Setup (Max at Slow Process Corner)
  Requirement:            5.000ns  (sys_clk rise@5.000ns - sys_clk rise@0.000ns)
  Data Path Delay:        4.544ns  (logic 2.989ns (65.779%)  route 1.555ns (34.221%))
  Logic Levels:           3  (LUT5=2 LUT6=1)
  Clock Path Skew:        -0.108ns (DCD - SCD + CPR)
    Destination Clock Delay (DCD):    4.386ns = ( 9.386 - 5.000 ) 
    Source Clock Delay      (SCD):    4.785ns
    Clock Pessimism Removal (CPR):    0.291ns
  Clock Uncertainty:      0.035ns  ((TSJ^2 + TIJ^2)^1/2 + DJ) / 2 + PE
    Total System Jitter     (TSJ):    0.071ns
    Total Input Jitter      (TIJ):    0.000ns
    Discrete Jitter          (DJ):    0.000ns
    Phase Error              (PE):    0.000ns

    Location             Delay type                Incr(ns)  Path(ns)    Netlist Resource(s)
  -------------------------------------------------------------------    -------------------
                         (clock sys_clk rise edge)    0.000     0.000 r  <hidden>
    AL25                                              0.000     0.000 r  clk
                         net (fo=0)                   0.000     0.000    clk
    AL25                 IBUF (Prop_ibuf_I_O)         0.790     0.790 r  clk_IBUF_inst/O
                         net (fo=1, estimated)        2.376     3.166    clk_IBUF
    BUFGCTRL_X0Y0        BUFG (Prop_bufg_I_O)         0.093     3.259 r  clk_IBUF_BUFG_inst/O
                         net (fo=16661, estimated)    1.527     4.785    vector_alu_0/clk_IBUF_BUFG
    DSP48_X2Y40          DSP48E1                                      r  vector_alu_0/lane_product[0]/CLK
  -------------------------------------------------------------------    -------------------
    DSP48_X2Y40          DSP48E1 (Prop_dsp48e1_CLK_P[11])
                                                      2.860     7.645 r  vector_alu_0/lane_product[0]/P[11]
                         net (fo=2, estimated)        0.478     8.123    handshake_join_0/output_skid/lane_out_reg[0][15]_0[11]
    SLICE_X43Y101        LUT5 (Prop_lut5_I1_O)        0.043     8.166 r  handshake_join_0/output_skid/lane_out_skid[0][11]_i_4/O
                         net (fo=1, estimated)        0.328     8.494    handshake_join_0/output_skid/lane_out_skid[0][11]_i_4_n_0
    SLICE_X42Y102        LUT6 (Prop_lut6_I5_O)        0.043     8.537 r  handshake_join_0/output_skid/lane_out_skid[0][11]_i_2/O
                         net (fo=1, estimated)        0.557     9.094    handshake_join_0/output_skid/lane_out_skid[0][11]_i_2_n_0
    SLICE_X42Y102        LUT5 (Prop_lut5_I0_O)        0.043     9.137 r  handshake_join_0/output_skid/lane_out_skid[0][11]_i_1/O
                         net (fo=1, estimated)        0.192     9.329    vector_alu_0/lane_out_skid_reg[0][15]_1[11]
    SLICE_X43Y101        FDRE                                         r  vector_alu_0/lane_out_skid_reg[0][11]/D
  -------------------------------------------------------------------    -------------------

                         (clock sys_clk rise edge)    5.000     5.000 r  <hidden>
    AL25                                              0.000     5.000 r  clk
                         net (fo=0)                   0.000     5.000    clk
    AL25                 IBUF (Prop_ibuf_I_O)         0.714     5.714 r  clk_IBUF_inst/O
                         net (fo=1, estimated)        2.257     7.971    clk_IBUF
    BUFGCTRL_X0Y0        BUFG (Prop_bufg_I_O)         0.083     8.054 r  clk_IBUF_BUFG_inst/O
                         net (fo=16661, estimated)    1.332     9.386    vector_alu_0/clk_IBUF_BUFG
    SLICE_X43Y101        FDRE                                         r  vector_alu_0/lane_out_skid_reg[0][11]/C
                         clock pessimism              0.291     9.678    <hidden>
                         clock uncertainty           -0.035     9.642    <hidden>
    SLICE_X43Y101        FDRE (Setup_fdre_C_D)       -0.008     9.634    vector_alu_0/lane_out_skid_reg[0][11]
  -------------------------------------------------------------------
                         required time                          9.634    <hidden>
                         arrival time                          -9.329    <hidden>
  -------------------------------------------------------------------
                         slack                                  0.305    <hidden>

Slack (MET) :             0.305ns  (required time - arrival time)
  Source:                 vector_alu_0/lane_product[15]/CLK
                            (rising edge-triggered cell DSP48E1 clocked by sys_clk  {rise@0.000ns fall@2.500ns period=5.000ns})
  Destination:            vector_alu_0/lane_out_skid_reg[15][7]/D
                            (rising edge-triggered cell FDRE clocked by sys_clk  {rise@0.000ns fall@2.500ns period=5.000ns})
  Path Group:             sys_clk
  Path Type:              Setup (Max at Slow Process Corner)
  Requirement:            5.000ns  (sys_clk rise@5.000ns - sys_clk rise@0.000ns)
  Data Path Delay:        4.539ns  (logic 2.989ns (65.852%)  route 1.550ns (34.148%))
  Logic Levels:           3  (LUT5=1 LUT6=2)
  Clock Path Skew:        -0.113ns (DCD - SCD + CPR)
    Destination Clock Delay (DCD):    4.446ns = ( 9.446 - 5.000 ) 
    Source Clock Delay      (SCD):    4.850ns
    Clock Pessimism Removal (CPR):    0.291ns
  Clock Uncertainty:      0.035ns  ((TSJ^2 + TIJ^2)^1/2 + DJ) / 2 + PE
    Total System Jitter     (TSJ):    0.071ns
    Total Input Jitter      (TIJ):    0.000ns
    Discrete Jitter          (DJ):    0.000ns
    Phase Error              (PE):    0.000ns

    Location             Delay type                Incr(ns)  Path(ns)    Netlist Resource(s)
  -------------------------------------------------------------------    -------------------
                         (clock sys_clk rise edge)    0.000     0.000 r  <hidden>
    AL25                                              0.000     0.000 r  clk
                         net (fo=0)                   0.000     0.000    clk
    AL25                 IBUF (Prop_ibuf_I_O)         0.790     0.790 r  clk_IBUF_inst/O
                         net (fo=1, estimated)        2.376     3.166    clk_IBUF
    BUFGCTRL_X0Y0        BUFG (Prop_bufg_I_O)         0.093     3.259 r  clk_IBUF_BUFG_inst/O
                         net (fo=16661, estimated)    1.592     4.850    vector_alu_0/clk_IBUF_BUFG
    DSP48_X1Y58          DSP48E1                                      r  vector_alu_0/lane_product[15]/CLK
  -------------------------------------------------------------------    -------------------
    DSP48_X1Y58          DSP48E1 (Prop_dsp48e1_CLK_P[7])
                                                      2.860     7.710 r  vector_alu_0/lane_product[15]/P[7]
                         net (fo=1, estimated)        0.710     8.420    handshake_join_0/output_skid/lane_out_reg[15][15]_0[7]
    SLICE_X29Y144        LUT6 (Prop_lut6_I2_O)        0.043     8.463 r  handshake_join_0/output_skid/lane_out_skid[15][7]_i_5/O
                         net (fo=1, estimated)        0.263     8.726    handshake_join_0/output_skid/lane_out_skid[15][7]_i_5_n_0
    SLICE_X28Y144        LUT6 (Prop_lut6_I3_O)        0.043     8.769 r  handshake_join_0/output_skid/lane_out_skid[15][7]_i_2/O
                         net (fo=2, estimated)        0.470     9.239    handshake_join_0/output_skid/lane_out_skid[15][7]_i_2_n_0
    SLICE_X28Y144        LUT5 (Prop_lut5_I0_O)        0.043     9.282 r  handshake_join_0/output_skid/lane_out_skid[15][7]_i_1/O
                         net (fo=1, estimated)        0.107     9.389    vector_alu_0/lane_out_skid_reg[15][15]_1[7]
    SLICE_X29Y144        FDRE                                         r  vector_alu_0/lane_out_skid_reg[15][7]/D
  -------------------------------------------------------------------    -------------------

                         (clock sys_clk rise edge)    5.000     5.000 r  <hidden>
    AL25                                              0.000     5.000 r  clk
                         net (fo=0)                   0.000     5.000    clk
    AL25                 IBUF (Prop_ibuf_I_O)         0.714     5.714 r  clk_IBUF_inst/O
                         net (fo=1, estimated)        2.257     7.971    clk_IBUF
    BUFGCTRL_X0Y0        BUFG (Prop_bufg_I_O)         0.083     8.054 r  clk_IBUF_BUFG_inst/O
                         net (fo=16661, estimated)    1.392     9.446    vector_alu_0/clk_IBUF_BUFG
    SLICE_X29Y144        FDRE                                         r  vector_alu_0/lane_out_skid_reg[15][7]/C
                         clock pessimism              0.291     9.738    <hidden>
                         clock uncertainty           -0.035     9.702    <hidden>
    SLICE_X29Y144        FDRE (Setup_fdre_C_D)       -0.008     9.694    vector_alu_0/lane_out_skid_reg[15][7]
  -------------------------------------------------------------------
                         required time                          9.694    <hidden>
                         arrival time                          -9.389    <hidden>
  -------------------------------------------------------------------
                         slack                                  0.305    <hidden>

Slack (MET) :             0.306ns  (required time - arrival time)
  Source:                 vector_alu_0/lane_product[0]/CLK
                            (rising edge-triggered cell DSP48E1 clocked by sys_clk  {rise@0.000ns fall@2.500ns period=5.000ns})
  Destination:            vector_alu_0/lane_out_skid_reg[0][15]/D
                            (rising edge-triggered cell FDRE clocked by sys_clk  {rise@0.000ns fall@2.500ns period=5.000ns})
  Path Group:             sys_clk
  Path Type:              Setup (Max at Slow Process Corner)
  Requirement:            5.000ns  (sys_clk rise@5.000ns - sys_clk rise@0.000ns)
  Data Path Delay:        4.451ns  (logic 2.996ns (67.311%)  route 1.455ns (32.689%))
  Logic Levels:           3  (LUT5=2 LUT6=1)
  Clock Path Skew:        -0.109ns (DCD - SCD + CPR)
    Destination Clock Delay (DCD):    4.385ns = ( 9.385 - 5.000 ) 
    Source Clock Delay      (SCD):    4.785ns
    Clock Pessimism Removal (CPR):    0.291ns
  Clock Uncertainty:      0.035ns  ((TSJ^2 + TIJ^2)^1/2 + DJ) / 2 + PE
    Total System Jitter     (TSJ):    0.071ns
    Total Input Jitter      (TIJ):    0.000ns
    Discrete Jitter          (DJ):    0.000ns
    Phase Error              (PE):    0.000ns

    Location             Delay type                Incr(ns)  Path(ns)    Netlist Resource(s)
  -------------------------------------------------------------------    -------------------
                         (clock sys_clk rise edge)    0.000     0.000 r  <hidden>
    AL25                                              0.000     0.000 r  clk
                         net (fo=0)                   0.000     0.000    clk
    AL25                 IBUF (Prop_ibuf_I_O)         0.790     0.790 r  clk_IBUF_inst/O
                         net (fo=1, estimated)        2.376     3.166    clk_IBUF
    BUFGCTRL_X0Y0        BUFG (Prop_bufg_I_O)         0.093     3.259 r  clk_IBUF_BUFG_inst/O
                         net (fo=16661, estimated)    1.527     4.785    vector_alu_0/clk_IBUF_BUFG
    DSP48_X2Y40          DSP48E1                                      r  vector_alu_0/lane_product[0]/CLK
  -------------------------------------------------------------------    -------------------
    DSP48_X2Y40          DSP48E1 (Prop_dsp48e1_CLK_P[15])
                                                      2.860     7.645 r  vector_alu_0/lane_product[0]/P[15]
                         net (fo=2, estimated)        0.485     8.130    handshake_join_0/output_skid/lane_out_reg[0][15]_0[15]
    SLICE_X43Y103        LUT5 (Prop_lut5_I1_O)        0.043     8.173 r  handshake_join_0/output_skid/lane_out_skid[0][15]_i_8/O
                         net (fo=1, estimated)        0.409     8.582    handshake_join_0/output_skid/lane_out_skid[0][15]_i_8_n_0
    SLICE_X49Y104        LUT6 (Prop_lut6_I4_O)        0.043     8.625 r  handshake_join_0/output_skid/lane_out_skid[0][15]_i_3/O
                         net (fo=1, estimated)        0.353     8.978    handshake_join_0/output_skid/lane_out_skid[0][15]_i_3_n_0
    SLICE_X49Y104        LUT5 (Prop_lut5_I0_O)        0.050     9.028 r  handshake_join_0/output_skid/lane_out_skid[0][15]_i_2/O
                         net (fo=1, estimated)        0.208     9.236    vector_alu_0/lane_out_skid_reg[0][15]_1[15]
    SLICE_X51Y104        FDRE                                         r  vector_alu_0/lane_out_skid_reg[0][15]/D
  -------------------------------------------------------------------    -------------------

                         (clock sys_clk rise edge)    5.000     5.000 r  <hidden>
    AL25                                              0.000     5.000 r  clk
                         net (fo=0)                   0.000     5.000    clk
    AL25                 IBUF (Prop_ibuf_I_O)         0.714     5.714 r  clk_IBUF_inst/O
                         net (fo=1, estimated)        2.257     7.971    clk_IBUF
    BUFGCTRL_X0Y0        BUFG (Prop_bufg_I_O)         0.083     8.054 r  clk_IBUF_BUFG_inst/O
                         net (fo=16661, estimated)    1.331     9.385    vector_alu_0/clk_IBUF_BUFG
    SLICE_X51Y104        FDRE                                         r  vector_alu_0/lane_out_skid_reg[0][15]/C
                         clock pessimism              0.291     9.677    <hidden>
                         clock uncertainty           -0.035     9.641    <hidden>
    SLICE_X51Y104        FDRE (Setup_fdre_C_D)       -0.099     9.542    vector_alu_0/lane_out_skid_reg[0][15]
  -------------------------------------------------------------------
                         required time                          9.542    <hidden>
                         arrival time                          -9.236    <hidden>
  -------------------------------------------------------------------
                         slack                                  0.306    <hidden>

Slack (MET) :             0.310ns  (required time - arrival time)
  Source:                 vector_alu_0/lane_product[8]/CLK
                            (rising edge-triggered cell DSP48E1 clocked by sys_clk  {rise@0.000ns fall@2.500ns period=5.000ns})
  Destination:            vector_alu_0/lane_out_skid_reg[8][11]/D
                            (rising edge-triggered cell FDRE clocked by sys_clk  {rise@0.000ns fall@2.500ns period=5.000ns})
  Path Group:             sys_clk
  Path Type:              Setup (Max at Slow Process Corner)
  Requirement:            5.000ns  (sys_clk rise@5.000ns - sys_clk rise@0.000ns)
  Data Path Delay:        4.468ns  (logic 2.995ns (67.032%)  route 1.473ns (32.968%))
  Logic Levels:           3  (LUT5=2 LUT6=1)
  Clock Path Skew:        -0.107ns (DCD - SCD + CPR)
    Destination Clock Delay (DCD):    4.368ns = ( 9.368 - 5.000 ) 
    Source Clock Delay      (SCD):    4.766ns
    Clock Pessimism Removal (CPR):    0.291ns
  Clock Uncertainty:      0.035ns  ((TSJ^2 + TIJ^2)^1/2 + DJ) / 2 + PE
    Total System Jitter     (TSJ):    0.071ns
    Total Input Jitter      (TIJ):    0.000ns
    Discrete Jitter          (DJ):    0.000ns
    Phase Error              (PE):    0.000ns

    Location             Delay type                Incr(ns)  Path(ns)    Netlist Resource(s)
  -------------------------------------------------------------------    -------------------
                         (clock sys_clk rise edge)    0.000     0.000 r  <hidden>
    AL25                                              0.000     0.000 r  clk
                         net (fo=0)                   0.000     0.000    clk
    AL25                 IBUF (Prop_ibuf_I_O)         0.790     0.790 r  clk_IBUF_inst/O
                         net (fo=1, estimated)        2.376     3.166    clk_IBUF
    BUFGCTRL_X0Y0        BUFG (Prop_bufg_I_O)         0.093     3.259 r  clk_IBUF_BUFG_inst/O
                         net (fo=16661, estimated)    1.508     4.766    vector_alu_0/clk_IBUF_BUFG
    DSP48_X3Y48          DSP48E1                                      r  vector_alu_0/lane_product[8]/CLK
  -------------------------------------------------------------------    -------------------
    DSP48_X3Y48          DSP48E1 (Prop_dsp48e1_CLK_P[11])
                                                      2.860     7.626 r  vector_alu_0/lane_product[8]/P[11]
                         net (fo=2, estimated)        0.475     8.101    handshake_join_0/output_skid/lane_out_reg[8][15]_0[11]
    SLICE_X53Y122        LUT5 (Prop_lut5_I1_O)        0.043     8.144 r  handshake_join_0/output_skid/lane_out_skid[8][11]_i_4/O
                         net (fo=1, estimated)        0.454     8.598    handshake_join_0/output_skid/lane_out_skid[8][11]_i_4_n_0
    SLICE_X57Y121        LUT6 (Prop_lut6_I5_O)        0.043     8.641 r  handshake_join_0/output_skid/lane_out_skid[8][11]_i_2/O
                         net (fo=1, estimated)        0.353     8.994    handshake_join_0/output_skid/lane_out_skid[8][11]_i_2_n_0
    SLICE_X57Y121        LUT5 (Prop_lut5_I0_O)        0.049     9.043 r  handshake_join_0/output_skid/lane_out_skid[8][11]_i_1/O
                         net (fo=1, estimated)        0.191     9.234    vector_alu_0/lane_out_skid_reg[8][15]_1[11]
    SLICE_X54Y121        FDRE                                         r  vector_alu_0/lane_out_skid_reg[8][11]/D
  -------------------------------------------------------------------    -------------------

                         (clock sys_clk rise edge)    5.000     5.000 r  <hidden>
    AL25                                              0.000     5.000 r  clk
                         net (fo=0)                   0.000     5.000    clk
    AL25                 IBUF (Prop_ibuf_I_O)         0.714     5.714 r  clk_IBUF_inst/O
                         net (fo=1, estimated)        2.257     7.971    clk_IBUF
    BUFGCTRL_X0Y0        BUFG (Prop_bufg_I_O)         0.083     8.054 r  clk_IBUF_BUFG_inst/O
                         net (fo=16661, estimated)    1.314     9.368    vector_alu_0/clk_IBUF_BUFG
    SLICE_X54Y121        FDRE                                         r  vector_alu_0/lane_out_skid_reg[8][11]/C
                         clock pessimism              0.291     9.660    <hidden>
                         clock uncertainty           -0.035     9.624    <hidden>
    SLICE_X54Y121        FDRE (Setup_fdre_C_D)       -0.080     9.544    vector_alu_0/lane_out_skid_reg[8][11]
  -------------------------------------------------------------------
                         required time                          9.544    <hidden>
                         arrival time                          -9.234    <hidden>
  -------------------------------------------------------------------
                         slack                                  0.310    <hidden>

Slack (MET) :             0.310ns  (required time - arrival time)
  Source:                 vector_alu_0/lane_product[5]/CLK
                            (rising edge-triggered cell DSP48E1 clocked by sys_clk  {rise@0.000ns fall@2.500ns period=5.000ns})
  Destination:            vector_alu_0/lane_out_skid_reg[5][8]/D
                            (rising edge-triggered cell FDRE clocked by sys_clk  {rise@0.000ns fall@2.500ns period=5.000ns})
  Path Group:             sys_clk
  Path Type:              Setup (Max at Slow Process Corner)
  Requirement:            5.000ns  (sys_clk rise@5.000ns - sys_clk rise@0.000ns)
  Data Path Delay:        4.612ns  (logic 2.997ns (64.983%)  route 1.615ns (35.017%))
  Logic Levels:           3  (LUT5=2 LUT6=1)
  Clock Path Skew:        -0.114ns (DCD - SCD + CPR)
    Destination Clock Delay (DCD):    4.206ns = ( 9.206 - 5.000 ) 
    Source Clock Delay      (SCD):    4.609ns
    Clock Pessimism Removal (CPR):    0.289ns
  Clock Uncertainty:      0.035ns  ((TSJ^2 + TIJ^2)^1/2 + DJ) / 2 + PE
    Total System Jitter     (TSJ):    0.071ns
    Total Input Jitter      (TIJ):    0.000ns
    Discrete Jitter          (DJ):    0.000ns
    Phase Error              (PE):    0.000ns

    Location             Delay type                Incr(ns)  Path(ns)    Netlist Resource(s)
  -------------------------------------------------------------------    -------------------
                         (clock sys_clk rise edge)    0.000     0.000 r  <hidden>
    AL25                                              0.000     0.000 r  clk
                         net (fo=0)                   0.000     0.000    clk
    AL25                 IBUF (Prop_ibuf_I_O)         0.790     0.790 r  clk_IBUF_inst/O
                         net (fo=1, estimated)        2.376     3.166    clk_IBUF
    BUFGCTRL_X0Y0        BUFG (Prop_bufg_I_O)         0.093     3.259 r  clk_IBUF_BUFG_inst/O
                         net (fo=16661, estimated)    1.351     4.609    vector_alu_0/clk_IBUF_BUFG
    DSP48_X3Y60          DSP48E1                                      r  vector_alu_0/lane_product[5]/CLK
  -------------------------------------------------------------------    -------------------
    DSP48_X3Y60          DSP48E1 (Prop_dsp48e1_CLK_P[8])
                                                      2.860     7.469 r  vector_alu_0/lane_product[5]/P[8]
                         net (fo=2, estimated)        0.645     8.114    handshake_join_0/output_skid/lane_out_reg[5][15]_0[8]
    SLICE_X63Y152        LUT5 (Prop_lut5_I4_O)        0.043     8.157 r  handshake_join_0/output_skid/lane_out_skid[5][8]_i_4/O
                         net (fo=1, estimated)        0.417     8.574    handshake_join_0/output_skid/lane_out_skid[5][8]_i_4_n_0
    SLICE_X66Y151        LUT6 (Prop_lut6_I5_O)        0.043     8.617 r  handshake_join_0/output_skid/lane_out_skid[5][8]_i_2/O
                         net (fo=1, estimated)        0.553     9.170    handshake_join_0/output_skid/lane_out_skid[5][8]_i_2_n_0
    SLICE_X66Y151        LUT5 (Prop_lut5_I0_O)        0.051     9.221 r  handshake_join_0/output_skid/lane_out_skid[5][8]_i_1/O
                         net (fo=1, routed)           0.000     9.221    vector_alu_0/lane_out_skid_reg[5][15]_1[8]
    SLICE_X66Y151        FDRE                                         r  vector_alu_0/lane_out_skid_reg[5][8]/D
  -------------------------------------------------------------------    -------------------

                         (clock sys_clk rise edge)    5.000     5.000 r  <hidden>
    AL25                                              0.000     5.000 r  clk
                         net (fo=0)                   0.000     5.000    clk
    AL25                 IBUF (Prop_ibuf_I_O)         0.714     5.714 r  clk_IBUF_inst/O
                         net (fo=1, estimated)        2.257     7.971    clk_IBUF
    BUFGCTRL_X0Y0        BUFG (Prop_bufg_I_O)         0.083     8.054 r  clk_IBUF_BUFG_inst/O
                         net (fo=16661, estimated)    1.152     9.206    vector_alu_0/clk_IBUF_BUFG
    SLICE_X66Y151        FDRE                                         r  vector_alu_0/lane_out_skid_reg[5][8]/C
                         clock pessimism              0.289     9.496    <hidden>
                         clock uncertainty           -0.035     9.460    <hidden>
    SLICE_X66Y151        FDRE (Setup_fdre_C_D)        0.071     9.531    vector_alu_0/lane_out_skid_reg[5][8]
  -------------------------------------------------------------------
                         required time                          9.531    <hidden>
                         arrival time                          -9.221    <hidden>
  -------------------------------------------------------------------
                         slack                                  0.310    <hidden>

Slack (MET) :             0.313ns  (required time - arrival time)
  Source:                 vector_alu_0/p_1_out__3/CLK
                            (rising edge-triggered cell DSP48E1 clocked by sys_clk  {rise@0.000ns fall@2.500ns period=5.000ns})
  Destination:            vector_alu_0/lane_out_reg[4][2]/D
                            (rising edge-triggered cell FDRE clocked by sys_clk  {rise@0.000ns fall@2.500ns period=5.000ns})
  Path Group:             sys_clk
  Path Type:              Setup (Max at Slow Process Corner)
  Requirement:            5.000ns  (sys_clk rise@5.000ns - sys_clk rise@0.000ns)
  Data Path Delay:        4.617ns  (logic 2.946ns (63.808%)  route 1.671ns (36.192%))
  Logic Levels:           2  (LUT3=1 LUT6=1)
  Clock Path Skew:        -0.099ns (DCD - SCD + CPR)
    Destination Clock Delay (DCD):    4.315ns = ( 9.315 - 5.000 ) 
    Source Clock Delay      (SCD):    4.705ns
    Clock Pessimism Removal (CPR):    0.291ns
  Clock Uncertainty:      0.035ns  ((TSJ^2 + TIJ^2)^1/2 + DJ) / 2 + PE
    Total System Jitter     (TSJ):    0.071ns
    Total Input Jitter      (TIJ):    0.000ns
    Discrete Jitter          (DJ):    0.000ns
    Phase Error              (PE):    0.000ns

    Location             Delay type                Incr(ns)  Path(ns)    Netlist Resource(s)
  -------------------------------------------------------------------    -------------------
                         (clock sys_clk rise edge)    0.000     0.000 r  <hidden>
    AL25                                              0.000     0.000 r  clk
                         net (fo=0)                   0.000     0.000    clk
    AL25                 IBUF (Prop_ibuf_I_O)         0.790     0.790 r  clk_IBUF_inst/O
                         net (fo=1, estimated)        2.376     3.166    clk_IBUF
    BUFGCTRL_X0Y0        BUFG (Prop_bufg_I_O)         0.093     3.259 r  clk_IBUF_BUFG_inst/O
                         net (fo=16661, estimated)    1.447     4.705    vector_alu_0/clk_IBUF_BUFG
    DSP48_X5Y53          DSP48E1                                      r  vector_alu_0/p_1_out__3/CLK
  -------------------------------------------------------------------    -------------------
    DSP48_X5Y53          DSP48E1 (Prop_dsp48e1_CLK_P[2])
                                                      2.860     7.565 r  vector_alu_0/p_1_out__3/P[2]
                         net (fo=2, estimated)        0.963     8.528    handshake_join_0/output_skid/lane_out_skid_reg[4][15][2]
    SLICE_X73Y145        LUT3 (Prop_lut3_I1_O)        0.043     8.571 r  handshake_join_0/output_skid/lane_out[4][2]_i_2/O
                         net (fo=1, estimated)        0.708     9.279    handshake_join_0/output_skid/lane_out[4][2]_i_2_n_0
    SLICE_X80Y135        LUT6 (Prop_lut6_I2_O)        0.043     9.322 r  handshake_join_0/output_skid/lane_out[4][2]_i_1/O
                         net (fo=1, routed)           0.000     9.322    vector_alu_0/lane_out_reg[4][15]_8[2]
    SLICE_X80Y135        FDRE                                         r  vector_alu_0/lane_out_reg[4][2]/D
  -------------------------------------------------------------------    -------------------

                         (clock sys_clk rise edge)    5.000     5.000 r  <hidden>
    AL25                                              0.000     5.000 r  clk
                         net (fo=0)                   0.000     5.000    clk
    AL25                 IBUF (Prop_ibuf_I_O)         0.714     5.714 r  clk_IBUF_inst/O
                         net (fo=1, estimated)        2.257     7.971    clk_IBUF
    BUFGCTRL_X0Y0        BUFG (Prop_bufg_I_O)         0.083     8.054 r  clk_IBUF_BUFG_inst/O
                         net (fo=16661, estimated)    1.261     9.315    vector_alu_0/clk_IBUF_BUFG
    SLICE_X80Y135        FDRE                                         r  vector_alu_0/lane_out_reg[4][2]/C
                         clock pessimism              0.291     9.607    <hidden>
                         clock uncertainty           -0.035     9.571    <hidden>
    SLICE_X80Y135        FDRE (Setup_fdre_C_D)        0.064     9.635    vector_alu_0/lane_out_reg[4][2]
  -------------------------------------------------------------------
                         required time                          9.635    <hidden>
                         arrival time                          -9.322    <hidden>
  -------------------------------------------------------------------
                         slack                                  0.313    <hidden>

Slack (MET) :             0.314ns  (required time - arrival time)
  Source:                 vector_alu_0/lane_product[1]/CLK
                            (rising edge-triggered cell DSP48E1 clocked by sys_clk  {rise@0.000ns fall@2.500ns period=5.000ns})
  Destination:            vector_alu_0/lane_out_skid_reg[1][15]/D
                            (rising edge-triggered cell FDRE clocked by sys_clk  {rise@0.000ns fall@2.500ns period=5.000ns})
  Path Group:             sys_clk
  Path Type:              Setup (Max at Slow Process Corner)
  Requirement:            5.000ns  (sys_clk rise@5.000ns - sys_clk rise@0.000ns)
  Data Path Delay:        4.455ns  (logic 3.000ns (67.340%)  route 1.455ns (32.660%))
  Logic Levels:           3  (LUT5=2 LUT6=1)
  Clock Path Skew:        -0.080ns (DCD - SCD + CPR)
    Destination Clock Delay (DCD):    4.313ns = ( 9.313 - 5.000 ) 
    Source Clock Delay      (SCD):    4.707ns
    Clock Pessimism Removal (CPR):    0.314ns
  Clock Uncertainty:      0.035ns  ((TSJ^2 + TIJ^2)^1/2 + DJ) / 2 + PE
    Total System Jitter     (TSJ):    0.071ns
    Total Input Jitter      (TIJ):    0.000ns
    Discrete Jitter          (DJ):    0.000ns
    Phase Error              (PE):    0.000ns

    Location             Delay type                Incr(ns)  Path(ns)    Netlist Resource(s)
  -------------------------------------------------------------------    -------------------
                         (clock sys_clk rise edge)    0.000     0.000 r  <hidden>
    AL25                                              0.000     0.000 r  clk
                         net (fo=0)                   0.000     0.000    clk
    AL25                 IBUF (Prop_ibuf_I_O)         0.790     0.790 r  clk_IBUF_inst/O
                         net (fo=1, estimated)        2.376     3.166    clk_IBUF
    BUFGCTRL_X0Y0        BUFG (Prop_bufg_I_O)         0.093     3.259 r  clk_IBUF_BUFG_inst/O
                         net (fo=16661, estimated)    1.449     4.707    vector_alu_0/clk_IBUF_BUFG
    DSP48_X4Y46          DSP48E1                                      r  vector_alu_0/lane_product[1]/CLK
  -------------------------------------------------------------------    -------------------
    DSP48_X4Y46          DSP48E1 (Prop_dsp48e1_CLK_P[15])
                                                      2.860     7.567 r  vector_alu_0/lane_product[1]/P[15]
                         net (fo=2, estimated)        0.304     7.871    handshake_join_0/output_skid/lane_out_reg[1][15]_0[15]
    SLICE_X73Y118        LUT5 (Prop_lut5_I4_O)        0.043     7.914 r  handshake_join_0/output_skid/lane_out_skid[1][15]_i_7/O
                         net (fo=1, estimated)        0.313     8.227    handshake_join_0/output_skid/lane_out_skid[1][15]_i_7_n_0
    SLICE_X73Y117        LUT6 (Prop_lut6_I4_O)        0.043     8.270 r  handshake_join_0/output_skid/lane_out_skid[1][15]_i_2/O
                         net (fo=1, estimated)        0.545     8.815    handshake_join_0/output_skid/lane_out_skid[1][15]_i_2_n_0
    SLICE_X73Y117        LUT5 (Prop_lut5_I0_O)        0.054     8.869 r  handshake_join_0/output_skid/lane_out_skid[1][15]_i_1/O
                         net (fo=1, estimated)        0.293     9.162    vector_alu_0/lane_out_skid_reg[1][15]_1[15]
    SLICE_X73Y117        FDRE                                         r  vector_alu_0/lane_out_skid_reg[1][15]/D
  -------------------------------------------------------------------    -------------------

                         (clock sys_clk rise edge)    5.000     5.000 r  <hidden>
    AL25                                              0.000     5.000 r  clk
                         net (fo=0)                   0.000     5.000    clk
    AL25                 IBUF (Prop_ibuf_I_O)         0.714     5.714 r  clk_IBUF_inst/O
                         net (fo=1, estimated)        2.257     7.971    clk_IBUF
    BUFGCTRL_X0Y0        BUFG (Prop_bufg_I_O)         0.083     8.054 r  clk_IBUF_BUFG_inst/O
                         net (fo=16661, estimated)    1.259     9.313    vector_alu_0/clk_IBUF_BUFG
    SLICE_X73Y117        FDRE                                         r  vector_alu_0/lane_out_skid_reg[1][15]/C
                         clock pessimism              0.314     9.628    <hidden>
                         clock uncertainty           -0.035     9.592    <hidden>
    SLICE_X73Y117        FDRE (Setup_fdre_C_D)       -0.116     9.476    vector_alu_0/lane_out_skid_reg[1][15]
  -------------------------------------------------------------------
                         required time                          9.476    <hidden>
                         arrival time                          -9.162    <hidden>
  -------------------------------------------------------------------
                         slack                                  0.314    <hidden>

Slack (MET) :             0.315ns  (required time - arrival time)
  Source:                 vector_alu_0/lane_product[0]/CLK
                            (rising edge-triggered cell DSP48E1 clocked by sys_clk  {rise@0.000ns fall@2.500ns period=5.000ns})
  Destination:            vector_alu_0/lane_out_skid_reg[0][7]/D
                            (rising edge-triggered cell FDRE clocked by sys_clk  {rise@0.000ns fall@2.500ns period=5.000ns})
  Path Group:             sys_clk
  Path Type:              Setup (Max at Slow Process Corner)
  Requirement:            5.000ns  (sys_clk rise@5.000ns - sys_clk rise@0.000ns)
  Data Path Delay:        4.576ns  (logic 2.989ns (65.319%)  route 1.587ns (34.681%))
  Logic Levels:           3  (LUT5=1 LUT6=2)
  Clock Path Skew:        -0.108ns (DCD - SCD + CPR)
    Destination Clock Delay (DCD):    4.386ns = ( 9.386 - 5.000 ) 
    Source Clock Delay      (SCD):    4.785ns
    Clock Pessimism Removal (CPR):    0.291ns
  Clock Uncertainty:      0.035ns  ((TSJ^2 + TIJ^2)^1/2 + DJ) / 2 + PE
    Total System Jitter     (TSJ):    0.071ns
    Total Input Jitter      (TIJ):    0.000ns
    Discrete Jitter          (DJ):    0.000ns
    Phase Error              (PE):    0.000ns

    Location             Delay type                Incr(ns)  Path(ns)    Netlist Resource(s)
  -------------------------------------------------------------------    -------------------
                         (clock sys_clk rise edge)    0.000     0.000 r  <hidden>
    AL25                                              0.000     0.000 r  clk
                         net (fo=0)                   0.000     0.000    clk
    AL25                 IBUF (Prop_ibuf_I_O)         0.790     0.790 r  clk_IBUF_inst/O
                         net (fo=1, estimated)        2.376     3.166    clk_IBUF
    BUFGCTRL_X0Y0        BUFG (Prop_bufg_I_O)         0.093     3.259 r  clk_IBUF_BUFG_inst/O
                         net (fo=16661, estimated)    1.527     4.785    vector_alu_0/clk_IBUF_BUFG
    DSP48_X2Y40          DSP48E1                                      r  vector_alu_0/lane_product[0]/CLK
  -------------------------------------------------------------------    -------------------
    DSP48_X2Y40          DSP48E1 (Prop_dsp48e1_CLK_P[7])
                                                      2.860     7.645 r  vector_alu_0/lane_product[0]/P[7]
                         net (fo=1, estimated)        0.562     8.207    handshake_join_0/output_skid/lane_out_reg[0][15]_0[7]
    SLICE_X42Y101        LUT6 (Prop_lut6_I2_O)        0.043     8.250 r  handshake_join_0/output_skid/lane_out_skid[0][7]_i_6/O
                         net (fo=1, estimated)        0.468     8.718    handshake_join_0/output_skid/lane_out_skid[0][7]_i_6_n_0
    SLICE_X42Y101        LUT6 (Prop_lut6_I3_O)        0.043     8.761 r  handshake_join_0/output_skid/lane_out_skid[0][7]_i_2/O
                         net (fo=2, estimated)        0.557     9.318    handshake_join_0/output_skid/lane_out_skid[0][7]_i_2_n_0
    SLICE_X43Y101        LUT5 (Prop_lut5_I0_O)        0.043     9.361 r  handshake_join_0/output_skid/lane_out_skid[0][7]_i_1/O
                         net (fo=1, routed)           0.000     9.361    vector_alu_0/lane_out_skid_reg[0][15]_1[7]
    SLICE_X43Y101        FDRE                                         r  vector_alu_0/lane_out_skid_reg[0][7]/D
  -------------------------------------------------------------------    -------------------

                         (clock sys_clk rise edge)    5.000     5.000 r  <hidden>
    AL25                                              0.000     5.000 r  clk
                         net (fo=0)                   0.000     5.000    clk
    AL25                 IBUF (Prop_ibuf_I_O)         0.714     5.714 r  clk_IBUF_inst/O
                         net (fo=1, estimated)        2.257     7.971    clk_IBUF
    BUFGCTRL_X0Y0        BUFG (Prop_bufg_I_O)         0.083     8.054 r  clk_IBUF_BUFG_inst/O
                         net (fo=16661, estimated)    1.332     9.386    vector_alu_0/clk_IBUF_BUFG
    SLICE_X43Y101        FDRE                                         r  vector_alu_0/lane_out_skid_reg[0][7]/C
                         clock pessimism              0.291     9.678    <hidden>
                         clock uncertainty           -0.035     9.642    <hidden>
    SLICE_X43Y101        FDRE (Setup_fdre_C_D)        0.034     9.676    vector_alu_0/lane_out_skid_reg[0][7]
  -------------------------------------------------------------------
                         required time                          9.676    <hidden>
                         arrival time                          -9.361    <hidden>
  -------------------------------------------------------------------
                         slack                                  0.315    <hidden>

Slack (MET) :             0.319ns  (required time - arrival time)
  Source:                 vector_alu_0/lane_product[6]/CLK
                            (rising edge-triggered cell DSP48E1 clocked by sys_clk  {rise@0.000ns fall@2.500ns period=5.000ns})
  Destination:            vector_alu_0/lane_out_skid_reg[6][14]/D
                            (rising edge-triggered cell FDRE clocked by sys_clk  {rise@0.000ns fall@2.500ns period=5.000ns})
  Path Group:             sys_clk
  Path Type:              Setup (Max at Slow Process Corner)
  Requirement:            5.000ns  (sys_clk rise@5.000ns - sys_clk rise@0.000ns)
  Data Path Delay:        4.421ns  (logic 2.992ns (67.677%)  route 1.429ns (32.323%))
  Logic Levels:           3  (LUT5=2 LUT6=1)
  Clock Path Skew:        -0.105ns (DCD - SCD + CPR)
    Destination Clock Delay (DCD):    4.147ns = ( 9.147 - 5.000 ) 
    Source Clock Delay      (SCD):    4.541ns
    Clock Pessimism Removal (CPR):    0.289ns
  Clock Uncertainty:      0.035ns  ((TSJ^2 + TIJ^2)^1/2 + DJ) / 2 + PE
    Total System Jitter     (TSJ):    0.071ns
    Total Input Jitter      (TIJ):    0.000ns
    Discrete Jitter          (DJ):    0.000ns
    Phase Error              (PE):    0.000ns

    Location             Delay type                Incr(ns)  Path(ns)    Netlist Resource(s)
  -------------------------------------------------------------------    -------------------
                         (clock sys_clk rise edge)    0.000     0.000 r  <hidden>
    AL25                                              0.000     0.000 r  clk
                         net (fo=0)                   0.000     0.000    clk
    AL25                 IBUF (Prop_ibuf_I_O)         0.790     0.790 r  clk_IBUF_inst/O
                         net (fo=1, estimated)        2.376     3.166    clk_IBUF
    BUFGCTRL_X0Y0        BUFG (Prop_bufg_I_O)         0.093     3.259 r  clk_IBUF_BUFG_inst/O
                         net (fo=16661, estimated)    1.283     4.541    vector_alu_0/clk_IBUF_BUFG
    DSP48_X4Y64          DSP48E1                                      r  vector_alu_0/lane_product[6]/CLK
  -------------------------------------------------------------------    -------------------
    DSP48_X4Y64          DSP48E1 (Prop_dsp48e1_CLK_P[14])
                                                      2.860     7.401 r  vector_alu_0/lane_product[6]/P[14]
                         net (fo=2, estimated)        0.322     7.723    handshake_join_0/output_skid/lane_out_reg[6][15]_0[14]
    SLICE_X77Y163        LUT5 (Prop_lut5_I4_O)        0.043     7.766 r  handshake_join_0/output_skid/lane_out_skid[6][14]_i_4/O
                         net (fo=1, estimated)        0.324     8.090    handshake_join_0/output_skid/lane_out_skid[6][14]_i_4_n_0
    SLICE_X76Y162        LUT6 (Prop_lut6_I5_O)        0.043     8.133 r  handshake_join_0/output_skid/lane_out_skid[6][14]_i_2/O
                         net (fo=1, estimated)        0.566     8.699    handshake_join_0/output_skid/lane_out_skid[6][14]_i_2_n_0
    SLICE_X76Y160        LUT5 (Prop_lut5_I0_O)        0.046     8.745 r  handshake_join_0/output_skid/lane_out_skid[6][14]_i_1/O
                         net (fo=1, estimated)        0.217     8.962    vector_alu_0/lane_out_skid_reg[6][15]_1[14]
    SLICE_X77Y160        FDRE                                         r  vector_alu_0/lane_out_skid_reg[6][14]/D
  -------------------------------------------------------------------    -------------------

                         (clock sys_clk rise edge)    5.000     5.000 r  <hidden>
    AL25                                              0.000     5.000 r  clk
                         net (fo=0)                   0.000     5.000    clk
    AL25                 IBUF (Prop_ibuf_I_O)         0.714     5.714 r  clk_IBUF_inst/O
                         net (fo=1, estimated)        2.257     7.971    clk_IBUF
    BUFGCTRL_X0Y0        BUFG (Prop_bufg_I_O)         0.083     8.054 r  clk_IBUF_BUFG_inst/O
                         net (fo=16661, estimated)    1.093     9.147    vector_alu_0/clk_IBUF_BUFG
    SLICE_X77Y160        FDRE                                         r  vector_alu_0/lane_out_skid_reg[6][14]/C
                         clock pessimism              0.289     9.437    <hidden>
                         clock uncertainty           -0.035     9.401    <hidden>
    SLICE_X77Y160        FDRE (Setup_fdre_C_D)       -0.120     9.281    vector_alu_0/lane_out_skid_reg[6][14]
  -------------------------------------------------------------------
                         required time                          9.281    <hidden>
                         arrival time                          -8.962    <hidden>
  -------------------------------------------------------------------
                         slack                                  0.319    <hidden>

Slack (MET) :             0.322ns  (required time - arrival time)
  Source:                 vector_alu_0/lane_product[9]/CLK
                            (rising edge-triggered cell DSP48E1 clocked by sys_clk  {rise@0.000ns fall@2.500ns period=5.000ns})
  Destination:            vector_alu_0/lane_out_skid_reg[9][14]/D
                            (rising edge-triggered cell FDRE clocked by sys_clk  {rise@0.000ns fall@2.500ns period=5.000ns})
  Path Group:             sys_clk
  Path Type:              Setup (Max at Slow Process Corner)
  Requirement:            5.000ns  (sys_clk rise@5.000ns - sys_clk rise@0.000ns)
  Data Path Delay:        4.468ns  (logic 2.993ns (66.987%)  route 1.475ns (33.013%))
  Logic Levels:           3  (LUT5=2 LUT6=1)
  Clock Path Skew:        -0.082ns (DCD - SCD + CPR)
    Destination Clock Delay (DCD):    4.319ns = ( 9.319 - 5.000 ) 
    Source Clock Delay      (SCD):    4.715ns
    Clock Pessimism Removal (CPR):    0.314ns
  Clock Uncertainty:      0.035ns  ((TSJ^2 + TIJ^2)^1/2 + DJ) / 2 + PE
    Total System Jitter     (TSJ):    0.071ns
    Total Input Jitter      (TIJ):    0.000ns
    Discrete Jitter          (DJ):    0.000ns
    Phase Error              (PE):    0.000ns

    Location             Delay type                Incr(ns)  Path(ns)    Netlist Resource(s)
  -------------------------------------------------------------------    -------------------
                         (clock sys_clk rise edge)    0.000     0.000 r  <hidden>
    AL25                                              0.000     0.000 r  clk
                         net (fo=0)                   0.000     0.000    clk
    AL25                 IBUF (Prop_ibuf_I_O)         0.790     0.790 r  clk_IBUF_inst/O
                         net (fo=1, estimated)        2.376     3.166    clk_IBUF
    BUFGCTRL_X0Y0        BUFG (Prop_bufg_I_O)         0.093     3.259 r  clk_IBUF_BUFG_inst/O
                         net (fo=16661, estimated)    1.457     4.715    vector_alu_0/clk_IBUF_BUFG
    DSP48_X5Y40          DSP48E1                                      r  vector_alu_0/lane_product[9]/CLK
  -------------------------------------------------------------------    -------------------
    DSP48_X5Y40          DSP48E1 (Prop_dsp48e1_CLK_P[14])
                                                      2.860     7.575 r  vector_alu_0/lane_product[9]/P[14]
                         net (fo=2, estimated)        0.581     8.156    handshake_join_0/output_skid/lane_out_reg[9][15]_0[14]
    SLICE_X82Y103        LUT5 (Prop_lut5_I1_O)        0.043     8.199 r  handshake_join_0/output_skid/lane_out_skid[9][14]_i_4/O
                         net (fo=1, estimated)        0.253     8.452    handshake_join_0/output_skid/lane_out_skid[9][14]_i_4_n_0
    SLICE_X82Y103        LUT6 (Prop_lut6_I5_O)        0.043     8.495 r  handshake_join_0/output_skid/lane_out_skid[9][14]_i_2/O
                         net (fo=1, estimated)        0.365     8.860    handshake_join_0/output_skid/lane_out_skid[9][14]_i_2_n_0
    SLICE_X82Y103        LUT5 (Prop_lut5_I0_O)        0.047     8.907 r  handshake_join_0/output_skid/lane_out_skid[9][14]_i_1/O
                         net (fo=1, estimated)        0.276     9.183    vector_alu_0/lane_out_skid_reg[9][15]_1[14]
    SLICE_X82Y102        FDRE                                         r  vector_alu_0/lane_out_skid_reg[9][14]/D
  -------------------------------------------------------------------    -------------------

                         (clock sys_clk rise edge)    5.000     5.000 r  <hidden>
    AL25                                              0.000     5.000 r  clk
                         net (fo=0)                   0.000     5.000    clk
    AL25                 IBUF (Prop_ibuf_I_O)         0.714     5.714 r  clk_IBUF_inst/O
                         net (fo=1, estimated)        2.257     7.971    clk_IBUF
    BUFGCTRL_X0Y0        BUFG (Prop_bufg_I_O)         0.083     8.054 r  clk_IBUF_BUFG_inst/O
                         net (fo=16661, estimated)    1.265     9.319    vector_alu_0/clk_IBUF_BUFG
    SLICE_X82Y102        FDRE                                         r  vector_alu_0/lane_out_skid_reg[9][14]/C
                         clock pessimism              0.314     9.634    <hidden>
                         clock uncertainty           -0.035     9.598    <hidden>
    SLICE_X82Y102        FDRE (Setup_fdre_C_D)       -0.093     9.505    vector_alu_0/lane_out_skid_reg[9][14]
  -------------------------------------------------------------------
                         required time                          9.505    <hidden>
                         arrival time                          -9.183    <hidden>
  -------------------------------------------------------------------
                         slack                                  0.322    <hidden>

Slack (MET) :             0.325ns  (required time - arrival time)
  Source:                 vector_alu_0/lane_product[15]/CLK
                            (rising edge-triggered cell DSP48E1 clocked by sys_clk  {rise@0.000ns fall@2.500ns period=5.000ns})
  Destination:            vector_alu_0/lane_out_skid_reg[15][13]/D
                            (rising edge-triggered cell FDRE clocked by sys_clk  {rise@0.000ns fall@2.500ns period=5.000ns})
  Path Group:             sys_clk
  Path Type:              Setup (Max at Slow Process Corner)
  Requirement:            5.000ns  (sys_clk rise@5.000ns - sys_clk rise@0.000ns)
  Data Path Delay:        4.436ns  (logic 2.995ns (67.516%)  route 1.441ns (32.484%))
  Logic Levels:           3  (LUT5=2 LUT6=1)
  Clock Path Skew:        -0.109ns (DCD - SCD + CPR)
    Destination Clock Delay (DCD):    4.450ns = ( 9.450 - 5.000 ) 
    Source Clock Delay      (SCD):    4.850ns
    Clock Pessimism Removal (CPR):    0.291ns
  Clock Uncertainty:      0.035ns  ((TSJ^2 + TIJ^2)^1/2 + DJ) / 2 + PE
    Total System Jitter     (TSJ):    0.071ns
    Total Input Jitter      (TIJ):    0.000ns
    Discrete Jitter          (DJ):    0.000ns
    Phase Error              (PE):    0.000ns

    Location             Delay type                Incr(ns)  Path(ns)    Netlist Resource(s)
  -------------------------------------------------------------------    -------------------
                         (clock sys_clk rise edge)    0.000     0.000 r  <hidden>
    AL25                                              0.000     0.000 r  clk
                         net (fo=0)                   0.000     0.000    clk
    AL25                 IBUF (Prop_ibuf_I_O)         0.790     0.790 r  clk_IBUF_inst/O
                         net (fo=1, estimated)        2.376     3.166    clk_IBUF
    BUFGCTRL_X0Y0        BUFG (Prop_bufg_I_O)         0.093     3.259 r  clk_IBUF_BUFG_inst/O
                         net (fo=16661, estimated)    1.592     4.850    vector_alu_0/clk_IBUF_BUFG
    DSP48_X1Y58          DSP48E1                                      r  vector_alu_0/lane_product[15]/CLK
  -------------------------------------------------------------------    -------------------
    DSP48_X1Y58          DSP48E1 (Prop_dsp48e1_CLK_P[13])
                                                      2.860     7.710 r  vector_alu_0/lane_product[15]/P[13]
                         net (fo=2, estimated)        0.468     8.178    handshake_join_0/output_skid/lane_out_reg[15][15]_0[13]
    SLICE_X21Y147        LUT5 (Prop_lut5_I1_O)        0.043     8.221 r  handshake_join_0/output_skid/lane_out_skid[15][13]_i_4/O
                         net (fo=1, estimated)        0.402     8.623    handshake_join_0/output_skid/lane_out_skid[15][13]_i_4_n_0
    SLICE_X23Y146        LUT6 (Prop_lut6_I5_O)        0.043     8.666 r  handshake_join_0/output_skid/lane_out_skid[15][13]_i_2/O
                         net (fo=1, estimated)        0.353     9.019    handshake_join_0/output_skid/lane_out_skid[15][13]_i_2_n_0
    SLICE_X23Y146        LUT5 (Prop_lut5_I0_O)        0.049     9.068 r  handshake_join_0/output_skid/lane_out_skid[15][13]_i_1/O
                         net (fo=1, estimated)        0.218     9.286    vector_alu_0/lane_out_skid_reg[15][15]_1[13]
    SLICE_X22Y146        FDRE                                         r  vector_alu_0/lane_out_skid_reg[15][13]/D
  -------------------------------------------------------------------    -------------------

                         (clock sys_clk rise edge)    5.000     5.000 r  <hidden>
    AL25                                              0.000     5.000 r  clk
                         net (fo=0)                   0.000     5.000    clk
    AL25                 IBUF (Prop_ibuf_I_O)         0.714     5.714 r  clk_IBUF_inst/O
                         net (fo=1, estimated)        2.257     7.971    clk_IBUF
    BUFGCTRL_X0Y0        BUFG (Prop_bufg_I_O)         0.083     8.054 r  clk_IBUF_BUFG_inst/O
                         net (fo=16661, estimated)    1.396     9.450    vector_alu_0/clk_IBUF_BUFG
    SLICE_X22Y146        FDRE                                         r  vector_alu_0/lane_out_skid_reg[15][13]/C
                         clock pessimism              0.291     9.742    <hidden>
                         clock uncertainty           -0.035     9.706    <hidden>
    SLICE_X22Y146        FDRE (Setup_fdre_C_D)       -0.095     9.611    vector_alu_0/lane_out_skid_reg[15][13]
  -------------------------------------------------------------------
                         required time                          9.611    <hidden>
                         arrival time                          -9.286    <hidden>
  -------------------------------------------------------------------
                         slack                                  0.325    <hidden>

Slack (MET) :             0.329ns  (required time - arrival time)
  Source:                 vector_alu_0/lane_product[3]/CLK
                            (rising edge-triggered cell DSP48E1 clocked by sys_clk  {rise@0.000ns fall@2.500ns period=5.000ns})
  Destination:            vector_alu_0/lane_out_skid_reg[3][7]/D
                            (rising edge-triggered cell FDRE clocked by sys_clk  {rise@0.000ns fall@2.500ns period=5.000ns})
  Path Group:             sys_clk
  Path Type:              Setup (Max at Slow Process Corner)
  Requirement:            5.000ns  (sys_clk rise@5.000ns - sys_clk rise@0.000ns)
  Data Path Delay:        4.545ns  (logic 2.989ns (65.765%)  route 1.556ns (34.235%))
  Logic Levels:           3  (LUT5=1 LUT6=2)
  Clock Path Skew:        -0.104ns (DCD - SCD + CPR)
    Destination Clock Delay (DCD):    4.306ns = ( 9.306 - 5.000 ) 
    Source Clock Delay      (SCD):    4.701ns
    Clock Pessimism Removal (CPR):    0.291ns
  Clock Uncertainty:      0.035ns  ((TSJ^2 + TIJ^2)^1/2 + DJ) / 2 + PE
    Total System Jitter     (TSJ):    0.071ns
    Total Input Jitter      (TIJ):    0.000ns
    Discrete Jitter          (DJ):    0.000ns
    Phase Error              (PE):    0.000ns

    Location             Delay type                Incr(ns)  Path(ns)    Netlist Resource(s)
  -------------------------------------------------------------------    -------------------
                         (clock sys_clk rise edge)    0.000     0.000 r  <hidden>
    AL25                                              0.000     0.000 r  clk
                         net (fo=0)                   0.000     0.000    clk
    AL25                 IBUF (Prop_ibuf_I_O)         0.790     0.790 r  clk_IBUF_inst/O
                         net (fo=1, estimated)        2.376     3.166    clk_IBUF
    BUFGCTRL_X0Y0        BUFG (Prop_bufg_I_O)         0.093     3.259 r  clk_IBUF_BUFG_inst/O
                         net (fo=16661, estimated)    1.443     4.701    vector_alu_0/clk_IBUF_BUFG
    DSP48_X4Y51          DSP48E1                                      r  vector_alu_0/lane_product[3]/CLK
  -------------------------------------------------------------------    -------------------
    DSP48_X4Y51          DSP48E1 (Prop_dsp48e1_CLK_P[7])
                                                      2.860     7.561 r  vector_alu_0/lane_product[3]/P[7]
                         net (fo=1, estimated)        0.468     8.029    handshake_join_0/output_skid/lane_out_reg[3][15]_0[7]
    SLICE_X75Y125        LUT6 (Prop_lut6_I2_O)        0.043     8.072 r  handshake_join_0/output_skid/lane_out_skid[3][7]_i_5/O
                         net (fo=1, estimated)        0.357     8.429    handshake_join_0/output_skid/lane_out_skid[3][7]_i_5_n_0
    SLICE_X74Y126        LUT6 (Prop_lut6_I3_O)        0.043     8.472 r  handshake_join_0/output_skid/lane_out_skid[3][7]_i_2/O
                         net (fo=2, estimated)        0.538     9.010    handshake_join_0/output_skid/lane_out_skid[3][7]_i_2_n_0
    SLICE_X74Y127        LUT5 (Prop_lut5_I0_O)        0.043     9.053 r  handshake_join_0/output_skid/lane_out_skid[3][7]_i_1/O
                         net (fo=1, estimated)        0.193     9.246    vector_alu_0/lane_out_skid_reg[3][15]_1[7]
    SLICE_X74Y126        FDRE                                         r  vector_alu_0/lane_out_skid_reg[3][7]/D
  -------------------------------------------------------------------    -------------------

                         (clock sys_clk rise edge)    5.000     5.000 r  <hidden>
    AL25                                              0.000     5.000 r  clk
                         net (fo=0)                   0.000     5.000    clk
    AL25                 IBUF (Prop_ibuf_I_O)         0.714     5.714 r  clk_IBUF_inst/O
                         net (fo=1, estimated)        2.257     7.971    clk_IBUF
    BUFGCTRL_X0Y0        BUFG (Prop_bufg_I_O)         0.083     8.054 r  clk_IBUF_BUFG_inst/O
                         net (fo=16661, estimated)    1.252     9.306    vector_alu_0/clk_IBUF_BUFG
    SLICE_X74Y126        FDRE                                         r  vector_alu_0/lane_out_skid_reg[3][7]/C
                         clock pessimism              0.291     9.598    <hidden>
                         clock uncertainty           -0.035     9.562    <hidden>
    SLICE_X74Y126        FDRE (Setup_fdre_C_D)        0.013     9.575    vector_alu_0/lane_out_skid_reg[3][7]
  -------------------------------------------------------------------
                         required time                          9.575    <hidden>
                         arrival time                          -9.246    <hidden>
  -------------------------------------------------------------------
                         slack                                  0.329    <hidden>

Slack (MET) :             0.330ns  (required time - arrival time)
  Source:                 vector_alu_0/lane_product[11]/CLK
                            (rising edge-triggered cell DSP48E1 clocked by sys_clk  {rise@0.000ns fall@2.500ns period=5.000ns})
  Destination:            vector_alu_0/lane_out_skid_reg[11][14]/D
                            (rising edge-triggered cell FDRE clocked by sys_clk  {rise@0.000ns fall@2.500ns period=5.000ns})
  Path Group:             sys_clk
  Path Type:              Setup (Max at Slow Process Corner)
  Requirement:            5.000ns  (sys_clk rise@5.000ns - sys_clk rise@0.000ns)
  Data Path Delay:        4.602ns  (logic 2.997ns (65.124%)  route 1.605ns (34.876%))
  Logic Levels:           3  (LUT5=2 LUT6=1)
  Clock Path Skew:        -0.104ns (DCD - SCD + CPR)
    Destination Clock Delay (DCD):    4.489ns = ( 9.489 - 5.000 ) 
    Source Clock Delay      (SCD):    4.887ns
    Clock Pessimism Removal (CPR):    0.294ns
  Clock Uncertainty:      0.035ns  ((TSJ^2 + TIJ^2)^1/2 + DJ) / 2 + PE
    Total System Jitter     (TSJ):    0.071ns
    Total Input Jitter      (TIJ):    0.000ns
    Discrete Jitter          (DJ):    0.000ns
    Phase Error              (PE):    0.000ns

    Location             Delay type                Incr(ns)  Path(ns)    Netlist Resource(s)
  -------------------------------------------------------------------    -------------------
                         (clock sys_clk rise edge)    0.000     0.000 r  <hidden>
    AL25                                              0.000     0.000 r  clk
                         net (fo=0)                   0.000     0.000    clk
    AL25                 IBUF (Prop_ibuf_I_O)         0.790     0.790 r  clk_IBUF_inst/O
                         net (fo=1, estimated)        2.376     3.166    clk_IBUF
    BUFGCTRL_X0Y0        BUFG (Prop_bufg_I_O)         0.093     3.259 r  clk_IBUF_BUFG_inst/O
                         net (fo=16661, estimated)    1.629     4.887    vector_alu_0/clk_IBUF_BUFG
    DSP48_X4Y36          DSP48E1                                      r  vector_alu_0/lane_product[11]/CLK
  -------------------------------------------------------------------    -------------------
    DSP48_X4Y36          DSP48E1 (Prop_dsp48e1_CLK_P[14])
                                                      2.860     7.747 r  vector_alu_0/lane_product[11]/P[14]
                         net (fo=2, estimated)        0.614     8.361    handshake_join_0/output_skid/lane_out_reg[11][15]_0[14]
    SLICE_X76Y93         LUT5 (Prop_lut5_I1_O)        0.043     8.404 r  handshake_join_0/output_skid/lane_out_skid[11][14]_i_4/O
                         net (fo=1, estimated)        0.438     8.842    handshake_join_0/output_skid/lane_out_skid[11][14]_i_4_n_0
    SLICE_X76Y93         LUT6 (Prop_lut6_I5_O)        0.043     8.885 r  handshake_join_0/output_skid/lane_out_skid[11][14]_i_2/O
                         net (fo=1, estimated)        0.553     9.438    handshake_join_0/output_skid/lane_out_skid[11][14]_i_2_n_0
    SLICE_X76Y93         LUT5 (Prop_lut5_I0_O)        0.051     9.489 r  handshake_join_0/output_skid/lane_out_skid[11][14]_i_1/O
                         net (fo=1, routed)           0.000     9.489    vector_alu_0/lane_out_skid_reg[11][15]_1[14]
    SLICE_X76Y93         FDRE                                         r  vector_alu_0/lane_out_skid_reg[11][14]/D
  -------------------------------------------------------------------    -------------------

                         (clock sys_clk rise edge)    5.000     5.000 r  <hidden>
    AL25                                              0.000     5.000 r  clk
                         net (fo=0)                   0.000     5.000    clk
    AL25                 IBUF (Prop_ibuf_I_O)         0.714     5.714 r  clk_IBUF_inst/O
                         net (fo=1, estimated)        2.257     7.971    clk_IBUF
    BUFGCTRL_X0Y0        BUFG (Prop_bufg_I_O)         0.083     8.054 r  clk_IBUF_BUFG_inst/O
                         net (fo=16661, estimated)    1.435     9.489    vector_alu_0/clk_IBUF_BUFG
    SLICE_X76Y93         FDRE                                         r  vector_alu_0/lane_out_skid_reg[11][14]/C
                         clock pessimism              0.294     9.784    <hidden>
                         clock uncertainty           -0.035     9.748    <hidden>
    SLICE_X76Y93         FDRE (Setup_fdre_C_D)        0.071     9.819    vector_alu_0/lane_out_skid_reg[11][14]
  -------------------------------------------------------------------
                         required time                          9.819    <hidden>
                         arrival time                          -9.489    <hidden>
  -------------------------------------------------------------------
                         slack                                  0.330    <hidden>

Slack (MET) :             0.331ns  (required time - arrival time)
  Source:                 vector_alu_0/lane_product[15]/CLK
                            (rising edge-triggered cell DSP48E1 clocked by sys_clk  {rise@0.000ns fall@2.500ns period=5.000ns})
  Destination:            vector_alu_0/lane_out_skid_reg[15][9]/D
                            (rising edge-triggered cell FDRE clocked by sys_clk  {rise@0.000ns fall@2.500ns period=5.000ns})
  Path Group:             sys_clk
  Path Type:              Setup (Max at Slow Process Corner)
  Requirement:            5.000ns  (sys_clk rise@5.000ns - sys_clk rise@0.000ns)
  Data Path Delay:        4.513ns  (logic 2.989ns (66.231%)  route 1.524ns (33.769%))
  Logic Levels:           3  (LUT5=2 LUT6=1)
  Clock Path Skew:        -0.113ns (DCD - SCD + CPR)
    Destination Clock Delay (DCD):    4.446ns = ( 9.446 - 5.000 ) 
    Source Clock Delay      (SCD):    4.850ns
    Clock Pessimism Removal (CPR):    0.291ns
  Clock Uncertainty:      0.035ns  ((TSJ^2 + TIJ^2)^1/2 + DJ) / 2 + PE
    Total System Jitter     (TSJ):    0.071ns
    Total Input Jitter      (TIJ):    0.000ns
    Discrete Jitter          (DJ):    0.000ns
    Phase Error              (PE):    0.000ns

    Location             Delay type                Incr(ns)  Path(ns)    Netlist Resource(s)
  -------------------------------------------------------------------    -------------------
                         (clock sys_clk rise edge)    0.000     0.000 r  <hidden>
    AL25                                              0.000     0.000 r  clk
                         net (fo=0)                   0.000     0.000    clk
    AL25                 IBUF (Prop_ibuf_I_O)         0.790     0.790 r  clk_IBUF_inst/O
                         net (fo=1, estimated)        2.376     3.166    clk_IBUF
    BUFGCTRL_X0Y0        BUFG (Prop_bufg_I_O)         0.093     3.259 r  clk_IBUF_BUFG_inst/O
                         net (fo=16661, estimated)    1.592     4.850    vector_alu_0/clk_IBUF_BUFG
    DSP48_X1Y58          DSP48E1                                      r  vector_alu_0/lane_product[15]/CLK
  -------------------------------------------------------------------    -------------------
    DSP48_X1Y58          DSP48E1 (Prop_dsp48e1_CLK_P[9])
                                                      2.860     7.710 r  vector_alu_0/lane_product[15]/P[9]
                         net (fo=2, estimated)        0.743     8.453    handshake_join_0/output_skid/lane_out_reg[15][15]_0[9]
    SLICE_X27Y147        LUT5 (Prop_lut5_I1_O)        0.043     8.496 r  handshake_join_0/output_skid/lane_out_skid[15][9]_i_4/O
                         net (fo=1, estimated)        0.234     8.730    handshake_join_0/output_skid/lane_out_skid[15][9]_i_4_n_0
    SLICE_X27Y147        LUT6 (Prop_lut6_I5_O)        0.043     8.773 r  handshake_join_0/output_skid/lane_out_skid[15][9]_i_2/O
                         net (fo=1, estimated)        0.353     9.126    handshake_join_0/output_skid/lane_out_skid[15][9]_i_2_n_0
    SLICE_X27Y147        LUT5 (Prop_lut5_I0_O)        0.043     9.169 r  handshake_join_0/output_skid/lane_out_skid[15][9]_i_1/O
                         net (fo=1, estimated)        0.194     9.363    vector_alu_0/lane_out_skid_reg[15][15]_1[9]
    SLICE_X28Y146        FDRE                                         r  vector_alu_0/lane_out_skid_reg[15][9]/D
  -------------------------------------------------------------------    -------------------

                         (clock sys_clk rise edge)    5.000     5.000 r  <hidden>
    AL25                                              0.000     5.000 r  clk
                         net (fo=0)                   0.000     5.000    clk
    AL25                 IBUF (Prop_ibuf_I_O)         0.714     5.714 r  clk_IBUF_inst/O
                         net (fo=1, estimated)        2.257     7.971    clk_IBUF
    BUFGCTRL_X0Y0        BUFG (Prop_bufg_I_O)         0.083     8.054 r  clk_IBUF_BUFG_inst/O
                         net (fo=16661, estimated)    1.392     9.446    vector_alu_0/clk_IBUF_BUFG
    SLICE_X28Y146        FDRE                                         r  vector_alu_0/lane_out_skid_reg[15][9]/C
                         clock pessimism              0.291     9.738    <hidden>
                         clock uncertainty           -0.035     9.702    <hidden>
    SLICE_X28Y146        FDRE (Setup_fdre_C_D)       -0.008     9.694    vector_alu_0/lane_out_skid_reg[15][9]
  -------------------------------------------------------------------
                         required time                          9.694    <hidden>
                         arrival time                          -9.363    <hidden>
  -------------------------------------------------------------------
                         slack                                  0.331    <hidden>

Slack (MET) :             0.331ns  (required time - arrival time)
  Source:                 vector_alu_0/lane_product[10]/CLK
                            (rising edge-triggered cell DSP48E1 clocked by sys_clk  {rise@0.000ns fall@2.500ns period=5.000ns})
  Destination:            vector_alu_0/lane_out_skid_reg[10][13]/D
                            (rising edge-triggered cell FDRE clocked by sys_clk  {rise@0.000ns fall@2.500ns period=5.000ns})
  Path Group:             sys_clk
  Path Type:              Setup (Max at Slow Process Corner)
  Requirement:            5.000ns  (sys_clk rise@5.000ns - sys_clk rise@0.000ns)
  Data Path Delay:        4.565ns  (logic 2.989ns (65.476%)  route 1.576ns (34.524%))
  Logic Levels:           3  (LUT5=2 LUT6=1)
  Clock Path Skew:        -0.082ns (DCD - SCD + CPR)
    Destination Clock Delay (DCD):    4.491ns = ( 9.491 - 5.000 ) 
    Source Clock Delay      (SCD):    4.889ns
    Clock Pessimism Removal (CPR):    0.316ns
  Clock Uncertainty:      0.035ns  ((TSJ^2 + TIJ^2)^1/2 + DJ) / 2 + PE
    Total System Jitter     (TSJ):    0.071ns
    Total Input Jitter      (TIJ):    0.000ns
    Discrete Jitter          (DJ):    0.000ns
    Phase Error              (PE):    0.000ns

    Location             Delay type                Incr(ns)  Path(ns)    Netlist Resource(s)
  -------------------------------------------------------------------    -------------------
                         (clock sys_clk rise edge)    0.000     0.000 r  <hidden>
    AL25                                              0.000     0.000 r  clk
                         net (fo=0)                   0.000     0.000    clk
    AL25                 IBUF (Prop_ibuf_I_O)         0.790     0.790 r  clk_IBUF_inst/O
                         net (fo=1, estimated)        2.376     3.166    clk_IBUF
    BUFGCTRL_X0Y0        BUFG (Prop_bufg_I_O)         0.093     3.259 r  clk_IBUF_BUFG_inst/O
                         net (fo=16661, estimated)    1.631     4.889    vector_alu_0/clk_IBUF_BUFG
    DSP48_X4Y39          DSP48E1                                      r  vector_alu_0/lane_product[10]/CLK
  -------------------------------------------------------------------    -------------------
    DSP48_X4Y39          DSP48E1 (Prop_dsp48e1_CLK_P[13])
                                                      2.860     7.749 r  vector_alu_0/lane_product[10]/P[13]
                         net (fo=2, estimated)        0.602     8.351    handshake_join_0/output_skid/lane_out_reg[10][15]_0[13]
    SLICE_X72Y99         LUT5 (Prop_lut5_I1_O)        0.043     8.394 r  handshake_join_0/output_skid/lane_out_skid[10][13]_i_4/O
                         net (fo=1, estimated)        0.438     8.832    handshake_join_0/output_skid/lane_out_skid[10][13]_i_4_n_0
    SLICE_X72Y99         LUT6 (Prop_lut6_I5_O)        0.043     8.875 r  handshake_join_0/output_skid/lane_out_skid[10][13]_i_2/O
                         net (fo=1, estimated)        0.347     9.222    handshake_join_0/output_skid/lane_out_skid[10][13]_i_2_n_0
    SLICE_X73Y99         LUT5 (Prop_lut5_I0_O)        0.043     9.265 r  handshake_join_0/output_skid/lane_out_skid[10][13]_i_1/O
                         net (fo=1, estimated)        0.189     9.454    vector_alu_0/lane_out_skid_reg[10][15]_1[13]
    SLICE_X72Y98         FDRE                                         r  vector_alu_0/lane_out_skid_reg[10][13]/D
  -------------------------------------------------------------------    -------------------

                         (clock sys_clk rise edge)    5.000     5.000 r  <hidden>
    AL25                                              0.000     5.000 r  clk
                         net (fo=0)                   0.000     5.000    clk
    AL25                 IBUF (Prop_ibuf_I_O)         0.714     5.714 r  clk_IBUF_inst/O
                         net (fo=1, estimated)        2.257     7.971    clk_IBUF
    BUFGCTRL_X0Y0        BUFG (Prop_bufg_I_O)         0.083     8.054 r  clk_IBUF_BUFG_inst/O
                         net (fo=16661, estimated)    1.437     9.491    vector_alu_0/clk_IBUF_BUFG
    SLICE_X72Y98         FDRE                                         r  vector_alu_0/lane_out_skid_reg[10][13]/C
                         clock pessimism              0.316     9.808    <hidden>
                         clock uncertainty           -0.035     9.772    <hidden>
    SLICE_X72Y98         FDRE (Setup_fdre_C_D)        0.013     9.785    vector_alu_0/lane_out_skid_reg[10][13]
  -------------------------------------------------------------------
                         required time                          9.785    <hidden>
                         arrival time                          -9.454    <hidden>
  -------------------------------------------------------------------
                         slack                                  0.331    <hidden>

Slack (MET) :             0.339ns  (required time - arrival time)
  Source:                 vector_alu_0/lane_product[10]/CLK
                            (rising edge-triggered cell DSP48E1 clocked by sys_clk  {rise@0.000ns fall@2.500ns period=5.000ns})
  Destination:            vector_alu_0/lane_out_skid_reg[10][8]/D
                            (rising edge-triggered cell FDRE clocked by sys_clk  {rise@0.000ns fall@2.500ns period=5.000ns})
  Path Group:             sys_clk
  Path Type:              Setup (Max at Slow Process Corner)
  Requirement:            5.000ns  (sys_clk rise@5.000ns - sys_clk rise@0.000ns)
  Data Path Delay:        4.621ns  (logic 2.995ns (64.813%)  route 1.626ns (35.187%))
  Logic Levels:           3  (LUT5=2 LUT6=1)
  Clock Path Skew:        -0.049ns (DCD - SCD + CPR)
    Destination Clock Delay (DCD):    4.546ns = ( 9.546 - 5.000 ) 
    Source Clock Delay      (SCD):    4.889ns
    Clock Pessimism Removal (CPR):    0.294ns
  Clock Uncertainty:      0.035ns  ((TSJ^2 + TIJ^2)^1/2 + DJ) / 2 + PE
    Total System Jitter     (TSJ):    0.071ns
    Total Input Jitter      (TIJ):    0.000ns
    Discrete Jitter          (DJ):    0.000ns
    Phase Error              (PE):    0.000ns

    Location             Delay type                Incr(ns)  Path(ns)    Netlist Resource(s)
  -------------------------------------------------------------------    -------------------
                         (clock sys_clk rise edge)    0.000     0.000 r  <hidden>
    AL25                                              0.000     0.000 r  clk
                         net (fo=0)                   0.000     0.000    clk
    AL25                 IBUF (Prop_ibuf_I_O)         0.790     0.790 r  clk_IBUF_inst/O
                         net (fo=1, estimated)        2.376     3.166    clk_IBUF
    BUFGCTRL_X0Y0        BUFG (Prop_bufg_I_O)         0.093     3.259 r  clk_IBUF_BUFG_inst/O
                         net (fo=16661, estimated)    1.631     4.889    vector_alu_0/clk_IBUF_BUFG
    DSP48_X4Y39          DSP48E1                                      r  vector_alu_0/lane_product[10]/CLK
  -------------------------------------------------------------------    -------------------
    DSP48_X4Y39          DSP48E1 (Prop_dsp48e1_CLK_P[8])
                                                      2.860     7.749 r  vector_alu_0/lane_product[10]/P[8]
                         net (fo=2, estimated)        0.727     8.476    handshake_join_0/output_skid/lane_out_reg[10][15]_0[8]
    SLICE_X66Y96         LUT5 (Prop_lut5_I1_O)        0.043     8.519 r  handshake_join_0/output_skid/lane_out_skid[10][8]_i_4/O
                         net (fo=1, estimated)        0.353     8.872    handshake_join_0/output_skid/lane_out_skid[10][8]_i_4_n_0
    SLICE_X66Y96         LUT6 (Prop_lut6_I5_O)        0.043     8.915 r  handshake_join_0/output_skid/lane_out_skid[10][8]_i_2/O
                         net (fo=1, estimated)        0.546     9.461    handshake_join_0/output_skid/lane_out_skid[10][8]_i_2_n_0
    SLICE_X67Y96         LUT5 (Prop_lut5_I0_O)        0.049     9.510 r  handshake_join_0/output_skid/lane_out_skid[10][8]_i_1/O
                         net (fo=1, routed)           0.000     9.510    vector_alu_0/lane_out_skid_reg[10][15]_1[8]
    SLICE_X67Y96         FDRE                                         r  vector_alu_0/lane_out_skid_reg[10][8]/D
  -------------------------------------------------------------------    -------------------

                         (clock sys_clk rise edge)    5.000     5.000 r  <hidden>
    AL25                                              0.000     5.000 r  clk
                         net (fo=0)                   0.000     5.000    clk
    AL25                 IBUF (Prop_ibuf_I_O)         0.714     5.714 r  clk_IBUF_inst/O
                         net (fo=1, estimated)        2.257     7.971    clk_IBUF
    BUFGCTRL_X0Y0        BUFG (Prop_bufg_I_O)         0.083     8.054 r  clk_IBUF_BUFG_inst/O
                         net (fo=16661, estimated)    1.492     9.546    vector_alu_0/clk_IBUF_BUFG
    SLICE_X67Y96         FDRE                                         r  vector_alu_0/lane_out_skid_reg[10][8]/C
                         clock pessimism              0.294     9.841    <hidden>
                         clock uncertainty           -0.035     9.805    <hidden>
    SLICE_X67Y96         FDRE (Setup_fdre_C_D)        0.044     9.849    vector_alu_0/lane_out_skid_reg[10][8]
  -------------------------------------------------------------------
                         required time                          9.849    <hidden>
                         arrival time                          -9.510    <hidden>
  -------------------------------------------------------------------
                         slack                                  0.339    <hidden>

Slack (MET) :             0.340ns  (required time - arrival time)
  Source:                 sch_0/epoch_filter/downstream\\.data_reg[19]/C
                            (rising edge-triggered cell FDRE clocked by sys_clk  {rise@0.000ns fall@2.500ns period=5.000ns})
  Destination:            sch_0/execute/wb_reg[result][24]/D
                            (rising edge-triggered cell FDRE clocked by sys_clk  {rise@0.000ns fall@2.500ns period=5.000ns})
  Path Group:             sys_clk
  Path Type:              Setup (Max at Slow Process Corner)
  Requirement:            5.000ns  (sys_clk rise@5.000ns - sys_clk rise@0.000ns)
  Data Path Delay:        4.608ns  (logic 0.629ns (13.650%)  route 3.979ns (86.350%))
  Logic Levels:           7  (LUT2=1 LUT5=1 LUT6=5)
  Clock Path Skew:        -0.050ns (DCD - SCD + CPR)
    Destination Clock Delay (DCD):    4.607ns = ( 9.607 - 5.000 ) 
    Source Clock Delay      (SCD):    4.952ns
    Clock Pessimism Removal (CPR):    0.294ns
  Clock Uncertainty:      0.035ns  ((TSJ^2 + TIJ^2)^1/2 + DJ) / 2 + PE
    Total System Jitter     (TSJ):    0.071ns
    Total Input Jitter      (TIJ):    0.000ns
    Discrete Jitter          (DJ):    0.000ns
    Phase Error              (PE):    0.000ns

    Location             Delay type                Incr(ns)  Path(ns)    Netlist Resource(s)
  -------------------------------------------------------------------    -------------------
                         (clock sys_clk rise edge)    0.000     0.000 r  <hidden>
    AL25                                              0.000     0.000 r  clk
                         net (fo=0)                   0.000     0.000    clk
    AL25                 IBUF (Prop_ibuf_I_O)         0.790     0.790 r  clk_IBUF_inst/O
                         net (fo=1, estimated)        2.376     3.166    clk_IBUF
    BUFGCTRL_X0Y0        BUFG (Prop_bufg_I_O)         0.093     3.259 r  clk_IBUF_BUFG_inst/O
                         net (fo=16661, estimated)    1.693     4.952    sch_0/epoch_filter/clk_IBUF_BUFG
    SLICE_X25Y81         FDRE                                         r  sch_0/epoch_filter/downstream\\.data_reg[19]/C
  -------------------------------------------------------------------    -------------------
    SLICE_X25Y81         FDRE (Prop_fdre_C_Q)         0.223     5.175 f  sch_0/epoch_filter/downstream\\.data_reg[19]/Q
                         net (fo=65, estimated)       0.645     5.820    sch_0/epoch_filter/filtered_rsp\\.data[19]
    SLICE_X37Y77         LUT2 (Prop_lut2_I0_O)        0.043     5.863 f  sch_0/epoch_filter/mul_a[29]_i_8/O
                         net (fo=32, estimated)       0.673     6.536    sch_0/epoch_filter/mul_a[29]_i_8_n_0
    SLICE_X22Y69         LUT6 (Prop_lut6_I1_O)        0.043     6.579 f  sch_0/epoch_filter/mul_a[18]_i_6/O
                         net (fo=1, estimated)        0.272     6.851    sch_0/epoch_filter/mul_a[18]_i_6_n_0
    SLICE_X21Y69         LUT6 (Prop_lut6_I5_O)        0.043     6.894 r  sch_0/epoch_filter/mul_a[18]_i_2/O
                         net (fo=18, estimated)       0.824     7.718    sch_0/epoch_filter/reg_read[18]
    SLICE_X27Y72         LUT5 (Prop_lut5_I4_O)        0.054     7.772 f  sch_0/epoch_filter/wb[result][25]_i_10/O
                         net (fo=4, estimated)        0.633     8.405    sch_0/epoch_filter/wb[result][25]_i_10_n_0
    SLICE_X27Y76         LUT6 (Prop_lut6_I0_O)        0.137     8.542 f  sch_0/epoch_filter/wb[result][25]_i_6/O
                         net (fo=2, estimated)        0.355     8.897    sch_0/epoch_filter/wb[result][25]_i_6_n_0
    SLICE_X27Y76         LUT6 (Prop_lut6_I2_O)        0.043     8.940 f  sch_0/epoch_filter/wb[result][24]_i_2/O
                         net (fo=1, estimated)        0.577     9.517    sch_0/epoch_filter/wb[result][24]_i_2_n_0
    SLICE_X21Y76         LUT6 (Prop_lut6_I1_O)        0.043     9.560 r  sch_0/epoch_filter/wb[result][24]_i_1/O
                         net (fo=1, routed)           0.000     9.560    sch_0/execute/wb_reg[result][31]_1[24]
    SLICE_X21Y76         FDRE                                         r  sch_0/execute/wb_reg[result][24]/D
  -------------------------------------------------------------------    -------------------

                         (clock sys_clk rise edge)    5.000     5.000 r  <hidden>
    AL25                                              0.000     5.000 r  clk
                         net (fo=0)                   0.000     5.000    clk
    AL25                 IBUF (Prop_ibuf_I_O)         0.714     5.714 r  clk_IBUF_inst/O
                         net (fo=1, estimated)        2.257     7.971    clk_IBUF
    BUFGCTRL_X0Y0        BUFG (Prop_bufg_I_O)         0.083     8.054 r  clk_IBUF_BUFG_inst/O
                         net (fo=16661, estimated)    1.553     9.607    sch_0/execute/clk_IBUF_BUFG
    SLICE_X21Y76         FDRE                                         r  sch_0/execute/wb_reg[result][24]/C
                         clock pessimism              0.294     9.902    <hidden>
                         clock uncertainty           -0.035     9.866    <hidden>
    SLICE_X21Y76         FDRE (Setup_fdre_C_D)        0.033     9.899    sch_0/execute/wb_reg[result][24]
  -------------------------------------------------------------------
                         required time                          9.899    <hidden>
                         arrival time                          -9.560    <hidden>
  -------------------------------------------------------------------
                         slack                                  0.340    <hidden>

Slack (MET) :             0.341ns  (required time - arrival time)
  Source:                 vector_alu_0/lane_product[7]/CLK
                            (rising edge-triggered cell DSP48E1 clocked by sys_clk  {rise@0.000ns fall@2.500ns period=5.000ns})
  Destination:            vector_alu_0/lane_out_skid_reg[7][14]/D
                            (rising edge-triggered cell FDRE clocked by sys_clk  {rise@0.000ns fall@2.500ns period=5.000ns})
  Path Group:             sys_clk
  Path Type:              Setup (Max at Slow Process Corner)
  Requirement:            5.000ns  (sys_clk rise@5.000ns - sys_clk rise@0.000ns)
  Data Path Delay:        4.562ns  (logic 2.995ns (65.651%)  route 1.567ns (34.349%))
  Logic Levels:           3  (LUT5=2 LUT6=1)
  Clock Path Skew:        -0.106ns (DCD - SCD + CPR)
    Destination Clock Delay (DCD):    4.150ns = ( 9.150 - 5.000 ) 
    Source Clock Delay      (SCD):    4.545ns
    Clock Pessimism Removal (CPR):    0.289ns
  Clock Uncertainty:      0.035ns  ((TSJ^2 + TIJ^2)^1/2 + DJ) / 2 + PE
    Total System Jitter     (TSJ):    0.071ns
    Total Input Jitter      (TIJ):    0.000ns
    Discrete Jitter          (DJ):    0.000ns
    Phase Error              (PE):    0.000ns

    Location             Delay type                Incr(ns)  Path(ns)    Netlist Resource(s)
  -------------------------------------------------------------------    -------------------
                         (clock sys_clk rise edge)    0.000     0.000 r  <hidden>
    AL25                                              0.000     0.000 r  clk
                         net (fo=0)                   0.000     0.000    clk
    AL25                 IBUF (Prop_ibuf_I_O)         0.790     0.790 r  clk_IBUF_inst/O
                         net (fo=1, estimated)        2.376     3.166    clk_IBUF
    BUFGCTRL_X0Y0        BUFG (Prop_bufg_I_O)         0.093     3.259 r  clk_IBUF_BUFG_inst/O
                         net (fo=16661, estimated)    1.287     4.545    vector_alu_0/clk_IBUF_BUFG
    DSP48_X4Y61          DSP48E1                                      r  vector_alu_0/lane_product[7]/CLK
  -------------------------------------------------------------------    -------------------
    DSP48_X4Y61          DSP48E1 (Prop_dsp48e1_CLK_P[14])
                                                      2.860     7.405 r  vector_alu_0/lane_product[7]/P[14]
                         net (fo=2, estimated)        0.599     8.004    handshake_join_0/output_skid/lane_out_reg[7][15]_0[14]
    SLICE_X77Y154        LUT5 (Prop_lut5_I1_O)        0.043     8.047 r  handshake_join_0/output_skid/lane_out_skid[7][14]_i_4/O
                         net (fo=1, estimated)        0.423     8.470    handshake_join_0/output_skid/lane_out_skid[7][14]_i_4_n_0
    SLICE_X77Y154        LUT6 (Prop_lut6_I5_O)        0.043     8.513 r  handshake_join_0/output_skid/lane_out_skid[7][14]_i_2/O
                         net (fo=1, estimated)        0.545     9.058    handshake_join_0/output_skid/lane_out_skid[7][14]_i_2_n_0
    SLICE_X77Y154        LUT5 (Prop_lut5_I0_O)        0.049     9.107 r  handshake_join_0/output_skid/lane_out_skid[7][14]_i_1/O
                         net (fo=1, routed)           0.000     9.107    vector_alu_0/lane_out_skid_reg[7][15]_1[14]
    SLICE_X77Y154        FDRE                                         r  vector_alu_0/lane_out_skid_reg[7][14]/D
  -------------------------------------------------------------------    -------------------

                         (clock sys_clk rise edge)    5.000     5.000 r  <hidden>
    AL25                                              0.000     5.000 r  clk
                         net (fo=0)                   0.000     5.000    clk
    AL25                 IBUF (Prop_ibuf_I_O)         0.714     5.714 r  clk_IBUF_inst/O
                         net (fo=1, estimated)        2.257     7.971    clk_IBUF
    BUFGCTRL_X0Y0        BUFG (Prop_bufg_I_O)         0.083     8.054 r  clk_IBUF_BUFG_inst/O
                         net (fo=16661, estimated)    1.096     9.150    vector_alu_0/clk_IBUF_BUFG
    SLICE_X77Y154        FDRE                                         r  vector_alu_0/lane_out_skid_reg[7][14]/C
                         clock pessimism              0.289     9.440    <hidden>
                         clock uncertainty           -0.035     9.404    <hidden>
    SLICE_X77Y154        FDRE (Setup_fdre_C_D)        0.044     9.448    vector_alu_0/lane_out_skid_reg[7][14]
  -------------------------------------------------------------------
                         required time                          9.448    <hidden>
                         arrival time                          -9.107    <hidden>
  -------------------------------------------------------------------
                         slack                                  0.341    <hidden>





Min Delay Paths
--------------------------------------------------------------------------------------
Slack (VIOLATED) :        -0.124ns  (arrival time - required time)
  Source:                 scratchpad_c/port_b/write_data_reg[59]/C
                            (rising edge-triggered cell FDRE clocked by sys_clk  {rise@0.000ns fall@2.500ns period=5.000ns})
  Destination:            scratchpad_c/bram_dp_dut/data_reg_1/DIADI[23]
                            (rising edge-triggered cell RAMB36E1 clocked by sys_clk  {rise@0.000ns fall@2.500ns period=5.000ns})
  Path Group:             sys_clk
  Path Type:              Hold (Min at Fast Process Corner)
  Requirement:            0.000ns  (sys_clk rise@0.000ns - sys_clk rise@0.000ns)
  Data Path Delay:        0.328ns  (logic 0.100ns (30.477%)  route 0.228ns (69.523%))
  Logic Levels:           0  
  Clock Path Skew:        0.298ns (DCD - SCD - CPR)
    Destination Clock Delay (DCD):    2.538ns
    Source Clock Delay      (SCD):    1.918ns
    Clock Pessimism Removal (CPR):    0.322ns

    Location             Delay type                Incr(ns)  Path(ns)    Netlist Resource(s)
  -------------------------------------------------------------------    -------------------
                         (clock sys_clk rise edge)    0.000     0.000 r  <hidden>
    AL25                                              0.000     0.000 r  clk
                         net (fo=0)                   0.000     0.000    clk
    AL25                 IBUF (Prop_ibuf_I_O)         0.131     0.131 r  clk_IBUF_inst/O
                         net (fo=1, estimated)        1.178     1.309    clk_IBUF
    BUFGCTRL_X0Y0        BUFG (Prop_bufg_I_O)         0.026     1.335 r  clk_IBUF_BUFG_inst/O
                         net (fo=16661, estimated)    0.583     1.918    scratchpad_c/port_b/clk_IBUF_BUFG
    SLICE_X55Y150        FDRE                                         r  scratchpad_c/port_b/write_data_reg[59]/C
  -------------------------------------------------------------------    -------------------
    SLICE_X55Y150        FDRE (Prop_fdre_C_Q)         0.100     2.018 r  scratchpad_c/port_b/write_data_reg[59]/Q
                         net (fo=1, estimated)        0.228     2.247    scratchpad_c/bram_dp_dut/write_data[59]
    RAMB36_X3Y28         RAMB36E1                                     r  scratchpad_c/bram_dp_dut/data_reg_1/DIADI[23]
  -------------------------------------------------------------------    -------------------

                         (clock sys_clk rise edge)    0.000     0.000 r  <hidden>
    AL25                                              0.000     0.000 r  clk
                         net (fo=0)                   0.000     0.000    clk
    AL25                 IBUF (Prop_ibuf_I_O)         0.380     0.380 r  clk_IBUF_inst/O
                         net (fo=1, estimated)        1.240     1.620    clk_IBUF
    BUFGCTRL_X0Y0        BUFG (Prop_bufg_I_O)         0.030     1.650 r  clk_IBUF_BUFG_inst/O
                         net (fo=16661, estimated)    0.889     2.538    scratchpad_c/bram_dp_dut/clk_IBUF_BUFG
    RAMB36_X3Y28         RAMB36E1                                     r  scratchpad_c/bram_dp_dut/data_reg_1/CLKARDCLK
                         clock pessimism             -0.322     2.216    <hidden>
    RAMB36_X3Y28         RAMB36E1 (Hold_ramb36e1_CLKARDCLK_DIADI[23])
                                                      0.155     2.371    scratchpad_c/bram_dp_dut/data_reg_1
  -------------------------------------------------------------------
                         required time                         -2.371    <hidden>
                         arrival time                           2.247    <hidden>
  -------------------------------------------------------------------
                         slack                                 -0.124    <hidden>

Slack (VIOLATED) :        -0.120ns  (arrival time - required time)
  Source:                 scratchpad_c/port_b/write_data_reg[57]/C
                            (rising edge-triggered cell FDRE clocked by sys_clk  {rise@0.000ns fall@2.500ns period=5.000ns})
  Destination:            scratchpad_c/bram_dp_dut/data_reg_1/DIADI[21]
                            (rising edge-triggered cell RAMB36E1 clocked by sys_clk  {rise@0.000ns fall@2.500ns period=5.000ns})
  Path Group:             sys_clk
  Path Type:              Hold (Min at Fast Process Corner)
  Requirement:            0.000ns  (sys_clk rise@0.000ns - sys_clk rise@0.000ns)
  Data Path Delay:        0.333ns  (logic 0.100ns (30.068%)  route 0.233ns (69.932%))
  Logic Levels:           0  
  Clock Path Skew:        0.298ns (DCD - SCD - CPR)
    Destination Clock Delay (DCD):    2.538ns
    Source Clock Delay      (SCD):    1.918ns
    Clock Pessimism Removal (CPR):    0.322ns

    Location             Delay type                Incr(ns)  Path(ns)    Netlist Resource(s)
  -------------------------------------------------------------------    -------------------
                         (clock sys_clk rise edge)    0.000     0.000 r  <hidden>
    AL25                                              0.000     0.000 r  clk
                         net (fo=0)                   0.000     0.000    clk
    AL25                 IBUF (Prop_ibuf_I_O)         0.131     0.131 r  clk_IBUF_inst/O
                         net (fo=1, estimated)        1.178     1.309    clk_IBUF
    BUFGCTRL_X0Y0        BUFG (Prop_bufg_I_O)         0.026     1.335 r  clk_IBUF_BUFG_inst/O
                         net (fo=16661, estimated)    0.583     1.918    scratchpad_c/port_b/clk_IBUF_BUFG
    SLICE_X55Y151        FDRE                                         r  scratchpad_c/port_b/write_data_reg[57]/C
  -------------------------------------------------------------------    -------------------
    SLICE_X55Y151        FDRE (Prop_fdre_C_Q)         0.100     2.018 r  scratchpad_c/port_b/write_data_reg[57]/Q
                         net (fo=1, estimated)        0.233     2.251    scratchpad_c/bram_dp_dut/write_data[57]
    RAMB36_X3Y28         RAMB36E1                                     r  scratchpad_c/bram_dp_dut/data_reg_1/DIADI[21]
  -------------------------------------------------------------------    -------------------

                         (clock sys_clk rise edge)    0.000     0.000 r  <hidden>
    AL25                                              0.000     0.000 r  clk
                         net (fo=0)                   0.000     0.000    clk
    AL25                 IBUF (Prop_ibuf_I_O)         0.380     0.380 r  clk_IBUF_inst/O
                         net (fo=1, estimated)        1.240     1.620    clk_IBUF
    BUFGCTRL_X0Y0        BUFG (Prop_bufg_I_O)         0.030     1.650 r  clk_IBUF_BUFG_inst/O
                         net (fo=16661, estimated)    0.889     2.538    scratchpad_c/bram_dp_dut/clk_IBUF_BUFG
    RAMB36_X3Y28         RAMB36E1                                     r  scratchpad_c/bram_dp_dut/data_reg_1/CLKARDCLK
                         clock pessimism             -0.322     2.216    <hidden>
    RAMB36_X3Y28         RAMB36E1 (Hold_ramb36e1_CLKARDCLK_DIADI[21])
                                                      0.155     2.371    scratchpad_c/bram_dp_dut/data_reg_1
  -------------------------------------------------------------------
                         required time                         -2.371    <hidden>
                         arrival time                           2.251    <hidden>
  -------------------------------------------------------------------
                         slack                                 -0.120    <hidden>

Slack (VIOLATED) :        -0.118ns  (arrival time - required time)
  Source:                 scratchpad_c/port_b/write_data_reg[49]/C
                            (rising edge-triggered cell FDRE clocked by sys_clk  {rise@0.000ns fall@2.500ns period=5.000ns})
  Destination:            scratchpad_c/bram_dp_dut/data_reg_1/DIADI[13]
                            (rising edge-triggered cell RAMB36E1 clocked by sys_clk  {rise@0.000ns fall@2.500ns period=5.000ns})
  Path Group:             sys_clk
  Path Type:              Hold (Min at Fast Process Corner)
  Requirement:            0.000ns  (sys_clk rise@0.000ns - sys_clk rise@0.000ns)
  Data Path Delay:        0.335ns  (logic 0.100ns (29.890%)  route 0.235ns (70.110%))
  Logic Levels:           0  
  Clock Path Skew:        0.298ns (DCD - SCD - CPR)
    Destination Clock Delay (DCD):    2.538ns
    Source Clock Delay      (SCD):    1.918ns
    Clock Pessimism Removal (CPR):    0.322ns

    Location             Delay type                Incr(ns)  Path(ns)    Netlist Resource(s)
  -------------------------------------------------------------------    -------------------
                         (clock sys_clk rise edge)    0.000     0.000 r  <hidden>
    AL25                                              0.000     0.000 r  clk
                         net (fo=0)                   0.000     0.000    clk
    AL25                 IBUF (Prop_ibuf_I_O)         0.131     0.131 r  clk_IBUF_inst/O
                         net (fo=1, estimated)        1.178     1.309    clk_IBUF
    BUFGCTRL_X0Y0        BUFG (Prop_bufg_I_O)         0.026     1.335 r  clk_IBUF_BUFG_inst/O
                         net (fo=16661, estimated)    0.583     1.918    scratchpad_c/port_b/clk_IBUF_BUFG
    SLICE_X55Y150        FDRE                                         r  scratchpad_c/port_b/write_data_reg[49]/C
  -------------------------------------------------------------------    -------------------
    SLICE_X55Y150        FDRE (Prop_fdre_C_Q)         0.100     2.018 r  scratchpad_c/port_b/write_data_reg[49]/Q
                         net (fo=1, estimated)        0.235     2.253    scratchpad_c/bram_dp_dut/write_data[49]
    RAMB36_X3Y28         RAMB36E1                                     r  scratchpad_c/bram_dp_dut/data_reg_1/DIADI[13]
  -------------------------------------------------------------------    -------------------

                         (clock sys_clk rise edge)    0.000     0.000 r  <hidden>
    AL25                                              0.000     0.000 r  clk
                         net (fo=0)                   0.000     0.000    clk
    AL25                 IBUF (Prop_ibuf_I_O)         0.380     0.380 r  clk_IBUF_inst/O
                         net (fo=1, estimated)        1.240     1.620    clk_IBUF
    BUFGCTRL_X0Y0        BUFG (Prop_bufg_I_O)         0.030     1.650 r  clk_IBUF_BUFG_inst/O
                         net (fo=16661, estimated)    0.889     2.538    scratchpad_c/bram_dp_dut/clk_IBUF_BUFG
    RAMB36_X3Y28         RAMB36E1                                     r  scratchpad_c/bram_dp_dut/data_reg_1/CLKARDCLK
                         clock pessimism             -0.322     2.216    <hidden>
    RAMB36_X3Y28         RAMB36E1 (Hold_ramb36e1_CLKARDCLK_DIADI[13])
                                                      0.155     2.371    scratchpad_c/bram_dp_dut/data_reg_1
  -------------------------------------------------------------------
                         required time                         -2.371    <hidden>
                         arrival time                           2.253    <hidden>
  -------------------------------------------------------------------
                         slack                                 -0.118    <hidden>

Slack (VIOLATED) :        -0.118ns  (arrival time - required time)
  Source:                 scratchpad_c/port_b/write_data_reg[51]/C
                            (rising edge-triggered cell FDRE clocked by sys_clk  {rise@0.000ns fall@2.500ns period=5.000ns})
  Destination:            scratchpad_c/bram_dp_dut/data_reg_1/DIADI[15]
                            (rising edge-triggered cell RAMB36E1 clocked by sys_clk  {rise@0.000ns fall@2.500ns period=5.000ns})
  Path Group:             sys_clk
  Path Type:              Hold (Min at Fast Process Corner)
  Requirement:            0.000ns  (sys_clk rise@0.000ns - sys_clk rise@0.000ns)
  Data Path Delay:        0.335ns  (logic 0.100ns (29.890%)  route 0.235ns (70.110%))
  Logic Levels:           0  
  Clock Path Skew:        0.298ns (DCD - SCD - CPR)
    Destination Clock Delay (DCD):    2.538ns
    Source Clock Delay      (SCD):    1.918ns
    Clock Pessimism Removal (CPR):    0.322ns

    Location             Delay type                Incr(ns)  Path(ns)    Netlist Resource(s)
  -------------------------------------------------------------------    -------------------
                         (clock sys_clk rise edge)    0.000     0.000 r  <hidden>
    AL25                                              0.000     0.000 r  clk
                         net (fo=0)                   0.000     0.000    clk
    AL25                 IBUF (Prop_ibuf_I_O)         0.131     0.131 r  clk_IBUF_inst/O
                         net (fo=1, estimated)        1.178     1.309    clk_IBUF
    BUFGCTRL_X0Y0        BUFG (Prop_bufg_I_O)         0.026     1.335 r  clk_IBUF_BUFG_inst/O
                         net (fo=16661, estimated)    0.583     1.918    scratchpad_c/port_b/clk_IBUF_BUFG
    SLICE_X55Y150        FDRE                                         r  scratchpad_c/port_b/write_data_reg[51]/C
  -------------------------------------------------------------------    -------------------
    SLICE_X55Y150        FDRE (Prop_fdre_C_Q)         0.100     2.018 r  scratchpad_c/port_b/write_data_reg[51]/Q
                         net (fo=1, estimated)        0.235     2.253    scratchpad_c/bram_dp_dut/write_data[51]
    RAMB36_X3Y28         RAMB36E1                                     r  scratchpad_c/bram_dp_dut/data_reg_1/DIADI[15]
  -------------------------------------------------------------------    -------------------

                         (clock sys_clk rise edge)    0.000     0.000 r  <hidden>
    AL25                                              0.000     0.000 r  clk
                         net (fo=0)                   0.000     0.000    clk
    AL25                 IBUF (Prop_ibuf_I_O)         0.380     0.380 r  clk_IBUF_inst/O
                         net (fo=1, estimated)        1.240     1.620    clk_IBUF
    BUFGCTRL_X0Y0        BUFG (Prop_bufg_I_O)         0.030     1.650 r  clk_IBUF_BUFG_inst/O
                         net (fo=16661, estimated)    0.889     2.538    scratchpad_c/bram_dp_dut/clk_IBUF_BUFG
    RAMB36_X3Y28         RAMB36E1                                     r  scratchpad_c/bram_dp_dut/data_reg_1/CLKARDCLK
                         clock pessimism             -0.322     2.216    <hidden>
    RAMB36_X3Y28         RAMB36E1 (Hold_ramb36e1_CLKARDCLK_DIADI[15])
                                                      0.155     2.371    scratchpad_c/bram_dp_dut/data_reg_1
  -------------------------------------------------------------------
                         required time                         -2.371    <hidden>
                         arrival time                           2.253    <hidden>
  -------------------------------------------------------------------
                         slack                                 -0.118    <hidden>

Slack (VIOLATED) :        -0.112ns  (arrival time - required time)
  Source:                 scratchpad_c/port_b/write_data_reg[43]/C
                            (rising edge-triggered cell FDRE clocked by sys_clk  {rise@0.000ns fall@2.500ns period=5.000ns})
  Destination:            scratchpad_c/bram_dp_dut/data_reg_1/DIADI[7]
                            (rising edge-triggered cell RAMB36E1 clocked by sys_clk  {rise@0.000ns fall@2.500ns period=5.000ns})
  Path Group:             sys_clk
  Path Type:              Hold (Min at Fast Process Corner)
  Requirement:            0.000ns  (sys_clk rise@0.000ns - sys_clk rise@0.000ns)
  Data Path Delay:        0.341ns  (logic 0.100ns (29.367%)  route 0.241ns (70.633%))
  Logic Levels:           0  
  Clock Path Skew:        0.298ns (DCD - SCD - CPR)
    Destination Clock Delay (DCD):    2.538ns
    Source Clock Delay      (SCD):    1.918ns
    Clock Pessimism Removal (CPR):    0.322ns

    Location             Delay type                Incr(ns)  Path(ns)    Netlist Resource(s)
  -------------------------------------------------------------------    -------------------
                         (clock sys_clk rise edge)    0.000     0.000 r  <hidden>
    AL25                                              0.000     0.000 r  clk
                         net (fo=0)                   0.000     0.000    clk
    AL25                 IBUF (Prop_ibuf_I_O)         0.131     0.131 r  clk_IBUF_inst/O
                         net (fo=1, estimated)        1.178     1.309    clk_IBUF
    BUFGCTRL_X0Y0        BUFG (Prop_bufg_I_O)         0.026     1.335 r  clk_IBUF_BUFG_inst/O
                         net (fo=16661, estimated)    0.583     1.918    scratchpad_c/port_b/clk_IBUF_BUFG
    SLICE_X56Y151        FDRE                                         r  scratchpad_c/port_b/write_data_reg[43]/C
  -------------------------------------------------------------------    -------------------
    SLICE_X56Y151        FDRE (Prop_fdre_C_Q)         0.100     2.018 r  scratchpad_c/port_b/write_data_reg[43]/Q
                         net (fo=1, estimated)        0.241     2.259    scratchpad_c/bram_dp_dut/write_data[43]
    RAMB36_X3Y28         RAMB36E1                                     r  scratchpad_c/bram_dp_dut/data_reg_1/DIADI[7]
  -------------------------------------------------------------------    -------------------

                         (clock sys_clk rise edge)    0.000     0.000 r  <hidden>
    AL25                                              0.000     0.000 r  clk
                         net (fo=0)                   0.000     0.000    clk
    AL25                 IBUF (Prop_ibuf_I_O)         0.380     0.380 r  clk_IBUF_inst/O
                         net (fo=1, estimated)        1.240     1.620    clk_IBUF
    BUFGCTRL_X0Y0        BUFG (Prop_bufg_I_O)         0.030     1.650 r  clk_IBUF_BUFG_inst/O
                         net (fo=16661, estimated)    0.889     2.538    scratchpad_c/bram_dp_dut/clk_IBUF_BUFG
    RAMB36_X3Y28         RAMB36E1                                     r  scratchpad_c/bram_dp_dut/data_reg_1/CLKARDCLK
                         clock pessimism             -0.322     2.216    <hidden>
    RAMB36_X3Y28         RAMB36E1 (Hold_ramb36e1_CLKARDCLK_DIADI[7])
                                                      0.155     2.371    scratchpad_c/bram_dp_dut/data_reg_1
  -------------------------------------------------------------------
                         required time                         -2.371    <hidden>
                         arrival time                           2.259    <hidden>
  -------------------------------------------------------------------
                         slack                                 -0.112    <hidden>

Slack (VIOLATED) :        -0.110ns  (arrival time - required time)
  Source:                 bram_dp_stream_0/port_b/read_addr_reg[9]/C
                            (rising edge-triggered cell FDRE clocked by sys_clk  {rise@0.000ns fall@2.500ns period=5.000ns})
  Destination:            bram_dp_stream_0/bram_dp_dut/data_reg/ADDRARDADDR[12]
                            (rising edge-triggered cell RAMB36E1 clocked by sys_clk  {rise@0.000ns fall@2.500ns period=5.000ns})
  Path Group:             sys_clk
  Path Type:              Hold (Min at Fast Process Corner)
  Requirement:            0.000ns  (sys_clk rise@0.000ns - sys_clk rise@0.000ns)
  Data Path Delay:        0.371ns  (logic 0.118ns (31.813%)  route 0.253ns (68.186%))
  Logic Levels:           0  
  Clock Path Skew:        0.298ns (DCD - SCD - CPR)
    Destination Clock Delay (DCD):    2.654ns
    Source Clock Delay      (SCD):    2.014ns
    Clock Pessimism Removal (CPR):    0.342ns

    Location             Delay type                Incr(ns)  Path(ns)    Netlist Resource(s)
  -------------------------------------------------------------------    -------------------
                         (clock sys_clk rise edge)    0.000     0.000 r  <hidden>
    AL25                                              0.000     0.000 r  clk
                         net (fo=0)                   0.000     0.000    clk
    AL25                 IBUF (Prop_ibuf_I_O)         0.131     0.131 r  clk_IBUF_inst/O
                         net (fo=1, estimated)        1.178     1.309    clk_IBUF
    BUFGCTRL_X0Y0        BUFG (Prop_bufg_I_O)         0.026     1.335 r  clk_IBUF_BUFG_inst/O
                         net (fo=16661, estimated)    0.679     2.014    bram_dp_stream_0/port_b/clk_IBUF_BUFG
    SLICE_X22Y105        FDRE                                         r  bram_dp_stream_0/port_b/read_addr_reg[9]/C
  -------------------------------------------------------------------    -------------------
    SLICE_X22Y105        FDRE (Prop_fdre_C_Q)         0.118     2.132 r  bram_dp_stream_0/port_b/read_addr_reg[9]/Q
                         net (fo=2, estimated)        0.253     2.385    bram_dp_stream_0/bram_dp_dut/Q[7]
    RAMB36_X1Y19         RAMB36E1                                     r  bram_dp_stream_0/bram_dp_dut/data_reg/ADDRARDADDR[12]
  -------------------------------------------------------------------    -------------------

                         (clock sys_clk rise edge)    0.000     0.000 r  <hidden>
    AL25                                              0.000     0.000 r  clk
                         net (fo=0)                   0.000     0.000    clk
    AL25                 IBUF (Prop_ibuf_I_O)         0.380     0.380 r  clk_IBUF_inst/O
                         net (fo=1, estimated)        1.240     1.620    clk_IBUF
    BUFGCTRL_X0Y0        BUFG (Prop_bufg_I_O)         0.030     1.650 r  clk_IBUF_BUFG_inst/O
                         net (fo=16661, estimated)    1.005     2.654    bram_dp_stream_0/bram_dp_dut/clk_IBUF_BUFG
    RAMB36_X1Y19         RAMB36E1                                     r  bram_dp_stream_0/bram_dp_dut/data_reg/CLKARDCLK
                         clock pessimism             -0.342     2.312    <hidden>
    RAMB36_X1Y19         RAMB36E1 (Hold_ramb36e1_CLKARDCLK_ADDRARDADDR[12])
                                                      0.183     2.495    bram_dp_stream_0/bram_dp_dut/data_reg
  -------------------------------------------------------------------
                         required time                         -2.495    <hidden>
                         arrival time                           2.385    <hidden>
  -------------------------------------------------------------------
                         slack                                 -0.110    <hidden>

Slack (VIOLATED) :        -0.109ns  (arrival time - required time)
  Source:                 bram_dp_stream_0/port_b/read_addr_reg[11]/C
                            (rising edge-triggered cell FDRE clocked by sys_clk  {rise@0.000ns fall@2.500ns period=5.000ns})
  Destination:            bram_dp_stream_0/bram_dp_dut/data_reg/ADDRARDADDR[14]
                            (rising edge-triggered cell RAMB36E1 clocked by sys_clk  {rise@0.000ns fall@2.500ns period=5.000ns})
  Path Group:             sys_clk
  Path Type:              Hold (Min at Fast Process Corner)
  Requirement:            0.000ns  (sys_clk rise@0.000ns - sys_clk rise@0.000ns)
  Data Path Delay:        0.372ns  (logic 0.118ns (31.729%)  route 0.254ns (68.271%))
  Logic Levels:           0  
  Clock Path Skew:        0.298ns (DCD - SCD - CPR)
    Destination Clock Delay (DCD):    2.654ns
    Source Clock Delay      (SCD):    2.014ns
    Clock Pessimism Removal (CPR):    0.342ns

    Location             Delay type                Incr(ns)  Path(ns)    Netlist Resource(s)
  -------------------------------------------------------------------    -------------------
                         (clock sys_clk rise edge)    0.000     0.000 r  <hidden>
    AL25                                              0.000     0.000 r  clk
                         net (fo=0)                   0.000     0.000    clk
    AL25                 IBUF (Prop_ibuf_I_O)         0.131     0.131 r  clk_IBUF_inst/O
                         net (fo=1, estimated)        1.178     1.309    clk_IBUF
    BUFGCTRL_X0Y0        BUFG (Prop_bufg_I_O)         0.026     1.335 r  clk_IBUF_BUFG_inst/O
                         net (fo=16661, estimated)    0.679     2.014    bram_dp_stream_0/port_b/clk_IBUF_BUFG
    SLICE_X22Y105        FDRE                                         r  bram_dp_stream_0/port_b/read_addr_reg[11]/C
  -------------------------------------------------------------------    -------------------
    SLICE_X22Y105        FDRE (Prop_fdre_C_Q)         0.118     2.132 r  bram_dp_stream_0/port_b/read_addr_reg[11]/Q
                         net (fo=2, estimated)        0.254     2.386    bram_dp_stream_0/bram_dp_dut/Q[9]
    RAMB36_X1Y19         RAMB36E1                                     r  bram_dp_stream_0/bram_dp_dut/data_reg/ADDRARDADDR[14]
  -------------------------------------------------------------------    -------------------

                         (clock sys_clk rise edge)    0.000     0.000 r  <hidden>
    AL25                                              0.000     0.000 r  clk
                         net (fo=0)                   0.000     0.000    clk
    AL25                 IBUF (Prop_ibuf_I_O)         0.380     0.380 r  clk_IBUF_inst/O
                         net (fo=1, estimated)        1.240     1.620    clk_IBUF
    BUFGCTRL_X0Y0        BUFG (Prop_bufg_I_O)         0.030     1.650 r  clk_IBUF_BUFG_inst/O
                         net (fo=16661, estimated)    1.005     2.654    bram_dp_stream_0/bram_dp_dut/clk_IBUF_BUFG
    RAMB36_X1Y19         RAMB36E1                                     r  bram_dp_stream_0/bram_dp_dut/data_reg/CLKARDCLK
                         clock pessimism             -0.342     2.312    <hidden>
    RAMB36_X1Y19         RAMB36E1 (Hold_ramb36e1_CLKARDCLK_ADDRARDADDR[14])
                                                      0.183     2.495    bram_dp_stream_0/bram_dp_dut/data_reg
  -------------------------------------------------------------------
                         required time                         -2.495    <hidden>
                         arrival time                           2.386    <hidden>
  -------------------------------------------------------------------
                         slack                                 -0.109    <hidden>

Slack (VIOLATED) :        -0.108ns  (arrival time - required time)
  Source:                 vector_main_ixc/read_path/master_queue[0].ar_tail_reg[0]/C
                            (rising edge-triggered cell FDRE clocked by sys_clk  {rise@0.000ns fall@2.500ns period=5.000ns})
  Destination:            vector_main_ixc/read_path/master_queue[0].addr_mem_reg_0_3_0_5/RAMA/WADR0
                            (rising edge-triggered cell RAMD32 clocked by sys_clk  {rise@0.000ns fall@2.500ns period=5.000ns})
  Path Group:             sys_clk
  Path Type:              Hold (Min at Fast Process Corner)
  Requirement:            0.000ns  (sys_clk rise@0.000ns - sys_clk rise@0.000ns)
  Data Path Delay:        0.457ns  (logic 0.118ns (25.837%)  route 0.339ns (74.163%))
  Logic Levels:           0  
  Clock Path Skew:        0.268ns (DCD - SCD - CPR)
    Destination Clock Delay (DCD):    2.627ns
    Source Clock Delay      (SCD):    2.016ns
    Clock Pessimism Removal (CPR):    0.342ns

    Location             Delay type                Incr(ns)  Path(ns)    Netlist Resource(s)
  -------------------------------------------------------------------    -------------------
                         (clock sys_clk rise edge)    0.000     0.000 r  <hidden>
    AL25                                              0.000     0.000 r  clk
                         net (fo=0)                   0.000     0.000    clk
    AL25                 IBUF (Prop_ibuf_I_O)         0.131     0.131 r  clk_IBUF_inst/O
                         net (fo=1, estimated)        1.178     1.309    clk_IBUF
    BUFGCTRL_X0Y0        BUFG (Prop_bufg_I_O)         0.026     1.335 r  clk_IBUF_BUFG_inst/O
                         net (fo=16661, estimated)    0.681     2.016    vector_main_ixc/read_path/clk_IBUF_BUFG
    SLICE_X16Y104        FDRE                                         r  vector_main_ixc/read_path/master_queue[0].ar_tail_reg[0]/C
  -------------------------------------------------------------------    -------------------
    SLICE_X16Y104        FDRE (Prop_fdre_C_Q)         0.118     2.134 r  vector_main_ixc/read_path/master_queue[0].ar_tail_reg[0]/Q
                         net (fo=66, estimated)       0.339     2.473    vector_main_ixc/read_path/master_queue[0].addr_mem_reg_0_3_0_5/ADDRD0
    SLICE_X14Y98         RAMD32                                       r  vector_main_ixc/read_path/master_queue[0].addr_mem_reg_0_3_0_5/RAMA/WADR0
  -------------------------------------------------------------------    -------------------

                         (clock sys_clk rise edge)    0.000     0.000 r  <hidden>
    AL25                                              0.000     0.000 r  clk
                         net (fo=0)                   0.000     0.000    clk
    AL25                 IBUF (Prop_ibuf_I_O)         0.380     0.380 r  clk_IBUF_inst/O
                         net (fo=1, estimated)        1.240     1.620    clk_IBUF
    BUFGCTRL_X0Y0        BUFG (Prop_bufg_I_O)         0.030     1.650 r  clk_IBUF_BUFG_inst/O
                         net (fo=16661, estimated)    0.977     2.627    vector_main_ixc/read_path/master_queue[0].addr_mem_reg_0_3_0_5/WCLK
    SLICE_X14Y98         RAMD32                                       r  vector_main_ixc/read_path/master_queue[0].addr_mem_reg_0_3_0_5/RAMA/CLK
                         clock pessimism             -0.342     2.284    <hidden>
    SLICE_X14Y98         RAMD32 (Hold_ramd32_CLK_WADR0)
                                                      0.297     2.581    vector_main_ixc/read_path/master_queue[0].addr_mem_reg_0_3_0_5/RAMA
  -------------------------------------------------------------------
                         required time                         -2.581    <hidden>
                         arrival time                           2.473    <hidden>
  -------------------------------------------------------------------
                         slack                                 -0.108    <hidden>

Slack (VIOLATED) :        -0.108ns  (arrival time - required time)
  Source:                 vector_main_ixc/read_path/master_queue[0].ar_tail_reg[0]/C
                            (rising edge-triggered cell FDRE clocked by sys_clk  {rise@0.000ns fall@2.500ns period=5.000ns})
  Destination:            vector_main_ixc/read_path/master_queue[0].addr_mem_reg_0_3_0_5/RAMA_D1/WADR0
                            (rising edge-triggered cell RAMD32 clocked by sys_clk  {rise@0.000ns fall@2.500ns period=5.000ns})
  Path Group:             sys_clk
  Path Type:              Hold (Min at Fast Process Corner)
  Requirement:            0.000ns  (sys_clk rise@0.000ns - sys_clk rise@0.000ns)
  Data Path Delay:        0.457ns  (logic 0.118ns (25.837%)  route 0.339ns (74.163%))
  Logic Levels:           0  
  Clock Path Skew:        0.268ns (DCD - SCD - CPR)
    Destination Clock Delay (DCD):    2.627ns
    Source Clock Delay      (SCD):    2.016ns
    Clock Pessimism Removal (CPR):    0.342ns

    Location             Delay type                Incr(ns)  Path(ns)    Netlist Resource(s)
  -------------------------------------------------------------------    -------------------
                         (clock sys_clk rise edge)    0.000     0.000 r  <hidden>
    AL25                                              0.000     0.000 r  clk
                         net (fo=0)                   0.000     0.000    clk
    AL25                 IBUF (Prop_ibuf_I_O)         0.131     0.131 r  clk_IBUF_inst/O
                         net (fo=1, estimated)        1.178     1.309    clk_IBUF
    BUFGCTRL_X0Y0        BUFG (Prop_bufg_I_O)         0.026     1.335 r  clk_IBUF_BUFG_inst/O
                         net (fo=16661, estimated)    0.681     2.016    vector_main_ixc/read_path/clk_IBUF_BUFG
    SLICE_X16Y104        FDRE                                         r  vector_main_ixc/read_path/master_queue[0].ar_tail_reg[0]/C
  -------------------------------------------------------------------    -------------------
    SLICE_X16Y104        FDRE (Prop_fdre_C_Q)         0.118     2.134 r  vector_main_ixc/read_path/master_queue[0].ar_tail_reg[0]/Q
                         net (fo=66, estimated)       0.339     2.473    vector_main_ixc/read_path/master_queue[0].addr_mem_reg_0_3_0_5/ADDRD0
    SLICE_X14Y98         RAMD32                                       r  vector_main_ixc/read_path/master_queue[0].addr_mem_reg_0_3_0_5/RAMA_D1/WADR0
  -------------------------------------------------------------------    -------------------

                         (clock sys_clk rise edge)    0.000     0.000 r  <hidden>
    AL25                                              0.000     0.000 r  clk
                         net (fo=0)                   0.000     0.000    clk
    AL25                 IBUF (Prop_ibuf_I_O)         0.380     0.380 r  clk_IBUF_inst/O
                         net (fo=1, estimated)        1.240     1.620    clk_IBUF
    BUFGCTRL_X0Y0        BUFG (Prop_bufg_I_O)         0.030     1.650 r  clk_IBUF_BUFG_inst/O
                         net (fo=16661, estimated)    0.977     2.627    vector_main_ixc/read_path/master_queue[0].addr_mem_reg_0_3_0_5/WCLK
    SLICE_X14Y98         RAMD32                                       r  vector_main_ixc/read_path/master_queue[0].addr_mem_reg_0_3_0_5/RAMA_D1/CLK
                         clock pessimism             -0.342     2.284    <hidden>
    SLICE_X14Y98         RAMD32 (Hold_ramd32_CLK_WADR0)
                                                      0.297     2.581    vector_main_ixc/read_path/master_queue[0].addr_mem_reg_0_3_0_5/RAMA_D1
  -------------------------------------------------------------------
                         required time                         -2.581    <hidden>
                         arrival time                           2.473    <hidden>
  -------------------------------------------------------------------
                         slack                                 -0.108    <hidden>

Slack (VIOLATED) :        -0.108ns  (arrival time - required time)
  Source:                 vector_main_ixc/read_path/master_queue[0].ar_tail_reg[0]/C
                            (rising edge-triggered cell FDRE clocked by sys_clk  {rise@0.000ns fall@2.500ns period=5.000ns})
  Destination:            vector_main_ixc/read_path/master_queue[0].addr_mem_reg_0_3_0_5/RAMB/WADR0
                            (rising edge-triggered cell RAMD32 clocked by sys_clk  {rise@0.000ns fall@2.500ns period=5.000ns})
  Path Group:             sys_clk
  Path Type:              Hold (Min at Fast Process Corner)
  Requirement:            0.000ns  (sys_clk rise@0.000ns - sys_clk rise@0.000ns)
  Data Path Delay:        0.457ns  (logic 0.118ns (25.837%)  route 0.339ns (74.163%))
  Logic Levels:           0  
  Clock Path Skew:        0.268ns (DCD - SCD - CPR)
    Destination Clock Delay (DCD):    2.627ns
    Source Clock Delay      (SCD):    2.016ns
    Clock Pessimism Removal (CPR):    0.342ns

    Location             Delay type                Incr(ns)  Path(ns)    Netlist Resource(s)
  -------------------------------------------------------------------    -------------------
                         (clock sys_clk rise edge)    0.000     0.000 r  <hidden>
    AL25                                              0.000     0.000 r  clk
                         net (fo=0)                   0.000     0.000    clk
    AL25                 IBUF (Prop_ibuf_I_O)         0.131     0.131 r  clk_IBUF_inst/O
                         net (fo=1, estimated)        1.178     1.309    clk_IBUF
    BUFGCTRL_X0Y0        BUFG (Prop_bufg_I_O)         0.026     1.335 r  clk_IBUF_BUFG_inst/O
                         net (fo=16661, estimated)    0.681     2.016    vector_main_ixc/read_path/clk_IBUF_BUFG
    SLICE_X16Y104        FDRE                                         r  vector_main_ixc/read_path/master_queue[0].ar_tail_reg[0]/C
  -------------------------------------------------------------------    -------------------
    SLICE_X16Y104        FDRE (Prop_fdre_C_Q)         0.118     2.134 r  vector_main_ixc/read_path/master_queue[0].ar_tail_reg[0]/Q
                         net (fo=66, estimated)       0.339     2.473    vector_main_ixc/read_path/master_queue[0].addr_mem_reg_0_3_0_5/ADDRD0
    SLICE_X14Y98         RAMD32                                       r  vector_main_ixc/read_path/master_queue[0].addr_mem_reg_0_3_0_5/RAMB/WADR0
  -------------------------------------------------------------------    -------------------

                         (clock sys_clk rise edge)    0.000     0.000 r  <hidden>
    AL25                                              0.000     0.000 r  clk
                         net (fo=0)                   0.000     0.000    clk
    AL25                 IBUF (Prop_ibuf_I_O)         0.380     0.380 r  clk_IBUF_inst/O
                         net (fo=1, estimated)        1.240     1.620    clk_IBUF
    BUFGCTRL_X0Y0        BUFG (Prop_bufg_I_O)         0.030     1.650 r  clk_IBUF_BUFG_inst/O
                         net (fo=16661, estimated)    0.977     2.627    vector_main_ixc/read_path/master_queue[0].addr_mem_reg_0_3_0_5/WCLK
    SLICE_X14Y98         RAMD32                                       r  vector_main_ixc/read_path/master_queue[0].addr_mem_reg_0_3_0_5/RAMB/CLK
                         clock pessimism             -0.342     2.284    <hidden>
    SLICE_X14Y98         RAMD32 (Hold_ramd32_CLK_WADR0)
                                                      0.297     2.581    vector_main_ixc/read_path/master_queue[0].addr_mem_reg_0_3_0_5/RAMB
  -------------------------------------------------------------------
                         required time                         -2.581    <hidden>
                         arrival time                           2.473    <hidden>
  -------------------------------------------------------------------
                         slack                                 -0.108    <hidden>

Slack (VIOLATED) :        -0.108ns  (arrival time - required time)
  Source:                 vector_main_ixc/read_path/master_queue[0].ar_tail_reg[0]/C
                            (rising edge-triggered cell FDRE clocked by sys_clk  {rise@0.000ns fall@2.500ns period=5.000ns})
  Destination:            vector_main_ixc/read_path/master_queue[0].addr_mem_reg_0_3_0_5/RAMB_D1/WADR0
                            (rising edge-triggered cell RAMD32 clocked by sys_clk  {rise@0.000ns fall@2.500ns period=5.000ns})
  Path Group:             sys_clk
  Path Type:              Hold (Min at Fast Process Corner)
  Requirement:            0.000ns  (sys_clk rise@0.000ns - sys_clk rise@0.000ns)
  Data Path Delay:        0.457ns  (logic 0.118ns (25.837%)  route 0.339ns (74.163%))
  Logic Levels:           0  
  Clock Path Skew:        0.268ns (DCD - SCD - CPR)
    Destination Clock Delay (DCD):    2.627ns
    Source Clock Delay      (SCD):    2.016ns
    Clock Pessimism Removal (CPR):    0.342ns

    Location             Delay type                Incr(ns)  Path(ns)    Netlist Resource(s)
  -------------------------------------------------------------------    -------------------
                         (clock sys_clk rise edge)    0.000     0.000 r  <hidden>
    AL25                                              0.000     0.000 r  clk
                         net (fo=0)                   0.000     0.000    clk
    AL25                 IBUF (Prop_ibuf_I_O)         0.131     0.131 r  clk_IBUF_inst/O
                         net (fo=1, estimated)        1.178     1.309    clk_IBUF
    BUFGCTRL_X0Y0        BUFG (Prop_bufg_I_O)         0.026     1.335 r  clk_IBUF_BUFG_inst/O
                         net (fo=16661, estimated)    0.681     2.016    vector_main_ixc/read_path/clk_IBUF_BUFG
    SLICE_X16Y104        FDRE                                         r  vector_main_ixc/read_path/master_queue[0].ar_tail_reg[0]/C
  -------------------------------------------------------------------    -------------------
    SLICE_X16Y104        FDRE (Prop_fdre_C_Q)         0.118     2.134 r  vector_main_ixc/read_path/master_queue[0].ar_tail_reg[0]/Q
                         net (fo=66, estimated)       0.339     2.473    vector_main_ixc/read_path/master_queue[0].addr_mem_reg_0_3_0_5/ADDRD0
    SLICE_X14Y98         RAMD32                                       r  vector_main_ixc/read_path/master_queue[0].addr_mem_reg_0_3_0_5/RAMB_D1/WADR0
  -------------------------------------------------------------------    -------------------

                         (clock sys_clk rise edge)    0.000     0.000 r  <hidden>
    AL25                                              0.000     0.000 r  clk
                         net (fo=0)                   0.000     0.000    clk
    AL25                 IBUF (Prop_ibuf_I_O)         0.380     0.380 r  clk_IBUF_inst/O
                         net (fo=1, estimated)        1.240     1.620    clk_IBUF
    BUFGCTRL_X0Y0        BUFG (Prop_bufg_I_O)         0.030     1.650 r  clk_IBUF_BUFG_inst/O
                         net (fo=16661, estimated)    0.977     2.627    vector_main_ixc/read_path/master_queue[0].addr_mem_reg_0_3_0_5/WCLK
    SLICE_X14Y98         RAMD32                                       r  vector_main_ixc/read_path/master_queue[0].addr_mem_reg_0_3_0_5/RAMB_D1/CLK
                         clock pessimism             -0.342     2.284    <hidden>
    SLICE_X14Y98         RAMD32 (Hold_ramd32_CLK_WADR0)
                                                      0.297     2.581    vector_main_ixc/read_path/master_queue[0].addr_mem_reg_0_3_0_5/RAMB_D1
  -------------------------------------------------------------------
                         required time                         -2.581    <hidden>
                         arrival time                           2.473    <hidden>
  -------------------------------------------------------------------
                         slack                                 -0.108    <hidden>

Slack (VIOLATED) :        -0.108ns  (arrival time - required time)
  Source:                 vector_main_ixc/read_path/master_queue[0].ar_tail_reg[0]/C
                            (rising edge-triggered cell FDRE clocked by sys_clk  {rise@0.000ns fall@2.500ns period=5.000ns})
  Destination:            vector_main_ixc/read_path/master_queue[0].addr_mem_reg_0_3_0_5/RAMC/WADR0
                            (rising edge-triggered cell RAMD32 clocked by sys_clk  {rise@0.000ns fall@2.500ns period=5.000ns})
  Path Group:             sys_clk
  Path Type:              Hold (Min at Fast Process Corner)
  Requirement:            0.000ns  (sys_clk rise@0.000ns - sys_clk rise@0.000ns)
  Data Path Delay:        0.457ns  (logic 0.118ns (25.837%)  route 0.339ns (74.163%))
  Logic Levels:           0  
  Clock Path Skew:        0.268ns (DCD - SCD - CPR)
    Destination Clock Delay (DCD):    2.627ns
    Source Clock Delay      (SCD):    2.016ns
    Clock Pessimism Removal (CPR):    0.342ns

    Location             Delay type                Incr(ns)  Path(ns)    Netlist Resource(s)
  -------------------------------------------------------------------    -------------------
                         (clock sys_clk rise edge)    0.000     0.000 r  <hidden>
    AL25                                              0.000     0.000 r  clk
                         net (fo=0)                   0.000     0.000    clk
    AL25                 IBUF (Prop_ibuf_I_O)         0.131     0.131 r  clk_IBUF_inst/O
                         net (fo=1, estimated)        1.178     1.309    clk_IBUF
    BUFGCTRL_X0Y0        BUFG (Prop_bufg_I_O)         0.026     1.335 r  clk_IBUF_BUFG_inst/O
                         net (fo=16661, estimated)    0.681     2.016    vector_main_ixc/read_path/clk_IBUF_BUFG
    SLICE_X16Y104        FDRE                                         r  vector_main_ixc/read_path/master_queue[0].ar_tail_reg[0]/C
  -------------------------------------------------------------------    -------------------
    SLICE_X16Y104        FDRE (Prop_fdre_C_Q)         0.118     2.134 r  vector_main_ixc/read_path/master_queue[0].ar_tail_reg[0]/Q
                         net (fo=66, estimated)       0.339     2.473    vector_main_ixc/read_path/master_queue[0].addr_mem_reg_0_3_0_5/ADDRD0
    SLICE_X14Y98         RAMD32                                       r  vector_main_ixc/read_path/master_queue[0].addr_mem_reg_0_3_0_5/RAMC/WADR0
  -------------------------------------------------------------------    -------------------

                         (clock sys_clk rise edge)    0.000     0.000 r  <hidden>
    AL25                                              0.000     0.000 r  clk
                         net (fo=0)                   0.000     0.000    clk
    AL25                 IBUF (Prop_ibuf_I_O)         0.380     0.380 r  clk_IBUF_inst/O
                         net (fo=1, estimated)        1.240     1.620    clk_IBUF
    BUFGCTRL_X0Y0        BUFG (Prop_bufg_I_O)         0.030     1.650 r  clk_IBUF_BUFG_inst/O
                         net (fo=16661, estimated)    0.977     2.627    vector_main_ixc/read_path/master_queue[0].addr_mem_reg_0_3_0_5/WCLK
    SLICE_X14Y98         RAMD32                                       r  vector_main_ixc/read_path/master_queue[0].addr_mem_reg_0_3_0_5/RAMC/CLK
                         clock pessimism             -0.342     2.284    <hidden>
    SLICE_X14Y98         RAMD32 (Hold_ramd32_CLK_WADR0)
                                                      0.297     2.581    vector_main_ixc/read_path/master_queue[0].addr_mem_reg_0_3_0_5/RAMC
  -------------------------------------------------------------------
                         required time                         -2.581    <hidden>
                         arrival time                           2.473    <hidden>
  -------------------------------------------------------------------
                         slack                                 -0.108    <hidden>

Slack (VIOLATED) :        -0.108ns  (arrival time - required time)
  Source:                 vector_main_ixc/read_path/master_queue[0].ar_tail_reg[0]/C
                            (rising edge-triggered cell FDRE clocked by sys_clk  {rise@0.000ns fall@2.500ns period=5.000ns})
  Destination:            vector_main_ixc/read_path/master_queue[0].addr_mem_reg_0_3_0_5/RAMC_D1/WADR0
                            (rising edge-triggered cell RAMD32 clocked by sys_clk  {rise@0.000ns fall@2.500ns period=5.000ns})
  Path Group:             sys_clk
  Path Type:              Hold (Min at Fast Process Corner)
  Requirement:            0.000ns  (sys_clk rise@0.000ns - sys_clk rise@0.000ns)
  Data Path Delay:        0.457ns  (logic 0.118ns (25.837%)  route 0.339ns (74.163%))
  Logic Levels:           0  
  Clock Path Skew:        0.268ns (DCD - SCD - CPR)
    Destination Clock Delay (DCD):    2.627ns
    Source Clock Delay      (SCD):    2.016ns
    Clock Pessimism Removal (CPR):    0.342ns

    Location             Delay type                Incr(ns)  Path(ns)    Netlist Resource(s)
  -------------------------------------------------------------------    -------------------
                         (clock sys_clk rise edge)    0.000     0.000 r  <hidden>
    AL25                                              0.000     0.000 r  clk
                         net (fo=0)                   0.000     0.000    clk
    AL25                 IBUF (Prop_ibuf_I_O)         0.131     0.131 r  clk_IBUF_inst/O
                         net (fo=1, estimated)        1.178     1.309    clk_IBUF
    BUFGCTRL_X0Y0        BUFG (Prop_bufg_I_O)         0.026     1.335 r  clk_IBUF_BUFG_inst/O
                         net (fo=16661, estimated)    0.681     2.016    vector_main_ixc/read_path/clk_IBUF_BUFG
    SLICE_X16Y104        FDRE                                         r  vector_main_ixc/read_path/master_queue[0].ar_tail_reg[0]/C
  -------------------------------------------------------------------    -------------------
    SLICE_X16Y104        FDRE (Prop_fdre_C_Q)         0.118     2.134 r  vector_main_ixc/read_path/master_queue[0].ar_tail_reg[0]/Q
                         net (fo=66, estimated)       0.339     2.473    vector_main_ixc/read_path/master_queue[0].addr_mem_reg_0_3_0_5/ADDRD0
    SLICE_X14Y98         RAMD32                                       r  vector_main_ixc/read_path/master_queue[0].addr_mem_reg_0_3_0_5/RAMC_D1/WADR0
  -------------------------------------------------------------------    -------------------

                         (clock sys_clk rise edge)    0.000     0.000 r  <hidden>
    AL25                                              0.000     0.000 r  clk
                         net (fo=0)                   0.000     0.000    clk
    AL25                 IBUF (Prop_ibuf_I_O)         0.380     0.380 r  clk_IBUF_inst/O
                         net (fo=1, estimated)        1.240     1.620    clk_IBUF
    BUFGCTRL_X0Y0        BUFG (Prop_bufg_I_O)         0.030     1.650 r  clk_IBUF_BUFG_inst/O
                         net (fo=16661, estimated)    0.977     2.627    vector_main_ixc/read_path/master_queue[0].addr_mem_reg_0_3_0_5/WCLK
    SLICE_X14Y98         RAMD32                                       r  vector_main_ixc/read_path/master_queue[0].addr_mem_reg_0_3_0_5/RAMC_D1/CLK
                         clock pessimism             -0.342     2.284    <hidden>
    SLICE_X14Y98         RAMD32 (Hold_ramd32_CLK_WADR0)
                                                      0.297     2.581    vector_main_ixc/read_path/master_queue[0].addr_mem_reg_0_3_0_5/RAMC_D1
  -------------------------------------------------------------------
                         required time                         -2.581    <hidden>
                         arrival time                           2.473    <hidden>
  -------------------------------------------------------------------
                         slack                                 -0.108    <hidden>

Slack (VIOLATED) :        -0.108ns  (arrival time - required time)
  Source:                 vector_main_ixc/read_path/master_queue[0].ar_tail_reg[0]/C
                            (rising edge-triggered cell FDRE clocked by sys_clk  {rise@0.000ns fall@2.500ns period=5.000ns})
  Destination:            vector_main_ixc/read_path/master_queue[0].addr_mem_reg_0_3_0_5/RAMD/ADR0
                            (rising edge-triggered cell RAMS32 clocked by sys_clk  {rise@0.000ns fall@2.500ns period=5.000ns})
  Path Group:             sys_clk
  Path Type:              Hold (Min at Fast Process Corner)
  Requirement:            0.000ns  (sys_clk rise@0.000ns - sys_clk rise@0.000ns)
  Data Path Delay:        0.457ns  (logic 0.118ns (25.837%)  route 0.339ns (74.163%))
  Logic Levels:           0  
  Clock Path Skew:        0.268ns (DCD - SCD - CPR)
    Destination Clock Delay (DCD):    2.627ns
    Source Clock Delay      (SCD):    2.016ns
    Clock Pessimism Removal (CPR):    0.342ns

    Location             Delay type                Incr(ns)  Path(ns)    Netlist Resource(s)
  -------------------------------------------------------------------    -------------------
                         (clock sys_clk rise edge)    0.000     0.000 r  <hidden>
    AL25                                              0.000     0.000 r  clk
                         net (fo=0)                   0.000     0.000    clk
    AL25                 IBUF (Prop_ibuf_I_O)         0.131     0.131 r  clk_IBUF_inst/O
                         net (fo=1, estimated)        1.178     1.309    clk_IBUF
    BUFGCTRL_X0Y0        BUFG (Prop_bufg_I_O)         0.026     1.335 r  clk_IBUF_BUFG_inst/O
                         net (fo=16661, estimated)    0.681     2.016    vector_main_ixc/read_path/clk_IBUF_BUFG
    SLICE_X16Y104        FDRE                                         r  vector_main_ixc/read_path/master_queue[0].ar_tail_reg[0]/C
  -------------------------------------------------------------------    -------------------
    SLICE_X16Y104        FDRE (Prop_fdre_C_Q)         0.118     2.134 r  vector_main_ixc/read_path/master_queue[0].ar_tail_reg[0]/Q
                         net (fo=66, estimated)       0.339     2.473    vector_main_ixc/read_path/master_queue[0].addr_mem_reg_0_3_0_5/ADDRD0
    SLICE_X14Y98         RAMS32                                       r  vector_main_ixc/read_path/master_queue[0].addr_mem_reg_0_3_0_5/RAMD/ADR0
  -------------------------------------------------------------------    -------------------

                         (clock sys_clk rise edge)    0.000     0.000 r  <hidden>
    AL25                                              0.000     0.000 r  clk
                         net (fo=0)                   0.000     0.000    clk
    AL25                 IBUF (Prop_ibuf_I_O)         0.380     0.380 r  clk_IBUF_inst/O
                         net (fo=1, estimated)        1.240     1.620    clk_IBUF
    BUFGCTRL_X0Y0        BUFG (Prop_bufg_I_O)         0.030     1.650 r  clk_IBUF_BUFG_inst/O
                         net (fo=16661, estimated)    0.977     2.627    vector_main_ixc/read_path/master_queue[0].addr_mem_reg_0_3_0_5/WCLK
    SLICE_X14Y98         RAMS32                                       r  vector_main_ixc/read_path/master_queue[0].addr_mem_reg_0_3_0_5/RAMD/CLK
                         clock pessimism             -0.342     2.284    <hidden>
    SLICE_X14Y98         RAMS32 (Hold_rams32_CLK_ADR0)
                                                      0.297     2.581    vector_main_ixc/read_path/master_queue[0].addr_mem_reg_0_3_0_5/RAMD
  -------------------------------------------------------------------
                         required time                         -2.581    <hidden>
                         arrival time                           2.473    <hidden>
  -------------------------------------------------------------------
                         slack                                 -0.108    <hidden>

Slack (VIOLATED) :        -0.108ns  (arrival time - required time)
  Source:                 vector_main_ixc/read_path/master_queue[0].ar_tail_reg[0]/C
                            (rising edge-triggered cell FDRE clocked by sys_clk  {rise@0.000ns fall@2.500ns period=5.000ns})
  Destination:            vector_main_ixc/read_path/master_queue[0].addr_mem_reg_0_3_0_5/RAMD_D1/ADR0
                            (rising edge-triggered cell RAMS32 clocked by sys_clk  {rise@0.000ns fall@2.500ns period=5.000ns})
  Path Group:             sys_clk
  Path Type:              Hold (Min at Fast Process Corner)
  Requirement:            0.000ns  (sys_clk rise@0.000ns - sys_clk rise@0.000ns)
  Data Path Delay:        0.457ns  (logic 0.118ns (25.837%)  route 0.339ns (74.163%))
  Logic Levels:           0  
  Clock Path Skew:        0.268ns (DCD - SCD - CPR)
    Destination Clock Delay (DCD):    2.627ns
    Source Clock Delay      (SCD):    2.016ns
    Clock Pessimism Removal (CPR):    0.342ns

    Location             Delay type                Incr(ns)  Path(ns)    Netlist Resource(s)
  -------------------------------------------------------------------    -------------------
                         (clock sys_clk rise edge)    0.000     0.000 r  <hidden>
    AL25                                              0.000     0.000 r  clk
                         net (fo=0)                   0.000     0.000    clk
    AL25                 IBUF (Prop_ibuf_I_O)         0.131     0.131 r  clk_IBUF_inst/O
                         net (fo=1, estimated)        1.178     1.309    clk_IBUF
    BUFGCTRL_X0Y0        BUFG (Prop_bufg_I_O)         0.026     1.335 r  clk_IBUF_BUFG_inst/O
                         net (fo=16661, estimated)    0.681     2.016    vector_main_ixc/read_path/clk_IBUF_BUFG
    SLICE_X16Y104        FDRE                                         r  vector_main_ixc/read_path/master_queue[0].ar_tail_reg[0]/C
  -------------------------------------------------------------------    -------------------
    SLICE_X16Y104        FDRE (Prop_fdre_C_Q)         0.118     2.134 r  vector_main_ixc/read_path/master_queue[0].ar_tail_reg[0]/Q
                         net (fo=66, estimated)       0.339     2.473    vector_main_ixc/read_path/master_queue[0].addr_mem_reg_0_3_0_5/ADDRD0
    SLICE_X14Y98         RAMS32                                       r  vector_main_ixc/read_path/master_queue[0].addr_mem_reg_0_3_0_5/RAMD_D1/ADR0
  -------------------------------------------------------------------    -------------------

                         (clock sys_clk rise edge)    0.000     0.000 r  <hidden>
    AL25                                              0.000     0.000 r  clk
                         net (fo=0)                   0.000     0.000    clk
    AL25                 IBUF (Prop_ibuf_I_O)         0.380     0.380 r  clk_IBUF_inst/O
                         net (fo=1, estimated)        1.240     1.620    clk_IBUF
    BUFGCTRL_X0Y0        BUFG (Prop_bufg_I_O)         0.030     1.650 r  clk_IBUF_BUFG_inst/O
                         net (fo=16661, estimated)    0.977     2.627    vector_main_ixc/read_path/master_queue[0].addr_mem_reg_0_3_0_5/WCLK
    SLICE_X14Y98         RAMS32                                       r  vector_main_ixc/read_path/master_queue[0].addr_mem_reg_0_3_0_5/RAMD_D1/CLK
                         clock pessimism             -0.342     2.284    <hidden>
    SLICE_X14Y98         RAMS32 (Hold_rams32_CLK_ADR0)
                                                      0.297     2.581    vector_main_ixc/read_path/master_queue[0].addr_mem_reg_0_3_0_5/RAMD_D1
  -------------------------------------------------------------------
                         required time                         -2.581    <hidden>
                         arrival time                           2.473    <hidden>
  -------------------------------------------------------------------
                         slack                                 -0.108    <hidden>

Slack (VIOLATED) :        -0.107ns  (arrival time - required time)
  Source:                 scratchpad_a/port_b/response_data_reg[0][113]/C
                            (rising edge-triggered cell FDRE clocked by sys_clk  {rise@0.000ns fall@2.500ns period=5.000ns})
  Destination:            alu_b_dma/fifo_dut/fifo_mem_reg[6][113]/D
                            (rising edge-triggered cell FDRE clocked by sys_clk  {rise@0.000ns fall@2.500ns period=5.000ns})
  Path Group:             sys_clk
  Path Type:              Hold (Min at Fast Process Corner)
  Requirement:            0.000ns  (sys_clk rise@0.000ns - sys_clk rise@0.000ns)
  Data Path Delay:        0.219ns  (logic 0.100ns (45.762%)  route 0.119ns (54.238%))
  Logic Levels:           0  
  Clock Path Skew:        0.267ns (DCD - SCD - CPR)
    Destination Clock Delay (DCD):    2.555ns
    Source Clock Delay      (SCD):    1.965ns
    Clock Pessimism Removal (CPR):    0.322ns

    Location             Delay type                Incr(ns)  Path(ns)    Netlist Resource(s)
  -------------------------------------------------------------------    -------------------
                         (clock sys_clk rise edge)    0.000     0.000 r  <hidden>
    AL25                                              0.000     0.000 r  clk
                         net (fo=0)                   0.000     0.000    clk
    AL25                 IBUF (Prop_ibuf_I_O)         0.131     0.131 r  clk_IBUF_inst/O
                         net (fo=1, estimated)        1.178     1.309    clk_IBUF
    BUFGCTRL_X0Y0        BUFG (Prop_bufg_I_O)         0.026     1.335 r  clk_IBUF_BUFG_inst/O
                         net (fo=16661, estimated)    0.630     1.965    scratchpad_a/port_b/clk_IBUF_BUFG
    SLICE_X13Y151        FDRE                                         r  scratchpad_a/port_b/response_data_reg[0][113]/C
  -------------------------------------------------------------------    -------------------
    SLICE_X13Y151        FDRE (Prop_fdre_C_Q)         0.100     2.065 r  scratchpad_a/port_b/response_data_reg[0][113]/Q
                         net (fo=8, estimated)        0.119     2.184    alu_b_dma/fifo_dut/fifo_mem_reg[0][127]_0[113]
    SLICE_X12Y149        FDRE                                         r  alu_b_dma/fifo_dut/fifo_mem_reg[6][113]/D
  -------------------------------------------------------------------    -------------------

                         (clock sys_clk rise edge)    0.000     0.000 r  <hidden>
    AL25                                              0.000     0.000 r  clk
                         net (fo=0)                   0.000     0.000    clk
    AL25                 IBUF (Prop_ibuf_I_O)         0.380     0.380 r  clk_IBUF_inst/O
                         net (fo=1, estimated)        1.240     1.620    clk_IBUF
    BUFGCTRL_X0Y0        BUFG (Prop_bufg_I_O)         0.030     1.650 r  clk_IBUF_BUFG_inst/O
                         net (fo=16661, estimated)    0.905     2.555    alu_b_dma/fifo_dut/clk_IBUF_BUFG
    SLICE_X12Y149        FDRE                                         r  alu_b_dma/fifo_dut/fifo_mem_reg[6][113]/C
                         clock pessimism             -0.322     2.232    <hidden>
    SLICE_X12Y149        FDRE (Hold_fdre_C_D)         0.059     2.291    alu_b_dma/fifo_dut/fifo_mem_reg[6][113]
  -------------------------------------------------------------------
                         required time                         -2.291    <hidden>
                         arrival time                           2.184    <hidden>
  -------------------------------------------------------------------
                         slack                                 -0.107    <hidden>

Slack (VIOLATED) :        -0.107ns  (arrival time - required time)
  Source:                 scratchpad_c/port_b/write_data_reg[63]/C
                            (rising edge-triggered cell FDRE clocked by sys_clk  {rise@0.000ns fall@2.500ns period=5.000ns})
  Destination:            scratchpad_c/bram_dp_dut/data_reg_1/DIADI[27]
                            (rising edge-triggered cell RAMB36E1 clocked by sys_clk  {rise@0.000ns fall@2.500ns period=5.000ns})
  Path Group:             sys_clk
  Path Type:              Hold (Min at Fast Process Corner)
  Requirement:            0.000ns  (sys_clk rise@0.000ns - sys_clk rise@0.000ns)
  Data Path Delay:        0.345ns  (logic 0.100ns (28.946%)  route 0.245ns (71.054%))
  Logic Levels:           0  
  Clock Path Skew:        0.298ns (DCD - SCD - CPR)
    Destination Clock Delay (DCD):    2.538ns
    Source Clock Delay      (SCD):    1.918ns
    Clock Pessimism Removal (CPR):    0.322ns

    Location             Delay type                Incr(ns)  Path(ns)    Netlist Resource(s)
  -------------------------------------------------------------------    -------------------
                         (clock sys_clk rise edge)    0.000     0.000 r  <hidden>
    AL25                                              0.000     0.000 r  clk
                         net (fo=0)                   0.000     0.000    clk
    AL25                 IBUF (Prop_ibuf_I_O)         0.131     0.131 r  clk_IBUF_inst/O
                         net (fo=1, estimated)        1.178     1.309    clk_IBUF
    BUFGCTRL_X0Y0        BUFG (Prop_bufg_I_O)         0.026     1.335 r  clk_IBUF_BUFG_inst/O
                         net (fo=16661, estimated)    0.583     1.918    scratchpad_c/port_b/clk_IBUF_BUFG
    SLICE_X55Y151        FDRE                                         r  scratchpad_c/port_b/write_data_reg[63]/C
  -------------------------------------------------------------------    -------------------
    SLICE_X55Y151        FDRE (Prop_fdre_C_Q)         0.100     2.018 r  scratchpad_c/port_b/write_data_reg[63]/Q
                         net (fo=1, estimated)        0.245     2.264    scratchpad_c/bram_dp_dut/write_data[63]
    RAMB36_X3Y28         RAMB36E1                                     r  scratchpad_c/bram_dp_dut/data_reg_1/DIADI[27]
  -------------------------------------------------------------------    -------------------

                         (clock sys_clk rise edge)    0.000     0.000 r  <hidden>
    AL25                                              0.000     0.000 r  clk
                         net (fo=0)                   0.000     0.000    clk
    AL25                 IBUF (Prop_ibuf_I_O)         0.380     0.380 r  clk_IBUF_inst/O
                         net (fo=1, estimated)        1.240     1.620    clk_IBUF
    BUFGCTRL_X0Y0        BUFG (Prop_bufg_I_O)         0.030     1.650 r  clk_IBUF_BUFG_inst/O
                         net (fo=16661, estimated)    0.889     2.538    scratchpad_c/bram_dp_dut/clk_IBUF_BUFG
    RAMB36_X3Y28         RAMB36E1                                     r  scratchpad_c/bram_dp_dut/data_reg_1/CLKARDCLK
                         clock pessimism             -0.322     2.216    <hidden>
    RAMB36_X3Y28         RAMB36E1 (Hold_ramb36e1_CLKARDCLK_DIADI[27])
                                                      0.155     2.371    scratchpad_c/bram_dp_dut/data_reg_1
  -------------------------------------------------------------------
                         required time                         -2.371    <hidden>
                         arrival time                           2.264    <hidden>
  -------------------------------------------------------------------
                         slack                                 -0.107    <hidden>

Slack (VIOLATED) :        -0.104ns  (arrival time - required time)
  Source:                 bram_dp_stream_0/port_b/read_addr_reg[7]/C
                            (rising edge-triggered cell FDRE clocked by sys_clk  {rise@0.000ns fall@2.500ns period=5.000ns})
  Destination:            bram_dp_stream_0/bram_dp_dut/data_reg/ADDRARDADDR[10]
                            (rising edge-triggered cell RAMB36E1 clocked by sys_clk  {rise@0.000ns fall@2.500ns period=5.000ns})
  Path Group:             sys_clk
  Path Type:              Hold (Min at Fast Process Corner)
  Requirement:            0.000ns  (sys_clk rise@0.000ns - sys_clk rise@0.000ns)
  Data Path Delay:        0.376ns  (logic 0.118ns (31.352%)  route 0.258ns (68.648%))
  Logic Levels:           0  
  Clock Path Skew:        0.298ns (DCD - SCD - CPR)
    Destination Clock Delay (DCD):    2.654ns
    Source Clock Delay      (SCD):    2.014ns
    Clock Pessimism Removal (CPR):    0.342ns

    Location             Delay type                Incr(ns)  Path(ns)    Netlist Resource(s)
  -------------------------------------------------------------------    -------------------
                         (clock sys_clk rise edge)    0.000     0.000 r  <hidden>
    AL25                                              0.000     0.000 r  clk
                         net (fo=0)                   0.000     0.000    clk
    AL25                 IBUF (Prop_ibuf_I_O)         0.131     0.131 r  clk_IBUF_inst/O
                         net (fo=1, estimated)        1.178     1.309    clk_IBUF
    BUFGCTRL_X0Y0        BUFG (Prop_bufg_I_O)         0.026     1.335 r  clk_IBUF_BUFG_inst/O
                         net (fo=16661, estimated)    0.679     2.014    bram_dp_stream_0/port_b/clk_IBUF_BUFG
    SLICE_X22Y105        FDRE                                         r  bram_dp_stream_0/port_b/read_addr_reg[7]/C
  -------------------------------------------------------------------    -------------------
    SLICE_X22Y105        FDRE (Prop_fdre_C_Q)         0.118     2.132 r  bram_dp_stream_0/port_b/read_addr_reg[7]/Q
                         net (fo=2, estimated)        0.258     2.391    bram_dp_stream_0/bram_dp_dut/Q[5]
    RAMB36_X1Y19         RAMB36E1                                     r  bram_dp_stream_0/bram_dp_dut/data_reg/ADDRARDADDR[10]
  -------------------------------------------------------------------    -------------------

                         (clock sys_clk rise edge)    0.000     0.000 r  <hidden>
    AL25                                              0.000     0.000 r  clk
                         net (fo=0)                   0.000     0.000    clk
    AL25                 IBUF (Prop_ibuf_I_O)         0.380     0.380 r  clk_IBUF_inst/O
                         net (fo=1, estimated)        1.240     1.620    clk_IBUF
    BUFGCTRL_X0Y0        BUFG (Prop_bufg_I_O)         0.030     1.650 r  clk_IBUF_BUFG_inst/O
                         net (fo=16661, estimated)    1.005     2.654    bram_dp_stream_0/bram_dp_dut/clk_IBUF_BUFG
    RAMB36_X1Y19         RAMB36E1                                     r  bram_dp_stream_0/bram_dp_dut/data_reg/CLKARDCLK
                         clock pessimism             -0.342     2.312    <hidden>
    RAMB36_X1Y19         RAMB36E1 (Hold_ramb36e1_CLKARDCLK_ADDRARDADDR[10])
                                                      0.183     2.495    bram_dp_stream_0/bram_dp_dut/data_reg
  -------------------------------------------------------------------
                         required time                         -2.495    <hidden>
                         arrival time                           2.391    <hidden>
  -------------------------------------------------------------------
                         slack                                 -0.104    <hidden>

Slack (VIOLATED) :        -0.104ns  (arrival time - required time)
  Source:                 scratchpad_c/port_b/write_data_reg[45]/C
                            (rising edge-triggered cell FDRE clocked by sys_clk  {rise@0.000ns fall@2.500ns period=5.000ns})
  Destination:            scratchpad_c/bram_dp_dut/data_reg_1/DIADI[9]
                            (rising edge-triggered cell RAMB36E1 clocked by sys_clk  {rise@0.000ns fall@2.500ns period=5.000ns})
  Path Group:             sys_clk
  Path Type:              Hold (Min at Fast Process Corner)
  Requirement:            0.000ns  (sys_clk rise@0.000ns - sys_clk rise@0.000ns)
  Data Path Delay:        0.349ns  (logic 0.118ns (33.850%)  route 0.231ns (66.150%))
  Logic Levels:           0  
  Clock Path Skew:        0.298ns (DCD - SCD - CPR)
    Destination Clock Delay (DCD):    2.538ns
    Source Clock Delay      (SCD):    1.918ns
    Clock Pessimism Removal (CPR):    0.322ns

    Location             Delay type                Incr(ns)  Path(ns)    Netlist Resource(s)
  -------------------------------------------------------------------    -------------------
                         (clock sys_clk rise edge)    0.000     0.000 r  <hidden>
    AL25                                              0.000     0.000 r  clk
                         net (fo=0)                   0.000     0.000    clk
    AL25                 IBUF (Prop_ibuf_I_O)         0.131     0.131 r  clk_IBUF_inst/O
                         net (fo=1, estimated)        1.178     1.309    clk_IBUF
    BUFGCTRL_X0Y0        BUFG (Prop_bufg_I_O)         0.026     1.335 r  clk_IBUF_BUFG_inst/O
                         net (fo=16661, estimated)    0.583     1.918    scratchpad_c/port_b/clk_IBUF_BUFG
    SLICE_X54Y150        FDRE                                         r  scratchpad_c/port_b/write_data_reg[45]/C
  -------------------------------------------------------------------    -------------------
    SLICE_X54Y150        FDRE (Prop_fdre_C_Q)         0.118     2.036 r  scratchpad_c/port_b/write_data_reg[45]/Q
                         net (fo=1, estimated)        0.231     2.267    scratchpad_c/bram_dp_dut/write_data[45]
    RAMB36_X3Y28         RAMB36E1                                     r  scratchpad_c/bram_dp_dut/data_reg_1/DIADI[9]
  -------------------------------------------------------------------    -------------------

                         (clock sys_clk rise edge)    0.000     0.000 r  <hidden>
    AL25                                              0.000     0.000 r  clk
                         net (fo=0)                   0.000     0.000    clk
    AL25                 IBUF (Prop_ibuf_I_O)         0.380     0.380 r  clk_IBUF_inst/O
                         net (fo=1, estimated)        1.240     1.620    clk_IBUF
    BUFGCTRL_X0Y0        BUFG (Prop_bufg_I_O)         0.030     1.650 r  clk_IBUF_BUFG_inst/O
                         net (fo=16661, estimated)    0.889     2.538    scratchpad_c/bram_dp_dut/clk_IBUF_BUFG
    RAMB36_X3Y28         RAMB36E1                                     r  scratchpad_c/bram_dp_dut/data_reg_1/CLKARDCLK
                         clock pessimism             -0.322     2.216    <hidden>
    RAMB36_X3Y28         RAMB36E1 (Hold_ramb36e1_CLKARDCLK_DIADI[9])
                                                      0.155     2.371    scratchpad_c/bram_dp_dut/data_reg_1
  -------------------------------------------------------------------
                         required time                         -2.371    <hidden>
                         arrival time                           2.267    <hidden>
  -------------------------------------------------------------------
                         slack                                 -0.104    <hidden>

Slack (VIOLATED) :        -0.101ns  (arrival time - required time)
  Source:                 handshake_join_0/input_buffers[1].input_skid/skid_data_reg[43]/C
                            (rising edge-triggered cell FDRE clocked by sys_clk  {rise@0.000ns fall@2.500ns period=5.000ns})
  Destination:            handshake_join_0/input_buffers[1].input_skid/out_ch\\.data_reg[43]/D
                            (rising edge-triggered cell FDRE clocked by sys_clk  {rise@0.000ns fall@2.500ns period=5.000ns})
  Path Group:             sys_clk
  Path Type:              Hold (Min at Fast Process Corner)
  Requirement:            0.000ns  (sys_clk rise@0.000ns - sys_clk rise@0.000ns)
  Data Path Delay:        0.225ns  (logic 0.128ns (56.964%)  route 0.097ns (43.036%))
  Logic Levels:           1  (LUT4=1)
  Clock Path Skew:        0.265ns (DCD - SCD - CPR)
    Destination Clock Delay (DCD):    2.506ns
    Source Clock Delay      (SCD):    1.918ns
    Clock Pessimism Removal (CPR):    0.322ns

    Location             Delay type                Incr(ns)  Path(ns)    Netlist Resource(s)
  -------------------------------------------------------------------    -------------------
                         (clock sys_clk rise edge)    0.000     0.000 r  <hidden>
    AL25                                              0.000     0.000 r  clk
                         net (fo=0)                   0.000     0.000    clk
    AL25                 IBUF (Prop_ibuf_I_O)         0.131     0.131 r  clk_IBUF_inst/O
                         net (fo=1, estimated)        1.178     1.309    clk_IBUF
    BUFGCTRL_X0Y0        BUFG (Prop_bufg_I_O)         0.026     1.335 r  clk_IBUF_BUFG_inst/O
                         net (fo=16661, estimated)    0.583     1.918    handshake_join_0/input_buffers[1].input_skid/clk_IBUF_BUFG
    SLICE_X57Y150        FDRE                                         r  handshake_join_0/input_buffers[1].input_skid/skid_data_reg[43]/C
  -------------------------------------------------------------------    -------------------
    SLICE_X57Y150        FDRE (Prop_fdre_C_Q)         0.100     2.018 r  handshake_join_0/input_buffers[1].input_skid/skid_data_reg[43]/Q
                         net (fo=1, estimated)        0.097     2.115    alu_b_dma/dma_dst_addr_dut/out_ch\\.data_reg[127]_1[43]
    SLICE_X57Y148        LUT4 (Prop_lut4_I3_O)        0.028     2.143 r  alu_b_dma/dma_dst_addr_dut/out_ch\\.data[43]_i_1__5/O
                         net (fo=1, routed)           0.000     2.143    handshake_join_0/input_buffers[1].input_skid/out_ch\\.data_reg[127]_0[43]
    SLICE_X57Y148        FDRE                                         r  handshake_join_0/input_buffers[1].input_skid/out_ch\\.data_reg[43]/D
  -------------------------------------------------------------------    -------------------

                         (clock sys_clk rise edge)    0.000     0.000 r  <hidden>
    AL25                                              0.000     0.000 r  clk
                         net (fo=0)                   0.000     0.000    clk
    AL25                 IBUF (Prop_ibuf_I_O)         0.380     0.380 r  clk_IBUF_inst/O
                         net (fo=1, estimated)        1.240     1.620    clk_IBUF
    BUFGCTRL_X0Y0        BUFG (Prop_bufg_I_O)         0.030     1.650 r  clk_IBUF_BUFG_inst/O
                         net (fo=16661, estimated)    0.856     2.506    handshake_join_0/input_buffers[1].input_skid/clk_IBUF_BUFG
    SLICE_X57Y148        FDRE                                         r  handshake_join_0/input_buffers[1].input_skid/out_ch\\.data_reg[43]/C
                         clock pessimism             -0.322     2.183    <hidden>
    SLICE_X57Y148        FDRE (Hold_fdre_C_D)         0.061     2.244    handshake_join_0/input_buffers[1].input_skid/out_ch\\.data_reg[43]
  -------------------------------------------------------------------
                         required time                         -2.244    <hidden>
                         arrival time                           2.143    <hidden>
  -------------------------------------------------------------------
                         slack                                 -0.101    <hidden>





Pulse Width Checks
--------------------------------------------------------------------------------------
Clock Name:         sys_clk
Waveform(ns):       { 0.000 2.500 }
Period(ns):         5.000
Sources:            { clk }

Check Type        Corner  Lib Pin             Reference Pin  Required(ns)  Actual(ns)  Slack(ns)  Location      Pin
Min Period        n/a     DSP48E1/CLK         n/a            2.772         5.000       2.228      DSP48_X1Y31   sch_0/execute/mul_cross_ab_reg/CLK
Min Period        n/a     DSP48E1/CLK         n/a            2.772         5.000       2.228      DSP48_X1Y30   sch_0/execute/mul_lo_product_reg/CLK
Min Period        n/a     RAMB36E1/CLKARDCLK  n/a            2.095         5.000       2.905      RAMB36_X1Y19  bram_dp_stream_0/bram_dp_dut/data_reg/CLKARDCLK
Min Period        n/a     RAMB36E1/CLKBWRCLK  n/a            2.095         5.000       2.905      RAMB36_X1Y19  bram_dp_stream_0/bram_dp_dut/data_reg/CLKBWRCLK
Min Period        n/a     RAMB36E1/CLKARDCLK  n/a            2.095         5.000       2.905      RAMB36_X0Y24  scratchpad_a/bram_dp_dut/data_reg_0/CLKARDCLK
Min Period        n/a     RAMB36E1/CLKBWRCLK  n/a            2.095         5.000       2.905      RAMB36_X0Y24  scratchpad_a/bram_dp_dut/data_reg_0/CLKBWRCLK
Min Period        n/a     RAMB36E1/CLKARDCLK  n/a            2.095         5.000       2.905      RAMB36_X2Y28  scratchpad_a/bram_dp_dut/data_reg_1/CLKARDCLK
Min Period        n/a     RAMB36E1/CLKBWRCLK  n/a            2.095         5.000       2.905      RAMB36_X2Y28  scratchpad_a/bram_dp_dut/data_reg_1/CLKBWRCLK
Min Period        n/a     RAMB36E1/CLKARDCLK  n/a            2.095         5.000       2.905      RAMB36_X2Y23  scratchpad_a/bram_dp_dut/data_reg_2/CLKARDCLK
Min Period        n/a     RAMB36E1/CLKBWRCLK  n/a            2.095         5.000       2.905      RAMB36_X2Y23  scratchpad_a/bram_dp_dut/data_reg_2/CLKBWRCLK
Min Period        n/a     RAMB36E1/CLKARDCLK  n/a            2.095         5.000       2.905      RAMB36_X0Y28  scratchpad_a/bram_dp_dut/data_reg_3/CLKARDCLK
Min Period        n/a     RAMB36E1/CLKBWRCLK  n/a            2.095         5.000       2.905      RAMB36_X0Y28  scratchpad_a/bram_dp_dut/data_reg_3/CLKBWRCLK
Min Period        n/a     RAMB36E1/CLKARDCLK  n/a            2.095         5.000       2.905      RAMB36_X1Y23  scratchpad_c/bram_dp_dut/data_reg_0/CLKARDCLK
Min Period        n/a     RAMB36E1/CLKBWRCLK  n/a            2.095         5.000       2.905      RAMB36_X1Y23  scratchpad_c/bram_dp_dut/data_reg_0/CLKBWRCLK
Min Period        n/a     RAMB36E1/CLKARDCLK  n/a            2.095         5.000       2.905      RAMB36_X3Y28  scratchpad_c/bram_dp_dut/data_reg_1/CLKARDCLK
Min Period        n/a     RAMB36E1/CLKBWRCLK  n/a            2.095         5.000       2.905      RAMB36_X3Y28  scratchpad_c/bram_dp_dut/data_reg_1/CLKBWRCLK
Min Period        n/a     RAMB36E1/CLKARDCLK  n/a            2.095         5.000       2.905      RAMB36_X3Y22  scratchpad_c/bram_dp_dut/data_reg_2/CLKARDCLK
Min Period        n/a     RAMB36E1/CLKBWRCLK  n/a            2.095         5.000       2.905      RAMB36_X3Y22  scratchpad_c/bram_dp_dut/data_reg_2/CLKBWRCLK
Min Period        n/a     RAMB36E1/CLKARDCLK  n/a            2.095         5.000       2.905      RAMB36_X1Y28  scratchpad_c/bram_dp_dut/data_reg_3/CLKARDCLK
Min Period        n/a     RAMB36E1/CLKBWRCLK  n/a            2.095         5.000       2.905      RAMB36_X1Y28  scratchpad_c/bram_dp_dut/data_reg_3/CLKBWRCLK
Low Pulse Width   Slow    RAMD32/CLK          n/a            0.768         2.500       1.732      SLICE_X14Y98  vector_main_ixc/read_path/master_queue[0].addr_mem_reg_0_3_0_5/RAMA/CLK
Low Pulse Width   Fast    RAMD32/CLK          n/a            0.768         2.500       1.732      SLICE_X14Y98  vector_main_ixc/read_path/master_queue[0].addr_mem_reg_0_3_0_5/RAMA/CLK
Low Pulse Width   Slow    RAMD32/CLK          n/a            0.768         2.500       1.732      SLICE_X14Y98  vector_main_ixc/read_path/master_queue[0].addr_mem_reg_0_3_0_5/RAMA_D1/CLK
Low Pulse Width   Fast    RAMD32/CLK          n/a            0.768         2.500       1.732      SLICE_X14Y98  vector_main_ixc/read_path/master_queue[0].addr_mem_reg_0_3_0_5/RAMA_D1/CLK
Low Pulse Width   Slow    RAMD32/CLK          n/a            0.768         2.500       1.732      SLICE_X14Y98  vector_main_ixc/read_path/master_queue[0].addr_mem_reg_0_3_0_5/RAMB/CLK
Low Pulse Width   Fast    RAMD32/CLK          n/a            0.768         2.500       1.732      SLICE_X14Y98  vector_main_ixc/read_path/master_queue[0].addr_mem_reg_0_3_0_5/RAMB/CLK
Low Pulse Width   Slow    RAMD32/CLK          n/a            0.768         2.500       1.732      SLICE_X14Y98  vector_main_ixc/read_path/master_queue[0].addr_mem_reg_0_3_0_5/RAMB_D1/CLK
Low Pulse Width   Fast    RAMD32/CLK          n/a            0.768         2.500       1.732      SLICE_X14Y98  vector_main_ixc/read_path/master_queue[0].addr_mem_reg_0_3_0_5/RAMB_D1/CLK
Low Pulse Width   Slow    RAMD32/CLK          n/a            0.768         2.500       1.732      SLICE_X14Y98  vector_main_ixc/read_path/master_queue[0].addr_mem_reg_0_3_0_5/RAMC/CLK
Low Pulse Width   Fast    RAMD32/CLK          n/a            0.768         2.500       1.732      SLICE_X14Y98  vector_main_ixc/read_path/master_queue[0].addr_mem_reg_0_3_0_5/RAMC/CLK
Low Pulse Width   Slow    RAMD32/CLK          n/a            0.768         2.500       1.732      SLICE_X14Y98  vector_main_ixc/read_path/master_queue[0].addr_mem_reg_0_3_0_5/RAMC_D1/CLK
Low Pulse Width   Fast    RAMD32/CLK          n/a            0.768         2.500       1.732      SLICE_X14Y98  vector_main_ixc/read_path/master_queue[0].addr_mem_reg_0_3_0_5/RAMC_D1/CLK
Low Pulse Width   Slow    RAMS32/CLK          n/a            0.768         2.500       1.732      SLICE_X14Y98  vector_main_ixc/read_path/master_queue[0].addr_mem_reg_0_3_0_5/RAMD/CLK
Low Pulse Width   Fast    RAMS32/CLK          n/a            0.768         2.500       1.732      SLICE_X14Y98  vector_main_ixc/read_path/master_queue[0].addr_mem_reg_0_3_0_5/RAMD/CLK
Low Pulse Width   Slow    RAMS32/CLK          n/a            0.768         2.500       1.732      SLICE_X14Y98  vector_main_ixc/read_path/master_queue[0].addr_mem_reg_0_3_0_5/RAMD_D1/CLK
Low Pulse Width   Fast    RAMS32/CLK          n/a            0.768         2.500       1.732      SLICE_X14Y98  vector_main_ixc/read_path/master_queue[0].addr_mem_reg_0_3_0_5/RAMD_D1/CLK
Low Pulse Width   Slow    RAMD32/CLK          n/a            0.768         2.500       1.732      SLICE_X10Y99  vector_main_ixc/read_path/master_queue[0].addr_mem_reg_0_3_12_17/RAMA/CLK
Low Pulse Width   Fast    RAMD32/CLK          n/a            0.768         2.500       1.732      SLICE_X10Y99  vector_main_ixc/read_path/master_queue[0].addr_mem_reg_0_3_12_17/RAMA/CLK
Low Pulse Width   Slow    RAMD32/CLK          n/a            0.768         2.500       1.732      SLICE_X10Y99  vector_main_ixc/read_path/master_queue[0].addr_mem_reg_0_3_12_17/RAMA_D1/CLK
Low Pulse Width   Fast    RAMD32/CLK          n/a            0.768         2.500       1.732      SLICE_X10Y99  vector_main_ixc/read_path/master_queue[0].addr_mem_reg_0_3_12_17/RAMA_D1/CLK
High Pulse Width  Slow    RAMD32/CLK          n/a            0.768         2.500       1.732      SLICE_X14Y98  vector_main_ixc/read_path/master_queue[0].addr_mem_reg_0_3_0_5/RAMA/CLK
High Pulse Width  Fast    RAMD32/CLK          n/a            0.768         2.500       1.732      SLICE_X14Y98  vector_main_ixc/read_path/master_queue[0].addr_mem_reg_0_3_0_5/RAMA/CLK
High Pulse Width  Slow    RAMD32/CLK          n/a            0.768         2.500       1.732      SLICE_X14Y98  vector_main_ixc/read_path/master_queue[0].addr_mem_reg_0_3_0_5/RAMA_D1/CLK
High Pulse Width  Fast    RAMD32/CLK          n/a            0.768         2.500       1.732      SLICE_X14Y98  vector_main_ixc/read_path/master_queue[0].addr_mem_reg_0_3_0_5/RAMA_D1/CLK
High Pulse Width  Slow    RAMD32/CLK          n/a            0.768         2.500       1.732      SLICE_X14Y98  vector_main_ixc/read_path/master_queue[0].addr_mem_reg_0_3_0_5/RAMB/CLK
High Pulse Width  Fast    RAMD32/CLK          n/a            0.768         2.500       1.732      SLICE_X14Y98  vector_main_ixc/read_path/master_queue[0].addr_mem_reg_0_3_0_5/RAMB/CLK
High Pulse Width  Slow    RAMD32/CLK          n/a            0.768         2.500       1.732      SLICE_X14Y98  vector_main_ixc/read_path/master_queue[0].addr_mem_reg_0_3_0_5/RAMB_D1/CLK
High Pulse Width  Fast    RAMD32/CLK          n/a            0.768         2.500       1.732      SLICE_X14Y98  vector_main_ixc/read_path/master_queue[0].addr_mem_reg_0_3_0_5/RAMB_D1/CLK
High Pulse Width  Slow    RAMD32/CLK          n/a            0.768         2.500       1.732      SLICE_X14Y98  vector_main_ixc/read_path/master_queue[0].addr_mem_reg_0_3_0_5/RAMC/CLK
High Pulse Width  Fast    RAMD32/CLK          n/a            0.768         2.500       1.732      SLICE_X14Y98  vector_main_ixc/read_path/master_queue[0].addr_mem_reg_0_3_0_5/RAMC/CLK
High Pulse Width  Slow    RAMD32/CLK          n/a            0.768         2.500       1.732      SLICE_X14Y98  vector_main_ixc/read_path/master_queue[0].addr_mem_reg_0_3_0_5/RAMC_D1/CLK
High Pulse Width  Fast    RAMD32/CLK          n/a            0.768         2.500       1.732      SLICE_X14Y98  vector_main_ixc/read_path/master_queue[0].addr_mem_reg_0_3_0_5/RAMC_D1/CLK
High Pulse Width  Slow    RAMS32/CLK          n/a            0.768         2.500       1.732      SLICE_X14Y98  vector_main_ixc/read_path/master_queue[0].addr_mem_reg_0_3_0_5/RAMD/CLK
High Pulse Width  Fast    RAMS32/CLK          n/a            0.768         2.500       1.732      SLICE_X14Y98  vector_main_ixc/read_path/master_queue[0].addr_mem_reg_0_3_0_5/RAMD/CLK
High Pulse Width  Slow    RAMS32/CLK          n/a            0.768         2.500       1.732      SLICE_X14Y98  vector_main_ixc/read_path/master_queue[0].addr_mem_reg_0_3_0_5/RAMD_D1/CLK
High Pulse Width  Fast    RAMS32/CLK          n/a            0.768         2.500       1.732      SLICE_X14Y98  vector_main_ixc/read_path/master_queue[0].addr_mem_reg_0_3_0_5/RAMD_D1/CLK
High Pulse Width  Slow    RAMD32/CLK          n/a            0.768         2.500       1.732      SLICE_X10Y99  vector_main_ixc/read_path/master_queue[0].addr_mem_reg_0_3_12_17/RAMA/CLK
High Pulse Width  Fast    RAMD32/CLK          n/a            0.768         2.500       1.732      SLICE_X10Y99  vector_main_ixc/read_path/master_queue[0].addr_mem_reg_0_3_12_17/RAMA/CLK
High Pulse Width  Slow    RAMD32/CLK          n/a            0.768         2.500       1.732      SLICE_X10Y99  vector_main_ixc/read_path/master_queue[0].addr_mem_reg_0_3_12_17/RAMA_D1/CLK
High Pulse Width  Fast    RAMD32/CLK          n/a            0.768         2.500       1.732      SLICE_X10Y99  vector_main_ixc/read_path/master_queue[0].addr_mem_reg_0_3_12_17/RAMA_D1/CLK



--------------------------------------------------------------------------------------
Path Group:  (none)
From Clock:  
  To Clock:  

Max Delay             3 Endpoints
Min Delay             3 Endpoints
--------------------------------------------------------------------------------------


Max Delay Paths
--------------------------------------------------------------------------------------
Slack:                    inf
  Source:                 rst_n
                            (input port)
  Destination:            write_req\\.ready
                            (output port)
  Path Group:             (none)
  Path Type:              Max at Slow Process Corner
  Data Path Delay:        6.818ns  (logic 3.405ns (49.944%)  route 3.413ns (50.056%))
  Logic Levels:           3  (IBUF=1 LUT2=1 OBUF=1)

    Location             Delay type                Incr(ns)  Path(ns)    Netlist Resource(s)
  -------------------------------------------------------------------    -------------------
    AN28                                              0.000     0.000 r  rst_n
                         net (fo=0)                   0.000     0.000    rst_n
    AN28                 IBUF (Prop_ibuf_I_O)         0.819     0.819 r  rst_n_IBUF_inst/O
                         net (fo=185, estimated)      1.525     2.344    vector_main_ixc/control/rst_n_IBUF
    SLICE_X29Y87         LUT2 (Prop_lut2_I0_O)        0.052     2.396 r  vector_main_ixc/control/write_req\\.ready_INST_0_i_1/O
                         net (fo=1, estimated)        1.888     4.284    vector_main_ixc_n_962
    AN23                 OBUF (Prop_obuf_I_O)         2.534     6.818 r  write_req\\.ready_INST_0/O
                         net (fo=0)                   0.000     6.818    write_req\\.ready
    AN23                                                              r  write_req\\.ready
  -------------------------------------------------------------------    -------------------

Slack:                    inf
  Source:                 rst_n
                            (input port)
  Destination:            read_rsp\\.valid
                            (output port)
  Path Group:             (none)
  Path Type:              Max at Slow Process Corner
  Data Path Delay:        6.496ns  (logic 3.397ns (52.292%)  route 3.099ns (47.708%))
  Logic Levels:           3  (IBUF=1 LUT5=1 OBUF=1)

    Location             Delay type                Incr(ns)  Path(ns)    Netlist Resource(s)
  -------------------------------------------------------------------    -------------------
    AN28                                              0.000     0.000 r  rst_n
                         net (fo=0)                   0.000     0.000    rst_n
    AN28                 IBUF (Prop_ibuf_I_O)         0.819     0.819 r  rst_n_IBUF_inst/O
                         net (fo=185, estimated)      1.498     2.317    vector_main_ixc/read_path/rst_n_IBUF
    SLICE_X12Y107        LUT5 (Prop_lut5_I0_O)        0.047     2.364 r  vector_main_ixc/read_path/read_rsp\\.valid_INST_0_i_1/O
                         net (fo=1, estimated)        1.601     3.965    vector_main_ixc_n_139
    AN24                 OBUF (Prop_obuf_I_O)         2.530     6.496 r  read_rsp\\.valid_INST_0/O
                         net (fo=0)                   0.000     6.496    read_rsp\\.valid
    AN24                                                              r  read_rsp\\.valid
  -------------------------------------------------------------------    -------------------

Slack:                    inf
  Source:                 rst_n
                            (input port)
  Destination:            read_req\\.ready
                            (output port)
  Path Group:             (none)
  Path Type:              Max at Slow Process Corner
  Data Path Delay:        6.392ns  (logic 3.417ns (53.458%)  route 2.975ns (46.542%))
  Logic Levels:           3  (IBUF=1 LUT2=1 OBUF=1)

    Location             Delay type                Incr(ns)  Path(ns)    Netlist Resource(s)
  -------------------------------------------------------------------    -------------------
    AN28                                              0.000     0.000 r  rst_n
                         net (fo=0)                   0.000     0.000    rst_n
    AN28                 IBUF (Prop_ibuf_I_O)         0.819     0.819 r  rst_n_IBUF_inst/O
                         net (fo=185, estimated)      1.510     2.329    vector_main_ixc/read_path/rst_n_IBUF
    SLICE_X14Y107        LUT2 (Prop_lut2_I0_O)        0.051     2.380 r  vector_main_ixc/read_path/read_req\\.ready_INST_0_i_1/O
                         net (fo=1, estimated)        1.465     3.845    vector_main_ixc_n_137
    AP24                 OBUF (Prop_obuf_I_O)         2.547     6.392 r  read_req\\.ready_INST_0/O
                         net (fo=0)                   0.000     6.392    read_req\\.ready
    AP24                                                              r  read_req\\.ready
  -------------------------------------------------------------------    -------------------





Min Delay Paths
--------------------------------------------------------------------------------------
Slack:                    inf
  Source:                 rst_n
                            (input port)
  Destination:            read_req\\.ready
                            (output port)
  Path Group:             (none)
  Path Type:              Min at Fast Process Corner
  Data Path Delay:        3.083ns  (logic 1.608ns (52.147%)  route 1.475ns (47.853%))
  Logic Levels:           3  (IBUF=1 LUT2=1 OBUF=1)

    Location             Delay type                Incr(ns)  Path(ns)    Netlist Resource(s)
  -------------------------------------------------------------------    -------------------
    AN28                                              0.000     0.000 r  rst_n
                         net (fo=0)                   0.000     0.000    rst_n
    AN28                 IBUF (Prop_ibuf_I_O)         0.161     0.161 r  rst_n_IBUF_inst/O
                         net (fo=185, estimated)      0.749     0.910    vector_main_ixc/read_path/rst_n_IBUF
    SLICE_X14Y107        LUT2 (Prop_lut2_I0_O)        0.029     0.939 r  vector_main_ixc/read_path/read_req\\.ready_INST_0_i_1/O
                         net (fo=1, estimated)        0.727     1.665    vector_main_ixc_n_137
    AP24                 OBUF (Prop_obuf_I_O)         1.418     3.083 r  read_req\\.ready_INST_0/O
                         net (fo=0)                   0.000     3.083    read_req\\.ready
    AP24                                                              r  read_req\\.ready
  -------------------------------------------------------------------    -------------------

Slack:                    inf
  Source:                 rst_n
                            (input port)
  Destination:            read_rsp\\.valid
                            (output port)
  Path Group:             (none)
  Path Type:              Min at Fast Process Corner
  Data Path Delay:        3.126ns  (logic 1.590ns (50.843%)  route 1.537ns (49.157%))
  Logic Levels:           3  (IBUF=1 LUT5=1 OBUF=1)

    Location             Delay type                Incr(ns)  Path(ns)    Netlist Resource(s)
  -------------------------------------------------------------------    -------------------
    AN28                                              0.000     0.000 r  rst_n
                         net (fo=0)                   0.000     0.000    rst_n
    AN28                 IBUF (Prop_ibuf_I_O)         0.161     0.161 r  rst_n_IBUF_inst/O
                         net (fo=185, estimated)      0.743     0.904    vector_main_ixc/read_path/rst_n_IBUF
    SLICE_X12Y107        LUT5 (Prop_lut5_I0_O)        0.026     0.930 r  vector_main_ixc/read_path/read_rsp\\.valid_INST_0_i_1/O
                         net (fo=1, estimated)        0.794     1.724    vector_main_ixc_n_139
    AN24                 OBUF (Prop_obuf_I_O)         1.403     3.126 r  read_rsp\\.valid_INST_0/O
                         net (fo=0)                   0.000     3.126    read_rsp\\.valid
    AN24                                                              r  read_rsp\\.valid
  -------------------------------------------------------------------    -------------------

Slack:                    inf
  Source:                 rst_n
                            (input port)
  Destination:            write_req\\.ready
                            (output port)
  Path Group:             (none)
  Path Type:              Min at Fast Process Corner
  Data Path Delay:        3.291ns  (logic 1.598ns (48.565%)  route 1.693ns (51.435%))
  Logic Levels:           3  (IBUF=1 LUT2=1 OBUF=1)

    Location             Delay type                Incr(ns)  Path(ns)    Netlist Resource(s)
  -------------------------------------------------------------------    -------------------
    AN28                                              0.000     0.000 r  rst_n
                         net (fo=0)                   0.000     0.000    rst_n
    AN28                 IBUF (Prop_ibuf_I_O)         0.161     0.161 r  rst_n_IBUF_inst/O
                         net (fo=185, estimated)      0.756     0.917    vector_main_ixc/control/rst_n_IBUF
    SLICE_X29Y87         LUT2 (Prop_lut2_I0_O)        0.029     0.946 r  vector_main_ixc/control/write_req\\.ready_INST_0_i_1/O
                         net (fo=1, estimated)        0.936     1.882    vector_main_ixc_n_962
    AN23                 OBUF (Prop_obuf_I_O)         1.408     3.291 r  write_req\\.ready_INST_0/O
                         net (fo=0)                   0.000     3.291    write_req\\.ready
    AN23                                                              r  write_req\\.ready
  -------------------------------------------------------------------    -------------------





--------------------------------------------------------------------------------------
Path Group:  (none)
From Clock:  sys_clk
  To Clock:  

Max Delay           171 Endpoints
Min Delay           171 Endpoints
--------------------------------------------------------------------------------------


Max Delay Paths
--------------------------------------------------------------------------------------
Slack:                    inf
  Source:                 vector_main_ixc/read_path/master_queue[0].response_head_reg[0]/C
                            (rising edge-triggered cell FDRE clocked by sys_clk  {rise@0.000ns fall@2.500ns period=5.000ns})
  Destination:            read_rsp\\.data[118]
                            (output port)
  Path Group:             (none)
  Path Type:              Max at Slow Process Corner
  Data Path Delay:        7.843ns  (logic 2.783ns (35.483%)  route 5.060ns (64.517%))
  Logic Levels:           2  (OBUF=1 RAMD32=1)
  Clock Uncertainty:      0.025ns  ((TSJ^2 + TIJ^2)^1/2 + DJ) / 2 + PE
    Total System Jitter     (TSJ):    0.050ns
    Total Input Jitter      (TIJ):    0.000ns
    Discrete Jitter          (DJ):    0.000ns
    Phase Error              (PE):    0.000ns

    Location             Delay type                Incr(ns)  Path(ns)    Netlist Resource(s)
  -------------------------------------------------------------------    -------------------
                         (clock sys_clk rise edge)    0.000     0.000 r  <hidden>
    AL25                                              0.000     0.000 r  clk
                         net (fo=0)                   0.000     0.000    clk
    AL25                 IBUF (Prop_ibuf_I_O)         0.790     0.790 r  clk_IBUF_inst/O
                         net (fo=1, estimated)        2.376     3.166    clk_IBUF
    BUFGCTRL_X0Y0        BUFG (Prop_bufg_I_O)         0.093     3.259 r  clk_IBUF_BUFG_inst/O
                         net (fo=16661, estimated)    1.535     4.794    vector_main_ixc/read_path/clk_IBUF_BUFG
    SLICE_X9Y109         FDRE                                         r  vector_main_ixc/read_path/master_queue[0].response_head_reg[0]/C
  -------------------------------------------------------------------    -------------------
    SLICE_X9Y109         FDRE (Prop_fdre_C_Q)         0.204     4.998 r  vector_main_ixc/read_path/master_queue[0].response_head_reg[0]/Q
                         net (fo=173, estimated)      1.714     6.712    vector_main_ixc/read_path/master_queue[0].response_mem_reg_0_7_114_119/ADDRC0
    SLICE_X38Y134        RAMD32 (Prop_ramd32_RADR0_O)
                                                      0.126     6.838 r  vector_main_ixc/read_path/master_queue[0].response_mem_reg_0_7_114_119/RAMC/O
                         net (fo=1, estimated)        3.346    10.184    read_rsp\\.data_OBUF[118]
    R24                  OBUF (Prop_obuf_I_O)         2.453    12.636 r  read_rsp\\.data[118]_INST_0/O
                         net (fo=0)                   0.000    12.636    read_rsp\\.data[118]
    R24                                                               r  read_rsp\\.data[118]
  -------------------------------------------------------------------    -------------------

Slack:                    inf
  Source:                 vector_main_ixc/read_path/master_queue[0].response_head_reg[0]/C
                            (rising edge-triggered cell FDRE clocked by sys_clk  {rise@0.000ns fall@2.500ns period=5.000ns})
  Destination:            read_rsp\\.data[119]
                            (output port)
  Path Group:             (none)
  Path Type:              Max at Slow Process Corner
  Data Path Delay:        7.738ns  (logic 2.703ns (34.930%)  route 5.035ns (65.070%))
  Logic Levels:           2  (OBUF=1 RAMD32=1)
  Clock Uncertainty:      0.025ns  ((TSJ^2 + TIJ^2)^1/2 + DJ) / 2 + PE
    Total System Jitter     (TSJ):    0.050ns
    Total Input Jitter      (TIJ):    0.000ns
    Discrete Jitter          (DJ):    0.000ns
    Phase Error              (PE):    0.000ns

    Location             Delay type                Incr(ns)  Path(ns)    Netlist Resource(s)
  -------------------------------------------------------------------    -------------------
                         (clock sys_clk rise edge)    0.000     0.000 r  <hidden>
    AL25                                              0.000     0.000 r  clk
                         net (fo=0)                   0.000     0.000    clk
    AL25                 IBUF (Prop_ibuf_I_O)         0.790     0.790 r  clk_IBUF_inst/O
                         net (fo=1, estimated)        2.376     3.166    clk_IBUF
    BUFGCTRL_X0Y0        BUFG (Prop_bufg_I_O)         0.093     3.259 r  clk_IBUF_BUFG_inst/O
                         net (fo=16661, estimated)    1.535     4.794    vector_main_ixc/read_path/clk_IBUF_BUFG
    SLICE_X9Y109         FDRE                                         r  vector_main_ixc/read_path/master_queue[0].response_head_reg[0]/C
  -------------------------------------------------------------------    -------------------
    SLICE_X9Y109         FDRE (Prop_fdre_C_Q)         0.204     4.998 r  vector_main_ixc/read_path/master_queue[0].response_head_reg[0]/Q
                         net (fo=173, estimated)      1.714     6.712    vector_main_ixc/read_path/master_queue[0].response_mem_reg_0_7_114_119/ADDRC0
    SLICE_X38Y134        RAMD32 (Prop_ramd32_RADR0_O)
                                                      0.123     6.835 r  vector_main_ixc/read_path/master_queue[0].response_mem_reg_0_7_114_119/RAMC_D1/O
                         net (fo=1, estimated)        3.321    10.156    read_rsp\\.data_OBUF[119]
    P26                  OBUF (Prop_obuf_I_O)         2.376    12.531 r  read_rsp\\.data[119]_INST_0/O
                         net (fo=0)                   0.000    12.531    read_rsp\\.data[119]
    P26                                                               r  read_rsp\\.data[119]
  -------------------------------------------------------------------    -------------------

Slack:                    inf
  Source:                 vector_main_ixc/read_path/master_queue[0].response_head_reg[0]/C
                            (rising edge-triggered cell FDRE clocked by sys_clk  {rise@0.000ns fall@2.500ns period=5.000ns})
  Destination:            read_rsp\\.data[116]
                            (output port)
  Path Group:             (none)
  Path Type:              Max at Slow Process Corner
  Data Path Delay:        7.729ns  (logic 2.767ns (35.803%)  route 4.962ns (64.197%))
  Logic Levels:           2  (OBUF=1 RAMD32=1)
  Clock Uncertainty:      0.025ns  ((TSJ^2 + TIJ^2)^1/2 + DJ) / 2 + PE
    Total System Jitter     (TSJ):    0.050ns
    Total Input Jitter      (TIJ):    0.000ns
    Discrete Jitter          (DJ):    0.000ns
    Phase Error              (PE):    0.000ns

    Location             Delay type                Incr(ns)  Path(ns)    Netlist Resource(s)
  -------------------------------------------------------------------    -------------------
                         (clock sys_clk rise edge)    0.000     0.000 r  <hidden>
    AL25                                              0.000     0.000 r  clk
                         net (fo=0)                   0.000     0.000    clk
    AL25                 IBUF (Prop_ibuf_I_O)         0.790     0.790 r  clk_IBUF_inst/O
                         net (fo=1, estimated)        2.376     3.166    clk_IBUF
    BUFGCTRL_X0Y0        BUFG (Prop_bufg_I_O)         0.093     3.259 r  clk_IBUF_BUFG_inst/O
                         net (fo=16661, estimated)    1.535     4.794    vector_main_ixc/read_path/clk_IBUF_BUFG
    SLICE_X9Y109         FDRE                                         r  vector_main_ixc/read_path/master_queue[0].response_head_reg[0]/C
  -------------------------------------------------------------------    -------------------
    SLICE_X9Y109         FDRE (Prop_fdre_C_Q)         0.204     4.998 r  vector_main_ixc/read_path/master_queue[0].response_head_reg[0]/Q
                         net (fo=173, estimated)      1.625     6.623    vector_main_ixc/read_path/master_queue[0].response_mem_reg_0_7_114_119/ADDRB0
    SLICE_X38Y134        RAMD32 (Prop_ramd32_RADR0_O)
                                                      0.131     6.754 r  vector_main_ixc/read_path/master_queue[0].response_mem_reg_0_7_114_119/RAMB/O
                         net (fo=1, estimated)        3.337    10.091    read_rsp\\.data_OBUF[116]
    R26                  OBUF (Prop_obuf_I_O)         2.432    12.523 r  read_rsp\\.data[116]_INST_0/O
                         net (fo=0)                   0.000    12.523    read_rsp\\.data[116]
    R26                                                               r  read_rsp\\.data[116]
  -------------------------------------------------------------------    -------------------

Slack:                    inf
  Source:                 vector_main_ixc/read_path/master_queue[0].response_head_reg[0]/C
                            (rising edge-triggered cell FDRE clocked by sys_clk  {rise@0.000ns fall@2.500ns period=5.000ns})
  Destination:            read_rsp\\.data[100]
                            (output port)
  Path Group:             (none)
  Path Type:              Max at Slow Process Corner
  Data Path Delay:        7.666ns  (logic 2.808ns (36.632%)  route 4.858ns (63.368%))
  Logic Levels:           2  (OBUF=1 RAMD32=1)
  Clock Uncertainty:      0.025ns  ((TSJ^2 + TIJ^2)^1/2 + DJ) / 2 + PE
    Total System Jitter     (TSJ):    0.050ns
    Total Input Jitter      (TIJ):    0.000ns
    Discrete Jitter          (DJ):    0.000ns
    Phase Error              (PE):    0.000ns

    Location             Delay type                Incr(ns)  Path(ns)    Netlist Resource(s)
  -------------------------------------------------------------------    -------------------
                         (clock sys_clk rise edge)    0.000     0.000 r  <hidden>
    AL25                                              0.000     0.000 r  clk
                         net (fo=0)                   0.000     0.000    clk
    AL25                 IBUF (Prop_ibuf_I_O)         0.790     0.790 r  clk_IBUF_inst/O
                         net (fo=1, estimated)        2.376     3.166    clk_IBUF
    BUFGCTRL_X0Y0        BUFG (Prop_bufg_I_O)         0.093     3.259 r  clk_IBUF_BUFG_inst/O
                         net (fo=16661, estimated)    1.535     4.794    vector_main_ixc/read_path/clk_IBUF_BUFG
    SLICE_X9Y109         FDRE                                         r  vector_main_ixc/read_path/master_queue[0].response_head_reg[0]/C
  -------------------------------------------------------------------    -------------------
    SLICE_X9Y109         FDRE (Prop_fdre_C_Q)         0.204     4.998 r  vector_main_ixc/read_path/master_queue[0].response_head_reg[0]/Q
                         net (fo=173, estimated)      1.567     6.565    vector_main_ixc/read_path/master_queue[0].response_mem_reg_0_7_96_101/ADDRC0
    SLICE_X38Y122        RAMD32 (Prop_ramd32_RADR0_O)
                                                      0.126     6.691 r  vector_main_ixc/read_path/master_queue[0].response_mem_reg_0_7_96_101/RAMC/O
                         net (fo=1, estimated)        3.291     9.982    read_rsp\\.data_OBUF[100]
    M30                  OBUF (Prop_obuf_I_O)         2.478    12.460 r  read_rsp\\.data[100]_INST_0/O
                         net (fo=0)                   0.000    12.460    read_rsp\\.data[100]
    M30                                                               r  read_rsp\\.data[100]
  -------------------------------------------------------------------    -------------------

Slack:                    inf
  Source:                 vector_main_ixc/read_path/master_queue[0].response_head_reg[0]/C
                            (rising edge-triggered cell FDRE clocked by sys_clk  {rise@0.000ns fall@2.500ns period=5.000ns})
  Destination:            read_rsp\\.data[114]
                            (output port)
  Path Group:             (none)
  Path Type:              Max at Slow Process Corner
  Data Path Delay:        7.659ns  (logic 2.746ns (35.855%)  route 4.913ns (64.145%))
  Logic Levels:           2  (OBUF=1 RAMD32=1)
  Clock Uncertainty:      0.025ns  ((TSJ^2 + TIJ^2)^1/2 + DJ) / 2 + PE
    Total System Jitter     (TSJ):    0.050ns
    Total Input Jitter      (TIJ):    0.000ns
    Discrete Jitter          (DJ):    0.000ns
    Phase Error              (PE):    0.000ns

    Location             Delay type                Incr(ns)  Path(ns)    Netlist Resource(s)
  -------------------------------------------------------------------    -------------------
                         (clock sys_clk rise edge)    0.000     0.000 r  <hidden>
    AL25                                              0.000     0.000 r  clk
                         net (fo=0)                   0.000     0.000    clk
    AL25                 IBUF (Prop_ibuf_I_O)         0.790     0.790 r  clk_IBUF_inst/O
                         net (fo=1, estimated)        2.376     3.166    clk_IBUF
    BUFGCTRL_X0Y0        BUFG (Prop_bufg_I_O)         0.093     3.259 r  clk_IBUF_BUFG_inst/O
                         net (fo=16661, estimated)    1.535     4.794    vector_main_ixc/read_path/clk_IBUF_BUFG
    SLICE_X9Y109         FDRE                                         r  vector_main_ixc/read_path/master_queue[0].response_head_reg[0]/C
  -------------------------------------------------------------------    -------------------
    SLICE_X9Y109         FDRE (Prop_fdre_C_Q)         0.204     4.998 r  vector_main_ixc/read_path/master_queue[0].response_head_reg[0]/Q
                         net (fo=173, estimated)      1.629     6.627    vector_main_ixc/read_path/master_queue[0].response_mem_reg_0_7_114_119/ADDRA0
    SLICE_X38Y134        RAMD32 (Prop_ramd32_RADR0_O)
                                                      0.127     6.754 r  vector_main_ixc/read_path/master_queue[0].response_mem_reg_0_7_114_119/RAMA/O
                         net (fo=1, estimated)        3.284    10.038    read_rsp\\.data_OBUF[114]
    T25                  OBUF (Prop_obuf_I_O)         2.415    12.453 r  read_rsp\\.data[114]_INST_0/O
                         net (fo=0)                   0.000    12.453    read_rsp\\.data[114]
    T25                                                               r  read_rsp\\.data[114]
  -------------------------------------------------------------------    -------------------

Slack:                    inf
  Source:                 vector_main_ixc/read_path/master_queue[0].response_head_reg[0]/C
                            (rising edge-triggered cell FDRE clocked by sys_clk  {rise@0.000ns fall@2.500ns period=5.000ns})
  Destination:            read_rsp\\.data[106]
                            (output port)
  Path Group:             (none)
  Path Type:              Max at Slow Process Corner
  Data Path Delay:        7.657ns  (logic 2.778ns (36.278%)  route 4.879ns (63.722%))
  Logic Levels:           2  (OBUF=1 RAMD32=1)
  Clock Uncertainty:      0.025ns  ((TSJ^2 + TIJ^2)^1/2 + DJ) / 2 + PE
    Total System Jitter     (TSJ):    0.050ns
    Total Input Jitter      (TIJ):    0.000ns
    Discrete Jitter          (DJ):    0.000ns
    Phase Error              (PE):    0.000ns

    Location             Delay type                Incr(ns)  Path(ns)    Netlist Resource(s)
  -------------------------------------------------------------------    -------------------
                         (clock sys_clk rise edge)    0.000     0.000 r  <hidden>
    AL25                                              0.000     0.000 r  clk
                         net (fo=0)                   0.000     0.000    clk
    AL25                 IBUF (Prop_ibuf_I_O)         0.790     0.790 r  clk_IBUF_inst/O
                         net (fo=1, estimated)        2.376     3.166    clk_IBUF
    BUFGCTRL_X0Y0        BUFG (Prop_bufg_I_O)         0.093     3.259 r  clk_IBUF_BUFG_inst/O
                         net (fo=16661, estimated)    1.535     4.794    vector_main_ixc/read_path/clk_IBUF_BUFG
    SLICE_X9Y109         FDRE                                         r  vector_main_ixc/read_path/master_queue[0].response_head_reg[0]/C
  -------------------------------------------------------------------    -------------------
    SLICE_X9Y109         FDRE (Prop_fdre_C_Q)         0.204     4.998 r  vector_main_ixc/read_path/master_queue[0].response_head_reg[0]/Q
                         net (fo=173, estimated)      1.574     6.572    vector_main_ixc/read_path/master_queue[0].response_mem_reg_0_7_102_107/ADDRC0
    SLICE_X40Y127        RAMD32 (Prop_ramd32_RADR0_O)
                                                      0.126     6.698 r  vector_main_ixc/read_path/master_queue[0].response_mem_reg_0_7_102_107/RAMC/O
                         net (fo=1, estimated)        3.305    10.003    read_rsp\\.data_OBUF[106]
    R28                  OBUF (Prop_obuf_I_O)         2.448    12.450 r  read_rsp\\.data[106]_INST_0/O
                         net (fo=0)                   0.000    12.450    read_rsp\\.data[106]
    R28                                                               r  read_rsp\\.data[106]
  -------------------------------------------------------------------    -------------------

Slack:                    inf
  Source:                 vector_main_ixc/read_path/master_queue[0].response_head_reg[0]/C
                            (rising edge-triggered cell FDRE clocked by sys_clk  {rise@0.000ns fall@2.500ns period=5.000ns})
  Destination:            read_rsp\\.data[117]
                            (output port)
  Path Group:             (none)
  Path Type:              Max at Slow Process Corner
  Data Path Delay:        7.653ns  (logic 2.688ns (35.127%)  route 4.965ns (64.873%))
  Logic Levels:           2  (OBUF=1 RAMD32=1)
  Clock Uncertainty:      0.025ns  ((TSJ^2 + TIJ^2)^1/2 + DJ) / 2 + PE
    Total System Jitter     (TSJ):    0.050ns
    Total Input Jitter      (TIJ):    0.000ns
    Discrete Jitter          (DJ):    0.000ns
    Phase Error              (PE):    0.000ns

    Location             Delay type                Incr(ns)  Path(ns)    Netlist Resource(s)
  -------------------------------------------------------------------    -------------------
                         (clock sys_clk rise edge)    0.000     0.000 r  <hidden>
    AL25                                              0.000     0.000 r  clk
                         net (fo=0)                   0.000     0.000    clk
    AL25                 IBUF (Prop_ibuf_I_O)         0.790     0.790 r  clk_IBUF_inst/O
                         net (fo=1, estimated)        2.376     3.166    clk_IBUF
    BUFGCTRL_X0Y0        BUFG (Prop_bufg_I_O)         0.093     3.259 r  clk_IBUF_BUFG_inst/O
                         net (fo=16661, estimated)    1.535     4.794    vector_main_ixc/read_path/clk_IBUF_BUFG
    SLICE_X9Y109         FDRE                                         r  vector_main_ixc/read_path/master_queue[0].response_head_reg[0]/C
  -------------------------------------------------------------------    -------------------
    SLICE_X9Y109         FDRE (Prop_fdre_C_Q)         0.204     4.998 r  vector_main_ixc/read_path/master_queue[0].response_head_reg[0]/Q
                         net (fo=173, estimated)      1.625     6.623    vector_main_ixc/read_path/master_queue[0].response_mem_reg_0_7_114_119/ADDRB0
    SLICE_X38Y134        RAMD32 (Prop_ramd32_RADR0_O)
                                                      0.123     6.746 r  vector_main_ixc/read_path/master_queue[0].response_mem_reg_0_7_114_119/RAMB_D1/O
                         net (fo=1, estimated)        3.340    10.086    read_rsp\\.data_OBUF[117]
    P24                  OBUF (Prop_obuf_I_O)         2.361    12.447 r  read_rsp\\.data[117]_INST_0/O
                         net (fo=0)                   0.000    12.447    read_rsp\\.data[117]
    P24                                                               r  read_rsp\\.data[117]
  -------------------------------------------------------------------    -------------------

Slack:                    inf
  Source:                 vector_main_ixc/read_path/master_queue[0].response_head_reg[0]/C
                            (rising edge-triggered cell FDRE clocked by sys_clk  {rise@0.000ns fall@2.500ns period=5.000ns})
  Destination:            read_rsp\\.data[104]
                            (output port)
  Path Group:             (none)
  Path Type:              Max at Slow Process Corner
  Data Path Delay:        7.642ns  (logic 2.809ns (36.756%)  route 4.833ns (63.244%))
  Logic Levels:           2  (OBUF=1 RAMD32=1)
  Clock Uncertainty:      0.025ns  ((TSJ^2 + TIJ^2)^1/2 + DJ) / 2 + PE
    Total System Jitter     (TSJ):    0.050ns
    Total Input Jitter      (TIJ):    0.000ns
    Discrete Jitter          (DJ):    0.000ns
    Phase Error              (PE):    0.000ns

    Location             Delay type                Incr(ns)  Path(ns)    Netlist Resource(s)
  -------------------------------------------------------------------    -------------------
                         (clock sys_clk rise edge)    0.000     0.000 r  <hidden>
    AL25                                              0.000     0.000 r  clk
                         net (fo=0)                   0.000     0.000    clk
    AL25                 IBUF (Prop_ibuf_I_O)         0.790     0.790 r  clk_IBUF_inst/O
                         net (fo=1, estimated)        2.376     3.166    clk_IBUF
    BUFGCTRL_X0Y0        BUFG (Prop_bufg_I_O)         0.093     3.259 r  clk_IBUF_BUFG_inst/O
                         net (fo=16661, estimated)    1.535     4.794    vector_main_ixc/read_path/clk_IBUF_BUFG
    SLICE_X9Y109         FDRE                                         r  vector_main_ixc/read_path/master_queue[0].response_head_reg[0]/C
  -------------------------------------------------------------------    -------------------
    SLICE_X9Y109         FDRE (Prop_fdre_C_Q)         0.204     4.998 r  vector_main_ixc/read_path/master_queue[0].response_head_reg[0]/Q
                         net (fo=173, estimated)      1.578     6.576    vector_main_ixc/read_path/master_queue[0].response_mem_reg_0_7_102_107/ADDRB0
    SLICE_X40Y127        RAMD32 (Prop_ramd32_RADR0_O)
                                                      0.131     6.707 r  vector_main_ixc/read_path/master_queue[0].response_mem_reg_0_7_102_107/RAMB/O
                         net (fo=1, estimated)        3.255     9.962    read_rsp\\.data_OBUF[104]
    R31                  OBUF (Prop_obuf_I_O)         2.474    12.435 r  read_rsp\\.data[104]_INST_0/O
                         net (fo=0)                   0.000    12.435    read_rsp\\.data[104]
    R31                                                               r  read_rsp\\.data[104]
  -------------------------------------------------------------------    -------------------

Slack:                    inf
  Source:                 vector_main_ixc/read_path/master_queue[0].response_head_reg[0]/C
                            (rising edge-triggered cell FDRE clocked by sys_clk  {rise@0.000ns fall@2.500ns period=5.000ns})
  Destination:            read_rsp\\.data[115]
                            (output port)
  Path Group:             (none)
  Path Type:              Max at Slow Process Corner
  Data Path Delay:        7.637ns  (logic 2.671ns (34.977%)  route 4.966ns (65.023%))
  Logic Levels:           2  (OBUF=1 RAMD32=1)
  Clock Uncertainty:      0.025ns  ((TSJ^2 + TIJ^2)^1/2 + DJ) / 2 + PE
    Total System Jitter     (TSJ):    0.050ns
    Total Input Jitter      (TIJ):    0.000ns
    Discrete Jitter          (DJ):    0.000ns
    Phase Error              (PE):    0.000ns

    Location             Delay type                Incr(ns)  Path(ns)    Netlist Resource(s)
  -------------------------------------------------------------------    -------------------
                         (clock sys_clk rise edge)    0.000     0.000 r  <hidden>
    AL25                                              0.000     0.000 r  clk
                         net (fo=0)                   0.000     0.000    clk
    AL25                 IBUF (Prop_ibuf_I_O)         0.790     0.790 r  clk_IBUF_inst/O
                         net (fo=1, estimated)        2.376     3.166    clk_IBUF
    BUFGCTRL_X0Y0        BUFG (Prop_bufg_I_O)         0.093     3.259 r  clk_IBUF_BUFG_inst/O
                         net (fo=16661, estimated)    1.535     4.794    vector_main_ixc/read_path/clk_IBUF_BUFG
    SLICE_X9Y109         FDRE                                         r  vector_main_ixc/read_path/master_queue[0].response_head_reg[0]/C
  -------------------------------------------------------------------    -------------------
    SLICE_X9Y109         FDRE (Prop_fdre_C_Q)         0.204     4.998 r  vector_main_ixc/read_path/master_queue[0].response_head_reg[0]/Q
                         net (fo=173, estimated)      1.629     6.627    vector_main_ixc/read_path/master_queue[0].response_mem_reg_0_7_114_119/ADDRA0
    SLICE_X38Y134        RAMD32 (Prop_ramd32_RADR0_O)
                                                      0.123     6.750 r  vector_main_ixc/read_path/master_queue[0].response_mem_reg_0_7_114_119/RAMA_D1/O
                         net (fo=1, estimated)        3.337    10.087    read_rsp\\.data_OBUF[115]
    R27                  OBUF (Prop_obuf_I_O)         2.344    12.431 r  read_rsp\\.data[115]_INST_0/O
                         net (fo=0)                   0.000    12.431    read_rsp\\.data[115]
    R27                                                               r  read_rsp\\.data[115]
  -------------------------------------------------------------------    -------------------

Slack:                    inf
  Source:                 vector_main_ixc/read_path/master_queue[0].response_head_reg[0]/C
                            (rising edge-triggered cell FDRE clocked by sys_clk  {rise@0.000ns fall@2.500ns period=5.000ns})
  Destination:            read_rsp\\.data[107]
                            (output port)
  Path Group:             (none)
  Path Type:              Max at Slow Process Corner
  Data Path Delay:        7.622ns  (logic 2.683ns (35.198%)  route 4.939ns (64.802%))
  Logic Levels:           2  (OBUF=1 RAMD32=1)
  Clock Uncertainty:      0.025ns  ((TSJ^2 + TIJ^2)^1/2 + DJ) / 2 + PE
    Total System Jitter     (TSJ):    0.050ns
    Total Input Jitter      (TIJ):    0.000ns
    Discrete Jitter          (DJ):    0.000ns
    Phase Error              (PE):    0.000ns

    Location             Delay type                Incr(ns)  Path(ns)    Netlist Resource(s)
  -------------------------------------------------------------------    -------------------
                         (clock sys_clk rise edge)    0.000     0.000 r  <hidden>
    AL25                                              0.000     0.000 r  clk
                         net (fo=0)                   0.000     0.000    clk
    AL25                 IBUF (Prop_ibuf_I_O)         0.790     0.790 r  clk_IBUF_inst/O
                         net (fo=1, estimated)        2.376     3.166    clk_IBUF
    BUFGCTRL_X0Y0        BUFG (Prop_bufg_I_O)         0.093     3.259 r  clk_IBUF_BUFG_inst/O
                         net (fo=16661, estimated)    1.535     4.794    vector_main_ixc/read_path/clk_IBUF_BUFG
    SLICE_X9Y109         FDRE                                         r  vector_main_ixc/read_path/master_queue[0].response_head_reg[0]/C
  -------------------------------------------------------------------    -------------------
    SLICE_X9Y109         FDRE (Prop_fdre_C_Q)         0.204     4.998 r  vector_main_ixc/read_path/master_queue[0].response_head_reg[0]/Q
                         net (fo=173, estimated)      1.574     6.572    vector_main_ixc/read_path/master_queue[0].response_mem_reg_0_7_102_107/ADDRC0
    SLICE_X40Y127        RAMD32 (Prop_ramd32_RADR0_O)
                                                      0.123     6.695 r  vector_main_ixc/read_path/master_queue[0].response_mem_reg_0_7_102_107/RAMC_D1/O
                         net (fo=1, estimated)        3.365    10.060    read_rsp\\.data_OBUF[107]
    T29                  OBUF (Prop_obuf_I_O)         2.356    12.415 r  read_rsp\\.data[107]_INST_0/O
                         net (fo=0)                   0.000    12.415    read_rsp\\.data[107]
    T29                                                               r  read_rsp\\.data[107]
  -------------------------------------------------------------------    -------------------

Slack:                    inf
  Source:                 vector_main_ixc/read_path/master_queue[0].response_head_reg[0]/C
                            (rising edge-triggered cell FDRE clocked by sys_clk  {rise@0.000ns fall@2.500ns period=5.000ns})
  Destination:            read_rsp\\.data[103]
                            (output port)
  Path Group:             (none)
  Path Type:              Max at Slow Process Corner
  Data Path Delay:        7.561ns  (logic 2.706ns (35.788%)  route 4.855ns (64.212%))
  Logic Levels:           2  (OBUF=1 RAMD32=1)
  Clock Uncertainty:      0.025ns  ((TSJ^2 + TIJ^2)^1/2 + DJ) / 2 + PE
    Total System Jitter     (TSJ):    0.050ns
    Total Input Jitter      (TIJ):    0.000ns
    Discrete Jitter          (DJ):    0.000ns
    Phase Error              (PE):    0.000ns

    Location             Delay type                Incr(ns)  Path(ns)    Netlist Resource(s)
  -------------------------------------------------------------------    -------------------
                         (clock sys_clk rise edge)    0.000     0.000 r  <hidden>
    AL25                                              0.000     0.000 r  clk
                         net (fo=0)                   0.000     0.000    clk
    AL25                 IBUF (Prop_ibuf_I_O)         0.790     0.790 r  clk_IBUF_inst/O
                         net (fo=1, estimated)        2.376     3.166    clk_IBUF
    BUFGCTRL_X0Y0        BUFG (Prop_bufg_I_O)         0.093     3.259 r  clk_IBUF_BUFG_inst/O
                         net (fo=16661, estimated)    1.535     4.794    vector_main_ixc/read_path/clk_IBUF_BUFG
    SLICE_X9Y109         FDRE                                         r  vector_main_ixc/read_path/master_queue[0].response_head_reg[0]/C
  -------------------------------------------------------------------    -------------------
    SLICE_X9Y109         FDRE (Prop_fdre_C_Q)         0.204     4.998 r  vector_main_ixc/read_path/master_queue[0].response_head_reg[0]/Q
                         net (fo=173, estimated)      1.582     6.580    vector_main_ixc/read_path/master_queue[0].response_mem_reg_0_7_102_107/ADDRA0
    SLICE_X40Y127        RAMD32 (Prop_ramd32_RADR0_O)
                                                      0.123     6.703 r  vector_main_ixc/read_path/master_queue[0].response_mem_reg_0_7_102_107/RAMA_D1/O
                         net (fo=1, estimated)        3.273     9.976    read_rsp\\.data_OBUF[103]
    P31                  OBUF (Prop_obuf_I_O)         2.379    12.354 r  read_rsp\\.data[103]_INST_0/O
                         net (fo=0)                   0.000    12.354    read_rsp\\.data[103]
    P31                                                               r  read_rsp\\.data[103]
  -------------------------------------------------------------------    -------------------

Slack:                    inf
  Source:                 vector_main_ixc/read_path/master_queue[0].response_head_reg[0]/C
                            (rising edge-triggered cell FDRE clocked by sys_clk  {rise@0.000ns fall@2.500ns period=5.000ns})
  Destination:            read_rsp\\.data[102]
                            (output port)
  Path Group:             (none)
  Path Type:              Max at Slow Process Corner
  Data Path Delay:        7.554ns  (logic 2.807ns (37.156%)  route 4.747ns (62.844%))
  Logic Levels:           2  (OBUF=1 RAMD32=1)
  Clock Uncertainty:      0.025ns  ((TSJ^2 + TIJ^2)^1/2 + DJ) / 2 + PE
    Total System Jitter     (TSJ):    0.050ns
    Total Input Jitter      (TIJ):    0.000ns
    Discrete Jitter          (DJ):    0.000ns
    Phase Error              (PE):    0.000ns

    Location             Delay type                Incr(ns)  Path(ns)    Netlist Resource(s)
  -------------------------------------------------------------------    -------------------
                         (clock sys_clk rise edge)    0.000     0.000 r  <hidden>
    AL25                                              0.000     0.000 r  clk
                         net (fo=0)                   0.000     0.000    clk
    AL25                 IBUF (Prop_ibuf_I_O)         0.790     0.790 r  clk_IBUF_inst/O
                         net (fo=1, estimated)        2.376     3.166    clk_IBUF
    BUFGCTRL_X0Y0        BUFG (Prop_bufg_I_O)         0.093     3.259 r  clk_IBUF_BUFG_inst/O
                         net (fo=16661, estimated)    1.535     4.794    vector_main_ixc/read_path/clk_IBUF_BUFG
    SLICE_X9Y109         FDRE                                         r  vector_main_ixc/read_path/master_queue[0].response_head_reg[0]/C
  -------------------------------------------------------------------    -------------------
    SLICE_X9Y109         FDRE (Prop_fdre_C_Q)         0.204     4.998 r  vector_main_ixc/read_path/master_queue[0].response_head_reg[0]/Q
                         net (fo=173, estimated)      1.582     6.580    vector_main_ixc/read_path/master_queue[0].response_mem_reg_0_7_102_107/ADDRA0
    SLICE_X40Y127        RAMD32 (Prop_ramd32_RADR0_O)
                                                      0.127     6.707 r  vector_main_ixc/read_path/master_queue[0].response_mem_reg_0_7_102_107/RAMA/O
                         net (fo=1, estimated)        3.165     9.872    read_rsp\\.data_OBUF[102]
    P30                  OBUF (Prop_obuf_I_O)         2.476    12.347 r  read_rsp\\.data[102]_INST_0/O
                         net (fo=0)                   0.000    12.347    read_rsp\\.data[102]
    P30                                                               r  read_rsp\\.data[102]
  -------------------------------------------------------------------    -------------------

Slack:                    inf
  Source:                 vector_main_ixc/read_path/master_queue[0].response_head_reg[0]/C
                            (rising edge-triggered cell FDRE clocked by sys_clk  {rise@0.000ns fall@2.500ns period=5.000ns})
  Destination:            read_rsp\\.data[101]
                            (output port)
  Path Group:             (none)
  Path Type:              Max at Slow Process Corner
  Data Path Delay:        7.523ns  (logic 2.708ns (35.998%)  route 4.815ns (64.002%))
  Logic Levels:           2  (OBUF=1 RAMD32=1)
  Clock Uncertainty:      0.025ns  ((TSJ^2 + TIJ^2)^1/2 + DJ) / 2 + PE
    Total System Jitter     (TSJ):    0.050ns
    Total Input Jitter      (TIJ):    0.000ns
    Discrete Jitter          (DJ):    0.000ns
    Phase Error              (PE):    0.000ns

    Location             Delay type                Incr(ns)  Path(ns)    Netlist Resource(s)
  -------------------------------------------------------------------    -------------------
                         (clock sys_clk rise edge)    0.000     0.000 r  <hidden>
    AL25                                              0.000     0.000 r  clk
                         net (fo=0)                   0.000     0.000    clk
    AL25                 IBUF (Prop_ibuf_I_O)         0.790     0.790 r  clk_IBUF_inst/O
                         net (fo=1, estimated)        2.376     3.166    clk_IBUF
    BUFGCTRL_X0Y0        BUFG (Prop_bufg_I_O)         0.093     3.259 r  clk_IBUF_BUFG_inst/O
                         net (fo=16661, estimated)    1.535     4.794    vector_main_ixc/read_path/clk_IBUF_BUFG
    SLICE_X9Y109         FDRE                                         r  vector_main_ixc/read_path/master_queue[0].response_head_reg[0]/C
  -------------------------------------------------------------------    -------------------
    SLICE_X9Y109         FDRE (Prop_fdre_C_Q)         0.204     4.998 r  vector_main_ixc/read_path/master_queue[0].response_head_reg[0]/Q
                         net (fo=173, estimated)      1.567     6.565    vector_main_ixc/read_path/master_queue[0].response_mem_reg_0_7_96_101/ADDRC0
    SLICE_X38Y122        RAMD32 (Prop_ramd32_RADR0_O)
                                                      0.123     6.688 r  vector_main_ixc/read_path/master_queue[0].response_mem_reg_0_7_96_101/RAMC_D1/O
                         net (fo=1, estimated)        3.248     9.936    read_rsp\\.data_OBUF[101]
    N30                  OBUF (Prop_obuf_I_O)         2.381    12.317 r  read_rsp\\.data[101]_INST_0/O
                         net (fo=0)                   0.000    12.317    read_rsp\\.data[101]
    N30                                                               r  read_rsp\\.data[101]
  -------------------------------------------------------------------    -------------------

Slack:                    inf
  Source:                 vector_main_ixc/read_path/master_queue[0].response_head_reg[0]/C
                            (rising edge-triggered cell FDRE clocked by sys_clk  {rise@0.000ns fall@2.500ns period=5.000ns})
  Destination:            read_rsp\\.data[105]
                            (output port)
  Path Group:             (none)
  Path Type:              Max at Slow Process Corner
  Data Path Delay:        7.511ns  (logic 2.684ns (35.736%)  route 4.827ns (64.264%))
  Logic Levels:           2  (OBUF=1 RAMD32=1)
  Clock Uncertainty:      0.025ns  ((TSJ^2 + TIJ^2)^1/2 + DJ) / 2 + PE
    Total System Jitter     (TSJ):    0.050ns
    Total Input Jitter      (TIJ):    0.000ns
    Discrete Jitter          (DJ):    0.000ns
    Phase Error              (PE):    0.000ns

    Location             Delay type                Incr(ns)  Path(ns)    Netlist Resource(s)
  -------------------------------------------------------------------    -------------------
                         (clock sys_clk rise edge)    0.000     0.000 r  <hidden>
    AL25                                              0.000     0.000 r  clk
                         net (fo=0)                   0.000     0.000    clk
    AL25                 IBUF (Prop_ibuf_I_O)         0.790     0.790 r  clk_IBUF_inst/O
                         net (fo=1, estimated)        2.376     3.166    clk_IBUF
    BUFGCTRL_X0Y0        BUFG (Prop_bufg_I_O)         0.093     3.259 r  clk_IBUF_BUFG_inst/O
                         net (fo=16661, estimated)    1.535     4.794    vector_main_ixc/read_path/clk_IBUF_BUFG
    SLICE_X9Y109         FDRE                                         r  vector_main_ixc/read_path/master_queue[0].response_head_reg[0]/C
  -------------------------------------------------------------------    -------------------
    SLICE_X9Y109         FDRE (Prop_fdre_C_Q)         0.204     4.998 r  vector_main_ixc/read_path/master_queue[0].response_head_reg[0]/Q
                         net (fo=173, estimated)      1.578     6.576    vector_main_ixc/read_path/master_queue[0].response_mem_reg_0_7_102_107/ADDRB0
    SLICE_X40Y127        RAMD32 (Prop_ramd32_RADR0_O)
                                                      0.123     6.699 r  vector_main_ixc/read_path/master_queue[0].response_mem_reg_0_7_102_107/RAMB_D1/O
                         net (fo=1, estimated)        3.249     9.948    read_rsp\\.data_OBUF[105]
    R29                  OBUF (Prop_obuf_I_O)         2.357    12.305 r  read_rsp\\.data[105]_INST_0/O
                         net (fo=0)                   0.000    12.305    read_rsp\\.data[105]
    R29                                                               r  read_rsp\\.data[105]
  -------------------------------------------------------------------    -------------------

Slack:                    inf
  Source:                 vector_main_ixc/read_path/master_queue[0].response_head_reg[0]/C
                            (rising edge-triggered cell FDRE clocked by sys_clk  {rise@0.000ns fall@2.500ns period=5.000ns})
  Destination:            read_rsp\\.data[127]
                            (output port)
  Path Group:             (none)
  Path Type:              Max at Slow Process Corner
  Data Path Delay:        7.372ns  (logic 2.791ns (37.862%)  route 4.581ns (62.138%))
  Logic Levels:           2  (OBUF=1 RAMD32=1)
  Clock Uncertainty:      0.025ns  ((TSJ^2 + TIJ^2)^1/2 + DJ) / 2 + PE
    Total System Jitter     (TSJ):    0.050ns
    Total Input Jitter      (TIJ):    0.000ns
    Discrete Jitter          (DJ):    0.000ns
    Phase Error              (PE):    0.000ns

    Location             Delay type                Incr(ns)  Path(ns)    Netlist Resource(s)
  -------------------------------------------------------------------    -------------------
                         (clock sys_clk rise edge)    0.000     0.000 r  <hidden>
    AL25                                              0.000     0.000 r  clk
                         net (fo=0)                   0.000     0.000    clk
    AL25                 IBUF (Prop_ibuf_I_O)         0.790     0.790 r  clk_IBUF_inst/O
                         net (fo=1, estimated)        2.376     3.166    clk_IBUF
    BUFGCTRL_X0Y0        BUFG (Prop_bufg_I_O)         0.093     3.259 r  clk_IBUF_BUFG_inst/O
                         net (fo=16661, estimated)    1.535     4.794    vector_main_ixc/read_path/clk_IBUF_BUFG
    SLICE_X9Y109         FDRE                                         r  vector_main_ixc/read_path/master_queue[0].response_head_reg[0]/C
  -------------------------------------------------------------------    -------------------
    SLICE_X9Y109         FDRE (Prop_fdre_C_Q)         0.204     4.998 r  vector_main_ixc/read_path/master_queue[0].response_head_reg[0]/Q
                         net (fo=173, estimated)      1.172     6.170    vector_main_ixc/read_path/master_queue[0].response_mem_reg_0_7_126_127__0/DPRA0
    SLICE_X22Y127        RAMD32 (Prop_ramd32_RADR0_O)
                                                      0.126     6.296 r  vector_main_ixc/read_path/master_queue[0].response_mem_reg_0_7_126_127__0/DP/O
                         net (fo=1, estimated)        3.409     9.705    read_rsp\\.data_OBUF[127]
    M28                  OBUF (Prop_obuf_I_O)         2.461    12.166 r  read_rsp\\.data[127]_INST_0/O
                         net (fo=0)                   0.000    12.166    read_rsp\\.data[127]
    M28                                                               r  read_rsp\\.data[127]
  -------------------------------------------------------------------    -------------------

Slack:                    inf
  Source:                 vector_main_ixc/read_path/master_queue[0].response_head_reg[0]/C
                            (rising edge-triggered cell FDRE clocked by sys_clk  {rise@0.000ns fall@2.500ns period=5.000ns})
  Destination:            read_rsp\\.data[88]
                            (output port)
  Path Group:             (none)
  Path Type:              Max at Slow Process Corner
  Data Path Delay:        7.367ns  (logic 2.787ns (37.833%)  route 4.580ns (62.167%))
  Logic Levels:           2  (OBUF=1 RAMD32=1)
  Clock Uncertainty:      0.025ns  ((TSJ^2 + TIJ^2)^1/2 + DJ) / 2 + PE
    Total System Jitter     (TSJ):    0.050ns
    Total Input Jitter      (TIJ):    0.000ns
    Discrete Jitter          (DJ):    0.000ns
    Phase Error              (PE):    0.000ns

    Location             Delay type                Incr(ns)  Path(ns)    Netlist Resource(s)
  -------------------------------------------------------------------    -------------------
                         (clock sys_clk rise edge)    0.000     0.000 r  <hidden>
    AL25                                              0.000     0.000 r  clk
                         net (fo=0)                   0.000     0.000    clk
    AL25                 IBUF (Prop_ibuf_I_O)         0.790     0.790 r  clk_IBUF_inst/O
                         net (fo=1, estimated)        2.376     3.166    clk_IBUF
    BUFGCTRL_X0Y0        BUFG (Prop_bufg_I_O)         0.093     3.259 r  clk_IBUF_BUFG_inst/O
                         net (fo=16661, estimated)    1.535     4.794    vector_main_ixc/read_path/clk_IBUF_BUFG
    SLICE_X9Y109         FDRE                                         r  vector_main_ixc/read_path/master_queue[0].response_head_reg[0]/C
  -------------------------------------------------------------------    -------------------
    SLICE_X9Y109         FDRE (Prop_fdre_C_Q)         0.204     4.998 r  vector_main_ixc/read_path/master_queue[0].response_head_reg[0]/Q
                         net (fo=173, estimated)      1.598     6.596    vector_main_ixc/read_path/master_queue[0].response_mem_reg_0_7_84_89/ADDRC0
    SLICE_X40Y124        RAMD32 (Prop_ramd32_RADR0_O)
                                                      0.126     6.722 r  vector_main_ixc/read_path/master_queue[0].response_mem_reg_0_7_84_89/RAMC/O
                         net (fo=1, estimated)        2.982     9.704    read_rsp\\.data_OBUF[88]
    V30                  OBUF (Prop_obuf_I_O)         2.457    12.161 r  read_rsp\\.data[88]_INST_0/O
                         net (fo=0)                   0.000    12.161    read_rsp\\.data[88]
    V30                                                               r  read_rsp\\.data[88]
  -------------------------------------------------------------------    -------------------

Slack:                    inf
  Source:                 vector_main_ixc/read_path/master_queue[0].response_head_reg[0]/C
                            (rising edge-triggered cell FDRE clocked by sys_clk  {rise@0.000ns fall@2.500ns period=5.000ns})
  Destination:            read_rsp\\.data[96]
                            (output port)
  Path Group:             (none)
  Path Type:              Max at Slow Process Corner
  Data Path Delay:        7.284ns  (logic 2.817ns (38.672%)  route 4.467ns (61.328%))
  Logic Levels:           2  (OBUF=1 RAMD32=1)
  Clock Uncertainty:      0.025ns  ((TSJ^2 + TIJ^2)^1/2 + DJ) / 2 + PE
    Total System Jitter     (TSJ):    0.050ns
    Total Input Jitter      (TIJ):    0.000ns
    Discrete Jitter          (DJ):    0.000ns
    Phase Error              (PE):    0.000ns

    Location             Delay type                Incr(ns)  Path(ns)    Netlist Resource(s)
  -------------------------------------------------------------------    -------------------
                         (clock sys_clk rise edge)    0.000     0.000 r  <hidden>
    AL25                                              0.000     0.000 r  clk
                         net (fo=0)                   0.000     0.000    clk
    AL25                 IBUF (Prop_ibuf_I_O)         0.790     0.790 r  clk_IBUF_inst/O
                         net (fo=1, estimated)        2.376     3.166    clk_IBUF
    BUFGCTRL_X0Y0        BUFG (Prop_bufg_I_O)         0.093     3.259 r  clk_IBUF_BUFG_inst/O
                         net (fo=16661, estimated)    1.535     4.794    vector_main_ixc/read_path/clk_IBUF_BUFG
    SLICE_X9Y109         FDRE                                         r  vector_main_ixc/read_path/master_queue[0].response_head_reg[0]/C
  -------------------------------------------------------------------    -------------------
    SLICE_X9Y109         FDRE (Prop_fdre_C_Q)         0.204     4.998 r  vector_main_ixc/read_path/master_queue[0].response_head_reg[0]/Q
                         net (fo=173, estimated)      1.558     6.556    vector_main_ixc/read_path/master_queue[0].response_mem_reg_0_7_96_101/ADDRA0
    SLICE_X38Y122        RAMD32 (Prop_ramd32_RADR0_O)
                                                      0.127     6.683 r  vector_main_ixc/read_path/master_queue[0].response_mem_reg_0_7_96_101/RAMA/O
                         net (fo=1, estimated)        2.909     9.592    read_rsp\\.data_OBUF[96]
    Y33                  OBUF (Prop_obuf_I_O)         2.486    12.077 r  read_rsp\\.data[96]_INST_0/O
                         net (fo=0)                   0.000    12.077    read_rsp\\.data[96]
    Y33                                                               r  read_rsp\\.data[96]
  -------------------------------------------------------------------    -------------------

Slack:                    inf
  Source:                 vector_main_ixc/read_path/master_queue[0].response_head_reg[0]/C
                            (rising edge-triggered cell FDRE clocked by sys_clk  {rise@0.000ns fall@2.500ns period=5.000ns})
  Destination:            read_rsp\\.data[92]
                            (output port)
  Path Group:             (none)
  Path Type:              Max at Slow Process Corner
  Data Path Delay:        7.247ns  (logic 2.807ns (38.731%)  route 4.440ns (61.269%))
  Logic Levels:           2  (OBUF=1 RAMD32=1)
  Clock Uncertainty:      0.025ns  ((TSJ^2 + TIJ^2)^1/2 + DJ) / 2 + PE
    Total System Jitter     (TSJ):    0.050ns
    Total Input Jitter      (TIJ):    0.000ns
    Discrete Jitter          (DJ):    0.000ns
    Phase Error              (PE):    0.000ns

    Location             Delay type                Incr(ns)  Path(ns)    Netlist Resource(s)
  -------------------------------------------------------------------    -------------------
                         (clock sys_clk rise edge)    0.000     0.000 r  <hidden>
    AL25                                              0.000     0.000 r  clk
                         net (fo=0)                   0.000     0.000    clk
    AL25                 IBUF (Prop_ibuf_I_O)         0.790     0.790 r  clk_IBUF_inst/O
                         net (fo=1, estimated)        2.376     3.166    clk_IBUF
    BUFGCTRL_X0Y0        BUFG (Prop_bufg_I_O)         0.093     3.259 r  clk_IBUF_BUFG_inst/O
                         net (fo=16661, estimated)    1.535     4.794    vector_main_ixc/read_path/clk_IBUF_BUFG
    SLICE_X9Y109         FDRE                                         r  vector_main_ixc/read_path/master_queue[0].response_head_reg[0]/C
  -------------------------------------------------------------------    -------------------
    SLICE_X9Y109         FDRE (Prop_fdre_C_Q)         0.204     4.998 r  vector_main_ixc/read_path/master_queue[0].response_head_reg[0]/Q
                         net (fo=173, estimated)      1.532     6.530    vector_main_ixc/read_path/master_queue[0].response_mem_reg_0_7_90_95/ADDRB0
    SLICE_X38Y121        RAMD32 (Prop_ramd32_RADR0_O)
                                                      0.131     6.661 r  vector_main_ixc/read_path/master_queue[0].response_mem_reg_0_7_90_95/RAMB/O
                         net (fo=1, estimated)        2.908     9.569    read_rsp\\.data_OBUF[92]
    V32                  OBUF (Prop_obuf_I_O)         2.472    12.040 r  read_rsp\\.data[92]_INST_0/O
                         net (fo=0)                   0.000    12.040    read_rsp\\.data[92]
    V32                                                               r  read_rsp\\.data[92]
  -------------------------------------------------------------------    -------------------

Slack:                    inf
  Source:                 vector_main_ixc/read_path/master_queue[0].response_head_reg[0]/C
                            (rising edge-triggered cell FDRE clocked by sys_clk  {rise@0.000ns fall@2.500ns period=5.000ns})
  Destination:            read_rsp\\.data[98]
                            (output port)
  Path Group:             (none)
  Path Type:              Max at Slow Process Corner
  Data Path Delay:        7.225ns  (logic 2.834ns (39.223%)  route 4.391ns (60.777%))
  Logic Levels:           2  (OBUF=1 RAMD32=1)
  Clock Uncertainty:      0.025ns  ((TSJ^2 + TIJ^2)^1/2 + DJ) / 2 + PE
    Total System Jitter     (TSJ):    0.050ns
    Total Input Jitter      (TIJ):    0.000ns
    Discrete Jitter          (DJ):    0.000ns
    Phase Error              (PE):    0.000ns

    Location             Delay type                Incr(ns)  Path(ns)    Netlist Resource(s)
  -------------------------------------------------------------------    -------------------
                         (clock sys_clk rise edge)    0.000     0.000 r  <hidden>
    AL25                                              0.000     0.000 r  clk
                         net (fo=0)                   0.000     0.000    clk
    AL25                 IBUF (Prop_ibuf_I_O)         0.790     0.790 r  clk_IBUF_inst/O
                         net (fo=1, estimated)        2.376     3.166    clk_IBUF
    BUFGCTRL_X0Y0        BUFG (Prop_bufg_I_O)         0.093     3.259 r  clk_IBUF_BUFG_inst/O
                         net (fo=16661, estimated)    1.535     4.794    vector_main_ixc/read_path/clk_IBUF_BUFG
    SLICE_X9Y109         FDRE                                         r  vector_main_ixc/read_path/master_queue[0].response_head_reg[0]/C
  -------------------------------------------------------------------    -------------------
    SLICE_X9Y109         FDRE (Prop_fdre_C_Q)         0.204     4.998 r  vector_main_ixc/read_path/master_queue[0].response_head_reg[0]/Q
                         net (fo=173, estimated)      1.554     6.552    vector_main_ixc/read_path/master_queue[0].response_mem_reg_0_7_96_101/ADDRB0
    SLICE_X38Y122        RAMD32 (Prop_ramd32_RADR0_O)
                                                      0.131     6.683 r  vector_main_ixc/read_path/master_queue[0].response_mem_reg_0_7_96_101/RAMB/O
                         net (fo=1, estimated)        2.837     9.520    read_rsp\\.data_OBUF[98]
    AA33                 OBUF (Prop_obuf_I_O)         2.499    12.018 r  read_rsp\\.data[98]_INST_0/O
                         net (fo=0)                   0.000    12.018    read_rsp\\.data[98]
    AA33                                                              r  read_rsp\\.data[98]
  -------------------------------------------------------------------    -------------------

Slack:                    inf
  Source:                 vector_main_ixc/read_path/master_queue[0].response_head_reg[0]/C
                            (rising edge-triggered cell FDRE clocked by sys_clk  {rise@0.000ns fall@2.500ns period=5.000ns})
  Destination:            read_rsp\\.data[97]
                            (output port)
  Path Group:             (none)
  Path Type:              Max at Slow Process Corner
  Data Path Delay:        7.220ns  (logic 2.735ns (37.879%)  route 4.485ns (62.121%))
  Logic Levels:           2  (OBUF=1 RAMD32=1)
  Clock Uncertainty:      0.025ns  ((TSJ^2 + TIJ^2)^1/2 + DJ) / 2 + PE
    Total System Jitter     (TSJ):    0.050ns
    Total Input Jitter      (TIJ):    0.000ns
    Discrete Jitter          (DJ):    0.000ns
    Phase Error              (PE):    0.000ns

    Location             Delay type                Incr(ns)  Path(ns)    Netlist Resource(s)
  -------------------------------------------------------------------    -------------------
                         (clock sys_clk rise edge)    0.000     0.000 r  <hidden>
    AL25                                              0.000     0.000 r  clk
                         net (fo=0)                   0.000     0.000    clk
    AL25                 IBUF (Prop_ibuf_I_O)         0.790     0.790 r  clk_IBUF_inst/O
                         net (fo=1, estimated)        2.376     3.166    clk_IBUF
    BUFGCTRL_X0Y0        BUFG (Prop_bufg_I_O)         0.093     3.259 r  clk_IBUF_BUFG_inst/O
                         net (fo=16661, estimated)    1.535     4.794    vector_main_ixc/read_path/clk_IBUF_BUFG
    SLICE_X9Y109         FDRE                                         r  vector_main_ixc/read_path/master_queue[0].response_head_reg[0]/C
  -------------------------------------------------------------------    -------------------
    SLICE_X9Y109         FDRE (Prop_fdre_C_Q)         0.204     4.998 r  vector_main_ixc/read_path/master_queue[0].response_head_reg[0]/Q
                         net (fo=173, estimated)      1.558     6.556    vector_main_ixc/read_path/master_queue[0].response_mem_reg_0_7_96_101/ADDRA0
    SLICE_X38Y122        RAMD32 (Prop_ramd32_RADR0_O)
                                                      0.123     6.679 r  vector_main_ixc/read_path/master_queue[0].response_mem_reg_0_7_96_101/RAMA_D1/O
                         net (fo=1, estimated)        2.927     9.606    read_rsp\\.data_OBUF[97]
    AA34                 OBUF (Prop_obuf_I_O)         2.408    12.013 r  read_rsp\\.data[97]_INST_0/O
                         net (fo=0)                   0.000    12.013    read_rsp\\.data[97]
    AA34                                                              r  read_rsp\\.data[97]
  -------------------------------------------------------------------    -------------------





Min Delay Paths
--------------------------------------------------------------------------------------
Slack:                    inf
  Source:                 vector_main_ixc/read_path/master_queue[0].response_mem_reg_0_7_6_11/RAMC_D1/CLK
                            (rising edge-triggered cell RAMD32 clocked by sys_clk  {rise@0.000ns fall@2.500ns period=5.000ns})
  Destination:            read_rsp\\.data[11]
                            (output port)
  Path Group:             (none)
  Path Type:              Min at Fast Process Corner
  Data Path Delay:        2.367ns  (logic 1.645ns (69.500%)  route 0.722ns (30.500%))
  Logic Levels:           1  (OBUF=1)
  Clock Uncertainty:      0.025ns  ((TSJ^2 + TIJ^2)^1/2 + DJ) / 2 + PE
    Total System Jitter     (TSJ):    0.050ns
    Total Input Jitter      (TIJ):    0.000ns
    Discrete Jitter          (DJ):    0.000ns
    Phase Error              (PE):    0.000ns

    Location             Delay type                Incr(ns)  Path(ns)    Netlist Resource(s)
  -------------------------------------------------------------------    -------------------
                         (clock sys_clk rise edge)    0.000     0.000 r  <hidden>
    AL25                                              0.000     0.000 r  clk
                         net (fo=0)                   0.000     0.000    clk
    AL25                 IBUF (Prop_ibuf_I_O)         0.131     0.131 r  clk_IBUF_inst/O
                         net (fo=1, estimated)        1.178     1.309    clk_IBUF
    BUFGCTRL_X0Y0        BUFG (Prop_bufg_I_O)         0.026     1.335 r  clk_IBUF_BUFG_inst/O
                         net (fo=16661, estimated)    0.674     2.009    vector_main_ixc/read_path/master_queue[0].response_mem_reg_0_7_6_11/WCLK
    SLICE_X22Y116        RAMD32                                       r  vector_main_ixc/read_path/master_queue[0].response_mem_reg_0_7_6_11/RAMC_D1/CLK
  -------------------------------------------------------------------    -------------------
    SLICE_X22Y116        RAMD32 (Prop_ramd32_CLK_O)
                                                      0.294     2.303 r  vector_main_ixc/read_path/master_queue[0].response_mem_reg_0_7_6_11/RAMC_D1/O
                         net (fo=1, estimated)        0.722     3.026    read_rsp\\.data_OBUF[11]
    AM32                 OBUF (Prop_obuf_I_O)         1.351     4.377 r  read_rsp\\.data[11]_INST_0/O
                         net (fo=0)                   0.000     4.377    read_rsp\\.data[11]
    AM32                                                              r  read_rsp\\.data[11]
  -------------------------------------------------------------------    -------------------

Slack:                    inf
  Source:                 vector_main_ixc/read_path/master_queue[0].response_mem_reg_0_7_30_35/RAMB_D1/CLK
                            (rising edge-triggered cell RAMD32 clocked by sys_clk  {rise@0.000ns fall@2.500ns period=5.000ns})
  Destination:            read_rsp\\.data[33]
                            (output port)
  Path Group:             (none)
  Path Type:              Min at Fast Process Corner
  Data Path Delay:        2.400ns  (logic 1.619ns (67.471%)  route 0.781ns (32.529%))
  Logic Levels:           1  (OBUF=1)
  Clock Uncertainty:      0.025ns  ((TSJ^2 + TIJ^2)^1/2 + DJ) / 2 + PE
    Total System Jitter     (TSJ):    0.050ns
    Total Input Jitter      (TIJ):    0.000ns
    Discrete Jitter          (DJ):    0.000ns
    Phase Error              (PE):    0.000ns

    Location             Delay type                Incr(ns)  Path(ns)    Netlist Resource(s)
  -------------------------------------------------------------------    -------------------
                         (clock sys_clk rise edge)    0.000     0.000 r  <hidden>
    AL25                                              0.000     0.000 r  clk
                         net (fo=0)                   0.000     0.000    clk
    AL25                 IBUF (Prop_ibuf_I_O)         0.131     0.131 r  clk_IBUF_inst/O
                         net (fo=1, estimated)        1.178     1.309    clk_IBUF
    BUFGCTRL_X0Y0        BUFG (Prop_bufg_I_O)         0.026     1.335 r  clk_IBUF_BUFG_inst/O
                         net (fo=16661, estimated)    0.670     2.005    vector_main_ixc/read_path/master_queue[0].response_mem_reg_0_7_30_35/WCLK
    SLICE_X22Y129        RAMD32                                       r  vector_main_ixc/read_path/master_queue[0].response_mem_reg_0_7_30_35/RAMB_D1/CLK
  -------------------------------------------------------------------    -------------------
    SLICE_X22Y129        RAMD32 (Prop_ramd32_CLK_O)
                                                      0.297     2.302 r  vector_main_ixc/read_path/master_queue[0].response_mem_reg_0_7_30_35/RAMB_D1/O
                         net (fo=1, estimated)        0.781     3.083    read_rsp\\.data_OBUF[33]
    AG30                 OBUF (Prop_obuf_I_O)         1.322     4.405 r  read_rsp\\.data[33]_INST_0/O
                         net (fo=0)                   0.000     4.405    read_rsp\\.data[33]
    AG30                                                              r  read_rsp\\.data[33]
  -------------------------------------------------------------------    -------------------

Slack:                    inf
  Source:                 vector_main_ixc/read_path/master_queue[0].response_mem_reg_0_7_24_29/RAMB/CLK
                            (rising edge-triggered cell RAMD32 clocked by sys_clk  {rise@0.000ns fall@2.500ns period=5.000ns})
  Destination:            read_rsp\\.data[26]
                            (output port)
  Path Group:             (none)
  Path Type:              Min at Fast Process Corner
  Data Path Delay:        2.406ns  (logic 1.664ns (69.145%)  route 0.742ns (30.855%))
  Logic Levels:           1  (OBUF=1)
  Clock Uncertainty:      0.025ns  ((TSJ^2 + TIJ^2)^1/2 + DJ) / 2 + PE
    Total System Jitter     (TSJ):    0.050ns
    Total Input Jitter      (TIJ):    0.000ns
    Discrete Jitter          (DJ):    0.000ns
    Phase Error              (PE):    0.000ns

    Location             Delay type                Incr(ns)  Path(ns)    Netlist Resource(s)
  -------------------------------------------------------------------    -------------------
                         (clock sys_clk rise edge)    0.000     0.000 r  <hidden>
    AL25                                              0.000     0.000 r  clk
                         net (fo=0)                   0.000     0.000    clk
    AL25                 IBUF (Prop_ibuf_I_O)         0.131     0.131 r  clk_IBUF_inst/O
                         net (fo=1, estimated)        1.178     1.309    clk_IBUF
    BUFGCTRL_X0Y0        BUFG (Prop_bufg_I_O)         0.026     1.335 r  clk_IBUF_BUFG_inst/O
                         net (fo=16661, estimated)    0.666     2.001    vector_main_ixc/read_path/master_queue[0].response_mem_reg_0_7_24_29/WCLK
    SLICE_X22Y125        RAMD32                                       r  vector_main_ixc/read_path/master_queue[0].response_mem_reg_0_7_24_29/RAMB/CLK
  -------------------------------------------------------------------    -------------------
    SLICE_X22Y125        RAMD32 (Prop_ramd32_CLK_O)
                                                      0.301     2.302 r  vector_main_ixc/read_path/master_queue[0].response_mem_reg_0_7_24_29/RAMB/O
                         net (fo=1, estimated)        0.742     3.045    read_rsp\\.data_OBUF[26]
    AF31                 OBUF (Prop_obuf_I_O)         1.363     4.408 r  read_rsp\\.data[26]_INST_0/O
                         net (fo=0)                   0.000     4.408    read_rsp\\.data[26]
    AF31                                                              r  read_rsp\\.data[26]
  -------------------------------------------------------------------    -------------------

Slack:                    inf
  Source:                 vector_main_ixc/read_path/master_queue[0].response_mem_reg_0_7_24_29/RAMB_D1/CLK
                            (rising edge-triggered cell RAMD32 clocked by sys_clk  {rise@0.000ns fall@2.500ns period=5.000ns})
  Destination:            read_rsp\\.data[27]
                            (output port)
  Path Group:             (none)
  Path Type:              Min at Fast Process Corner
  Data Path Delay:        2.407ns  (logic 1.628ns (67.639%)  route 0.779ns (32.361%))
  Logic Levels:           1  (OBUF=1)
  Clock Uncertainty:      0.025ns  ((TSJ^2 + TIJ^2)^1/2 + DJ) / 2 + PE
    Total System Jitter     (TSJ):    0.050ns
    Total Input Jitter      (TIJ):    0.000ns
    Discrete Jitter          (DJ):    0.000ns
    Phase Error              (PE):    0.000ns

    Location             Delay type                Incr(ns)  Path(ns)    Netlist Resource(s)
  -------------------------------------------------------------------    -------------------
                         (clock sys_clk rise edge)    0.000     0.000 r  <hidden>
    AL25                                              0.000     0.000 r  clk
                         net (fo=0)                   0.000     0.000    clk
    AL25                 IBUF (Prop_ibuf_I_O)         0.131     0.131 r  clk_IBUF_inst/O
                         net (fo=1, estimated)        1.178     1.309    clk_IBUF
    BUFGCTRL_X0Y0        BUFG (Prop_bufg_I_O)         0.026     1.335 r  clk_IBUF_BUFG_inst/O
                         net (fo=16661, estimated)    0.666     2.001    vector_main_ixc/read_path/master_queue[0].response_mem_reg_0_7_24_29/WCLK
    SLICE_X22Y125        RAMD32                                       r  vector_main_ixc/read_path/master_queue[0].response_mem_reg_0_7_24_29/RAMB_D1/CLK
  -------------------------------------------------------------------    -------------------
    SLICE_X22Y125        RAMD32 (Prop_ramd32_CLK_O)
                                                      0.297     2.298 r  vector_main_ixc/read_path/master_queue[0].response_mem_reg_0_7_24_29/RAMB_D1/O
                         net (fo=1, estimated)        0.779     3.078    read_rsp\\.data_OBUF[27]
    AH32                 OBUF (Prop_obuf_I_O)         1.331     4.409 r  read_rsp\\.data[27]_INST_0/O
                         net (fo=0)                   0.000     4.409    read_rsp\\.data[27]
    AH32                                                              r  read_rsp\\.data[27]
  -------------------------------------------------------------------    -------------------

Slack:                    inf
  Source:                 vector_main_ixc/read_path/master_queue[0].response_mem_reg_0_7_12_17/RAMB_D1/CLK
                            (rising edge-triggered cell RAMD32 clocked by sys_clk  {rise@0.000ns fall@2.500ns period=5.000ns})
  Destination:            read_rsp\\.data[15]
                            (output port)
  Path Group:             (none)
  Path Type:              Min at Fast Process Corner
  Data Path Delay:        2.409ns  (logic 1.643ns (68.194%)  route 0.766ns (31.806%))
  Logic Levels:           1  (OBUF=1)
  Clock Uncertainty:      0.025ns  ((TSJ^2 + TIJ^2)^1/2 + DJ) / 2 + PE
    Total System Jitter     (TSJ):    0.050ns
    Total Input Jitter      (TIJ):    0.000ns
    Discrete Jitter          (DJ):    0.000ns
    Phase Error              (PE):    0.000ns

    Location             Delay type                Incr(ns)  Path(ns)    Netlist Resource(s)
  -------------------------------------------------------------------    -------------------
                         (clock sys_clk rise edge)    0.000     0.000 r  <hidden>
    AL25                                              0.000     0.000 r  clk
                         net (fo=0)                   0.000     0.000    clk
    AL25                 IBUF (Prop_ibuf_I_O)         0.131     0.131 r  clk_IBUF_inst/O
                         net (fo=1, estimated)        1.178     1.309    clk_IBUF
    BUFGCTRL_X0Y0        BUFG (Prop_bufg_I_O)         0.026     1.335 r  clk_IBUF_BUFG_inst/O
                         net (fo=16661, estimated)    0.675     2.010    vector_main_ixc/read_path/master_queue[0].response_mem_reg_0_7_12_17/WCLK
    SLICE_X22Y115        RAMD32                                       r  vector_main_ixc/read_path/master_queue[0].response_mem_reg_0_7_12_17/RAMB_D1/CLK
  -------------------------------------------------------------------    -------------------
    SLICE_X22Y115        RAMD32 (Prop_ramd32_CLK_O)
                                                      0.297     2.307 r  vector_main_ixc/read_path/master_queue[0].response_mem_reg_0_7_12_17/RAMB_D1/O
                         net (fo=1, estimated)        0.766     3.074    read_rsp\\.data_OBUF[15]
    AL31                 OBUF (Prop_obuf_I_O)         1.346     4.419 r  read_rsp\\.data[15]_INST_0/O
                         net (fo=0)                   0.000     4.419    read_rsp\\.data[15]
    AL31                                                              r  read_rsp\\.data[15]
  -------------------------------------------------------------------    -------------------

Slack:                    inf
  Source:                 vector_main_ixc/read_path/master_queue[0].response_mem_reg_0_7_24_29/RAMC_D1/CLK
                            (rising edge-triggered cell RAMD32 clocked by sys_clk  {rise@0.000ns fall@2.500ns period=5.000ns})
  Destination:            read_rsp\\.data[29]
                            (output port)
  Path Group:             (none)
  Path Type:              Min at Fast Process Corner
  Data Path Delay:        2.424ns  (logic 1.633ns (67.352%)  route 0.791ns (32.648%))
  Logic Levels:           1  (OBUF=1)
  Clock Uncertainty:      0.025ns  ((TSJ^2 + TIJ^2)^1/2 + DJ) / 2 + PE
    Total System Jitter     (TSJ):    0.050ns
    Total Input Jitter      (TIJ):    0.000ns
    Discrete Jitter          (DJ):    0.000ns
    Phase Error              (PE):    0.000ns

    Location             Delay type                Incr(ns)  Path(ns)    Netlist Resource(s)
  -------------------------------------------------------------------    -------------------
                         (clock sys_clk rise edge)    0.000     0.000 r  <hidden>
    AL25                                              0.000     0.000 r  clk
                         net (fo=0)                   0.000     0.000    clk
    AL25                 IBUF (Prop_ibuf_I_O)         0.131     0.131 r  clk_IBUF_inst/O
                         net (fo=1, estimated)        1.178     1.309    clk_IBUF
    BUFGCTRL_X0Y0        BUFG (Prop_bufg_I_O)         0.026     1.335 r  clk_IBUF_BUFG_inst/O
                         net (fo=16661, estimated)    0.666     2.001    vector_main_ixc/read_path/master_queue[0].response_mem_reg_0_7_24_29/WCLK
    SLICE_X22Y125        RAMD32                                       r  vector_main_ixc/read_path/master_queue[0].response_mem_reg_0_7_24_29/RAMC_D1/CLK
  -------------------------------------------------------------------    -------------------
    SLICE_X22Y125        RAMD32 (Prop_ramd32_CLK_O)
                                                      0.294     2.295 r  vector_main_ixc/read_path/master_queue[0].response_mem_reg_0_7_24_29/RAMC_D1/O
                         net (fo=1, estimated)        0.791     3.087    read_rsp\\.data_OBUF[29]
    AJ30                 OBUF (Prop_obuf_I_O)         1.339     4.426 r  read_rsp\\.data[29]_INST_0/O
                         net (fo=0)                   0.000     4.426    read_rsp\\.data[29]
    AJ30                                                              r  read_rsp\\.data[29]
  -------------------------------------------------------------------    -------------------

Slack:                    inf
  Source:                 vector_main_ixc/read_path/master_queue[0].response_mem_reg_0_7_12_17/RAMB/CLK
                            (rising edge-triggered cell RAMD32 clocked by sys_clk  {rise@0.000ns fall@2.500ns period=5.000ns})
  Destination:            read_rsp\\.data[14]
                            (output port)
  Path Group:             (none)
  Path Type:              Min at Fast Process Corner
  Data Path Delay:        2.422ns  (logic 1.686ns (69.599%)  route 0.736ns (30.401%))
  Logic Levels:           1  (OBUF=1)
  Clock Uncertainty:      0.025ns  ((TSJ^2 + TIJ^2)^1/2 + DJ) / 2 + PE
    Total System Jitter     (TSJ):    0.050ns
    Total Input Jitter      (TIJ):    0.000ns
    Discrete Jitter          (DJ):    0.000ns
    Phase Error              (PE):    0.000ns

    Location             Delay type                Incr(ns)  Path(ns)    Netlist Resource(s)
  -------------------------------------------------------------------    -------------------
                         (clock sys_clk rise edge)    0.000     0.000 r  <hidden>
    AL25                                              0.000     0.000 r  clk
                         net (fo=0)                   0.000     0.000    clk
    AL25                 IBUF (Prop_ibuf_I_O)         0.131     0.131 r  clk_IBUF_inst/O
                         net (fo=1, estimated)        1.178     1.309    clk_IBUF
    BUFGCTRL_X0Y0        BUFG (Prop_bufg_I_O)         0.026     1.335 r  clk_IBUF_BUFG_inst/O
                         net (fo=16661, estimated)    0.675     2.010    vector_main_ixc/read_path/master_queue[0].response_mem_reg_0_7_12_17/WCLK
    SLICE_X22Y115        RAMD32                                       r  vector_main_ixc/read_path/master_queue[0].response_mem_reg_0_7_12_17/RAMB/CLK
  -------------------------------------------------------------------    -------------------
    SLICE_X22Y115        RAMD32 (Prop_ramd32_CLK_O)
                                                      0.301     2.311 r  vector_main_ixc/read_path/master_queue[0].response_mem_reg_0_7_12_17/RAMB/O
                         net (fo=1, estimated)        0.736     3.048    read_rsp\\.data_OBUF[14]
    AL29                 OBUF (Prop_obuf_I_O)         1.385     4.433 r  read_rsp\\.data[14]_INST_0/O
                         net (fo=0)                   0.000     4.433    read_rsp\\.data[14]
    AL29                                                              r  read_rsp\\.data[14]
  -------------------------------------------------------------------    -------------------

Slack:                    inf
  Source:                 vector_main_ixc/read_path/master_queue[0].response_mem_reg_0_7_12_17/RAMC_D1/CLK
                            (rising edge-triggered cell RAMD32 clocked by sys_clk  {rise@0.000ns fall@2.500ns period=5.000ns})
  Destination:            read_rsp\\.data[17]
                            (output port)
  Path Group:             (none)
  Path Type:              Min at Fast Process Corner
  Data Path Delay:        2.438ns  (logic 1.654ns (67.821%)  route 0.785ns (32.179%))
  Logic Levels:           1  (OBUF=1)
  Clock Uncertainty:      0.025ns  ((TSJ^2 + TIJ^2)^1/2 + DJ) / 2 + PE
    Total System Jitter     (TSJ):    0.050ns
    Total Input Jitter      (TIJ):    0.000ns
    Discrete Jitter          (DJ):    0.000ns
    Phase Error              (PE):    0.000ns

    Location             Delay type                Incr(ns)  Path(ns)    Netlist Resource(s)
  -------------------------------------------------------------------    -------------------
                         (clock sys_clk rise edge)    0.000     0.000 r  <hidden>
    AL25                                              0.000     0.000 r  clk
                         net (fo=0)                   0.000     0.000    clk
    AL25                 IBUF (Prop_ibuf_I_O)         0.131     0.131 r  clk_IBUF_inst/O
                         net (fo=1, estimated)        1.178     1.309    clk_IBUF
    BUFGCTRL_X0Y0        BUFG (Prop_bufg_I_O)         0.026     1.335 r  clk_IBUF_BUFG_inst/O
                         net (fo=16661, estimated)    0.675     2.010    vector_main_ixc/read_path/master_queue[0].response_mem_reg_0_7_12_17/WCLK
    SLICE_X22Y115        RAMD32                                       r  vector_main_ixc/read_path/master_queue[0].response_mem_reg_0_7_12_17/RAMC_D1/CLK
  -------------------------------------------------------------------    -------------------
    SLICE_X22Y115        RAMD32 (Prop_ramd32_CLK_O)
                                                      0.294     2.304 r  vector_main_ixc/read_path/master_queue[0].response_mem_reg_0_7_12_17/RAMC_D1/O
                         net (fo=1, estimated)        0.785     3.089    read_rsp\\.data_OBUF[17]
    AL34                 OBUF (Prop_obuf_I_O)         1.360     4.449 r  read_rsp\\.data[17]_INST_0/O
                         net (fo=0)                   0.000     4.449    read_rsp\\.data[17]
    AL34                                                              r  read_rsp\\.data[17]
  -------------------------------------------------------------------    -------------------

Slack:                    inf
  Source:                 vector_main_ixc/read_path/master_queue[0].response_mem_reg_0_7_30_35/RAMC/CLK
                            (rising edge-triggered cell RAMD32 clocked by sys_clk  {rise@0.000ns fall@2.500ns period=5.000ns})
  Destination:            read_rsp\\.data[34]
                            (output port)
  Path Group:             (none)
  Path Type:              Min at Fast Process Corner
  Data Path Delay:        2.449ns  (logic 1.650ns (67.393%)  route 0.798ns (32.607%))
  Logic Levels:           1  (OBUF=1)
  Clock Uncertainty:      0.025ns  ((TSJ^2 + TIJ^2)^1/2 + DJ) / 2 + PE
    Total System Jitter     (TSJ):    0.050ns
    Total Input Jitter      (TIJ):    0.000ns
    Discrete Jitter          (DJ):    0.000ns
    Phase Error              (PE):    0.000ns

    Location             Delay type                Incr(ns)  Path(ns)    Netlist Resource(s)
  -------------------------------------------------------------------    -------------------
                         (clock sys_clk rise edge)    0.000     0.000 r  <hidden>
    AL25                                              0.000     0.000 r  clk
                         net (fo=0)                   0.000     0.000    clk
    AL25                 IBUF (Prop_ibuf_I_O)         0.131     0.131 r  clk_IBUF_inst/O
                         net (fo=1, estimated)        1.178     1.309    clk_IBUF
    BUFGCTRL_X0Y0        BUFG (Prop_bufg_I_O)         0.026     1.335 r  clk_IBUF_BUFG_inst/O
                         net (fo=16661, estimated)    0.670     2.005    vector_main_ixc/read_path/master_queue[0].response_mem_reg_0_7_30_35/WCLK
    SLICE_X22Y129        RAMD32                                       r  vector_main_ixc/read_path/master_queue[0].response_mem_reg_0_7_30_35/RAMC/CLK
  -------------------------------------------------------------------    -------------------
    SLICE_X22Y129        RAMD32 (Prop_ramd32_CLK_O)
                                                      0.296     2.301 r  vector_main_ixc/read_path/master_queue[0].response_mem_reg_0_7_30_35/RAMC/O
                         net (fo=1, estimated)        0.798     3.100    read_rsp\\.data_OBUF[34]
    AF30                 OBUF (Prop_obuf_I_O)         1.354     4.454 r  read_rsp\\.data[34]_INST_0/O
                         net (fo=0)                   0.000     4.454    read_rsp\\.data[34]
    AF30                                                              r  read_rsp\\.data[34]
  -------------------------------------------------------------------    -------------------

Slack:                    inf
  Source:                 vector_main_ixc/read_path/master_queue[0].response_mem_reg_0_7_24_29/RAMA_D1/CLK
                            (rising edge-triggered cell RAMD32 clocked by sys_clk  {rise@0.000ns fall@2.500ns period=5.000ns})
  Destination:            read_rsp\\.data[25]
                            (output port)
  Path Group:             (none)
  Path Type:              Min at Fast Process Corner
  Data Path Delay:        2.461ns  (logic 1.695ns (68.889%)  route 0.766ns (31.111%))
  Logic Levels:           1  (OBUF=1)
  Clock Uncertainty:      0.025ns  ((TSJ^2 + TIJ^2)^1/2 + DJ) / 2 + PE
    Total System Jitter     (TSJ):    0.050ns
    Total Input Jitter      (TIJ):    0.000ns
    Discrete Jitter          (DJ):    0.000ns
    Phase Error              (PE):    0.000ns

    Location             Delay type                Incr(ns)  Path(ns)    Netlist Resource(s)
  -------------------------------------------------------------------    -------------------
                         (clock sys_clk rise edge)    0.000     0.000 r  <hidden>
    AL25                                              0.000     0.000 r  clk
                         net (fo=0)                   0.000     0.000    clk
    AL25                 IBUF (Prop_ibuf_I_O)         0.131     0.131 r  clk_IBUF_inst/O
                         net (fo=1, estimated)        1.178     1.309    clk_IBUF
    BUFGCTRL_X0Y0        BUFG (Prop_bufg_I_O)         0.026     1.335 r  clk_IBUF_BUFG_inst/O
                         net (fo=16661, estimated)    0.666     2.001    vector_main_ixc/read_path/master_queue[0].response_mem_reg_0_7_24_29/WCLK
    SLICE_X22Y125        RAMD32                                       r  vector_main_ixc/read_path/master_queue[0].response_mem_reg_0_7_24_29/RAMA_D1/CLK
  -------------------------------------------------------------------    -------------------
    SLICE_X22Y125        RAMD32 (Prop_ramd32_CLK_O)
                                                      0.374     2.375 r  vector_main_ixc/read_path/master_queue[0].response_mem_reg_0_7_24_29/RAMA_D1/O
                         net (fo=1, estimated)        0.766     3.141    read_rsp\\.data_OBUF[25]
    AG31                 OBUF (Prop_obuf_I_O)         1.321     4.463 r  read_rsp\\.data[25]_INST_0/O
                         net (fo=0)                   0.000     4.463    read_rsp\\.data[25]
    AG31                                                              r  read_rsp\\.data[25]
  -------------------------------------------------------------------    -------------------

Slack:                    inf
  Source:                 vector_main_ixc/read_path/master_queue[0].response_mem_reg_0_7_18_23/RAMC_D1/CLK
                            (rising edge-triggered cell RAMD32 clocked by sys_clk  {rise@0.000ns fall@2.500ns period=5.000ns})
  Destination:            read_rsp\\.data[23]
                            (output port)
  Path Group:             (none)
  Path Type:              Min at Fast Process Corner
  Data Path Delay:        2.451ns  (logic 1.632ns (66.582%)  route 0.819ns (33.418%))
  Logic Levels:           1  (OBUF=1)
  Clock Uncertainty:      0.025ns  ((TSJ^2 + TIJ^2)^1/2 + DJ) / 2 + PE
    Total System Jitter     (TSJ):    0.050ns
    Total Input Jitter      (TIJ):    0.000ns
    Discrete Jitter          (DJ):    0.000ns
    Phase Error              (PE):    0.000ns

    Location             Delay type                Incr(ns)  Path(ns)    Netlist Resource(s)
  -------------------------------------------------------------------    -------------------
                         (clock sys_clk rise edge)    0.000     0.000 r  <hidden>
    AL25                                              0.000     0.000 r  clk
                         net (fo=0)                   0.000     0.000    clk
    AL25                 IBUF (Prop_ibuf_I_O)         0.131     0.131 r  clk_IBUF_inst/O
                         net (fo=1, estimated)        1.178     1.309    clk_IBUF
    BUFGCTRL_X0Y0        BUFG (Prop_bufg_I_O)         0.026     1.335 r  clk_IBUF_BUFG_inst/O
                         net (fo=16661, estimated)    0.676     2.011    vector_main_ixc/read_path/master_queue[0].response_mem_reg_0_7_18_23/WCLK
    SLICE_X20Y114        RAMD32                                       r  vector_main_ixc/read_path/master_queue[0].response_mem_reg_0_7_18_23/RAMC_D1/CLK
  -------------------------------------------------------------------    -------------------
    SLICE_X20Y114        RAMD32 (Prop_ramd32_CLK_O)
                                                      0.294     2.305 r  vector_main_ixc/read_path/master_queue[0].response_mem_reg_0_7_18_23/RAMC_D1/O
                         net (fo=1, estimated)        0.819     3.125    read_rsp\\.data_OBUF[23]
    AK31                 OBUF (Prop_obuf_I_O)         1.338     4.463 r  read_rsp\\.data[23]_INST_0/O
                         net (fo=0)                   0.000     4.463    read_rsp\\.data[23]
    AK31                                                              r  read_rsp\\.data[23]
  -------------------------------------------------------------------    -------------------

Slack:                    inf
  Source:                 vector_main_ixc/read_path/master_queue[0].response_mem_reg_0_7_30_35/RAMC_D1/CLK
                            (rising edge-triggered cell RAMD32 clocked by sys_clk  {rise@0.000ns fall@2.500ns period=5.000ns})
  Destination:            read_rsp\\.data[35]
                            (output port)
  Path Group:             (none)
  Path Type:              Min at Fast Process Corner
  Data Path Delay:        2.461ns  (logic 1.648ns (66.976%)  route 0.813ns (33.024%))
  Logic Levels:           1  (OBUF=1)
  Clock Uncertainty:      0.025ns  ((TSJ^2 + TIJ^2)^1/2 + DJ) / 2 + PE
    Total System Jitter     (TSJ):    0.050ns
    Total Input Jitter      (TIJ):    0.000ns
    Discrete Jitter          (DJ):    0.000ns
    Phase Error              (PE):    0.000ns

    Location             Delay type                Incr(ns)  Path(ns)    Netlist Resource(s)
  -------------------------------------------------------------------    -------------------
                         (clock sys_clk rise edge)    0.000     0.000 r  <hidden>
    AL25                                              0.000     0.000 r  clk
                         net (fo=0)                   0.000     0.000    clk
    AL25                 IBUF (Prop_ibuf_I_O)         0.131     0.131 r  clk_IBUF_inst/O
                         net (fo=1, estimated)        1.178     1.309    clk_IBUF
    BUFGCTRL_X0Y0        BUFG (Prop_bufg_I_O)         0.026     1.335 r  clk_IBUF_BUFG_inst/O
                         net (fo=16661, estimated)    0.670     2.005    vector_main_ixc/read_path/master_queue[0].response_mem_reg_0_7_30_35/WCLK
    SLICE_X22Y129        RAMD32                                       r  vector_main_ixc/read_path/master_queue[0].response_mem_reg_0_7_30_35/RAMC_D1/CLK
  -------------------------------------------------------------------    -------------------
    SLICE_X22Y129        RAMD32 (Prop_ramd32_CLK_O)
                                                      0.294     2.299 r  vector_main_ixc/read_path/master_queue[0].response_mem_reg_0_7_30_35/RAMC_D1/O
                         net (fo=1, estimated)        0.813     3.112    read_rsp\\.data_OBUF[35]
    AJ34                 OBUF (Prop_obuf_I_O)         1.354     4.467 r  read_rsp\\.data[35]_INST_0/O
                         net (fo=0)                   0.000     4.467    read_rsp\\.data[35]
    AJ34                                                              r  read_rsp\\.data[35]
  -------------------------------------------------------------------    -------------------

Slack:                    inf
  Source:                 vector_main_ixc/read_path/master_queue[0].ar_count_reg[2]/C
                            (rising edge-triggered cell FDRE clocked by sys_clk  {rise@0.000ns fall@2.500ns period=5.000ns})
  Destination:            read_req\\.ready
                            (output port)
  Path Group:             (none)
  Path Type:              Min at Fast Process Corner
  Data Path Delay:        2.459ns  (logic 1.593ns (64.773%)  route 0.866ns (35.227%))
  Logic Levels:           2  (LUT2=1 OBUF=1)
  Clock Uncertainty:      0.025ns  ((TSJ^2 + TIJ^2)^1/2 + DJ) / 2 + PE
    Total System Jitter     (TSJ):    0.050ns
    Total Input Jitter      (TIJ):    0.000ns
    Discrete Jitter          (DJ):    0.000ns
    Phase Error              (PE):    0.000ns

    Location             Delay type                Incr(ns)  Path(ns)    Netlist Resource(s)
  -------------------------------------------------------------------    -------------------
                         (clock sys_clk rise edge)    0.000     0.000 r  <hidden>
    AL25                                              0.000     0.000 r  clk
                         net (fo=0)                   0.000     0.000    clk
    AL25                 IBUF (Prop_ibuf_I_O)         0.131     0.131 r  clk_IBUF_inst/O
                         net (fo=1, estimated)        1.178     1.309    clk_IBUF
    BUFGCTRL_X0Y0        BUFG (Prop_bufg_I_O)         0.026     1.335 r  clk_IBUF_BUFG_inst/O
                         net (fo=16661, estimated)    0.681     2.016    vector_main_ixc/read_path/clk_IBUF_BUFG
    SLICE_X14Y107        FDRE                                         r  vector_main_ixc/read_path/master_queue[0].ar_count_reg[2]/C
  -------------------------------------------------------------------    -------------------
    SLICE_X14Y107        FDRE (Prop_fdre_C_Q)         0.107     2.123 f  vector_main_ixc/read_path/master_queue[0].ar_count_reg[2]/Q
                         net (fo=8, estimated)        0.140     2.263    vector_main_ixc/read_path/p_0_in[2]
    SLICE_X14Y107        LUT2 (Prop_lut2_I1_O)        0.068     2.331 r  vector_main_ixc/read_path/read_req\\.ready_INST_0_i_1/O
                         net (fo=1, estimated)        0.727     3.058    vector_main_ixc_n_137
    AP24                 OBUF (Prop_obuf_I_O)         1.418     4.476 r  read_req\\.ready_INST_0/O
                         net (fo=0)                   0.000     4.476    read_req\\.ready
    AP24                                                              r  read_req\\.ready
  -------------------------------------------------------------------    -------------------

Slack:                    inf
  Source:                 vector_main_ixc/read_path/master_queue[0].response_mem_reg_0_7_18_23/RAMB_D1/CLK
                            (rising edge-triggered cell RAMD32 clocked by sys_clk  {rise@0.000ns fall@2.500ns period=5.000ns})
  Destination:            read_rsp\\.data[21]
                            (output port)
  Path Group:             (none)
  Path Type:              Min at Fast Process Corner
  Data Path Delay:        2.465ns  (logic 1.635ns (66.327%)  route 0.830ns (33.673%))
  Logic Levels:           1  (OBUF=1)
  Clock Uncertainty:      0.025ns  ((TSJ^2 + TIJ^2)^1/2 + DJ) / 2 + PE
    Total System Jitter     (TSJ):    0.050ns
    Total Input Jitter      (TIJ):    0.000ns
    Discrete Jitter          (DJ):    0.000ns
    Phase Error              (PE):    0.000ns

    Location             Delay type                Incr(ns)  Path(ns)    Netlist Resource(s)
  -------------------------------------------------------------------    -------------------
                         (clock sys_clk rise edge)    0.000     0.000 r  <hidden>
    AL25                                              0.000     0.000 r  clk
                         net (fo=0)                   0.000     0.000    clk
    AL25                 IBUF (Prop_ibuf_I_O)         0.131     0.131 r  clk_IBUF_inst/O
                         net (fo=1, estimated)        1.178     1.309    clk_IBUF
    BUFGCTRL_X0Y0        BUFG (Prop_bufg_I_O)         0.026     1.335 r  clk_IBUF_BUFG_inst/O
                         net (fo=16661, estimated)    0.676     2.011    vector_main_ixc/read_path/master_queue[0].response_mem_reg_0_7_18_23/WCLK
    SLICE_X20Y114        RAMD32                                       r  vector_main_ixc/read_path/master_queue[0].response_mem_reg_0_7_18_23/RAMB_D1/CLK
  -------------------------------------------------------------------    -------------------
    SLICE_X20Y114        RAMD32 (Prop_ramd32_CLK_O)
                                                      0.297     2.308 r  vector_main_ixc/read_path/master_queue[0].response_mem_reg_0_7_18_23/RAMB_D1/O
                         net (fo=1, estimated)        0.830     3.139    read_rsp\\.data_OBUF[21]
    AK32                 OBUF (Prop_obuf_I_O)         1.338     4.477 r  read_rsp\\.data[21]_INST_0/O
                         net (fo=0)                   0.000     4.477    read_rsp\\.data[21]
    AK32                                                              r  read_rsp\\.data[21]
  -------------------------------------------------------------------    -------------------

Slack:                    inf
  Source:                 vector_main_ixc/read_path/master_queue[0].response_mem_reg_0_7_12_17/RAMC/CLK
                            (rising edge-triggered cell RAMD32 clocked by sys_clk  {rise@0.000ns fall@2.500ns period=5.000ns})
  Destination:            read_rsp\\.data[16]
                            (output port)
  Path Group:             (none)
  Path Type:              Min at Fast Process Corner
  Data Path Delay:        2.469ns  (logic 1.687ns (68.307%)  route 0.783ns (31.693%))
  Logic Levels:           1  (OBUF=1)
  Clock Uncertainty:      0.025ns  ((TSJ^2 + TIJ^2)^1/2 + DJ) / 2 + PE
    Total System Jitter     (TSJ):    0.050ns
    Total Input Jitter      (TIJ):    0.000ns
    Discrete Jitter          (DJ):    0.000ns
    Phase Error              (PE):    0.000ns

    Location             Delay type                Incr(ns)  Path(ns)    Netlist Resource(s)
  -------------------------------------------------------------------    -------------------
                         (clock sys_clk rise edge)    0.000     0.000 r  <hidden>
    AL25                                              0.000     0.000 r  clk
                         net (fo=0)                   0.000     0.000    clk
    AL25                 IBUF (Prop_ibuf_I_O)         0.131     0.131 r  clk_IBUF_inst/O
                         net (fo=1, estimated)        1.178     1.309    clk_IBUF
    BUFGCTRL_X0Y0        BUFG (Prop_bufg_I_O)         0.026     1.335 r  clk_IBUF_BUFG_inst/O
                         net (fo=16661, estimated)    0.675     2.010    vector_main_ixc/read_path/master_queue[0].response_mem_reg_0_7_12_17/WCLK
    SLICE_X22Y115        RAMD32                                       r  vector_main_ixc/read_path/master_queue[0].response_mem_reg_0_7_12_17/RAMC/CLK
  -------------------------------------------------------------------    -------------------
    SLICE_X22Y115        RAMD32 (Prop_ramd32_CLK_O)
                                                      0.296     2.306 r  vector_main_ixc/read_path/master_queue[0].response_mem_reg_0_7_12_17/RAMC/O
                         net (fo=1, estimated)        0.783     3.089    read_rsp\\.data_OBUF[16]
    AL30                 OBUF (Prop_obuf_I_O)         1.391     4.480 r  read_rsp\\.data[16]_INST_0/O
                         net (fo=0)                   0.000     4.480    read_rsp\\.data[16]
    AL30                                                              r  read_rsp\\.data[16]
  -------------------------------------------------------------------    -------------------

Slack:                    inf
  Source:                 vector_main_ixc/read_path/master_queue[0].response_mem_reg_0_7_30_35/RAMB/CLK
                            (rising edge-triggered cell RAMD32 clocked by sys_clk  {rise@0.000ns fall@2.500ns period=5.000ns})
  Destination:            read_rsp\\.data[32]
                            (output port)
  Path Group:             (none)
  Path Type:              Min at Fast Process Corner
  Data Path Delay:        2.479ns  (logic 1.684ns (67.938%)  route 0.795ns (32.062%))
  Logic Levels:           1  (OBUF=1)
  Clock Uncertainty:      0.025ns  ((TSJ^2 + TIJ^2)^1/2 + DJ) / 2 + PE
    Total System Jitter     (TSJ):    0.050ns
    Total Input Jitter      (TIJ):    0.000ns
    Discrete Jitter          (DJ):    0.000ns
    Phase Error              (PE):    0.000ns

    Location             Delay type                Incr(ns)  Path(ns)    Netlist Resource(s)
  -------------------------------------------------------------------    -------------------
                         (clock sys_clk rise edge)    0.000     0.000 r  <hidden>
    AL25                                              0.000     0.000 r  clk
                         net (fo=0)                   0.000     0.000    clk
    AL25                 IBUF (Prop_ibuf_I_O)         0.131     0.131 r  clk_IBUF_inst/O
                         net (fo=1, estimated)        1.178     1.309    clk_IBUF
    BUFGCTRL_X0Y0        BUFG (Prop_bufg_I_O)         0.026     1.335 r  clk_IBUF_BUFG_inst/O
                         net (fo=16661, estimated)    0.670     2.005    vector_main_ixc/read_path/master_queue[0].response_mem_reg_0_7_30_35/WCLK
    SLICE_X22Y129        RAMD32                                       r  vector_main_ixc/read_path/master_queue[0].response_mem_reg_0_7_30_35/RAMB/CLK
  -------------------------------------------------------------------    -------------------
    SLICE_X22Y129        RAMD32 (Prop_ramd32_CLK_O)
                                                      0.301     2.306 r  vector_main_ixc/read_path/master_queue[0].response_mem_reg_0_7_30_35/RAMB/O
                         net (fo=1, estimated)        0.795     3.101    read_rsp\\.data_OBUF[32]
    AG33                 OBUF (Prop_obuf_I_O)         1.383     4.485 r  read_rsp\\.data[32]_INST_0/O
                         net (fo=0)                   0.000     4.485    read_rsp\\.data[32]
    AG33                                                              r  read_rsp\\.data[32]
  -------------------------------------------------------------------    -------------------

Slack:                    inf
  Source:                 vector_main_ixc/read_path/master_queue[0].response_mem_reg_0_7_24_29/RAMC/CLK
                            (rising edge-triggered cell RAMD32 clocked by sys_clk  {rise@0.000ns fall@2.500ns period=5.000ns})
  Destination:            read_rsp\\.data[28]
                            (output port)
  Path Group:             (none)
  Path Type:              Min at Fast Process Corner
  Data Path Delay:        2.484ns  (logic 1.666ns (67.082%)  route 0.818ns (32.918%))
  Logic Levels:           1  (OBUF=1)
  Clock Uncertainty:      0.025ns  ((TSJ^2 + TIJ^2)^1/2 + DJ) / 2 + PE
    Total System Jitter     (TSJ):    0.050ns
    Total Input Jitter      (TIJ):    0.000ns
    Discrete Jitter          (DJ):    0.000ns
    Phase Error              (PE):    0.000ns

    Location             Delay type                Incr(ns)  Path(ns)    Netlist Resource(s)
  -------------------------------------------------------------------    -------------------
                         (clock sys_clk rise edge)    0.000     0.000 r  <hidden>
    AL25                                              0.000     0.000 r  clk
                         net (fo=0)                   0.000     0.000    clk
    AL25                 IBUF (Prop_ibuf_I_O)         0.131     0.131 r  clk_IBUF_inst/O
                         net (fo=1, estimated)        1.178     1.309    clk_IBUF
    BUFGCTRL_X0Y0        BUFG (Prop_bufg_I_O)         0.026     1.335 r  clk_IBUF_BUFG_inst/O
                         net (fo=16661, estimated)    0.666     2.001    vector_main_ixc/read_path/master_queue[0].response_mem_reg_0_7_24_29/WCLK
    SLICE_X22Y125        RAMD32                                       r  vector_main_ixc/read_path/master_queue[0].response_mem_reg_0_7_24_29/RAMC/CLK
  -------------------------------------------------------------------    -------------------
    SLICE_X22Y125        RAMD32 (Prop_ramd32_CLK_O)
                                                      0.296     2.297 r  vector_main_ixc/read_path/master_queue[0].response_mem_reg_0_7_24_29/RAMC/O
                         net (fo=1, estimated)        0.818     3.115    read_rsp\\.data_OBUF[28]
    AG32                 OBUF (Prop_obuf_I_O)         1.370     4.486 r  read_rsp\\.data[28]_INST_0/O
                         net (fo=0)                   0.000     4.486    read_rsp\\.data[28]
    AG32                                                              r  read_rsp\\.data[28]
  -------------------------------------------------------------------    -------------------

Slack:                    inf
  Source:                 vector_main_ixc/read_path/master_queue[0].response_mem_reg_0_7_18_23/RAMB/CLK
                            (rising edge-triggered cell RAMD32 clocked by sys_clk  {rise@0.000ns fall@2.500ns period=5.000ns})
  Destination:            read_rsp\\.data[20]
                            (output port)
  Path Group:             (none)
  Path Type:              Min at Fast Process Corner
  Data Path Delay:        2.493ns  (logic 1.696ns (68.032%)  route 0.797ns (31.968%))
  Logic Levels:           1  (OBUF=1)
  Clock Uncertainty:      0.025ns  ((TSJ^2 + TIJ^2)^1/2 + DJ) / 2 + PE
    Total System Jitter     (TSJ):    0.050ns
    Total Input Jitter      (TIJ):    0.000ns
    Discrete Jitter          (DJ):    0.000ns
    Phase Error              (PE):    0.000ns

    Location             Delay type                Incr(ns)  Path(ns)    Netlist Resource(s)
  -------------------------------------------------------------------    -------------------
                         (clock sys_clk rise edge)    0.000     0.000 r  <hidden>
    AL25                                              0.000     0.000 r  clk
                         net (fo=0)                   0.000     0.000    clk
    AL25                 IBUF (Prop_ibuf_I_O)         0.131     0.131 r  clk_IBUF_inst/O
                         net (fo=1, estimated)        1.178     1.309    clk_IBUF
    BUFGCTRL_X0Y0        BUFG (Prop_bufg_I_O)         0.026     1.335 r  clk_IBUF_BUFG_inst/O
                         net (fo=16661, estimated)    0.676     2.011    vector_main_ixc/read_path/master_queue[0].response_mem_reg_0_7_18_23/WCLK
    SLICE_X20Y114        RAMD32                                       r  vector_main_ixc/read_path/master_queue[0].response_mem_reg_0_7_18_23/RAMB/CLK
  -------------------------------------------------------------------    -------------------
    SLICE_X20Y114        RAMD32 (Prop_ramd32_CLK_O)
                                                      0.301     2.312 r  vector_main_ixc/read_path/master_queue[0].response_mem_reg_0_7_18_23/RAMB/O
                         net (fo=1, estimated)        0.797     3.109    read_rsp\\.data_OBUF[20]
    AK33                 OBUF (Prop_obuf_I_O)         1.395     4.504 r  read_rsp\\.data[20]_INST_0/O
                         net (fo=0)                   0.000     4.504    read_rsp\\.data[20]
    AK33                                                              r  read_rsp\\.data[20]
  -------------------------------------------------------------------    -------------------

Slack:                    inf
  Source:                 vector_main_ixc/read_path/master_queue[0].response_mem_reg_0_7_6_11/RAMC/CLK
                            (rising edge-triggered cell RAMD32 clocked by sys_clk  {rise@0.000ns fall@2.500ns period=5.000ns})
  Destination:            read_rsp\\.data[10]
                            (output port)
  Path Group:             (none)
  Path Type:              Min at Fast Process Corner
  Data Path Delay:        2.498ns  (logic 1.696ns (67.913%)  route 0.801ns (32.087%))
  Logic Levels:           1  (OBUF=1)
  Clock Uncertainty:      0.025ns  ((TSJ^2 + TIJ^2)^1/2 + DJ) / 2 + PE
    Total System Jitter     (TSJ):    0.050ns
    Total Input Jitter      (TIJ):    0.000ns
    Discrete Jitter          (DJ):    0.000ns
    Phase Error              (PE):    0.000ns

    Location             Delay type                Incr(ns)  Path(ns)    Netlist Resource(s)
  -------------------------------------------------------------------    -------------------
                         (clock sys_clk rise edge)    0.000     0.000 r  <hidden>
    AL25                                              0.000     0.000 r  clk
                         net (fo=0)                   0.000     0.000    clk
    AL25                 IBUF (Prop_ibuf_I_O)         0.131     0.131 r  clk_IBUF_inst/O
                         net (fo=1, estimated)        1.178     1.309    clk_IBUF
    BUFGCTRL_X0Y0        BUFG (Prop_bufg_I_O)         0.026     1.335 r  clk_IBUF_BUFG_inst/O
                         net (fo=16661, estimated)    0.674     2.009    vector_main_ixc/read_path/master_queue[0].response_mem_reg_0_7_6_11/WCLK
    SLICE_X22Y116        RAMD32                                       r  vector_main_ixc/read_path/master_queue[0].response_mem_reg_0_7_6_11/RAMC/CLK
  -------------------------------------------------------------------    -------------------
    SLICE_X22Y116        RAMD32 (Prop_ramd32_CLK_O)
                                                      0.296     2.305 r  vector_main_ixc/read_path/master_queue[0].response_mem_reg_0_7_6_11/RAMC/O
                         net (fo=1, estimated)        0.801     3.107    read_rsp\\.data_OBUF[10]
    AM33                 OBUF (Prop_obuf_I_O)         1.400     4.507 r  read_rsp\\.data[10]_INST_0/O
                         net (fo=0)                   0.000     4.507    read_rsp\\.data[10]
    AM33                                                              r  read_rsp\\.data[10]
  -------------------------------------------------------------------    -------------------

Slack:                    inf
  Source:                 vector_main_ixc/read_path/master_queue[0].response_mem_reg_0_7_6_11/RAMB/CLK
                            (rising edge-triggered cell RAMD32 clocked by sys_clk  {rise@0.000ns fall@2.500ns period=5.000ns})
  Destination:            read_rsp\\.data[8]
                            (output port)
  Path Group:             (none)
  Path Type:              Min at Fast Process Corner
  Data Path Delay:        2.500ns  (logic 1.715ns (68.596%)  route 0.785ns (31.404%))
  Logic Levels:           1  (OBUF=1)
  Clock Uncertainty:      0.025ns  ((TSJ^2 + TIJ^2)^1/2 + DJ) / 2 + PE
    Total System Jitter     (TSJ):    0.050ns
    Total Input Jitter      (TIJ):    0.000ns
    Discrete Jitter          (DJ):    0.000ns
    Phase Error              (PE):    0.000ns

    Location             Delay type                Incr(ns)  Path(ns)    Netlist Resource(s)
  -------------------------------------------------------------------    -------------------
                         (clock sys_clk rise edge)    0.000     0.000 r  <hidden>
    AL25                                              0.000     0.000 r  clk
                         net (fo=0)                   0.000     0.000    clk
    AL25                 IBUF (Prop_ibuf_I_O)         0.131     0.131 r  clk_IBUF_inst/O
                         net (fo=1, estimated)        1.178     1.309    clk_IBUF
    BUFGCTRL_X0Y0        BUFG (Prop_bufg_I_O)         0.026     1.335 r  clk_IBUF_BUFG_inst/O
                         net (fo=16661, estimated)    0.674     2.009    vector_main_ixc/read_path/master_queue[0].response_mem_reg_0_7_6_11/WCLK
    SLICE_X22Y116        RAMD32                                       r  vector_main_ixc/read_path/master_queue[0].response_mem_reg_0_7_6_11/RAMB/CLK
  -------------------------------------------------------------------    -------------------
    SLICE_X22Y116        RAMD32 (Prop_ramd32_CLK_O)
                                                      0.301     2.310 r  vector_main_ixc/read_path/master_queue[0].response_mem_reg_0_7_6_11/RAMB/O
                         net (fo=1, estimated)        0.785     3.096    read_rsp\\.data_OBUF[8]
    AN32                 OBUF (Prop_obuf_I_O)         1.414     4.509 r  read_rsp\\.data[8]_INST_0/O
                         net (fo=0)                   0.000     4.509    read_rsp\\.data[8]
    AN32                                                              r  read_rsp\\.data[8]
  -------------------------------------------------------------------    -------------------





--------------------------------------------------------------------------------------
Path Group:  (none)
From Clock:  
  To Clock:  sys_clk

Max Delay         20526 Endpoints
Min Delay         20526 Endpoints
--------------------------------------------------------------------------------------


Max Delay Paths
--------------------------------------------------------------------------------------
Slack:                    inf
  Source:                 rst_n
                            (input port)
  Destination:            bram_arbiter_0/resp_join/output_skid/skid_data_reg[170]/CE
                            (rising edge-triggered cell FDRE clocked by sys_clk  {rise@0.000ns fall@2.500ns period=5.000ns})
  Path Group:             (none)
  Path Type:              Setup (Max at Slow Process Corner)
  Data Path Delay:        6.646ns  (logic 1.325ns (19.941%)  route 5.321ns (80.059%))
  Logic Levels:           8  (IBUF=1 LUT2=1 LUT4=2 LUT5=2 LUT6=2)
  Clock Path Skew:        4.434ns (DCD - SCD + CPR)
    Destination Clock Delay (DCD):    4.434ns
    Source Clock Delay      (SCD):    0.000ns
    Clock Pessimism Removal (CPR):    0.000ns
  Clock Uncertainty:      0.025ns  ((TSJ^2 + TIJ^2)^1/2 + DJ) / 2 + PE
    Total System Jitter     (TSJ):    0.050ns
    Total Input Jitter      (TIJ):    0.000ns
    Discrete Jitter          (DJ):    0.000ns
    Phase Error              (PE):    0.000ns

    Location             Delay type                Incr(ns)  Path(ns)    Netlist Resource(s)
  -------------------------------------------------------------------    -------------------
    AN28                                              0.000     0.000 f  rst_n
                         net (fo=0)                   0.000     0.000    rst_n
    AN28                 IBUF (Prop_ibuf_I_O)         0.819     0.819 f  rst_n_IBUF_inst/O
                         net (fo=185, estimated)      2.227     3.046    vector_main_ixc/read_path/rst_n_IBUF
    SLICE_X26Y117        LUT5 (Prop_lut5_I0_O)        0.049     3.095 f  vector_main_ixc/read_path/out_ch\\.tag[3]_i_3/O
                         net (fo=47, estimated)       0.428     3.523    bram_arbiter_0/arbiter/arbiter/vector_main_ixc__slave_read_req__valid_0
    SLICE_X25Y116        LUT5 (Prop_lut5_I4_O)        0.142     3.665 f  bram_arbiter_0/arbiter/arbiter/slave_queue[0].send_head[2]_i_3/O
                         net (fo=1, estimated)        0.184     3.849    vector_main_ixc/read_path/bram_arbiter_0__read_req__ready_0
    SLICE_X25Y117        LUT6 (Prop_lut6_I1_O)        0.136     3.985 f  vector_main_ixc/read_path/slave_queue[0].send_head[2]_i_2/O
                         net (fo=6, estimated)        0.456     4.441    vector_main_ixc/read_path/slave_queue[0].addr_take
    SLICE_X25Y118        LUT4 (Prop_lut4_I1_O)        0.043     4.484 f  vector_main_ixc/read_path/master_queue[0].response_addr_mem_reg_0_7_0_5_i_21/O
                         net (fo=2, estimated)        0.322     4.806    vector_main_ixc/read_path/slave_read_data_ready[0]0
    SLICE_X27Y118        LUT2 (Prop_lut2_I0_O)        0.043     4.849 f  vector_main_ixc/read_path/data_valid[0]_i_2/O
                         net (fo=2, estimated)        0.378     5.227    bram_arbiter_0/resp_join/output_skid/vector_main_ixc__slave_read_rsp__ready_0
    SLICE_X32Y119        LUT6 (Prop_lut6_I5_O)        0.043     5.270 f  bram_arbiter_0/resp_join/output_skid/skid_valid_i_2__6/O
                         net (fo=9, estimated)        0.569     5.839    bram_arbiter_0/resp_join/output_skid/out_ch\\.valid_reg_0
    SLICE_X31Y119        LUT4 (Prop_lut4_I0_O)        0.050     5.889 r  bram_arbiter_0/resp_join/output_skid/skid_data[255]_i_1__0/O
                         net (fo=169, estimated)      0.757     6.646    bram_arbiter_0/resp_join/output_skid/skid_addr[0]
    SLICE_X36Y132        FDRE                                         r  bram_arbiter_0/resp_join/output_skid/skid_data_reg[170]/CE
  -------------------------------------------------------------------    -------------------

                         (clock sys_clk rise edge)    0.000     0.000 r  <hidden>
    AL25                                              0.000     0.000 r  clk
                         net (fo=0)                   0.000     0.000    clk
    AL25                 IBUF (Prop_ibuf_I_O)         0.714     0.714 r  clk_IBUF_inst/O
                         net (fo=1, estimated)        2.257     2.971    clk_IBUF
    BUFGCTRL_X0Y0        BUFG (Prop_bufg_I_O)         0.083     3.054 r  clk_IBUF_BUFG_inst/O
                         net (fo=16661, estimated)    1.380     4.434    bram_arbiter_0/resp_join/output_skid/clk_IBUF_BUFG
    SLICE_X36Y132        FDRE                                         r  bram_arbiter_0/resp_join/output_skid/skid_data_reg[170]/C

Slack:                    inf
  Source:                 rst_n
                            (input port)
  Destination:            bram_arbiter_0/resp_join/output_skid/skid_data_reg[171]/CE
                            (rising edge-triggered cell FDRE clocked by sys_clk  {rise@0.000ns fall@2.500ns period=5.000ns})
  Path Group:             (none)
  Path Type:              Setup (Max at Slow Process Corner)
  Data Path Delay:        6.646ns  (logic 1.325ns (19.941%)  route 5.321ns (80.059%))
  Logic Levels:           8  (IBUF=1 LUT2=1 LUT4=2 LUT5=2 LUT6=2)
  Clock Path Skew:        4.434ns (DCD - SCD + CPR)
    Destination Clock Delay (DCD):    4.434ns
    Source Clock Delay      (SCD):    0.000ns
    Clock Pessimism Removal (CPR):    0.000ns
  Clock Uncertainty:      0.025ns  ((TSJ^2 + TIJ^2)^1/2 + DJ) / 2 + PE
    Total System Jitter     (TSJ):    0.050ns
    Total Input Jitter      (TIJ):    0.000ns
    Discrete Jitter          (DJ):    0.000ns
    Phase Error              (PE):    0.000ns

    Location             Delay type                Incr(ns)  Path(ns)    Netlist Resource(s)
  -------------------------------------------------------------------    -------------------
    AN28                                              0.000     0.000 f  rst_n
                         net (fo=0)                   0.000     0.000    rst_n
    AN28                 IBUF (Prop_ibuf_I_O)         0.819     0.819 f  rst_n_IBUF_inst/O
                         net (fo=185, estimated)      2.227     3.046    vector_main_ixc/read_path/rst_n_IBUF
    SLICE_X26Y117        LUT5 (Prop_lut5_I0_O)        0.049     3.095 f  vector_main_ixc/read_path/out_ch\\.tag[3]_i_3/O
                         net (fo=47, estimated)       0.428     3.523    bram_arbiter_0/arbiter/arbiter/vector_main_ixc__slave_read_req__valid_0
    SLICE_X25Y116        LUT5 (Prop_lut5_I4_O)        0.142     3.665 f  bram_arbiter_0/arbiter/arbiter/slave_queue[0].send_head[2]_i_3/O
                         net (fo=1, estimated)        0.184     3.849    vector_main_ixc/read_path/bram_arbiter_0__read_req__ready_0
    SLICE_X25Y117        LUT6 (Prop_lut6_I1_O)        0.136     3.985 f  vector_main_ixc/read_path/slave_queue[0].send_head[2]_i_2/O
                         net (fo=6, estimated)        0.456     4.441    vector_main_ixc/read_path/slave_queue[0].addr_take
    SLICE_X25Y118        LUT4 (Prop_lut4_I1_O)        0.043     4.484 f  vector_main_ixc/read_path/master_queue[0].response_addr_mem_reg_0_7_0_5_i_21/O
                         net (fo=2, estimated)        0.322     4.806    vector_main_ixc/read_path/slave_read_data_ready[0]0
    SLICE_X27Y118        LUT2 (Prop_lut2_I0_O)        0.043     4.849 f  vector_main_ixc/read_path/data_valid[0]_i_2/O
                         net (fo=2, estimated)        0.378     5.227    bram_arbiter_0/resp_join/output_skid/vector_main_ixc__slave_read_rsp__ready_0
    SLICE_X32Y119        LUT6 (Prop_lut6_I5_O)        0.043     5.270 f  bram_arbiter_0/resp_join/output_skid/skid_valid_i_2__6/O
                         net (fo=9, estimated)        0.569     5.839    bram_arbiter_0/resp_join/output_skid/out_ch\\.valid_reg_0
    SLICE_X31Y119        LUT4 (Prop_lut4_I0_O)        0.050     5.889 r  bram_arbiter_0/resp_join/output_skid/skid_data[255]_i_1__0/O
                         net (fo=169, estimated)      0.757     6.646    bram_arbiter_0/resp_join/output_skid/skid_addr[0]
    SLICE_X36Y132        FDRE                                         r  bram_arbiter_0/resp_join/output_skid/skid_data_reg[171]/CE
  -------------------------------------------------------------------    -------------------

                         (clock sys_clk rise edge)    0.000     0.000 r  <hidden>
    AL25                                              0.000     0.000 r  clk
                         net (fo=0)                   0.000     0.000    clk
    AL25                 IBUF (Prop_ibuf_I_O)         0.714     0.714 r  clk_IBUF_inst/O
                         net (fo=1, estimated)        2.257     2.971    clk_IBUF
    BUFGCTRL_X0Y0        BUFG (Prop_bufg_I_O)         0.083     3.054 r  clk_IBUF_BUFG_inst/O
                         net (fo=16661, estimated)    1.380     4.434    bram_arbiter_0/resp_join/output_skid/clk_IBUF_BUFG
    SLICE_X36Y132        FDRE                                         r  bram_arbiter_0/resp_join/output_skid/skid_data_reg[171]/C

Slack:                    inf
  Source:                 rst_n
                            (input port)
  Destination:            bram_arbiter_0/resp_join/output_skid/skid_data_reg[180]/CE
                            (rising edge-triggered cell FDRE clocked by sys_clk  {rise@0.000ns fall@2.500ns period=5.000ns})
  Path Group:             (none)
  Path Type:              Setup (Max at Slow Process Corner)
  Data Path Delay:        6.646ns  (logic 1.325ns (19.941%)  route 5.321ns (80.059%))
  Logic Levels:           8  (IBUF=1 LUT2=1 LUT4=2 LUT5=2 LUT6=2)
  Clock Path Skew:        4.434ns (DCD - SCD + CPR)
    Destination Clock Delay (DCD):    4.434ns
    Source Clock Delay      (SCD):    0.000ns
    Clock Pessimism Removal (CPR):    0.000ns
  Clock Uncertainty:      0.025ns  ((TSJ^2 + TIJ^2)^1/2 + DJ) / 2 + PE
    Total System Jitter     (TSJ):    0.050ns
    Total Input Jitter      (TIJ):    0.000ns
    Discrete Jitter          (DJ):    0.000ns
    Phase Error              (PE):    0.000ns

    Location             Delay type                Incr(ns)  Path(ns)    Netlist Resource(s)
  -------------------------------------------------------------------    -------------------
    AN28                                              0.000     0.000 f  rst_n
                         net (fo=0)                   0.000     0.000    rst_n
    AN28                 IBUF (Prop_ibuf_I_O)         0.819     0.819 f  rst_n_IBUF_inst/O
                         net (fo=185, estimated)      2.227     3.046    vector_main_ixc/read_path/rst_n_IBUF
    SLICE_X26Y117        LUT5 (Prop_lut5_I0_O)        0.049     3.095 f  vector_main_ixc/read_path/out_ch\\.tag[3]_i_3/O
                         net (fo=47, estimated)       0.428     3.523    bram_arbiter_0/arbiter/arbiter/vector_main_ixc__slave_read_req__valid_0
    SLICE_X25Y116        LUT5 (Prop_lut5_I4_O)        0.142     3.665 f  bram_arbiter_0/arbiter/arbiter/slave_queue[0].send_head[2]_i_3/O
                         net (fo=1, estimated)        0.184     3.849    vector_main_ixc/read_path/bram_arbiter_0__read_req__ready_0
    SLICE_X25Y117        LUT6 (Prop_lut6_I1_O)        0.136     3.985 f  vector_main_ixc/read_path/slave_queue[0].send_head[2]_i_2/O
                         net (fo=6, estimated)        0.456     4.441    vector_main_ixc/read_path/slave_queue[0].addr_take
    SLICE_X25Y118        LUT4 (Prop_lut4_I1_O)        0.043     4.484 f  vector_main_ixc/read_path/master_queue[0].response_addr_mem_reg_0_7_0_5_i_21/O
                         net (fo=2, estimated)        0.322     4.806    vector_main_ixc/read_path/slave_read_data_ready[0]0
    SLICE_X27Y118        LUT2 (Prop_lut2_I0_O)        0.043     4.849 f  vector_main_ixc/read_path/data_valid[0]_i_2/O
                         net (fo=2, estimated)        0.378     5.227    bram_arbiter_0/resp_join/output_skid/vector_main_ixc__slave_read_rsp__ready_0
    SLICE_X32Y119        LUT6 (Prop_lut6_I5_O)        0.043     5.270 f  bram_arbiter_0/resp_join/output_skid/skid_valid_i_2__6/O
                         net (fo=9, estimated)        0.569     5.839    bram_arbiter_0/resp_join/output_skid/out_ch\\.valid_reg_0
    SLICE_X31Y119        LUT4 (Prop_lut4_I0_O)        0.050     5.889 r  bram_arbiter_0/resp_join/output_skid/skid_data[255]_i_1__0/O
                         net (fo=169, estimated)      0.757     6.646    bram_arbiter_0/resp_join/output_skid/skid_addr[0]
    SLICE_X36Y132        FDRE                                         r  bram_arbiter_0/resp_join/output_skid/skid_data_reg[180]/CE
  -------------------------------------------------------------------    -------------------

                         (clock sys_clk rise edge)    0.000     0.000 r  <hidden>
    AL25                                              0.000     0.000 r  clk
                         net (fo=0)                   0.000     0.000    clk
    AL25                 IBUF (Prop_ibuf_I_O)         0.714     0.714 r  clk_IBUF_inst/O
                         net (fo=1, estimated)        2.257     2.971    clk_IBUF
    BUFGCTRL_X0Y0        BUFG (Prop_bufg_I_O)         0.083     3.054 r  clk_IBUF_BUFG_inst/O
                         net (fo=16661, estimated)    1.380     4.434    bram_arbiter_0/resp_join/output_skid/clk_IBUF_BUFG
    SLICE_X36Y132        FDRE                                         r  bram_arbiter_0/resp_join/output_skid/skid_data_reg[180]/C

Slack:                    inf
  Source:                 rst_n
                            (input port)
  Destination:            bram_arbiter_0/resp_join/output_skid/skid_data_reg[181]/CE
                            (rising edge-triggered cell FDRE clocked by sys_clk  {rise@0.000ns fall@2.500ns period=5.000ns})
  Path Group:             (none)
  Path Type:              Setup (Max at Slow Process Corner)
  Data Path Delay:        6.646ns  (logic 1.325ns (19.941%)  route 5.321ns (80.059%))
  Logic Levels:           8  (IBUF=1 LUT2=1 LUT4=2 LUT5=2 LUT6=2)
  Clock Path Skew:        4.434ns (DCD - SCD + CPR)
    Destination Clock Delay (DCD):    4.434ns
    Source Clock Delay      (SCD):    0.000ns
    Clock Pessimism Removal (CPR):    0.000ns
  Clock Uncertainty:      0.025ns  ((TSJ^2 + TIJ^2)^1/2 + DJ) / 2 + PE
    Total System Jitter     (TSJ):    0.050ns
    Total Input Jitter      (TIJ):    0.000ns
    Discrete Jitter          (DJ):    0.000ns
    Phase Error              (PE):    0.000ns

    Location             Delay type                Incr(ns)  Path(ns)    Netlist Resource(s)
  -------------------------------------------------------------------    -------------------
    AN28                                              0.000     0.000 f  rst_n
                         net (fo=0)                   0.000     0.000    rst_n
    AN28                 IBUF (Prop_ibuf_I_O)         0.819     0.819 f  rst_n_IBUF_inst/O
                         net (fo=185, estimated)      2.227     3.046    vector_main_ixc/read_path/rst_n_IBUF
    SLICE_X26Y117        LUT5 (Prop_lut5_I0_O)        0.049     3.095 f  vector_main_ixc/read_path/out_ch\\.tag[3]_i_3/O
                         net (fo=47, estimated)       0.428     3.523    bram_arbiter_0/arbiter/arbiter/vector_main_ixc__slave_read_req__valid_0
    SLICE_X25Y116        LUT5 (Prop_lut5_I4_O)        0.142     3.665 f  bram_arbiter_0/arbiter/arbiter/slave_queue[0].send_head[2]_i_3/O
                         net (fo=1, estimated)        0.184     3.849    vector_main_ixc/read_path/bram_arbiter_0__read_req__ready_0
    SLICE_X25Y117        LUT6 (Prop_lut6_I1_O)        0.136     3.985 f  vector_main_ixc/read_path/slave_queue[0].send_head[2]_i_2/O
                         net (fo=6, estimated)        0.456     4.441    vector_main_ixc/read_path/slave_queue[0].addr_take
    SLICE_X25Y118        LUT4 (Prop_lut4_I1_O)        0.043     4.484 f  vector_main_ixc/read_path/master_queue[0].response_addr_mem_reg_0_7_0_5_i_21/O
                         net (fo=2, estimated)        0.322     4.806    vector_main_ixc/read_path/slave_read_data_ready[0]0
    SLICE_X27Y118        LUT2 (Prop_lut2_I0_O)        0.043     4.849 f  vector_main_ixc/read_path/data_valid[0]_i_2/O
                         net (fo=2, estimated)        0.378     5.227    bram_arbiter_0/resp_join/output_skid/vector_main_ixc__slave_read_rsp__ready_0
    SLICE_X32Y119        LUT6 (Prop_lut6_I5_O)        0.043     5.270 f  bram_arbiter_0/resp_join/output_skid/skid_valid_i_2__6/O
                         net (fo=9, estimated)        0.569     5.839    bram_arbiter_0/resp_join/output_skid/out_ch\\.valid_reg_0
    SLICE_X31Y119        LUT4 (Prop_lut4_I0_O)        0.050     5.889 r  bram_arbiter_0/resp_join/output_skid/skid_data[255]_i_1__0/O
                         net (fo=169, estimated)      0.757     6.646    bram_arbiter_0/resp_join/output_skid/skid_addr[0]
    SLICE_X36Y132        FDRE                                         r  bram_arbiter_0/resp_join/output_skid/skid_data_reg[181]/CE
  -------------------------------------------------------------------    -------------------

                         (clock sys_clk rise edge)    0.000     0.000 r  <hidden>
    AL25                                              0.000     0.000 r  clk
                         net (fo=0)                   0.000     0.000    clk
    AL25                 IBUF (Prop_ibuf_I_O)         0.714     0.714 r  clk_IBUF_inst/O
                         net (fo=1, estimated)        2.257     2.971    clk_IBUF
    BUFGCTRL_X0Y0        BUFG (Prop_bufg_I_O)         0.083     3.054 r  clk_IBUF_BUFG_inst/O
                         net (fo=16661, estimated)    1.380     4.434    bram_arbiter_0/resp_join/output_skid/clk_IBUF_BUFG
    SLICE_X36Y132        FDRE                                         r  bram_arbiter_0/resp_join/output_skid/skid_data_reg[181]/C

Slack:                    inf
  Source:                 rst_n
                            (input port)
  Destination:            bram_arbiter_0/resp_join/output_skid/skid_data_reg[182]/CE
                            (rising edge-triggered cell FDRE clocked by sys_clk  {rise@0.000ns fall@2.500ns period=5.000ns})
  Path Group:             (none)
  Path Type:              Setup (Max at Slow Process Corner)
  Data Path Delay:        6.646ns  (logic 1.325ns (19.941%)  route 5.321ns (80.059%))
  Logic Levels:           8  (IBUF=1 LUT2=1 LUT4=2 LUT5=2 LUT6=2)
  Clock Path Skew:        4.434ns (DCD - SCD + CPR)
    Destination Clock Delay (DCD):    4.434ns
    Source Clock Delay      (SCD):    0.000ns
    Clock Pessimism Removal (CPR):    0.000ns
  Clock Uncertainty:      0.025ns  ((TSJ^2 + TIJ^2)^1/2 + DJ) / 2 + PE
    Total System Jitter     (TSJ):    0.050ns
    Total Input Jitter      (TIJ):    0.000ns
    Discrete Jitter          (DJ):    0.000ns
    Phase Error              (PE):    0.000ns

    Location             Delay type                Incr(ns)  Path(ns)    Netlist Resource(s)
  -------------------------------------------------------------------    -------------------
    AN28                                              0.000     0.000 f  rst_n
                         net (fo=0)                   0.000     0.000    rst_n
    AN28                 IBUF (Prop_ibuf_I_O)         0.819     0.819 f  rst_n_IBUF_inst/O
                         net (fo=185, estimated)      2.227     3.046    vector_main_ixc/read_path/rst_n_IBUF
    SLICE_X26Y117        LUT5 (Prop_lut5_I0_O)        0.049     3.095 f  vector_main_ixc/read_path/out_ch\\.tag[3]_i_3/O
                         net (fo=47, estimated)       0.428     3.523    bram_arbiter_0/arbiter/arbiter/vector_main_ixc__slave_read_req__valid_0
    SLICE_X25Y116        LUT5 (Prop_lut5_I4_O)        0.142     3.665 f  bram_arbiter_0/arbiter/arbiter/slave_queue[0].send_head[2]_i_3/O
                         net (fo=1, estimated)        0.184     3.849    vector_main_ixc/read_path/bram_arbiter_0__read_req__ready_0
    SLICE_X25Y117        LUT6 (Prop_lut6_I1_O)        0.136     3.985 f  vector_main_ixc/read_path/slave_queue[0].send_head[2]_i_2/O
                         net (fo=6, estimated)        0.456     4.441    vector_main_ixc/read_path/slave_queue[0].addr_take
    SLICE_X25Y118        LUT4 (Prop_lut4_I1_O)        0.043     4.484 f  vector_main_ixc/read_path/master_queue[0].response_addr_mem_reg_0_7_0_5_i_21/O
                         net (fo=2, estimated)        0.322     4.806    vector_main_ixc/read_path/slave_read_data_ready[0]0
    SLICE_X27Y118        LUT2 (Prop_lut2_I0_O)        0.043     4.849 f  vector_main_ixc/read_path/data_valid[0]_i_2/O
                         net (fo=2, estimated)        0.378     5.227    bram_arbiter_0/resp_join/output_skid/vector_main_ixc__slave_read_rsp__ready_0
    SLICE_X32Y119        LUT6 (Prop_lut6_I5_O)        0.043     5.270 f  bram_arbiter_0/resp_join/output_skid/skid_valid_i_2__6/O
                         net (fo=9, estimated)        0.569     5.839    bram_arbiter_0/resp_join/output_skid/out_ch\\.valid_reg_0
    SLICE_X31Y119        LUT4 (Prop_lut4_I0_O)        0.050     5.889 r  bram_arbiter_0/resp_join/output_skid/skid_data[255]_i_1__0/O
                         net (fo=169, estimated)      0.757     6.646    bram_arbiter_0/resp_join/output_skid/skid_addr[0]
    SLICE_X36Y132        FDRE                                         r  bram_arbiter_0/resp_join/output_skid/skid_data_reg[182]/CE
  -------------------------------------------------------------------    -------------------

                         (clock sys_clk rise edge)    0.000     0.000 r  <hidden>
    AL25                                              0.000     0.000 r  clk
                         net (fo=0)                   0.000     0.000    clk
    AL25                 IBUF (Prop_ibuf_I_O)         0.714     0.714 r  clk_IBUF_inst/O
                         net (fo=1, estimated)        2.257     2.971    clk_IBUF
    BUFGCTRL_X0Y0        BUFG (Prop_bufg_I_O)         0.083     3.054 r  clk_IBUF_BUFG_inst/O
                         net (fo=16661, estimated)    1.380     4.434    bram_arbiter_0/resp_join/output_skid/clk_IBUF_BUFG
    SLICE_X36Y132        FDRE                                         r  bram_arbiter_0/resp_join/output_skid/skid_data_reg[182]/C

Slack:                    inf
  Source:                 rst_n
                            (input port)
  Destination:            bram_arbiter_0/resp_join/output_skid/skid_data_reg[183]/CE
                            (rising edge-triggered cell FDRE clocked by sys_clk  {rise@0.000ns fall@2.500ns period=5.000ns})
  Path Group:             (none)
  Path Type:              Setup (Max at Slow Process Corner)
  Data Path Delay:        6.646ns  (logic 1.325ns (19.941%)  route 5.321ns (80.059%))
  Logic Levels:           8  (IBUF=1 LUT2=1 LUT4=2 LUT5=2 LUT6=2)
  Clock Path Skew:        4.434ns (DCD - SCD + CPR)
    Destination Clock Delay (DCD):    4.434ns
    Source Clock Delay      (SCD):    0.000ns
    Clock Pessimism Removal (CPR):    0.000ns
  Clock Uncertainty:      0.025ns  ((TSJ^2 + TIJ^2)^1/2 + DJ) / 2 + PE
    Total System Jitter     (TSJ):    0.050ns
    Total Input Jitter      (TIJ):    0.000ns
    Discrete Jitter          (DJ):    0.000ns
    Phase Error              (PE):    0.000ns

    Location             Delay type                Incr(ns)  Path(ns)    Netlist Resource(s)
  -------------------------------------------------------------------    -------------------
    AN28                                              0.000     0.000 f  rst_n
                         net (fo=0)                   0.000     0.000    rst_n
    AN28                 IBUF (Prop_ibuf_I_O)         0.819     0.819 f  rst_n_IBUF_inst/O
                         net (fo=185, estimated)      2.227     3.046    vector_main_ixc/read_path/rst_n_IBUF
    SLICE_X26Y117        LUT5 (Prop_lut5_I0_O)        0.049     3.095 f  vector_main_ixc/read_path/out_ch\\.tag[3]_i_3/O
                         net (fo=47, estimated)       0.428     3.523    bram_arbiter_0/arbiter/arbiter/vector_main_ixc__slave_read_req__valid_0
    SLICE_X25Y116        LUT5 (Prop_lut5_I4_O)        0.142     3.665 f  bram_arbiter_0/arbiter/arbiter/slave_queue[0].send_head[2]_i_3/O
                         net (fo=1, estimated)        0.184     3.849    vector_main_ixc/read_path/bram_arbiter_0__read_req__ready_0
    SLICE_X25Y117        LUT6 (Prop_lut6_I1_O)        0.136     3.985 f  vector_main_ixc/read_path/slave_queue[0].send_head[2]_i_2/O
                         net (fo=6, estimated)        0.456     4.441    vector_main_ixc/read_path/slave_queue[0].addr_take
    SLICE_X25Y118        LUT4 (Prop_lut4_I1_O)        0.043     4.484 f  vector_main_ixc/read_path/master_queue[0].response_addr_mem_reg_0_7_0_5_i_21/O
                         net (fo=2, estimated)        0.322     4.806    vector_main_ixc/read_path/slave_read_data_ready[0]0
    SLICE_X27Y118        LUT2 (Prop_lut2_I0_O)        0.043     4.849 f  vector_main_ixc/read_path/data_valid[0]_i_2/O
                         net (fo=2, estimated)        0.378     5.227    bram_arbiter_0/resp_join/output_skid/vector_main_ixc__slave_read_rsp__ready_0
    SLICE_X32Y119        LUT6 (Prop_lut6_I5_O)        0.043     5.270 f  bram_arbiter_0/resp_join/output_skid/skid_valid_i_2__6/O
                         net (fo=9, estimated)        0.569     5.839    bram_arbiter_0/resp_join/output_skid/out_ch\\.valid_reg_0
    SLICE_X31Y119        LUT4 (Prop_lut4_I0_O)        0.050     5.889 r  bram_arbiter_0/resp_join/output_skid/skid_data[255]_i_1__0/O
                         net (fo=169, estimated)      0.757     6.646    bram_arbiter_0/resp_join/output_skid/skid_addr[0]
    SLICE_X36Y132        FDRE                                         r  bram_arbiter_0/resp_join/output_skid/skid_data_reg[183]/CE
  -------------------------------------------------------------------    -------------------

                         (clock sys_clk rise edge)    0.000     0.000 r  <hidden>
    AL25                                              0.000     0.000 r  clk
                         net (fo=0)                   0.000     0.000    clk
    AL25                 IBUF (Prop_ibuf_I_O)         0.714     0.714 r  clk_IBUF_inst/O
                         net (fo=1, estimated)        2.257     2.971    clk_IBUF
    BUFGCTRL_X0Y0        BUFG (Prop_bufg_I_O)         0.083     3.054 r  clk_IBUF_BUFG_inst/O
                         net (fo=16661, estimated)    1.380     4.434    bram_arbiter_0/resp_join/output_skid/clk_IBUF_BUFG
    SLICE_X36Y132        FDRE                                         r  bram_arbiter_0/resp_join/output_skid/skid_data_reg[183]/C

Slack:                    inf
  Source:                 rst_n
                            (input port)
  Destination:            bram_arbiter_0/resp_join/output_skid/skid_data_reg[186]/CE
                            (rising edge-triggered cell FDRE clocked by sys_clk  {rise@0.000ns fall@2.500ns period=5.000ns})
  Path Group:             (none)
  Path Type:              Setup (Max at Slow Process Corner)
  Data Path Delay:        6.646ns  (logic 1.325ns (19.941%)  route 5.321ns (80.059%))
  Logic Levels:           8  (IBUF=1 LUT2=1 LUT4=2 LUT5=2 LUT6=2)
  Clock Path Skew:        4.434ns (DCD - SCD + CPR)
    Destination Clock Delay (DCD):    4.434ns
    Source Clock Delay      (SCD):    0.000ns
    Clock Pessimism Removal (CPR):    0.000ns
  Clock Uncertainty:      0.025ns  ((TSJ^2 + TIJ^2)^1/2 + DJ) / 2 + PE
    Total System Jitter     (TSJ):    0.050ns
    Total Input Jitter      (TIJ):    0.000ns
    Discrete Jitter          (DJ):    0.000ns
    Phase Error              (PE):    0.000ns

    Location             Delay type                Incr(ns)  Path(ns)    Netlist Resource(s)
  -------------------------------------------------------------------    -------------------
    AN28                                              0.000     0.000 f  rst_n
                         net (fo=0)                   0.000     0.000    rst_n
    AN28                 IBUF (Prop_ibuf_I_O)         0.819     0.819 f  rst_n_IBUF_inst/O
                         net (fo=185, estimated)      2.227     3.046    vector_main_ixc/read_path/rst_n_IBUF
    SLICE_X26Y117        LUT5 (Prop_lut5_I0_O)        0.049     3.095 f  vector_main_ixc/read_path/out_ch\\.tag[3]_i_3/O
                         net (fo=47, estimated)       0.428     3.523    bram_arbiter_0/arbiter/arbiter/vector_main_ixc__slave_read_req__valid_0
    SLICE_X25Y116        LUT5 (Prop_lut5_I4_O)        0.142     3.665 f  bram_arbiter_0/arbiter/arbiter/slave_queue[0].send_head[2]_i_3/O
                         net (fo=1, estimated)        0.184     3.849    vector_main_ixc/read_path/bram_arbiter_0__read_req__ready_0
    SLICE_X25Y117        LUT6 (Prop_lut6_I1_O)        0.136     3.985 f  vector_main_ixc/read_path/slave_queue[0].send_head[2]_i_2/O
                         net (fo=6, estimated)        0.456     4.441    vector_main_ixc/read_path/slave_queue[0].addr_take
    SLICE_X25Y118        LUT4 (Prop_lut4_I1_O)        0.043     4.484 f  vector_main_ixc/read_path/master_queue[0].response_addr_mem_reg_0_7_0_5_i_21/O
                         net (fo=2, estimated)        0.322     4.806    vector_main_ixc/read_path/slave_read_data_ready[0]0
    SLICE_X27Y118        LUT2 (Prop_lut2_I0_O)        0.043     4.849 f  vector_main_ixc/read_path/data_valid[0]_i_2/O
                         net (fo=2, estimated)        0.378     5.227    bram_arbiter_0/resp_join/output_skid/vector_main_ixc__slave_read_rsp__ready_0
    SLICE_X32Y119        LUT6 (Prop_lut6_I5_O)        0.043     5.270 f  bram_arbiter_0/resp_join/output_skid/skid_valid_i_2__6/O
                         net (fo=9, estimated)        0.569     5.839    bram_arbiter_0/resp_join/output_skid/out_ch\\.valid_reg_0
    SLICE_X31Y119        LUT4 (Prop_lut4_I0_O)        0.050     5.889 r  bram_arbiter_0/resp_join/output_skid/skid_data[255]_i_1__0/O
                         net (fo=169, estimated)      0.757     6.646    bram_arbiter_0/resp_join/output_skid/skid_addr[0]
    SLICE_X36Y132        FDRE                                         r  bram_arbiter_0/resp_join/output_skid/skid_data_reg[186]/CE
  -------------------------------------------------------------------    -------------------

                         (clock sys_clk rise edge)    0.000     0.000 r  <hidden>
    AL25                                              0.000     0.000 r  clk
                         net (fo=0)                   0.000     0.000    clk
    AL25                 IBUF (Prop_ibuf_I_O)         0.714     0.714 r  clk_IBUF_inst/O
                         net (fo=1, estimated)        2.257     2.971    clk_IBUF
    BUFGCTRL_X0Y0        BUFG (Prop_bufg_I_O)         0.083     3.054 r  clk_IBUF_BUFG_inst/O
                         net (fo=16661, estimated)    1.380     4.434    bram_arbiter_0/resp_join/output_skid/clk_IBUF_BUFG
    SLICE_X36Y132        FDRE                                         r  bram_arbiter_0/resp_join/output_skid/skid_data_reg[186]/C

Slack:                    inf
  Source:                 rst_n
                            (input port)
  Destination:            bram_arbiter_0/resp_join/output_skid/skid_data_reg[187]/CE
                            (rising edge-triggered cell FDRE clocked by sys_clk  {rise@0.000ns fall@2.500ns period=5.000ns})
  Path Group:             (none)
  Path Type:              Setup (Max at Slow Process Corner)
  Data Path Delay:        6.646ns  (logic 1.325ns (19.941%)  route 5.321ns (80.059%))
  Logic Levels:           8  (IBUF=1 LUT2=1 LUT4=2 LUT5=2 LUT6=2)
  Clock Path Skew:        4.434ns (DCD - SCD + CPR)
    Destination Clock Delay (DCD):    4.434ns
    Source Clock Delay      (SCD):    0.000ns
    Clock Pessimism Removal (CPR):    0.000ns
  Clock Uncertainty:      0.025ns  ((TSJ^2 + TIJ^2)^1/2 + DJ) / 2 + PE
    Total System Jitter     (TSJ):    0.050ns
    Total Input Jitter      (TIJ):    0.000ns
    Discrete Jitter          (DJ):    0.000ns
    Phase Error              (PE):    0.000ns

    Location             Delay type                Incr(ns)  Path(ns)    Netlist Resource(s)
  -------------------------------------------------------------------    -------------------
    AN28                                              0.000     0.000 f  rst_n
                         net (fo=0)                   0.000     0.000    rst_n
    AN28                 IBUF (Prop_ibuf_I_O)         0.819     0.819 f  rst_n_IBUF_inst/O
                         net (fo=185, estimated)      2.227     3.046    vector_main_ixc/read_path/rst_n_IBUF
    SLICE_X26Y117        LUT5 (Prop_lut5_I0_O)        0.049     3.095 f  vector_main_ixc/read_path/out_ch\\.tag[3]_i_3/O
                         net (fo=47, estimated)       0.428     3.523    bram_arbiter_0/arbiter/arbiter/vector_main_ixc__slave_read_req__valid_0
    SLICE_X25Y116        LUT5 (Prop_lut5_I4_O)        0.142     3.665 f  bram_arbiter_0/arbiter/arbiter/slave_queue[0].send_head[2]_i_3/O
                         net (fo=1, estimated)        0.184     3.849    vector_main_ixc/read_path/bram_arbiter_0__read_req__ready_0
    SLICE_X25Y117        LUT6 (Prop_lut6_I1_O)        0.136     3.985 f  vector_main_ixc/read_path/slave_queue[0].send_head[2]_i_2/O
                         net (fo=6, estimated)        0.456     4.441    vector_main_ixc/read_path/slave_queue[0].addr_take
    SLICE_X25Y118        LUT4 (Prop_lut4_I1_O)        0.043     4.484 f  vector_main_ixc/read_path/master_queue[0].response_addr_mem_reg_0_7_0_5_i_21/O
                         net (fo=2, estimated)        0.322     4.806    vector_main_ixc/read_path/slave_read_data_ready[0]0
    SLICE_X27Y118        LUT2 (Prop_lut2_I0_O)        0.043     4.849 f  vector_main_ixc/read_path/data_valid[0]_i_2/O
                         net (fo=2, estimated)        0.378     5.227    bram_arbiter_0/resp_join/output_skid/vector_main_ixc__slave_read_rsp__ready_0
    SLICE_X32Y119        LUT6 (Prop_lut6_I5_O)        0.043     5.270 f  bram_arbiter_0/resp_join/output_skid/skid_valid_i_2__6/O
                         net (fo=9, estimated)        0.569     5.839    bram_arbiter_0/resp_join/output_skid/out_ch\\.valid_reg_0
    SLICE_X31Y119        LUT4 (Prop_lut4_I0_O)        0.050     5.889 r  bram_arbiter_0/resp_join/output_skid/skid_data[255]_i_1__0/O
                         net (fo=169, estimated)      0.757     6.646    bram_arbiter_0/resp_join/output_skid/skid_addr[0]
    SLICE_X36Y132        FDRE                                         r  bram_arbiter_0/resp_join/output_skid/skid_data_reg[187]/CE
  -------------------------------------------------------------------    -------------------

                         (clock sys_clk rise edge)    0.000     0.000 r  <hidden>
    AL25                                              0.000     0.000 r  clk
                         net (fo=0)                   0.000     0.000    clk
    AL25                 IBUF (Prop_ibuf_I_O)         0.714     0.714 r  clk_IBUF_inst/O
                         net (fo=1, estimated)        2.257     2.971    clk_IBUF
    BUFGCTRL_X0Y0        BUFG (Prop_bufg_I_O)         0.083     3.054 r  clk_IBUF_BUFG_inst/O
                         net (fo=16661, estimated)    1.380     4.434    bram_arbiter_0/resp_join/output_skid/clk_IBUF_BUFG
    SLICE_X36Y132        FDRE                                         r  bram_arbiter_0/resp_join/output_skid/skid_data_reg[187]/C

Slack:                    inf
  Source:                 rst_n
                            (input port)
  Destination:            bram_arbiter_0/resp_join/output_skid/skid_data_reg[168]/CE
                            (rising edge-triggered cell FDRE clocked by sys_clk  {rise@0.000ns fall@2.500ns period=5.000ns})
  Path Group:             (none)
  Path Type:              Setup (Max at Slow Process Corner)
  Data Path Delay:        6.629ns  (logic 1.325ns (19.992%)  route 5.304ns (80.008%))
  Logic Levels:           8  (IBUF=1 LUT2=1 LUT4=2 LUT5=2 LUT6=2)
  Clock Path Skew:        4.436ns (DCD - SCD + CPR)
    Destination Clock Delay (DCD):    4.436ns
    Source Clock Delay      (SCD):    0.000ns
    Clock Pessimism Removal (CPR):    0.000ns
  Clock Uncertainty:      0.025ns  ((TSJ^2 + TIJ^2)^1/2 + DJ) / 2 + PE
    Total System Jitter     (TSJ):    0.050ns
    Total Input Jitter      (TIJ):    0.000ns
    Discrete Jitter          (DJ):    0.000ns
    Phase Error              (PE):    0.000ns

    Location             Delay type                Incr(ns)  Path(ns)    Netlist Resource(s)
  -------------------------------------------------------------------    -------------------
    AN28                                              0.000     0.000 f  rst_n
                         net (fo=0)                   0.000     0.000    rst_n
    AN28                 IBUF (Prop_ibuf_I_O)         0.819     0.819 f  rst_n_IBUF_inst/O
                         net (fo=185, estimated)      2.227     3.046    vector_main_ixc/read_path/rst_n_IBUF
    SLICE_X26Y117        LUT5 (Prop_lut5_I0_O)        0.049     3.095 f  vector_main_ixc/read_path/out_ch\\.tag[3]_i_3/O
                         net (fo=47, estimated)       0.428     3.523    bram_arbiter_0/arbiter/arbiter/vector_main_ixc__slave_read_req__valid_0
    SLICE_X25Y116        LUT5 (Prop_lut5_I4_O)        0.142     3.665 f  bram_arbiter_0/arbiter/arbiter/slave_queue[0].send_head[2]_i_3/O
                         net (fo=1, estimated)        0.184     3.849    vector_main_ixc/read_path/bram_arbiter_0__read_req__ready_0
    SLICE_X25Y117        LUT6 (Prop_lut6_I1_O)        0.136     3.985 f  vector_main_ixc/read_path/slave_queue[0].send_head[2]_i_2/O
                         net (fo=6, estimated)        0.456     4.441    vector_main_ixc/read_path/slave_queue[0].addr_take
    SLICE_X25Y118        LUT4 (Prop_lut4_I1_O)        0.043     4.484 f  vector_main_ixc/read_path/master_queue[0].response_addr_mem_reg_0_7_0_5_i_21/O
                         net (fo=2, estimated)        0.322     4.806    vector_main_ixc/read_path/slave_read_data_ready[0]0
    SLICE_X27Y118        LUT2 (Prop_lut2_I0_O)        0.043     4.849 f  vector_main_ixc/read_path/data_valid[0]_i_2/O
                         net (fo=2, estimated)        0.378     5.227    bram_arbiter_0/resp_join/output_skid/vector_main_ixc__slave_read_rsp__ready_0
    SLICE_X32Y119        LUT6 (Prop_lut6_I5_O)        0.043     5.270 f  bram_arbiter_0/resp_join/output_skid/skid_valid_i_2__6/O
                         net (fo=9, estimated)        0.569     5.839    bram_arbiter_0/resp_join/output_skid/out_ch\\.valid_reg_0
    SLICE_X31Y119        LUT4 (Prop_lut4_I0_O)        0.050     5.889 r  bram_arbiter_0/resp_join/output_skid/skid_data[255]_i_1__0/O
                         net (fo=169, estimated)      0.740     6.629    bram_arbiter_0/resp_join/output_skid/skid_addr[0]
    SLICE_X34Y132        FDRE                                         r  bram_arbiter_0/resp_join/output_skid/skid_data_reg[168]/CE
  -------------------------------------------------------------------    -------------------

                         (clock sys_clk rise edge)    0.000     0.000 r  <hidden>
    AL25                                              0.000     0.000 r  clk
                         net (fo=0)                   0.000     0.000    clk
    AL25                 IBUF (Prop_ibuf_I_O)         0.714     0.714 r  clk_IBUF_inst/O
                         net (fo=1, estimated)        2.257     2.971    clk_IBUF
    BUFGCTRL_X0Y0        BUFG (Prop_bufg_I_O)         0.083     3.054 r  clk_IBUF_BUFG_inst/O
                         net (fo=16661, estimated)    1.382     4.436    bram_arbiter_0/resp_join/output_skid/clk_IBUF_BUFG
    SLICE_X34Y132        FDRE                                         r  bram_arbiter_0/resp_join/output_skid/skid_data_reg[168]/C

Slack:                    inf
  Source:                 rst_n
                            (input port)
  Destination:            bram_arbiter_0/resp_join/output_skid/skid_data_reg[169]/CE
                            (rising edge-triggered cell FDRE clocked by sys_clk  {rise@0.000ns fall@2.500ns period=5.000ns})
  Path Group:             (none)
  Path Type:              Setup (Max at Slow Process Corner)
  Data Path Delay:        6.629ns  (logic 1.325ns (19.992%)  route 5.304ns (80.008%))
  Logic Levels:           8  (IBUF=1 LUT2=1 LUT4=2 LUT5=2 LUT6=2)
  Clock Path Skew:        4.436ns (DCD - SCD + CPR)
    Destination Clock Delay (DCD):    4.436ns
    Source Clock Delay      (SCD):    0.000ns
    Clock Pessimism Removal (CPR):    0.000ns
  Clock Uncertainty:      0.025ns  ((TSJ^2 + TIJ^2)^1/2 + DJ) / 2 + PE
    Total System Jitter     (TSJ):    0.050ns
    Total Input Jitter      (TIJ):    0.000ns
    Discrete Jitter          (DJ):    0.000ns
    Phase Error              (PE):    0.000ns

    Location             Delay type                Incr(ns)  Path(ns)    Netlist Resource(s)
  -------------------------------------------------------------------    -------------------
    AN28                                              0.000     0.000 f  rst_n
                         net (fo=0)                   0.000     0.000    rst_n
    AN28                 IBUF (Prop_ibuf_I_O)         0.819     0.819 f  rst_n_IBUF_inst/O
                         net (fo=185, estimated)      2.227     3.046    vector_main_ixc/read_path/rst_n_IBUF
    SLICE_X26Y117        LUT5 (Prop_lut5_I0_O)        0.049     3.095 f  vector_main_ixc/read_path/out_ch\\.tag[3]_i_3/O
                         net (fo=47, estimated)       0.428     3.523    bram_arbiter_0/arbiter/arbiter/vector_main_ixc__slave_read_req__valid_0
    SLICE_X25Y116        LUT5 (Prop_lut5_I4_O)        0.142     3.665 f  bram_arbiter_0/arbiter/arbiter/slave_queue[0].send_head[2]_i_3/O
                         net (fo=1, estimated)        0.184     3.849    vector_main_ixc/read_path/bram_arbiter_0__read_req__ready_0
    SLICE_X25Y117        LUT6 (Prop_lut6_I1_O)        0.136     3.985 f  vector_main_ixc/read_path/slave_queue[0].send_head[2]_i_2/O
                         net (fo=6, estimated)        0.456     4.441    vector_main_ixc/read_path/slave_queue[0].addr_take
    SLICE_X25Y118        LUT4 (Prop_lut4_I1_O)        0.043     4.484 f  vector_main_ixc/read_path/master_queue[0].response_addr_mem_reg_0_7_0_5_i_21/O
                         net (fo=2, estimated)        0.322     4.806    vector_main_ixc/read_path/slave_read_data_ready[0]0
    SLICE_X27Y118        LUT2 (Prop_lut2_I0_O)        0.043     4.849 f  vector_main_ixc/read_path/data_valid[0]_i_2/O
                         net (fo=2, estimated)        0.378     5.227    bram_arbiter_0/resp_join/output_skid/vector_main_ixc__slave_read_rsp__ready_0
    SLICE_X32Y119        LUT6 (Prop_lut6_I5_O)        0.043     5.270 f  bram_arbiter_0/resp_join/output_skid/skid_valid_i_2__6/O
                         net (fo=9, estimated)        0.569     5.839    bram_arbiter_0/resp_join/output_skid/out_ch\\.valid_reg_0
    SLICE_X31Y119        LUT4 (Prop_lut4_I0_O)        0.050     5.889 r  bram_arbiter_0/resp_join/output_skid/skid_data[255]_i_1__0/O
                         net (fo=169, estimated)      0.740     6.629    bram_arbiter_0/resp_join/output_skid/skid_addr[0]
    SLICE_X34Y132        FDRE                                         r  bram_arbiter_0/resp_join/output_skid/skid_data_reg[169]/CE
  -------------------------------------------------------------------    -------------------

                         (clock sys_clk rise edge)    0.000     0.000 r  <hidden>
    AL25                                              0.000     0.000 r  clk
                         net (fo=0)                   0.000     0.000    clk
    AL25                 IBUF (Prop_ibuf_I_O)         0.714     0.714 r  clk_IBUF_inst/O
                         net (fo=1, estimated)        2.257     2.971    clk_IBUF
    BUFGCTRL_X0Y0        BUFG (Prop_bufg_I_O)         0.083     3.054 r  clk_IBUF_BUFG_inst/O
                         net (fo=16661, estimated)    1.382     4.436    bram_arbiter_0/resp_join/output_skid/clk_IBUF_BUFG
    SLICE_X34Y132        FDRE                                         r  bram_arbiter_0/resp_join/output_skid/skid_data_reg[169]/C

Slack:                    inf
  Source:                 rst_n
                            (input port)
  Destination:            bram_arbiter_0/resp_join/output_skid/skid_data_reg[176]/CE
                            (rising edge-triggered cell FDRE clocked by sys_clk  {rise@0.000ns fall@2.500ns period=5.000ns})
  Path Group:             (none)
  Path Type:              Setup (Max at Slow Process Corner)
  Data Path Delay:        6.629ns  (logic 1.325ns (19.992%)  route 5.304ns (80.008%))
  Logic Levels:           8  (IBUF=1 LUT2=1 LUT4=2 LUT5=2 LUT6=2)
  Clock Path Skew:        4.436ns (DCD - SCD + CPR)
    Destination Clock Delay (DCD):    4.436ns
    Source Clock Delay      (SCD):    0.000ns
    Clock Pessimism Removal (CPR):    0.000ns
  Clock Uncertainty:      0.025ns  ((TSJ^2 + TIJ^2)^1/2 + DJ) / 2 + PE
    Total System Jitter     (TSJ):    0.050ns
    Total Input Jitter      (TIJ):    0.000ns
    Discrete Jitter          (DJ):    0.000ns
    Phase Error              (PE):    0.000ns

    Location             Delay type                Incr(ns)  Path(ns)    Netlist Resource(s)
  -------------------------------------------------------------------    -------------------
    AN28                                              0.000     0.000 f  rst_n
                         net (fo=0)                   0.000     0.000    rst_n
    AN28                 IBUF (Prop_ibuf_I_O)         0.819     0.819 f  rst_n_IBUF_inst/O
                         net (fo=185, estimated)      2.227     3.046    vector_main_ixc/read_path/rst_n_IBUF
    SLICE_X26Y117        LUT5 (Prop_lut5_I0_O)        0.049     3.095 f  vector_main_ixc/read_path/out_ch\\.tag[3]_i_3/O
                         net (fo=47, estimated)       0.428     3.523    bram_arbiter_0/arbiter/arbiter/vector_main_ixc__slave_read_req__valid_0
    SLICE_X25Y116        LUT5 (Prop_lut5_I4_O)        0.142     3.665 f  bram_arbiter_0/arbiter/arbiter/slave_queue[0].send_head[2]_i_3/O
                         net (fo=1, estimated)        0.184     3.849    vector_main_ixc/read_path/bram_arbiter_0__read_req__ready_0
    SLICE_X25Y117        LUT6 (Prop_lut6_I1_O)        0.136     3.985 f  vector_main_ixc/read_path/slave_queue[0].send_head[2]_i_2/O
                         net (fo=6, estimated)        0.456     4.441    vector_main_ixc/read_path/slave_queue[0].addr_take
    SLICE_X25Y118        LUT4 (Prop_lut4_I1_O)        0.043     4.484 f  vector_main_ixc/read_path/master_queue[0].response_addr_mem_reg_0_7_0_5_i_21/O
                         net (fo=2, estimated)        0.322     4.806    vector_main_ixc/read_path/slave_read_data_ready[0]0
    SLICE_X27Y118        LUT2 (Prop_lut2_I0_O)        0.043     4.849 f  vector_main_ixc/read_path/data_valid[0]_i_2/O
                         net (fo=2, estimated)        0.378     5.227    bram_arbiter_0/resp_join/output_skid/vector_main_ixc__slave_read_rsp__ready_0
    SLICE_X32Y119        LUT6 (Prop_lut6_I5_O)        0.043     5.270 f  bram_arbiter_0/resp_join/output_skid/skid_valid_i_2__6/O
                         net (fo=9, estimated)        0.569     5.839    bram_arbiter_0/resp_join/output_skid/out_ch\\.valid_reg_0
    SLICE_X31Y119        LUT4 (Prop_lut4_I0_O)        0.050     5.889 r  bram_arbiter_0/resp_join/output_skid/skid_data[255]_i_1__0/O
                         net (fo=169, estimated)      0.740     6.629    bram_arbiter_0/resp_join/output_skid/skid_addr[0]
    SLICE_X34Y132        FDRE                                         r  bram_arbiter_0/resp_join/output_skid/skid_data_reg[176]/CE
  -------------------------------------------------------------------    -------------------

                         (clock sys_clk rise edge)    0.000     0.000 r  <hidden>
    AL25                                              0.000     0.000 r  clk
                         net (fo=0)                   0.000     0.000    clk
    AL25                 IBUF (Prop_ibuf_I_O)         0.714     0.714 r  clk_IBUF_inst/O
                         net (fo=1, estimated)        2.257     2.971    clk_IBUF
    BUFGCTRL_X0Y0        BUFG (Prop_bufg_I_O)         0.083     3.054 r  clk_IBUF_BUFG_inst/O
                         net (fo=16661, estimated)    1.382     4.436    bram_arbiter_0/resp_join/output_skid/clk_IBUF_BUFG
    SLICE_X34Y132        FDRE                                         r  bram_arbiter_0/resp_join/output_skid/skid_data_reg[176]/C

Slack:                    inf
  Source:                 rst_n
                            (input port)
  Destination:            bram_arbiter_0/resp_join/output_skid/skid_data_reg[177]/CE
                            (rising edge-triggered cell FDRE clocked by sys_clk  {rise@0.000ns fall@2.500ns period=5.000ns})
  Path Group:             (none)
  Path Type:              Setup (Max at Slow Process Corner)
  Data Path Delay:        6.629ns  (logic 1.325ns (19.992%)  route 5.304ns (80.008%))
  Logic Levels:           8  (IBUF=1 LUT2=1 LUT4=2 LUT5=2 LUT6=2)
  Clock Path Skew:        4.436ns (DCD - SCD + CPR)
    Destination Clock Delay (DCD):    4.436ns
    Source Clock Delay      (SCD):    0.000ns
    Clock Pessimism Removal (CPR):    0.000ns
  Clock Uncertainty:      0.025ns  ((TSJ^2 + TIJ^2)^1/2 + DJ) / 2 + PE
    Total System Jitter     (TSJ):    0.050ns
    Total Input Jitter      (TIJ):    0.000ns
    Discrete Jitter          (DJ):    0.000ns
    Phase Error              (PE):    0.000ns

    Location             Delay type                Incr(ns)  Path(ns)    Netlist Resource(s)
  -------------------------------------------------------------------    -------------------
    AN28                                              0.000     0.000 f  rst_n
                         net (fo=0)                   0.000     0.000    rst_n
    AN28                 IBUF (Prop_ibuf_I_O)         0.819     0.819 f  rst_n_IBUF_inst/O
                         net (fo=185, estimated)      2.227     3.046    vector_main_ixc/read_path/rst_n_IBUF
    SLICE_X26Y117        LUT5 (Prop_lut5_I0_O)        0.049     3.095 f  vector_main_ixc/read_path/out_ch\\.tag[3]_i_3/O
                         net (fo=47, estimated)       0.428     3.523    bram_arbiter_0/arbiter/arbiter/vector_main_ixc__slave_read_req__valid_0
    SLICE_X25Y116        LUT5 (Prop_lut5_I4_O)        0.142     3.665 f  bram_arbiter_0/arbiter/arbiter/slave_queue[0].send_head[2]_i_3/O
                         net (fo=1, estimated)        0.184     3.849    vector_main_ixc/read_path/bram_arbiter_0__read_req__ready_0
    SLICE_X25Y117        LUT6 (Prop_lut6_I1_O)        0.136     3.985 f  vector_main_ixc/read_path/slave_queue[0].send_head[2]_i_2/O
                         net (fo=6, estimated)        0.456     4.441    vector_main_ixc/read_path/slave_queue[0].addr_take
    SLICE_X25Y118        LUT4 (Prop_lut4_I1_O)        0.043     4.484 f  vector_main_ixc/read_path/master_queue[0].response_addr_mem_reg_0_7_0_5_i_21/O
                         net (fo=2, estimated)        0.322     4.806    vector_main_ixc/read_path/slave_read_data_ready[0]0
    SLICE_X27Y118        LUT2 (Prop_lut2_I0_O)        0.043     4.849 f  vector_main_ixc/read_path/data_valid[0]_i_2/O
                         net (fo=2, estimated)        0.378     5.227    bram_arbiter_0/resp_join/output_skid/vector_main_ixc__slave_read_rsp__ready_0
    SLICE_X32Y119        LUT6 (Prop_lut6_I5_O)        0.043     5.270 f  bram_arbiter_0/resp_join/output_skid/skid_valid_i_2__6/O
                         net (fo=9, estimated)        0.569     5.839    bram_arbiter_0/resp_join/output_skid/out_ch\\.valid_reg_0
    SLICE_X31Y119        LUT4 (Prop_lut4_I0_O)        0.050     5.889 r  bram_arbiter_0/resp_join/output_skid/skid_data[255]_i_1__0/O
                         net (fo=169, estimated)      0.740     6.629    bram_arbiter_0/resp_join/output_skid/skid_addr[0]
    SLICE_X34Y132        FDRE                                         r  bram_arbiter_0/resp_join/output_skid/skid_data_reg[177]/CE
  -------------------------------------------------------------------    -------------------

                         (clock sys_clk rise edge)    0.000     0.000 r  <hidden>
    AL25                                              0.000     0.000 r  clk
                         net (fo=0)                   0.000     0.000    clk
    AL25                 IBUF (Prop_ibuf_I_O)         0.714     0.714 r  clk_IBUF_inst/O
                         net (fo=1, estimated)        2.257     2.971    clk_IBUF
    BUFGCTRL_X0Y0        BUFG (Prop_bufg_I_O)         0.083     3.054 r  clk_IBUF_BUFG_inst/O
                         net (fo=16661, estimated)    1.382     4.436    bram_arbiter_0/resp_join/output_skid/clk_IBUF_BUFG
    SLICE_X34Y132        FDRE                                         r  bram_arbiter_0/resp_join/output_skid/skid_data_reg[177]/C

Slack:                    inf
  Source:                 rst_n
                            (input port)
  Destination:            bram_arbiter_0/resp_join/output_skid/out_ch\\.data_reg[176]/CE
                            (rising edge-triggered cell FDRE clocked by sys_clk  {rise@0.000ns fall@2.500ns period=5.000ns})
  Path Group:             (none)
  Path Type:              Setup (Max at Slow Process Corner)
  Data Path Delay:        6.581ns  (logic 1.318ns (20.031%)  route 5.263ns (79.969%))
  Logic Levels:           8  (IBUF=1 LUT2=1 LUT4=1 LUT5=3 LUT6=2)
  Clock Path Skew:        4.438ns (DCD - SCD + CPR)
    Destination Clock Delay (DCD):    4.438ns
    Source Clock Delay      (SCD):    0.000ns
    Clock Pessimism Removal (CPR):    0.000ns
  Clock Uncertainty:      0.025ns  ((TSJ^2 + TIJ^2)^1/2 + DJ) / 2 + PE
    Total System Jitter     (TSJ):    0.050ns
    Total Input Jitter      (TIJ):    0.000ns
    Discrete Jitter          (DJ):    0.000ns
    Phase Error              (PE):    0.000ns

    Location             Delay type                Incr(ns)  Path(ns)    Netlist Resource(s)
  -------------------------------------------------------------------    -------------------
    AN28                                              0.000     0.000 r  rst_n
                         net (fo=0)                   0.000     0.000    rst_n
    AN28                 IBUF (Prop_ibuf_I_O)         0.819     0.819 r  rst_n_IBUF_inst/O
                         net (fo=185, estimated)      2.227     3.046    vector_main_ixc/read_path/rst_n_IBUF
    SLICE_X26Y117        LUT5 (Prop_lut5_I0_O)        0.049     3.095 r  vector_main_ixc/read_path/out_ch\\.tag[3]_i_3/O
                         net (fo=47, estimated)       0.428     3.523    bram_arbiter_0/arbiter/arbiter/vector_main_ixc__slave_read_req__valid_0
    SLICE_X25Y116        LUT5 (Prop_lut5_I4_O)        0.142     3.665 r  bram_arbiter_0/arbiter/arbiter/slave_queue[0].send_head[2]_i_3/O
                         net (fo=1, estimated)        0.184     3.849    vector_main_ixc/read_path/bram_arbiter_0__read_req__ready_0
    SLICE_X25Y117        LUT6 (Prop_lut6_I1_O)        0.136     3.985 r  vector_main_ixc/read_path/slave_queue[0].send_head[2]_i_2/O
                         net (fo=6, estimated)        0.456     4.441    vector_main_ixc/read_path/slave_queue[0].addr_take
    SLICE_X25Y118        LUT4 (Prop_lut4_I1_O)        0.043     4.484 r  vector_main_ixc/read_path/master_queue[0].response_addr_mem_reg_0_7_0_5_i_21/O
                         net (fo=2, estimated)        0.322     4.806    vector_main_ixc/read_path/slave_read_data_ready[0]0
    SLICE_X27Y118        LUT2 (Prop_lut2_I0_O)        0.043     4.849 r  vector_main_ixc/read_path/data_valid[0]_i_2/O
                         net (fo=2, estimated)        0.378     5.227    bram_arbiter_0/resp_join/output_skid/vector_main_ixc__slave_read_rsp__ready_0
    SLICE_X32Y119        LUT6 (Prop_lut6_I5_O)        0.043     5.270 r  bram_arbiter_0/resp_join/output_skid/skid_valid_i_2__6/O
                         net (fo=9, estimated)        0.569     5.839    bram_arbiter_0/resp_join/output_skid/out_ch\\.valid_reg_0
    SLICE_X31Y119        LUT5 (Prop_lut5_I0_O)        0.043     5.882 r  bram_arbiter_0/resp_join/output_skid/out_ch\\.data[255]_i_1__1/O
                         net (fo=169, estimated)      0.699     6.581    bram_arbiter_0/resp_join/output_skid/out_ch\\.data[255]_i_1__1_n_0
    SLICE_X34Y134        FDRE                                         r  bram_arbiter_0/resp_join/output_skid/out_ch\\.data_reg[176]/CE
  -------------------------------------------------------------------    -------------------

                         (clock sys_clk rise edge)    0.000     0.000 r  <hidden>
    AL25                                              0.000     0.000 r  clk
                         net (fo=0)                   0.000     0.000    clk
    AL25                 IBUF (Prop_ibuf_I_O)         0.714     0.714 r  clk_IBUF_inst/O
                         net (fo=1, estimated)        2.257     2.971    clk_IBUF
    BUFGCTRL_X0Y0        BUFG (Prop_bufg_I_O)         0.083     3.054 r  clk_IBUF_BUFG_inst/O
                         net (fo=16661, estimated)    1.384     4.438    bram_arbiter_0/resp_join/output_skid/clk_IBUF_BUFG
    SLICE_X34Y134        FDRE                                         r  bram_arbiter_0/resp_join/output_skid/out_ch\\.data_reg[176]/C

Slack:                    inf
  Source:                 rst_n
                            (input port)
  Destination:            bram_arbiter_0/resp_join/output_skid/out_ch\\.data_reg[177]/CE
                            (rising edge-triggered cell FDRE clocked by sys_clk  {rise@0.000ns fall@2.500ns period=5.000ns})
  Path Group:             (none)
  Path Type:              Setup (Max at Slow Process Corner)
  Data Path Delay:        6.581ns  (logic 1.318ns (20.031%)  route 5.263ns (79.969%))
  Logic Levels:           8  (IBUF=1 LUT2=1 LUT4=1 LUT5=3 LUT6=2)
  Clock Path Skew:        4.438ns (DCD - SCD + CPR)
    Destination Clock Delay (DCD):    4.438ns
    Source Clock Delay      (SCD):    0.000ns
    Clock Pessimism Removal (CPR):    0.000ns
  Clock Uncertainty:      0.025ns  ((TSJ^2 + TIJ^2)^1/2 + DJ) / 2 + PE
    Total System Jitter     (TSJ):    0.050ns
    Total Input Jitter      (TIJ):    0.000ns
    Discrete Jitter          (DJ):    0.000ns
    Phase Error              (PE):    0.000ns

    Location             Delay type                Incr(ns)  Path(ns)    Netlist Resource(s)
  -------------------------------------------------------------------    -------------------
    AN28                                              0.000     0.000 r  rst_n
                         net (fo=0)                   0.000     0.000    rst_n
    AN28                 IBUF (Prop_ibuf_I_O)         0.819     0.819 r  rst_n_IBUF_inst/O
                         net (fo=185, estimated)      2.227     3.046    vector_main_ixc/read_path/rst_n_IBUF
    SLICE_X26Y117        LUT5 (Prop_lut5_I0_O)        0.049     3.095 r  vector_main_ixc/read_path/out_ch\\.tag[3]_i_3/O
                         net (fo=47, estimated)       0.428     3.523    bram_arbiter_0/arbiter/arbiter/vector_main_ixc__slave_read_req__valid_0
    SLICE_X25Y116        LUT5 (Prop_lut5_I4_O)        0.142     3.665 r  bram_arbiter_0/arbiter/arbiter/slave_queue[0].send_head[2]_i_3/O
                         net (fo=1, estimated)        0.184     3.849    vector_main_ixc/read_path/bram_arbiter_0__read_req__ready_0
    SLICE_X25Y117        LUT6 (Prop_lut6_I1_O)        0.136     3.985 r  vector_main_ixc/read_path/slave_queue[0].send_head[2]_i_2/O
                         net (fo=6, estimated)        0.456     4.441    vector_main_ixc/read_path/slave_queue[0].addr_take
    SLICE_X25Y118        LUT4 (Prop_lut4_I1_O)        0.043     4.484 r  vector_main_ixc/read_path/master_queue[0].response_addr_mem_reg_0_7_0_5_i_21/O
                         net (fo=2, estimated)        0.322     4.806    vector_main_ixc/read_path/slave_read_data_ready[0]0
    SLICE_X27Y118        LUT2 (Prop_lut2_I0_O)        0.043     4.849 r  vector_main_ixc/read_path/data_valid[0]_i_2/O
                         net (fo=2, estimated)        0.378     5.227    bram_arbiter_0/resp_join/output_skid/vector_main_ixc__slave_read_rsp__ready_0
    SLICE_X32Y119        LUT6 (Prop_lut6_I5_O)        0.043     5.270 r  bram_arbiter_0/resp_join/output_skid/skid_valid_i_2__6/O
                         net (fo=9, estimated)        0.569     5.839    bram_arbiter_0/resp_join/output_skid/out_ch\\.valid_reg_0
    SLICE_X31Y119        LUT5 (Prop_lut5_I0_O)        0.043     5.882 r  bram_arbiter_0/resp_join/output_skid/out_ch\\.data[255]_i_1__1/O
                         net (fo=169, estimated)      0.699     6.581    bram_arbiter_0/resp_join/output_skid/out_ch\\.data[255]_i_1__1_n_0
    SLICE_X34Y134        FDRE                                         r  bram_arbiter_0/resp_join/output_skid/out_ch\\.data_reg[177]/CE
  -------------------------------------------------------------------    -------------------

                         (clock sys_clk rise edge)    0.000     0.000 r  <hidden>
    AL25                                              0.000     0.000 r  clk
                         net (fo=0)                   0.000     0.000    clk
    AL25                 IBUF (Prop_ibuf_I_O)         0.714     0.714 r  clk_IBUF_inst/O
                         net (fo=1, estimated)        2.257     2.971    clk_IBUF
    BUFGCTRL_X0Y0        BUFG (Prop_bufg_I_O)         0.083     3.054 r  clk_IBUF_BUFG_inst/O
                         net (fo=16661, estimated)    1.384     4.438    bram_arbiter_0/resp_join/output_skid/clk_IBUF_BUFG
    SLICE_X34Y134        FDRE                                         r  bram_arbiter_0/resp_join/output_skid/out_ch\\.data_reg[177]/C

Slack:                    inf
  Source:                 rst_n
                            (input port)
  Destination:            bram_arbiter_0/data_out_reg[0][48]/CE
                            (rising edge-triggered cell FDRE clocked by sys_clk  {rise@0.000ns fall@2.500ns period=5.000ns})
  Path Group:             (none)
  Path Type:              Setup (Max at Slow Process Corner)
  Data Path Delay:        6.580ns  (logic 1.324ns (20.125%)  route 5.256ns (79.875%))
  Logic Levels:           8  (IBUF=1 LUT2=1 LUT3=1 LUT4=1 LUT5=2 LUT6=2)
  Clock Path Skew:        4.379ns (DCD - SCD + CPR)
    Destination Clock Delay (DCD):    4.379ns
    Source Clock Delay      (SCD):    0.000ns
    Clock Pessimism Removal (CPR):    0.000ns
  Clock Uncertainty:      0.025ns  ((TSJ^2 + TIJ^2)^1/2 + DJ) / 2 + PE
    Total System Jitter     (TSJ):    0.050ns
    Total Input Jitter      (TIJ):    0.000ns
    Discrete Jitter          (DJ):    0.000ns
    Phase Error              (PE):    0.000ns

    Location             Delay type                Incr(ns)  Path(ns)    Netlist Resource(s)
  -------------------------------------------------------------------    -------------------
    AN28                                              0.000     0.000 r  rst_n
                         net (fo=0)                   0.000     0.000    rst_n
    AN28                 IBUF (Prop_ibuf_I_O)         0.819     0.819 r  rst_n_IBUF_inst/O
                         net (fo=185, estimated)      2.227     3.046    vector_main_ixc/read_path/rst_n_IBUF
    SLICE_X26Y117        LUT5 (Prop_lut5_I0_O)        0.049     3.095 r  vector_main_ixc/read_path/out_ch\\.tag[3]_i_3/O
                         net (fo=47, estimated)       0.428     3.523    bram_arbiter_0/arbiter/arbiter/vector_main_ixc__slave_read_req__valid_0
    SLICE_X25Y116        LUT5 (Prop_lut5_I4_O)        0.142     3.665 r  bram_arbiter_0/arbiter/arbiter/slave_queue[0].send_head[2]_i_3/O
                         net (fo=1, estimated)        0.184     3.849    vector_main_ixc/read_path/bram_arbiter_0__read_req__ready_0
    SLICE_X25Y117        LUT6 (Prop_lut6_I1_O)        0.136     3.985 r  vector_main_ixc/read_path/slave_queue[0].send_head[2]_i_2/O
                         net (fo=6, estimated)        0.456     4.441    vector_main_ixc/read_path/slave_queue[0].addr_take
    SLICE_X25Y118        LUT4 (Prop_lut4_I1_O)        0.043     4.484 r  vector_main_ixc/read_path/master_queue[0].response_addr_mem_reg_0_7_0_5_i_21/O
                         net (fo=2, estimated)        0.322     4.806    vector_main_ixc/read_path/slave_read_data_ready[0]0
    SLICE_X27Y118        LUT2 (Prop_lut2_I0_O)        0.043     4.849 r  vector_main_ixc/read_path/data_valid[0]_i_2/O
                         net (fo=2, estimated)        0.378     5.227    bram_arbiter_0/resp_join/output_skid/vector_main_ixc__slave_read_rsp__ready_0
    SLICE_X32Y119        LUT6 (Prop_lut6_I5_O)        0.043     5.270 r  bram_arbiter_0/resp_join/output_skid/skid_valid_i_2__6/O
                         net (fo=9, estimated)        0.272     5.542    bram_arbiter_0/resp_join/output_skid/out_ch\\.valid_reg_0
    SLICE_X33Y119        LUT3 (Prop_lut3_I2_O)        0.049     5.591 r  bram_arbiter_0/resp_join/output_skid/addr_out[0][31]_i_1__0/O
                         net (fo=168, estimated)      0.989     6.580    bram_arbiter_0/addr_out[0]
    SLICE_X50Y134        FDRE                                         r  bram_arbiter_0/data_out_reg[0][48]/CE
  -------------------------------------------------------------------    -------------------

                         (clock sys_clk rise edge)    0.000     0.000 r  <hidden>
    AL25                                              0.000     0.000 r  clk
                         net (fo=0)                   0.000     0.000    clk
    AL25                 IBUF (Prop_ibuf_I_O)         0.714     0.714 r  clk_IBUF_inst/O
                         net (fo=1, estimated)        2.257     2.971    clk_IBUF
    BUFGCTRL_X0Y0        BUFG (Prop_bufg_I_O)         0.083     3.054 r  clk_IBUF_BUFG_inst/O
                         net (fo=16661, estimated)    1.325     4.379    bram_arbiter_0/clk_IBUF_BUFG
    SLICE_X50Y134        FDRE                                         r  bram_arbiter_0/data_out_reg[0][48]/C

Slack:                    inf
  Source:                 rst_n
                            (input port)
  Destination:            bram_arbiter_0/resp_join/output_skid/skid_data_reg[214]/CE
                            (rising edge-triggered cell FDRE clocked by sys_clk  {rise@0.000ns fall@2.500ns period=5.000ns})
  Path Group:             (none)
  Path Type:              Setup (Max at Slow Process Corner)
  Data Path Delay:        6.579ns  (logic 1.325ns (20.144%)  route 5.254ns (79.856%))
  Logic Levels:           8  (IBUF=1 LUT2=1 LUT4=2 LUT5=2 LUT6=2)
  Clock Path Skew:        4.372ns (DCD - SCD + CPR)
    Destination Clock Delay (DCD):    4.372ns
    Source Clock Delay      (SCD):    0.000ns
    Clock Pessimism Removal (CPR):    0.000ns
  Clock Uncertainty:      0.025ns  ((TSJ^2 + TIJ^2)^1/2 + DJ) / 2 + PE
    Total System Jitter     (TSJ):    0.050ns
    Total Input Jitter      (TIJ):    0.000ns
    Discrete Jitter          (DJ):    0.000ns
    Phase Error              (PE):    0.000ns

    Location             Delay type                Incr(ns)  Path(ns)    Netlist Resource(s)
  -------------------------------------------------------------------    -------------------
    AN28                                              0.000     0.000 f  rst_n
                         net (fo=0)                   0.000     0.000    rst_n
    AN28                 IBUF (Prop_ibuf_I_O)         0.819     0.819 f  rst_n_IBUF_inst/O
                         net (fo=185, estimated)      2.227     3.046    vector_main_ixc/read_path/rst_n_IBUF
    SLICE_X26Y117        LUT5 (Prop_lut5_I0_O)        0.049     3.095 f  vector_main_ixc/read_path/out_ch\\.tag[3]_i_3/O
                         net (fo=47, estimated)       0.428     3.523    bram_arbiter_0/arbiter/arbiter/vector_main_ixc__slave_read_req__valid_0
    SLICE_X25Y116        LUT5 (Prop_lut5_I4_O)        0.142     3.665 f  bram_arbiter_0/arbiter/arbiter/slave_queue[0].send_head[2]_i_3/O
                         net (fo=1, estimated)        0.184     3.849    vector_main_ixc/read_path/bram_arbiter_0__read_req__ready_0
    SLICE_X25Y117        LUT6 (Prop_lut6_I1_O)        0.136     3.985 f  vector_main_ixc/read_path/slave_queue[0].send_head[2]_i_2/O
                         net (fo=6, estimated)        0.456     4.441    vector_main_ixc/read_path/slave_queue[0].addr_take
    SLICE_X25Y118        LUT4 (Prop_lut4_I1_O)        0.043     4.484 f  vector_main_ixc/read_path/master_queue[0].response_addr_mem_reg_0_7_0_5_i_21/O
                         net (fo=2, estimated)        0.322     4.806    vector_main_ixc/read_path/slave_read_data_ready[0]0
    SLICE_X27Y118        LUT2 (Prop_lut2_I0_O)        0.043     4.849 f  vector_main_ixc/read_path/data_valid[0]_i_2/O
                         net (fo=2, estimated)        0.378     5.227    bram_arbiter_0/resp_join/output_skid/vector_main_ixc__slave_read_rsp__ready_0
    SLICE_X32Y119        LUT6 (Prop_lut6_I5_O)        0.043     5.270 f  bram_arbiter_0/resp_join/output_skid/skid_valid_i_2__6/O
                         net (fo=9, estimated)        0.569     5.839    bram_arbiter_0/resp_join/output_skid/out_ch\\.valid_reg_0
    SLICE_X31Y119        LUT4 (Prop_lut4_I0_O)        0.050     5.889 r  bram_arbiter_0/resp_join/output_skid/skid_data[255]_i_1__0/O
                         net (fo=169, estimated)      0.690     6.579    bram_arbiter_0/resp_join/output_skid/skid_addr[0]
    SLICE_X39Y123        FDRE                                         r  bram_arbiter_0/resp_join/output_skid/skid_data_reg[214]/CE
  -------------------------------------------------------------------    -------------------

                         (clock sys_clk rise edge)    0.000     0.000 r  <hidden>
    AL25                                              0.000     0.000 r  clk
                         net (fo=0)                   0.000     0.000    clk
    AL25                 IBUF (Prop_ibuf_I_O)         0.714     0.714 r  clk_IBUF_inst/O
                         net (fo=1, estimated)        2.257     2.971    clk_IBUF
    BUFGCTRL_X0Y0        BUFG (Prop_bufg_I_O)         0.083     3.054 r  clk_IBUF_BUFG_inst/O
                         net (fo=16661, estimated)    1.318     4.372    bram_arbiter_0/resp_join/output_skid/clk_IBUF_BUFG
    SLICE_X39Y123        FDRE                                         r  bram_arbiter_0/resp_join/output_skid/skid_data_reg[214]/C

Slack:                    inf
  Source:                 rst_n
                            (input port)
  Destination:            bram_arbiter_0/resp_join/output_skid/skid_data_reg[215]/CE
                            (rising edge-triggered cell FDRE clocked by sys_clk  {rise@0.000ns fall@2.500ns period=5.000ns})
  Path Group:             (none)
  Path Type:              Setup (Max at Slow Process Corner)
  Data Path Delay:        6.579ns  (logic 1.325ns (20.144%)  route 5.254ns (79.856%))
  Logic Levels:           8  (IBUF=1 LUT2=1 LUT4=2 LUT5=2 LUT6=2)
  Clock Path Skew:        4.372ns (DCD - SCD + CPR)
    Destination Clock Delay (DCD):    4.372ns
    Source Clock Delay      (SCD):    0.000ns
    Clock Pessimism Removal (CPR):    0.000ns
  Clock Uncertainty:      0.025ns  ((TSJ^2 + TIJ^2)^1/2 + DJ) / 2 + PE
    Total System Jitter     (TSJ):    0.050ns
    Total Input Jitter      (TIJ):    0.000ns
    Discrete Jitter          (DJ):    0.000ns
    Phase Error              (PE):    0.000ns

    Location             Delay type                Incr(ns)  Path(ns)    Netlist Resource(s)
  -------------------------------------------------------------------    -------------------
    AN28                                              0.000     0.000 f  rst_n
                         net (fo=0)                   0.000     0.000    rst_n
    AN28                 IBUF (Prop_ibuf_I_O)         0.819     0.819 f  rst_n_IBUF_inst/O
                         net (fo=185, estimated)      2.227     3.046    vector_main_ixc/read_path/rst_n_IBUF
    SLICE_X26Y117        LUT5 (Prop_lut5_I0_O)        0.049     3.095 f  vector_main_ixc/read_path/out_ch\\.tag[3]_i_3/O
                         net (fo=47, estimated)       0.428     3.523    bram_arbiter_0/arbiter/arbiter/vector_main_ixc__slave_read_req__valid_0
    SLICE_X25Y116        LUT5 (Prop_lut5_I4_O)        0.142     3.665 f  bram_arbiter_0/arbiter/arbiter/slave_queue[0].send_head[2]_i_3/O
                         net (fo=1, estimated)        0.184     3.849    vector_main_ixc/read_path/bram_arbiter_0__read_req__ready_0
    SLICE_X25Y117        LUT6 (Prop_lut6_I1_O)        0.136     3.985 f  vector_main_ixc/read_path/slave_queue[0].send_head[2]_i_2/O
                         net (fo=6, estimated)        0.456     4.441    vector_main_ixc/read_path/slave_queue[0].addr_take
    SLICE_X25Y118        LUT4 (Prop_lut4_I1_O)        0.043     4.484 f  vector_main_ixc/read_path/master_queue[0].response_addr_mem_reg_0_7_0_5_i_21/O
                         net (fo=2, estimated)        0.322     4.806    vector_main_ixc/read_path/slave_read_data_ready[0]0
    SLICE_X27Y118        LUT2 (Prop_lut2_I0_O)        0.043     4.849 f  vector_main_ixc/read_path/data_valid[0]_i_2/O
                         net (fo=2, estimated)        0.378     5.227    bram_arbiter_0/resp_join/output_skid/vector_main_ixc__slave_read_rsp__ready_0
    SLICE_X32Y119        LUT6 (Prop_lut6_I5_O)        0.043     5.270 f  bram_arbiter_0/resp_join/output_skid/skid_valid_i_2__6/O
                         net (fo=9, estimated)        0.569     5.839    bram_arbiter_0/resp_join/output_skid/out_ch\\.valid_reg_0
    SLICE_X31Y119        LUT4 (Prop_lut4_I0_O)        0.050     5.889 r  bram_arbiter_0/resp_join/output_skid/skid_data[255]_i_1__0/O
                         net (fo=169, estimated)      0.690     6.579    bram_arbiter_0/resp_join/output_skid/skid_addr[0]
    SLICE_X39Y123        FDRE                                         r  bram_arbiter_0/resp_join/output_skid/skid_data_reg[215]/CE
  -------------------------------------------------------------------    -------------------

                         (clock sys_clk rise edge)    0.000     0.000 r  <hidden>
    AL25                                              0.000     0.000 r  clk
                         net (fo=0)                   0.000     0.000    clk
    AL25                 IBUF (Prop_ibuf_I_O)         0.714     0.714 r  clk_IBUF_inst/O
                         net (fo=1, estimated)        2.257     2.971    clk_IBUF
    BUFGCTRL_X0Y0        BUFG (Prop_bufg_I_O)         0.083     3.054 r  clk_IBUF_BUFG_inst/O
                         net (fo=16661, estimated)    1.318     4.372    bram_arbiter_0/resp_join/output_skid/clk_IBUF_BUFG
    SLICE_X39Y123        FDRE                                         r  bram_arbiter_0/resp_join/output_skid/skid_data_reg[215]/C

Slack:                    inf
  Source:                 rst_n
                            (input port)
  Destination:            bram_arbiter_0/resp_join/output_skid/skid_data_reg[216]/CE
                            (rising edge-triggered cell FDRE clocked by sys_clk  {rise@0.000ns fall@2.500ns period=5.000ns})
  Path Group:             (none)
  Path Type:              Setup (Max at Slow Process Corner)
  Data Path Delay:        6.579ns  (logic 1.325ns (20.144%)  route 5.254ns (79.856%))
  Logic Levels:           8  (IBUF=1 LUT2=1 LUT4=2 LUT5=2 LUT6=2)
  Clock Path Skew:        4.372ns (DCD - SCD + CPR)
    Destination Clock Delay (DCD):    4.372ns
    Source Clock Delay      (SCD):    0.000ns
    Clock Pessimism Removal (CPR):    0.000ns
  Clock Uncertainty:      0.025ns  ((TSJ^2 + TIJ^2)^1/2 + DJ) / 2 + PE
    Total System Jitter     (TSJ):    0.050ns
    Total Input Jitter      (TIJ):    0.000ns
    Discrete Jitter          (DJ):    0.000ns
    Phase Error              (PE):    0.000ns

    Location             Delay type                Incr(ns)  Path(ns)    Netlist Resource(s)
  -------------------------------------------------------------------    -------------------
    AN28                                              0.000     0.000 f  rst_n
                         net (fo=0)                   0.000     0.000    rst_n
    AN28                 IBUF (Prop_ibuf_I_O)         0.819     0.819 f  rst_n_IBUF_inst/O
                         net (fo=185, estimated)      2.227     3.046    vector_main_ixc/read_path/rst_n_IBUF
    SLICE_X26Y117        LUT5 (Prop_lut5_I0_O)        0.049     3.095 f  vector_main_ixc/read_path/out_ch\\.tag[3]_i_3/O
                         net (fo=47, estimated)       0.428     3.523    bram_arbiter_0/arbiter/arbiter/vector_main_ixc__slave_read_req__valid_0
    SLICE_X25Y116        LUT5 (Prop_lut5_I4_O)        0.142     3.665 f  bram_arbiter_0/arbiter/arbiter/slave_queue[0].send_head[2]_i_3/O
                         net (fo=1, estimated)        0.184     3.849    vector_main_ixc/read_path/bram_arbiter_0__read_req__ready_0
    SLICE_X25Y117        LUT6 (Prop_lut6_I1_O)        0.136     3.985 f  vector_main_ixc/read_path/slave_queue[0].send_head[2]_i_2/O
                         net (fo=6, estimated)        0.456     4.441    vector_main_ixc/read_path/slave_queue[0].addr_take
    SLICE_X25Y118        LUT4 (Prop_lut4_I1_O)        0.043     4.484 f  vector_main_ixc/read_path/master_queue[0].response_addr_mem_reg_0_7_0_5_i_21/O
                         net (fo=2, estimated)        0.322     4.806    vector_main_ixc/read_path/slave_read_data_ready[0]0
    SLICE_X27Y118        LUT2 (Prop_lut2_I0_O)        0.043     4.849 f  vector_main_ixc/read_path/data_valid[0]_i_2/O
                         net (fo=2, estimated)        0.378     5.227    bram_arbiter_0/resp_join/output_skid/vector_main_ixc__slave_read_rsp__ready_0
    SLICE_X32Y119        LUT6 (Prop_lut6_I5_O)        0.043     5.270 f  bram_arbiter_0/resp_join/output_skid/skid_valid_i_2__6/O
                         net (fo=9, estimated)        0.569     5.839    bram_arbiter_0/resp_join/output_skid/out_ch\\.valid_reg_0
    SLICE_X31Y119        LUT4 (Prop_lut4_I0_O)        0.050     5.889 r  bram_arbiter_0/resp_join/output_skid/skid_data[255]_i_1__0/O
                         net (fo=169, estimated)      0.690     6.579    bram_arbiter_0/resp_join/output_skid/skid_addr[0]
    SLICE_X39Y123        FDRE                                         r  bram_arbiter_0/resp_join/output_skid/skid_data_reg[216]/CE
  -------------------------------------------------------------------    -------------------

                         (clock sys_clk rise edge)    0.000     0.000 r  <hidden>
    AL25                                              0.000     0.000 r  clk
                         net (fo=0)                   0.000     0.000    clk
    AL25                 IBUF (Prop_ibuf_I_O)         0.714     0.714 r  clk_IBUF_inst/O
                         net (fo=1, estimated)        2.257     2.971    clk_IBUF
    BUFGCTRL_X0Y0        BUFG (Prop_bufg_I_O)         0.083     3.054 r  clk_IBUF_BUFG_inst/O
                         net (fo=16661, estimated)    1.318     4.372    bram_arbiter_0/resp_join/output_skid/clk_IBUF_BUFG
    SLICE_X39Y123        FDRE                                         r  bram_arbiter_0/resp_join/output_skid/skid_data_reg[216]/C

Slack:                    inf
  Source:                 rst_n
                            (input port)
  Destination:            bram_arbiter_0/resp_join/output_skid/skid_data_reg[217]/CE
                            (rising edge-triggered cell FDRE clocked by sys_clk  {rise@0.000ns fall@2.500ns period=5.000ns})
  Path Group:             (none)
  Path Type:              Setup (Max at Slow Process Corner)
  Data Path Delay:        6.579ns  (logic 1.325ns (20.144%)  route 5.254ns (79.856%))
  Logic Levels:           8  (IBUF=1 LUT2=1 LUT4=2 LUT5=2 LUT6=2)
  Clock Path Skew:        4.372ns (DCD - SCD + CPR)
    Destination Clock Delay (DCD):    4.372ns
    Source Clock Delay      (SCD):    0.000ns
    Clock Pessimism Removal (CPR):    0.000ns
  Clock Uncertainty:      0.025ns  ((TSJ^2 + TIJ^2)^1/2 + DJ) / 2 + PE
    Total System Jitter     (TSJ):    0.050ns
    Total Input Jitter      (TIJ):    0.000ns
    Discrete Jitter          (DJ):    0.000ns
    Phase Error              (PE):    0.000ns

    Location             Delay type                Incr(ns)  Path(ns)    Netlist Resource(s)
  -------------------------------------------------------------------    -------------------
    AN28                                              0.000     0.000 f  rst_n
                         net (fo=0)                   0.000     0.000    rst_n
    AN28                 IBUF (Prop_ibuf_I_O)         0.819     0.819 f  rst_n_IBUF_inst/O
                         net (fo=185, estimated)      2.227     3.046    vector_main_ixc/read_path/rst_n_IBUF
    SLICE_X26Y117        LUT5 (Prop_lut5_I0_O)        0.049     3.095 f  vector_main_ixc/read_path/out_ch\\.tag[3]_i_3/O
                         net (fo=47, estimated)       0.428     3.523    bram_arbiter_0/arbiter/arbiter/vector_main_ixc__slave_read_req__valid_0
    SLICE_X25Y116        LUT5 (Prop_lut5_I4_O)        0.142     3.665 f  bram_arbiter_0/arbiter/arbiter/slave_queue[0].send_head[2]_i_3/O
                         net (fo=1, estimated)        0.184     3.849    vector_main_ixc/read_path/bram_arbiter_0__read_req__ready_0
    SLICE_X25Y117        LUT6 (Prop_lut6_I1_O)        0.136     3.985 f  vector_main_ixc/read_path/slave_queue[0].send_head[2]_i_2/O
                         net (fo=6, estimated)        0.456     4.441    vector_main_ixc/read_path/slave_queue[0].addr_take
    SLICE_X25Y118        LUT4 (Prop_lut4_I1_O)        0.043     4.484 f  vector_main_ixc/read_path/master_queue[0].response_addr_mem_reg_0_7_0_5_i_21/O
                         net (fo=2, estimated)        0.322     4.806    vector_main_ixc/read_path/slave_read_data_ready[0]0
    SLICE_X27Y118        LUT2 (Prop_lut2_I0_O)        0.043     4.849 f  vector_main_ixc/read_path/data_valid[0]_i_2/O
                         net (fo=2, estimated)        0.378     5.227    bram_arbiter_0/resp_join/output_skid/vector_main_ixc__slave_read_rsp__ready_0
    SLICE_X32Y119        LUT6 (Prop_lut6_I5_O)        0.043     5.270 f  bram_arbiter_0/resp_join/output_skid/skid_valid_i_2__6/O
                         net (fo=9, estimated)        0.569     5.839    bram_arbiter_0/resp_join/output_skid/out_ch\\.valid_reg_0
    SLICE_X31Y119        LUT4 (Prop_lut4_I0_O)        0.050     5.889 r  bram_arbiter_0/resp_join/output_skid/skid_data[255]_i_1__0/O
                         net (fo=169, estimated)      0.690     6.579    bram_arbiter_0/resp_join/output_skid/skid_addr[0]
    SLICE_X39Y123        FDRE                                         r  bram_arbiter_0/resp_join/output_skid/skid_data_reg[217]/CE
  -------------------------------------------------------------------    -------------------

                         (clock sys_clk rise edge)    0.000     0.000 r  <hidden>
    AL25                                              0.000     0.000 r  clk
                         net (fo=0)                   0.000     0.000    clk
    AL25                 IBUF (Prop_ibuf_I_O)         0.714     0.714 r  clk_IBUF_inst/O
                         net (fo=1, estimated)        2.257     2.971    clk_IBUF
    BUFGCTRL_X0Y0        BUFG (Prop_bufg_I_O)         0.083     3.054 r  clk_IBUF_BUFG_inst/O
                         net (fo=16661, estimated)    1.318     4.372    bram_arbiter_0/resp_join/output_skid/clk_IBUF_BUFG
    SLICE_X39Y123        FDRE                                         r  bram_arbiter_0/resp_join/output_skid/skid_data_reg[217]/C

Slack:                    inf
  Source:                 rst_n
                            (input port)
  Destination:            bram_arbiter_0/resp_join/output_skid/out_ch\\.data_reg[168]/CE
                            (rising edge-triggered cell FDRE clocked by sys_clk  {rise@0.000ns fall@2.500ns period=5.000ns})
  Path Group:             (none)
  Path Type:              Setup (Max at Slow Process Corner)
  Data Path Delay:        6.578ns  (logic 1.318ns (20.040%)  route 5.260ns (79.960%))
  Logic Levels:           8  (IBUF=1 LUT2=1 LUT4=1 LUT5=3 LUT6=2)
  Clock Path Skew:        4.435ns (DCD - SCD + CPR)
    Destination Clock Delay (DCD):    4.435ns
    Source Clock Delay      (SCD):    0.000ns
    Clock Pessimism Removal (CPR):    0.000ns
  Clock Uncertainty:      0.025ns  ((TSJ^2 + TIJ^2)^1/2 + DJ) / 2 + PE
    Total System Jitter     (TSJ):    0.050ns
    Total Input Jitter      (TIJ):    0.000ns
    Discrete Jitter          (DJ):    0.000ns
    Phase Error              (PE):    0.000ns

    Location             Delay type                Incr(ns)  Path(ns)    Netlist Resource(s)
  -------------------------------------------------------------------    -------------------
    AN28                                              0.000     0.000 r  rst_n
                         net (fo=0)                   0.000     0.000    rst_n
    AN28                 IBUF (Prop_ibuf_I_O)         0.819     0.819 r  rst_n_IBUF_inst/O
                         net (fo=185, estimated)      2.227     3.046    vector_main_ixc/read_path/rst_n_IBUF
    SLICE_X26Y117        LUT5 (Prop_lut5_I0_O)        0.049     3.095 r  vector_main_ixc/read_path/out_ch\\.tag[3]_i_3/O
                         net (fo=47, estimated)       0.428     3.523    bram_arbiter_0/arbiter/arbiter/vector_main_ixc__slave_read_req__valid_0
    SLICE_X25Y116        LUT5 (Prop_lut5_I4_O)        0.142     3.665 r  bram_arbiter_0/arbiter/arbiter/slave_queue[0].send_head[2]_i_3/O
                         net (fo=1, estimated)        0.184     3.849    vector_main_ixc/read_path/bram_arbiter_0__read_req__ready_0
    SLICE_X25Y117        LUT6 (Prop_lut6_I1_O)        0.136     3.985 r  vector_main_ixc/read_path/slave_queue[0].send_head[2]_i_2/O
                         net (fo=6, estimated)        0.456     4.441    vector_main_ixc/read_path/slave_queue[0].addr_take
    SLICE_X25Y118        LUT4 (Prop_lut4_I1_O)        0.043     4.484 r  vector_main_ixc/read_path/master_queue[0].response_addr_mem_reg_0_7_0_5_i_21/O
                         net (fo=2, estimated)        0.322     4.806    vector_main_ixc/read_path/slave_read_data_ready[0]0
    SLICE_X27Y118        LUT2 (Prop_lut2_I0_O)        0.043     4.849 r  vector_main_ixc/read_path/data_valid[0]_i_2/O
                         net (fo=2, estimated)        0.378     5.227    bram_arbiter_0/resp_join/output_skid/vector_main_ixc__slave_read_rsp__ready_0
    SLICE_X32Y119        LUT6 (Prop_lut6_I5_O)        0.043     5.270 r  bram_arbiter_0/resp_join/output_skid/skid_valid_i_2__6/O
                         net (fo=9, estimated)        0.569     5.839    bram_arbiter_0/resp_join/output_skid/out_ch\\.valid_reg_0
    SLICE_X31Y119        LUT5 (Prop_lut5_I0_O)        0.043     5.882 r  bram_arbiter_0/resp_join/output_skid/out_ch\\.data[255]_i_1__1/O
                         net (fo=169, estimated)      0.696     6.578    bram_arbiter_0/resp_join/output_skid/out_ch\\.data[255]_i_1__1_n_0
    SLICE_X36Y133        FDRE                                         r  bram_arbiter_0/resp_join/output_skid/out_ch\\.data_reg[168]/CE
  -------------------------------------------------------------------    -------------------

                         (clock sys_clk rise edge)    0.000     0.000 r  <hidden>
    AL25                                              0.000     0.000 r  clk
                         net (fo=0)                   0.000     0.000    clk
    AL25                 IBUF (Prop_ibuf_I_O)         0.714     0.714 r  clk_IBUF_inst/O
                         net (fo=1, estimated)        2.257     2.971    clk_IBUF
    BUFGCTRL_X0Y0        BUFG (Prop_bufg_I_O)         0.083     3.054 r  clk_IBUF_BUFG_inst/O
                         net (fo=16661, estimated)    1.381     4.435    bram_arbiter_0/resp_join/output_skid/clk_IBUF_BUFG
    SLICE_X36Y133        FDRE                                         r  bram_arbiter_0/resp_join/output_skid/out_ch\\.data_reg[168]/C





Min Delay Paths
--------------------------------------------------------------------------------------
Slack:                    inf
  Source:                 read_req\\.addr[26]
                            (input port)
  Destination:            vector_main_ixc/read_path/master_queue[0].addr_mem_reg_0_3_24_29/RAMB/I
                            (rising edge-triggered cell RAMD32 clocked by sys_clk  {rise@0.000ns fall@2.500ns period=5.000ns})
  Path Group:             (none)
  Path Type:              Hold (Min at Fast Process Corner)
  Data Path Delay:        0.654ns  (logic 0.112ns (17.090%)  route 0.542ns (82.910%))
  Logic Levels:           1  (IBUF=1)
  Clock Path Skew:        2.627ns (DCD - SCD - CPR)
    Destination Clock Delay (DCD):    2.627ns
    Source Clock Delay      (SCD):    0.000ns
    Clock Pessimism Removal (CPR):    -0.000ns

    Location             Delay type                Incr(ns)  Path(ns)    Netlist Resource(s)
  -------------------------------------------------------------------    -------------------
    AK26                                              0.000     0.000 r  read_req\\.addr[26]
                         net (fo=0)                   0.000     0.000    read_req\\.addr[26]
    AK26                 IBUF (Prop_ibuf_I_O)         0.112     0.112 r  master_queue[0].addr_mem_reg_0_3_24_29_i_4/O
                         net (fo=1, estimated)        0.542     0.654    vector_main_ixc/read_path/master_queue[0].addr_mem_reg_0_3_24_29/DIB0
    SLICE_X10Y98         RAMD32                                       r  vector_main_ixc/read_path/master_queue[0].addr_mem_reg_0_3_24_29/RAMB/I
  -------------------------------------------------------------------    -------------------

                         (clock sys_clk rise edge)    0.000     0.000 r  <hidden>
    AL25                                              0.000     0.000 r  clk
                         net (fo=0)                   0.000     0.000    clk
    AL25                 IBUF (Prop_ibuf_I_O)         0.380     0.380 r  clk_IBUF_inst/O
                         net (fo=1, estimated)        1.240     1.620    clk_IBUF
    BUFGCTRL_X0Y0        BUFG (Prop_bufg_I_O)         0.030     1.650 r  clk_IBUF_BUFG_inst/O
                         net (fo=16661, estimated)    0.977     2.627    vector_main_ixc/read_path/master_queue[0].addr_mem_reg_0_3_24_29/WCLK
    SLICE_X10Y98         RAMD32                                       r  vector_main_ixc/read_path/master_queue[0].addr_mem_reg_0_3_24_29/RAMB/CLK

Slack:                    inf
  Source:                 read_req\\.epoch[1]
                            (input port)
  Destination:            vector_main_ixc/read_path/master_queue[0].addr_mem_reg_0_3_30_31/RAMB_D1/I
                            (rising edge-triggered cell RAMD32 clocked by sys_clk  {rise@0.000ns fall@2.500ns period=5.000ns})
  Path Group:             (none)
  Path Type:              Hold (Min at Fast Process Corner)
  Data Path Delay:        0.663ns  (logic 0.116ns (17.568%)  route 0.546ns (82.432%))
  Logic Levels:           1  (IBUF=1)
  Clock Path Skew:        2.554ns (DCD - SCD - CPR)
    Destination Clock Delay (DCD):    2.554ns
    Source Clock Delay      (SCD):    0.000ns
    Clock Pessimism Removal (CPR):    -0.000ns

    Location             Delay type                Incr(ns)  Path(ns)    Netlist Resource(s)
  -------------------------------------------------------------------    -------------------
    AJ29                                              0.000     0.000 r  read_req\\.epoch[1]
                         net (fo=0)                   0.000     0.000    read_req\\.epoch[1]
    AJ29                 IBUF (Prop_ibuf_I_O)         0.116     0.116 r  master_queue[0].addr_mem_reg_0_3_30_31_i_3/O
                         net (fo=1, estimated)        0.546     0.663    vector_main_ixc/read_path/master_queue[0].addr_mem_reg_0_3_30_31/DIB1
    SLICE_X8Y104         RAMD32                                       r  vector_main_ixc/read_path/master_queue[0].addr_mem_reg_0_3_30_31/RAMB_D1/I
  -------------------------------------------------------------------    -------------------

                         (clock sys_clk rise edge)    0.000     0.000 r  <hidden>
    AL25                                              0.000     0.000 r  clk
                         net (fo=0)                   0.000     0.000    clk
    AL25                 IBUF (Prop_ibuf_I_O)         0.380     0.380 r  clk_IBUF_inst/O
                         net (fo=1, estimated)        1.240     1.620    clk_IBUF
    BUFGCTRL_X0Y0        BUFG (Prop_bufg_I_O)         0.030     1.650 r  clk_IBUF_BUFG_inst/O
                         net (fo=16661, estimated)    0.904     2.554    vector_main_ixc/read_path/master_queue[0].addr_mem_reg_0_3_30_31/WCLK
    SLICE_X8Y104         RAMD32                                       r  vector_main_ixc/read_path/master_queue[0].addr_mem_reg_0_3_30_31/RAMB_D1/CLK

Slack:                    inf
  Source:                 read_req\\.epoch[2]
                            (input port)
  Destination:            vector_main_ixc/read_path/master_queue[0].addr_mem_reg_0_3_30_31/RAMC/I
                            (rising edge-triggered cell RAMD32 clocked by sys_clk  {rise@0.000ns fall@2.500ns period=5.000ns})
  Path Group:             (none)
  Path Type:              Hold (Min at Fast Process Corner)
  Data Path Delay:        0.667ns  (logic 0.134ns (20.146%)  route 0.533ns (79.854%))
  Logic Levels:           1  (IBUF=1)
  Clock Path Skew:        2.554ns (DCD - SCD - CPR)
    Destination Clock Delay (DCD):    2.554ns
    Source Clock Delay      (SCD):    0.000ns
    Clock Pessimism Removal (CPR):    -0.000ns

    Location             Delay type                Incr(ns)  Path(ns)    Netlist Resource(s)
  -------------------------------------------------------------------    -------------------
    AM26                                              0.000     0.000 r  read_req\\.epoch[2]
                         net (fo=0)                   0.000     0.000    read_req\\.epoch[2]
    AM26                 IBUF (Prop_ibuf_I_O)         0.134     0.134 r  master_queue[0].addr_mem_reg_0_3_30_31_i_6/O
                         net (fo=1, estimated)        0.533     0.667    vector_main_ixc/read_path/master_queue[0].addr_mem_reg_0_3_30_31/DIC0
    SLICE_X8Y104         RAMD32                                       r  vector_main_ixc/read_path/master_queue[0].addr_mem_reg_0_3_30_31/RAMC/I
  -------------------------------------------------------------------    -------------------

                         (clock sys_clk rise edge)    0.000     0.000 r  <hidden>
    AL25                                              0.000     0.000 r  clk
                         net (fo=0)                   0.000     0.000    clk
    AL25                 IBUF (Prop_ibuf_I_O)         0.380     0.380 r  clk_IBUF_inst/O
                         net (fo=1, estimated)        1.240     1.620    clk_IBUF
    BUFGCTRL_X0Y0        BUFG (Prop_bufg_I_O)         0.030     1.650 r  clk_IBUF_BUFG_inst/O
                         net (fo=16661, estimated)    0.904     2.554    vector_main_ixc/read_path/master_queue[0].addr_mem_reg_0_3_30_31/WCLK
    SLICE_X8Y104         RAMD32                                       r  vector_main_ixc/read_path/master_queue[0].addr_mem_reg_0_3_30_31/RAMC/CLK

Slack:                    inf
  Source:                 read_req\\.addr[24]
                            (input port)
  Destination:            vector_main_ixc/read_path/master_queue[0].addr_mem_reg_0_3_24_29/RAMA/I
                            (rising edge-triggered cell RAMD32 clocked by sys_clk  {rise@0.000ns fall@2.500ns period=5.000ns})
  Path Group:             (none)
  Path Type:              Hold (Min at Fast Process Corner)
  Data Path Delay:        0.674ns  (logic 0.108ns (15.976%)  route 0.566ns (84.024%))
  Logic Levels:           1  (IBUF=1)
  Clock Path Skew:        2.627ns (DCD - SCD - CPR)
    Destination Clock Delay (DCD):    2.627ns
    Source Clock Delay      (SCD):    0.000ns
    Clock Pessimism Removal (CPR):    -0.000ns

    Location             Delay type                Incr(ns)  Path(ns)    Netlist Resource(s)
  -------------------------------------------------------------------    -------------------
    AJ26                                              0.000     0.000 r  read_req\\.addr[24]
                         net (fo=0)                   0.000     0.000    read_req\\.addr[24]
    AJ26                 IBUF (Prop_ibuf_I_O)         0.108     0.108 r  master_queue[0].addr_mem_reg_0_3_24_29_i_2/O
                         net (fo=1, estimated)        0.566     0.674    vector_main_ixc/read_path/master_queue[0].addr_mem_reg_0_3_24_29/DIA0
    SLICE_X10Y98         RAMD32                                       r  vector_main_ixc/read_path/master_queue[0].addr_mem_reg_0_3_24_29/RAMA/I
  -------------------------------------------------------------------    -------------------

                         (clock sys_clk rise edge)    0.000     0.000 r  <hidden>
    AL25                                              0.000     0.000 r  clk
                         net (fo=0)                   0.000     0.000    clk
    AL25                 IBUF (Prop_ibuf_I_O)         0.380     0.380 r  clk_IBUF_inst/O
                         net (fo=1, estimated)        1.240     1.620    clk_IBUF
    BUFGCTRL_X0Y0        BUFG (Prop_bufg_I_O)         0.030     1.650 r  clk_IBUF_BUFG_inst/O
                         net (fo=16661, estimated)    0.977     2.627    vector_main_ixc/read_path/master_queue[0].addr_mem_reg_0_3_24_29/WCLK
    SLICE_X10Y98         RAMD32                                       r  vector_main_ixc/read_path/master_queue[0].addr_mem_reg_0_3_24_29/RAMA/CLK

Slack:                    inf
  Source:                 read_req\\.addr[29]
                            (input port)
  Destination:            vector_main_ixc/read_path/master_queue[0].addr_mem_reg_0_3_24_29/RAMC_D1/I
                            (rising edge-triggered cell RAMD32 clocked by sys_clk  {rise@0.000ns fall@2.500ns period=5.000ns})
  Path Group:             (none)
  Path Type:              Hold (Min at Fast Process Corner)
  Data Path Delay:        0.694ns  (logic 0.117ns (16.869%)  route 0.577ns (83.131%))
  Logic Levels:           1  (IBUF=1)
  Clock Path Skew:        2.627ns (DCD - SCD - CPR)
    Destination Clock Delay (DCD):    2.627ns
    Source Clock Delay      (SCD):    0.000ns
    Clock Pessimism Removal (CPR):    -0.000ns

    Location             Delay type                Incr(ns)  Path(ns)    Netlist Resource(s)
  -------------------------------------------------------------------    -------------------
    AK28                                              0.000     0.000 r  read_req\\.addr[29]
                         net (fo=0)                   0.000     0.000    read_req\\.addr[29]
    AK28                 IBUF (Prop_ibuf_I_O)         0.117     0.117 r  master_queue[0].addr_mem_reg_0_3_24_29_i_5/O
                         net (fo=1, estimated)        0.577     0.694    vector_main_ixc/read_path/master_queue[0].addr_mem_reg_0_3_24_29/DIC1
    SLICE_X10Y98         RAMD32                                       r  vector_main_ixc/read_path/master_queue[0].addr_mem_reg_0_3_24_29/RAMC_D1/I
  -------------------------------------------------------------------    -------------------

                         (clock sys_clk rise edge)    0.000     0.000 r  <hidden>
    AL25                                              0.000     0.000 r  clk
                         net (fo=0)                   0.000     0.000    clk
    AL25                 IBUF (Prop_ibuf_I_O)         0.380     0.380 r  clk_IBUF_inst/O
                         net (fo=1, estimated)        1.240     1.620    clk_IBUF
    BUFGCTRL_X0Y0        BUFG (Prop_bufg_I_O)         0.030     1.650 r  clk_IBUF_BUFG_inst/O
                         net (fo=16661, estimated)    0.977     2.627    vector_main_ixc/read_path/master_queue[0].addr_mem_reg_0_3_24_29/WCLK
    SLICE_X10Y98         RAMD32                                       r  vector_main_ixc/read_path/master_queue[0].addr_mem_reg_0_3_24_29/RAMC_D1/CLK

Slack:                    inf
  Source:                 rst_n
                            (input port)
  Destination:            bram_arbiter_0/sel_fifo/fifo_mem_reg[1][0]/D
                            (rising edge-triggered cell FDRE clocked by sys_clk  {rise@0.000ns fall@2.500ns period=5.000ns})
  Path Group:             (none)
  Path Type:              Hold (Min at Fast Process Corner)
  Data Path Delay:        0.695ns  (logic 0.189ns (27.171%)  route 0.506ns (72.829%))
  Logic Levels:           2  (IBUF=1 LUT6=1)
  Clock Path Skew:        2.657ns (DCD - SCD - CPR)
    Destination Clock Delay (DCD):    2.657ns
    Source Clock Delay      (SCD):    0.000ns
    Clock Pessimism Removal (CPR):    -0.000ns

    Location             Delay type                Incr(ns)  Path(ns)    Netlist Resource(s)
  -------------------------------------------------------------------    -------------------
    AN28                                              0.000     0.000 r  rst_n
                         net (fo=0)                   0.000     0.000    rst_n
    AN28                 IBUF (Prop_ibuf_I_O)         0.161     0.161 r  rst_n_IBUF_inst/O
                         net (fo=185, estimated)      0.506     0.667    bram_arbiter_0/sel_fifo/rst_n_IBUF
    SLICE_X4Y94          LUT6 (Prop_lut6_I3_O)        0.028     0.695 r  bram_arbiter_0/sel_fifo/fifo_mem[1][0]_i_1__0/O
                         net (fo=1, routed)           0.000     0.695    bram_arbiter_0/sel_fifo/fifo_mem[1][0]_i_1__0_n_0
    SLICE_X4Y94          FDRE                                         r  bram_arbiter_0/sel_fifo/fifo_mem_reg[1][0]/D
  -------------------------------------------------------------------    -------------------

                         (clock sys_clk rise edge)    0.000     0.000 r  <hidden>
    AL25                                              0.000     0.000 r  clk
                         net (fo=0)                   0.000     0.000    clk
    AL25                 IBUF (Prop_ibuf_I_O)         0.380     0.380 r  clk_IBUF_inst/O
                         net (fo=1, estimated)        1.240     1.620    clk_IBUF
    BUFGCTRL_X0Y0        BUFG (Prop_bufg_I_O)         0.030     1.650 r  clk_IBUF_BUFG_inst/O
                         net (fo=16661, estimated)    1.007     2.657    bram_arbiter_0/sel_fifo/clk_IBUF_BUFG
    SLICE_X4Y94          FDRE                                         r  bram_arbiter_0/sel_fifo/fifo_mem_reg[1][0]/C

Slack:                    inf
  Source:                 rst_n
                            (input port)
  Destination:            bram_arbiter_0/sel_fifo/fifo_mem_reg[3][0]/D
                            (rising edge-triggered cell FDRE clocked by sys_clk  {rise@0.000ns fall@2.500ns period=5.000ns})
  Path Group:             (none)
  Path Type:              Hold (Min at Fast Process Corner)
  Data Path Delay:        0.696ns  (logic 0.189ns (27.132%)  route 0.507ns (72.868%))
  Logic Levels:           2  (IBUF=1 LUT6=1)
  Clock Path Skew:        2.657ns (DCD - SCD - CPR)
    Destination Clock Delay (DCD):    2.657ns
    Source Clock Delay      (SCD):    0.000ns
    Clock Pessimism Removal (CPR):    -0.000ns

    Location             Delay type                Incr(ns)  Path(ns)    Netlist Resource(s)
  -------------------------------------------------------------------    -------------------
    AN28                                              0.000     0.000 r  rst_n
                         net (fo=0)                   0.000     0.000    rst_n
    AN28                 IBUF (Prop_ibuf_I_O)         0.161     0.161 r  rst_n_IBUF_inst/O
                         net (fo=185, estimated)      0.507     0.668    bram_arbiter_0/sel_fifo/rst_n_IBUF
    SLICE_X4Y94          LUT6 (Prop_lut6_I3_O)        0.028     0.696 r  bram_arbiter_0/sel_fifo/fifo_mem[3][0]_i_1__0/O
                         net (fo=1, routed)           0.000     0.696    bram_arbiter_0/sel_fifo/fifo_mem[3][0]_i_1__0_n_0
    SLICE_X4Y94          FDRE                                         r  bram_arbiter_0/sel_fifo/fifo_mem_reg[3][0]/D
  -------------------------------------------------------------------    -------------------

                         (clock sys_clk rise edge)    0.000     0.000 r  <hidden>
    AL25                                              0.000     0.000 r  clk
                         net (fo=0)                   0.000     0.000    clk
    AL25                 IBUF (Prop_ibuf_I_O)         0.380     0.380 r  clk_IBUF_inst/O
                         net (fo=1, estimated)        1.240     1.620    clk_IBUF
    BUFGCTRL_X0Y0        BUFG (Prop_bufg_I_O)         0.030     1.650 r  clk_IBUF_BUFG_inst/O
                         net (fo=16661, estimated)    1.007     2.657    bram_arbiter_0/sel_fifo/clk_IBUF_BUFG
    SLICE_X4Y94          FDRE                                         r  bram_arbiter_0/sel_fifo/fifo_mem_reg[3][0]/C

Slack:                    inf
  Source:                 rst_n
                            (input port)
  Destination:            bram_arbiter_0/sel_fifo/fifo_mem_reg[2][0]/D
                            (rising edge-triggered cell FDRE clocked by sys_clk  {rise@0.000ns fall@2.500ns period=5.000ns})
  Path Group:             (none)
  Path Type:              Hold (Min at Fast Process Corner)
  Data Path Delay:        0.697ns  (logic 0.189ns (27.094%)  route 0.508ns (72.906%))
  Logic Levels:           2  (IBUF=1 LUT6=1)
  Clock Path Skew:        2.657ns (DCD - SCD - CPR)
    Destination Clock Delay (DCD):    2.657ns
    Source Clock Delay      (SCD):    0.000ns
    Clock Pessimism Removal (CPR):    -0.000ns

    Location             Delay type                Incr(ns)  Path(ns)    Netlist Resource(s)
  -------------------------------------------------------------------    -------------------
    AN28                                              0.000     0.000 r  rst_n
                         net (fo=0)                   0.000     0.000    rst_n
    AN28                 IBUF (Prop_ibuf_I_O)         0.161     0.161 r  rst_n_IBUF_inst/O
                         net (fo=185, estimated)      0.508     0.669    bram_arbiter_0/sel_fifo/rst_n_IBUF
    SLICE_X4Y94          LUT6 (Prop_lut6_I3_O)        0.028     0.697 r  bram_arbiter_0/sel_fifo/fifo_mem[2][0]_i_1__0/O
                         net (fo=1, routed)           0.000     0.697    bram_arbiter_0/sel_fifo/fifo_mem[2][0]_i_1__0_n_0
    SLICE_X4Y94          FDRE                                         r  bram_arbiter_0/sel_fifo/fifo_mem_reg[2][0]/D
  -------------------------------------------------------------------    -------------------

                         (clock sys_clk rise edge)    0.000     0.000 r  <hidden>
    AL25                                              0.000     0.000 r  clk
                         net (fo=0)                   0.000     0.000    clk
    AL25                 IBUF (Prop_ibuf_I_O)         0.380     0.380 r  clk_IBUF_inst/O
                         net (fo=1, estimated)        1.240     1.620    clk_IBUF
    BUFGCTRL_X0Y0        BUFG (Prop_bufg_I_O)         0.030     1.650 r  clk_IBUF_BUFG_inst/O
                         net (fo=16661, estimated)    1.007     2.657    bram_arbiter_0/sel_fifo/clk_IBUF_BUFG
    SLICE_X4Y94          FDRE                                         r  bram_arbiter_0/sel_fifo/fifo_mem_reg[2][0]/C

Slack:                    inf
  Source:                 rst_n
                            (input port)
  Destination:            bram_arbiter_0/sel_fifo/fifo_mem_reg[0][0]/D
                            (rising edge-triggered cell FDRE clocked by sys_clk  {rise@0.000ns fall@2.500ns period=5.000ns})
  Path Group:             (none)
  Path Type:              Hold (Min at Fast Process Corner)
  Data Path Delay:        0.697ns  (logic 0.189ns (27.074%)  route 0.508ns (72.926%))
  Logic Levels:           2  (IBUF=1 LUT6=1)
  Clock Path Skew:        2.657ns (DCD - SCD - CPR)
    Destination Clock Delay (DCD):    2.657ns
    Source Clock Delay      (SCD):    0.000ns
    Clock Pessimism Removal (CPR):    -0.000ns

    Location             Delay type                Incr(ns)  Path(ns)    Netlist Resource(s)
  -------------------------------------------------------------------    -------------------
    AN28                                              0.000     0.000 r  rst_n
                         net (fo=0)                   0.000     0.000    rst_n
    AN28                 IBUF (Prop_ibuf_I_O)         0.161     0.161 r  rst_n_IBUF_inst/O
                         net (fo=185, estimated)      0.508     0.669    bram_arbiter_0/sel_fifo/rst_n_IBUF
    SLICE_X4Y94          LUT6 (Prop_lut6_I3_O)        0.028     0.697 r  bram_arbiter_0/sel_fifo/fifo_mem[0][0]_i_1__0/O
                         net (fo=1, routed)           0.000     0.697    bram_arbiter_0/sel_fifo/fifo_mem[0][0]_i_1__0_n_0
    SLICE_X4Y94          FDRE                                         r  bram_arbiter_0/sel_fifo/fifo_mem_reg[0][0]/D
  -------------------------------------------------------------------    -------------------

                         (clock sys_clk rise edge)    0.000     0.000 r  <hidden>
    AL25                                              0.000     0.000 r  clk
                         net (fo=0)                   0.000     0.000    clk
    AL25                 IBUF (Prop_ibuf_I_O)         0.380     0.380 r  clk_IBUF_inst/O
                         net (fo=1, estimated)        1.240     1.620    clk_IBUF
    BUFGCTRL_X0Y0        BUFG (Prop_bufg_I_O)         0.030     1.650 r  clk_IBUF_BUFG_inst/O
                         net (fo=16661, estimated)    1.007     2.657    bram_arbiter_0/sel_fifo/clk_IBUF_BUFG
    SLICE_X4Y94          FDRE                                         r  bram_arbiter_0/sel_fifo/fifo_mem_reg[0][0]/C

Slack:                    inf
  Source:                 read_req\\.epoch[0]
                            (input port)
  Destination:            vector_main_ixc/read_path/master_queue[0].addr_mem_reg_0_3_30_31/RAMB/I
                            (rising edge-triggered cell RAMD32 clocked by sys_clk  {rise@0.000ns fall@2.500ns period=5.000ns})
  Path Group:             (none)
  Path Type:              Hold (Min at Fast Process Corner)
  Data Path Delay:        0.702ns  (logic 0.122ns (17.341%)  route 0.580ns (82.659%))
  Logic Levels:           1  (IBUF=1)
  Clock Path Skew:        2.554ns (DCD - SCD - CPR)
    Destination Clock Delay (DCD):    2.554ns
    Source Clock Delay      (SCD):    0.000ns
    Clock Pessimism Removal (CPR):    -0.000ns

    Location             Delay type                Incr(ns)  Path(ns)    Netlist Resource(s)
  -------------------------------------------------------------------    -------------------
    AK29                                              0.000     0.000 r  read_req\\.epoch[0]
                         net (fo=0)                   0.000     0.000    read_req\\.epoch[0]
    AK29                 IBUF (Prop_ibuf_I_O)         0.122     0.122 r  master_queue[0].addr_mem_reg_0_3_30_31_i_4/O
                         net (fo=1, estimated)        0.580     0.702    vector_main_ixc/read_path/master_queue[0].addr_mem_reg_0_3_30_31/DIB0
    SLICE_X8Y104         RAMD32                                       r  vector_main_ixc/read_path/master_queue[0].addr_mem_reg_0_3_30_31/RAMB/I
  -------------------------------------------------------------------    -------------------

                         (clock sys_clk rise edge)    0.000     0.000 r  <hidden>
    AL25                                              0.000     0.000 r  clk
                         net (fo=0)                   0.000     0.000    clk
    AL25                 IBUF (Prop_ibuf_I_O)         0.380     0.380 r  clk_IBUF_inst/O
                         net (fo=1, estimated)        1.240     1.620    clk_IBUF
    BUFGCTRL_X0Y0        BUFG (Prop_bufg_I_O)         0.030     1.650 r  clk_IBUF_BUFG_inst/O
                         net (fo=16661, estimated)    0.904     2.554    vector_main_ixc/read_path/master_queue[0].addr_mem_reg_0_3_30_31/WCLK
    SLICE_X8Y104         RAMD32                                       r  vector_main_ixc/read_path/master_queue[0].addr_mem_reg_0_3_30_31/RAMB/CLK

Slack:                    inf
  Source:                 read_req\\.addr[28]
                            (input port)
  Destination:            vector_main_ixc/read_path/master_queue[0].addr_mem_reg_0_3_24_29/RAMC/I
                            (rising edge-triggered cell RAMD32 clocked by sys_clk  {rise@0.000ns fall@2.500ns period=5.000ns})
  Path Group:             (none)
  Path Type:              Hold (Min at Fast Process Corner)
  Data Path Delay:        0.702ns  (logic 0.123ns (17.539%)  route 0.579ns (82.461%))
  Logic Levels:           1  (IBUF=1)
  Clock Path Skew:        2.627ns (DCD - SCD - CPR)
    Destination Clock Delay (DCD):    2.627ns
    Source Clock Delay      (SCD):    0.000ns
    Clock Pessimism Removal (CPR):    -0.000ns

    Location             Delay type                Incr(ns)  Path(ns)    Netlist Resource(s)
  -------------------------------------------------------------------    -------------------
    AL28                                              0.000     0.000 r  read_req\\.addr[28]
                         net (fo=0)                   0.000     0.000    read_req\\.addr[28]
    AL28                 IBUF (Prop_ibuf_I_O)         0.123     0.123 r  master_queue[0].addr_mem_reg_0_3_24_29_i_6/O
                         net (fo=1, estimated)        0.579     0.702    vector_main_ixc/read_path/master_queue[0].addr_mem_reg_0_3_24_29/DIC0
    SLICE_X10Y98         RAMD32                                       r  vector_main_ixc/read_path/master_queue[0].addr_mem_reg_0_3_24_29/RAMC/I
  -------------------------------------------------------------------    -------------------

                         (clock sys_clk rise edge)    0.000     0.000 r  <hidden>
    AL25                                              0.000     0.000 r  clk
                         net (fo=0)                   0.000     0.000    clk
    AL25                 IBUF (Prop_ibuf_I_O)         0.380     0.380 r  clk_IBUF_inst/O
                         net (fo=1, estimated)        1.240     1.620    clk_IBUF
    BUFGCTRL_X0Y0        BUFG (Prop_bufg_I_O)         0.030     1.650 r  clk_IBUF_BUFG_inst/O
                         net (fo=16661, estimated)    0.977     2.627    vector_main_ixc/read_path/master_queue[0].addr_mem_reg_0_3_24_29/WCLK
    SLICE_X10Y98         RAMD32                                       r  vector_main_ixc/read_path/master_queue[0].addr_mem_reg_0_3_24_29/RAMC/CLK

Slack:                    inf
  Source:                 read_req\\.addr[25]
                            (input port)
  Destination:            vector_main_ixc/read_path/master_queue[0].addr_mem_reg_0_3_24_29/RAMA_D1/I
                            (rising edge-triggered cell RAMD32 clocked by sys_clk  {rise@0.000ns fall@2.500ns period=5.000ns})
  Path Group:             (none)
  Path Type:              Hold (Min at Fast Process Corner)
  Data Path Delay:        0.709ns  (logic 0.108ns (15.215%)  route 0.602ns (84.785%))
  Logic Levels:           1  (IBUF=1)
  Clock Path Skew:        2.627ns (DCD - SCD - CPR)
    Destination Clock Delay (DCD):    2.627ns
    Source Clock Delay      (SCD):    0.000ns
    Clock Pessimism Removal (CPR):    -0.000ns

    Location             Delay type                Incr(ns)  Path(ns)    Netlist Resource(s)
  -------------------------------------------------------------------    -------------------
    AK27                                              0.000     0.000 r  read_req\\.addr[25]
                         net (fo=0)                   0.000     0.000    read_req\\.addr[25]
    AK27                 IBUF (Prop_ibuf_I_O)         0.108     0.108 r  master_queue[0].addr_mem_reg_0_3_24_29_i_1/O
                         net (fo=1, estimated)        0.602     0.709    vector_main_ixc/read_path/master_queue[0].addr_mem_reg_0_3_24_29/DIA1
    SLICE_X10Y98         RAMD32                                       r  vector_main_ixc/read_path/master_queue[0].addr_mem_reg_0_3_24_29/RAMA_D1/I
  -------------------------------------------------------------------    -------------------

                         (clock sys_clk rise edge)    0.000     0.000 r  <hidden>
    AL25                                              0.000     0.000 r  clk
                         net (fo=0)                   0.000     0.000    clk
    AL25                 IBUF (Prop_ibuf_I_O)         0.380     0.380 r  clk_IBUF_inst/O
                         net (fo=1, estimated)        1.240     1.620    clk_IBUF
    BUFGCTRL_X0Y0        BUFG (Prop_bufg_I_O)         0.030     1.650 r  clk_IBUF_BUFG_inst/O
                         net (fo=16661, estimated)    0.977     2.627    vector_main_ixc/read_path/master_queue[0].addr_mem_reg_0_3_24_29/WCLK
    SLICE_X10Y98         RAMD32                                       r  vector_main_ixc/read_path/master_queue[0].addr_mem_reg_0_3_24_29/RAMA_D1/CLK

Slack:                    inf
  Source:                 read_req\\.epoch[3]
                            (input port)
  Destination:            vector_main_ixc/read_path/master_queue[0].addr_mem_reg_0_3_30_31/RAMC_D1/I
                            (rising edge-triggered cell RAMD32 clocked by sys_clk  {rise@0.000ns fall@2.500ns period=5.000ns})
  Path Group:             (none)
  Path Type:              Hold (Min at Fast Process Corner)
  Data Path Delay:        0.715ns  (logic 0.137ns (19.229%)  route 0.577ns (80.771%))
  Logic Levels:           1  (IBUF=1)
  Clock Path Skew:        2.554ns (DCD - SCD - CPR)
    Destination Clock Delay (DCD):    2.554ns
    Source Clock Delay      (SCD):    0.000ns
    Clock Pessimism Removal (CPR):    -0.000ns

    Location             Delay type                Incr(ns)  Path(ns)    Netlist Resource(s)
  -------------------------------------------------------------------    -------------------
    AM25                                              0.000     0.000 r  read_req\\.epoch[3]
                         net (fo=0)                   0.000     0.000    read_req\\.epoch[3]
    AM25                 IBUF (Prop_ibuf_I_O)         0.137     0.137 r  master_queue[0].addr_mem_reg_0_3_30_31_i_5/O
                         net (fo=1, estimated)        0.577     0.715    vector_main_ixc/read_path/master_queue[0].addr_mem_reg_0_3_30_31/DIC1
    SLICE_X8Y104         RAMD32                                       r  vector_main_ixc/read_path/master_queue[0].addr_mem_reg_0_3_30_31/RAMC_D1/I
  -------------------------------------------------------------------    -------------------

                         (clock sys_clk rise edge)    0.000     0.000 r  <hidden>
    AL25                                              0.000     0.000 r  clk
                         net (fo=0)                   0.000     0.000    clk
    AL25                 IBUF (Prop_ibuf_I_O)         0.380     0.380 r  clk_IBUF_inst/O
                         net (fo=1, estimated)        1.240     1.620    clk_IBUF
    BUFGCTRL_X0Y0        BUFG (Prop_bufg_I_O)         0.030     1.650 r  clk_IBUF_BUFG_inst/O
                         net (fo=16661, estimated)    0.904     2.554    vector_main_ixc/read_path/master_queue[0].addr_mem_reg_0_3_30_31/WCLK
    SLICE_X8Y104         RAMD32                                       r  vector_main_ixc/read_path/master_queue[0].addr_mem_reg_0_3_30_31/RAMC_D1/CLK

Slack:                    inf
  Source:                 read_req\\.addr[31]
                            (input port)
  Destination:            vector_main_ixc/read_path/master_queue[0].addr_mem_reg_0_3_30_31/RAMA_D1/I
                            (rising edge-triggered cell RAMD32 clocked by sys_clk  {rise@0.000ns fall@2.500ns period=5.000ns})
  Path Group:             (none)
  Path Type:              Hold (Min at Fast Process Corner)
  Data Path Delay:        0.719ns  (logic 0.137ns (19.030%)  route 0.582ns (80.970%))
  Logic Levels:           1  (IBUF=1)
  Clock Path Skew:        2.554ns (DCD - SCD - CPR)
    Destination Clock Delay (DCD):    2.554ns
    Source Clock Delay      (SCD):    0.000ns
    Clock Pessimism Removal (CPR):    -0.000ns

    Location             Delay type                Incr(ns)  Path(ns)    Netlist Resource(s)
  -------------------------------------------------------------------    -------------------
    AK24                                              0.000     0.000 r  read_req\\.addr[31]
                         net (fo=0)                   0.000     0.000    read_req\\.addr[31]
    AK24                 IBUF (Prop_ibuf_I_O)         0.137     0.137 r  master_queue[0].addr_mem_reg_0_3_30_31_i_1/O
                         net (fo=1, estimated)        0.582     0.719    vector_main_ixc/read_path/master_queue[0].addr_mem_reg_0_3_30_31/DIA1
    SLICE_X8Y104         RAMD32                                       r  vector_main_ixc/read_path/master_queue[0].addr_mem_reg_0_3_30_31/RAMA_D1/I
  -------------------------------------------------------------------    -------------------

                         (clock sys_clk rise edge)    0.000     0.000 r  <hidden>
    AL25                                              0.000     0.000 r  clk
                         net (fo=0)                   0.000     0.000    clk
    AL25                 IBUF (Prop_ibuf_I_O)         0.380     0.380 r  clk_IBUF_inst/O
                         net (fo=1, estimated)        1.240     1.620    clk_IBUF
    BUFGCTRL_X0Y0        BUFG (Prop_bufg_I_O)         0.030     1.650 r  clk_IBUF_BUFG_inst/O
                         net (fo=16661, estimated)    0.904     2.554    vector_main_ixc/read_path/master_queue[0].addr_mem_reg_0_3_30_31/WCLK
    SLICE_X8Y104         RAMD32                                       r  vector_main_ixc/read_path/master_queue[0].addr_mem_reg_0_3_30_31/RAMA_D1/CLK

Slack:                    inf
  Source:                 read_req\\.addr[27]
                            (input port)
  Destination:            vector_main_ixc/read_path/master_queue[0].addr_mem_reg_0_3_24_29/RAMB_D1/I
                            (rising edge-triggered cell RAMD32 clocked by sys_clk  {rise@0.000ns fall@2.500ns period=5.000ns})
  Path Group:             (none)
  Path Type:              Hold (Min at Fast Process Corner)
  Data Path Delay:        0.732ns  (logic 0.130ns (17.818%)  route 0.602ns (82.182%))
  Logic Levels:           1  (IBUF=1)
  Clock Path Skew:        2.627ns (DCD - SCD - CPR)
    Destination Clock Delay (DCD):    2.627ns
    Source Clock Delay      (SCD):    0.000ns
    Clock Pessimism Removal (CPR):    -0.000ns

    Location             Delay type                Incr(ns)  Path(ns)    Netlist Resource(s)
  -------------------------------------------------------------------    -------------------
    AL26                                              0.000     0.000 r  read_req\\.addr[27]
                         net (fo=0)                   0.000     0.000    read_req\\.addr[27]
    AL26                 IBUF (Prop_ibuf_I_O)         0.130     0.130 r  master_queue[0].addr_mem_reg_0_3_24_29_i_3/O
                         net (fo=1, estimated)        0.602     0.732    vector_main_ixc/read_path/master_queue[0].addr_mem_reg_0_3_24_29/DIB1
    SLICE_X10Y98         RAMD32                                       r  vector_main_ixc/read_path/master_queue[0].addr_mem_reg_0_3_24_29/RAMB_D1/I
  -------------------------------------------------------------------    -------------------

                         (clock sys_clk rise edge)    0.000     0.000 r  <hidden>
    AL25                                              0.000     0.000 r  clk
                         net (fo=0)                   0.000     0.000    clk
    AL25                 IBUF (Prop_ibuf_I_O)         0.380     0.380 r  clk_IBUF_inst/O
                         net (fo=1, estimated)        1.240     1.620    clk_IBUF
    BUFGCTRL_X0Y0        BUFG (Prop_bufg_I_O)         0.030     1.650 r  clk_IBUF_BUFG_inst/O
                         net (fo=16661, estimated)    0.977     2.627    vector_main_ixc/read_path/master_queue[0].addr_mem_reg_0_3_24_29/WCLK
    SLICE_X10Y98         RAMD32                                       r  vector_main_ixc/read_path/master_queue[0].addr_mem_reg_0_3_24_29/RAMB_D1/CLK

Slack:                    inf
  Source:                 read_req\\.addr[30]
                            (input port)
  Destination:            vector_main_ixc/read_path/master_queue[0].addr_mem_reg_0_3_30_31/RAMA/I
                            (rising edge-triggered cell RAMD32 clocked by sys_clk  {rise@0.000ns fall@2.500ns period=5.000ns})
  Path Group:             (none)
  Path Type:              Hold (Min at Fast Process Corner)
  Data Path Delay:        0.744ns  (logic 0.138ns (18.574%)  route 0.606ns (81.426%))
  Logic Levels:           1  (IBUF=1)
  Clock Path Skew:        2.554ns (DCD - SCD - CPR)
    Destination Clock Delay (DCD):    2.554ns
    Source Clock Delay      (SCD):    0.000ns
    Clock Pessimism Removal (CPR):    -0.000ns

    Location             Delay type                Incr(ns)  Path(ns)    Netlist Resource(s)
  -------------------------------------------------------------------    -------------------
    AL24                                              0.000     0.000 r  read_req\\.addr[30]
                         net (fo=0)                   0.000     0.000    read_req\\.addr[30]
    AL24                 IBUF (Prop_ibuf_I_O)         0.138     0.138 r  master_queue[0].addr_mem_reg_0_3_30_31_i_2/O
                         net (fo=1, estimated)        0.606     0.744    vector_main_ixc/read_path/master_queue[0].addr_mem_reg_0_3_30_31/DIA0
    SLICE_X8Y104         RAMD32                                       r  vector_main_ixc/read_path/master_queue[0].addr_mem_reg_0_3_30_31/RAMA/I
  -------------------------------------------------------------------    -------------------

                         (clock sys_clk rise edge)    0.000     0.000 r  <hidden>
    AL25                                              0.000     0.000 r  clk
                         net (fo=0)                   0.000     0.000    clk
    AL25                 IBUF (Prop_ibuf_I_O)         0.380     0.380 r  clk_IBUF_inst/O
                         net (fo=1, estimated)        1.240     1.620    clk_IBUF
    BUFGCTRL_X0Y0        BUFG (Prop_bufg_I_O)         0.030     1.650 r  clk_IBUF_BUFG_inst/O
                         net (fo=16661, estimated)    0.904     2.554    vector_main_ixc/read_path/master_queue[0].addr_mem_reg_0_3_30_31/WCLK
    SLICE_X8Y104         RAMD32                                       r  vector_main_ixc/read_path/master_queue[0].addr_mem_reg_0_3_30_31/RAMA/CLK

Slack:                    inf
  Source:                 rst_n
                            (input port)
  Destination:            sch_0/epoch_filter/downstream\\.valid_reg/D
                            (rising edge-triggered cell FDRE clocked by sys_clk  {rise@0.000ns fall@2.500ns period=5.000ns})
  Path Group:             (none)
  Path Type:              Hold (Min at Fast Process Corner)
  Data Path Delay:        0.785ns  (logic 0.189ns (24.046%)  route 0.596ns (75.954%))
  Logic Levels:           2  (IBUF=1 LUT4=1)
  Clock Path Skew:        2.624ns (DCD - SCD - CPR)
    Destination Clock Delay (DCD):    2.624ns
    Source Clock Delay      (SCD):    0.000ns
    Clock Pessimism Removal (CPR):    -0.000ns

    Location             Delay type                Incr(ns)  Path(ns)    Netlist Resource(s)
  -------------------------------------------------------------------    -------------------
    AN28                                              0.000     0.000 r  rst_n
                         net (fo=0)                   0.000     0.000    rst_n
    AN28                 IBUF (Prop_ibuf_I_O)         0.161     0.161 r  rst_n_IBUF_inst/O
                         net (fo=185, estimated)      0.596     0.757    sch_0/epoch_filter/rst_n_IBUF
    SLICE_X18Y88         LUT4 (Prop_lut4_I3_O)        0.028     0.785 r  sch_0/epoch_filter/downstream\\.valid_i_1/O
                         net (fo=1, routed)           0.000     0.785    sch_0/epoch_filter/downstream\\.valid_i_1_n_0
    SLICE_X18Y88         FDRE                                         r  sch_0/epoch_filter/downstream\\.valid_reg/D
  -------------------------------------------------------------------    -------------------

                         (clock sys_clk rise edge)    0.000     0.000 r  <hidden>
    AL25                                              0.000     0.000 r  clk
                         net (fo=0)                   0.000     0.000    clk
    AL25                 IBUF (Prop_ibuf_I_O)         0.380     0.380 r  clk_IBUF_inst/O
                         net (fo=1, estimated)        1.240     1.620    clk_IBUF
    BUFGCTRL_X0Y0        BUFG (Prop_bufg_I_O)         0.030     1.650 r  clk_IBUF_BUFG_inst/O
                         net (fo=16661, estimated)    0.974     2.624    sch_0/epoch_filter/clk_IBUF_BUFG
    SLICE_X18Y88         FDRE                                         r  sch_0/epoch_filter/downstream\\.valid_reg/C

Slack:                    inf
  Source:                 read_req\\.addr[22]
                            (input port)
  Destination:            vector_main_ixc/read_path/master_queue[0].addr_mem_reg_0_3_18_23/RAMC/I
                            (rising edge-triggered cell RAMD32 clocked by sys_clk  {rise@0.000ns fall@2.500ns period=5.000ns})
  Path Group:             (none)
  Path Type:              Hold (Min at Fast Process Corner)
  Data Path Delay:        0.804ns  (logic 0.102ns (12.691%)  route 0.702ns (87.309%))
  Logic Levels:           1  (IBUF=1)
  Clock Path Skew:        2.555ns (DCD - SCD - CPR)
    Destination Clock Delay (DCD):    2.555ns
    Source Clock Delay      (SCD):    0.000ns
    Clock Pessimism Removal (CPR):    -0.000ns

    Location             Delay type                Incr(ns)  Path(ns)    Netlist Resource(s)
  -------------------------------------------------------------------    -------------------
    AH27                                              0.000     0.000 r  read_req\\.addr[22]
                         net (fo=0)                   0.000     0.000    read_req\\.addr[22]
    AH27                 IBUF (Prop_ibuf_I_O)         0.102     0.102 r  master_queue[0].addr_mem_reg_0_3_18_23_i_6/O
                         net (fo=1, estimated)        0.702     0.804    vector_main_ixc/read_path/master_queue[0].addr_mem_reg_0_3_18_23/DIC0
    SLICE_X8Y100         RAMD32                                       r  vector_main_ixc/read_path/master_queue[0].addr_mem_reg_0_3_18_23/RAMC/I
  -------------------------------------------------------------------    -------------------

                         (clock sys_clk rise edge)    0.000     0.000 r  <hidden>
    AL25                                              0.000     0.000 r  clk
                         net (fo=0)                   0.000     0.000    clk
    AL25                 IBUF (Prop_ibuf_I_O)         0.380     0.380 r  clk_IBUF_inst/O
                         net (fo=1, estimated)        1.240     1.620    clk_IBUF
    BUFGCTRL_X0Y0        BUFG (Prop_bufg_I_O)         0.030     1.650 r  clk_IBUF_BUFG_inst/O
                         net (fo=16661, estimated)    0.905     2.555    vector_main_ixc/read_path/master_queue[0].addr_mem_reg_0_3_18_23/WCLK
    SLICE_X8Y100         RAMD32                                       r  vector_main_ixc/read_path/master_queue[0].addr_mem_reg_0_3_18_23/RAMC/CLK

Slack:                    inf
  Source:                 read_req\\.addr[23]
                            (input port)
  Destination:            vector_main_ixc/read_path/master_queue[0].addr_mem_reg_0_3_18_23/RAMC_D1/I
                            (rising edge-triggered cell RAMD32 clocked by sys_clk  {rise@0.000ns fall@2.500ns period=5.000ns})
  Path Group:             (none)
  Path Type:              Hold (Min at Fast Process Corner)
  Data Path Delay:        0.813ns  (logic 0.107ns (13.110%)  route 0.706ns (86.890%))
  Logic Levels:           1  (IBUF=1)
  Clock Path Skew:        2.555ns (DCD - SCD - CPR)
    Destination Clock Delay (DCD):    2.555ns
    Source Clock Delay      (SCD):    0.000ns
    Clock Pessimism Removal (CPR):    -0.000ns

    Location             Delay type                Incr(ns)  Path(ns)    Netlist Resource(s)
  -------------------------------------------------------------------    -------------------
    AJ27                                              0.000     0.000 r  read_req\\.addr[23]
                         net (fo=0)                   0.000     0.000    read_req\\.addr[23]
    AJ27                 IBUF (Prop_ibuf_I_O)         0.107     0.107 r  master_queue[0].addr_mem_reg_0_3_18_23_i_5/O
                         net (fo=1, estimated)        0.706     0.813    vector_main_ixc/read_path/master_queue[0].addr_mem_reg_0_3_18_23/DIC1
    SLICE_X8Y100         RAMD32                                       r  vector_main_ixc/read_path/master_queue[0].addr_mem_reg_0_3_18_23/RAMC_D1/I
  -------------------------------------------------------------------    -------------------

                         (clock sys_clk rise edge)    0.000     0.000 r  <hidden>
    AL25                                              0.000     0.000 r  clk
                         net (fo=0)                   0.000     0.000    clk
    AL25                 IBUF (Prop_ibuf_I_O)         0.380     0.380 r  clk_IBUF_inst/O
                         net (fo=1, estimated)        1.240     1.620    clk_IBUF
    BUFGCTRL_X0Y0        BUFG (Prop_bufg_I_O)         0.030     1.650 r  clk_IBUF_BUFG_inst/O
                         net (fo=16661, estimated)    0.905     2.555    vector_main_ixc/read_path/master_queue[0].addr_mem_reg_0_3_18_23/WCLK
    SLICE_X8Y100         RAMD32                                       r  vector_main_ixc/read_path/master_queue[0].addr_mem_reg_0_3_18_23/RAMC_D1/CLK

Slack:                    inf
  Source:                 rst_n
                            (input port)
  Destination:            sch_0/execute/mul_products_valid_reg/D
                            (rising edge-triggered cell FDRE clocked by sys_clk  {rise@0.000ns fall@2.500ns period=5.000ns})
  Path Group:             (none)
  Path Type:              Hold (Min at Fast Process Corner)
  Data Path Delay:        0.833ns  (logic 0.189ns (22.644%)  route 0.645ns (77.356%))
  Logic Levels:           2  (IBUF=1 LUT3=1)
  Clock Path Skew:        2.618ns (DCD - SCD - CPR)
    Destination Clock Delay (DCD):    2.618ns
    Source Clock Delay      (SCD):    0.000ns
    Clock Pessimism Removal (CPR):    -0.000ns

    Location             Delay type                Incr(ns)  Path(ns)    Netlist Resource(s)
  -------------------------------------------------------------------    -------------------
    AN28                                              0.000     0.000 r  rst_n
                         net (fo=0)                   0.000     0.000    rst_n
    AN28                 IBUF (Prop_ibuf_I_O)         0.161     0.161 r  rst_n_IBUF_inst/O
                         net (fo=185, estimated)      0.645     0.805    sch_0/execute/rst_n_IBUF
    SLICE_X24Y88         LUT3 (Prop_lut3_I1_O)        0.028     0.833 r  sch_0/execute/mul_products_valid_i_1/O
                         net (fo=1, routed)           0.000     0.833    sch_0/execute/mul_products_valid_i_1_n_0
    SLICE_X24Y88         FDRE                                         r  sch_0/execute/mul_products_valid_reg/D
  -------------------------------------------------------------------    -------------------

                         (clock sys_clk rise edge)    0.000     0.000 r  <hidden>
    AL25                                              0.000     0.000 r  clk
                         net (fo=0)                   0.000     0.000    clk
    AL25                 IBUF (Prop_ibuf_I_O)         0.380     0.380 r  clk_IBUF_inst/O
                         net (fo=1, estimated)        1.240     1.620    clk_IBUF
    BUFGCTRL_X0Y0        BUFG (Prop_bufg_I_O)         0.030     1.650 r  clk_IBUF_BUFG_inst/O
                         net (fo=16661, estimated)    0.968     2.618    sch_0/execute/clk_IBUF_BUFG
    SLICE_X24Y88         FDRE                                         r  sch_0/execute/mul_products_valid_reg/C





