Copyright 1986-2022 Xilinx, Inc. All Rights Reserved. Copyright 2022-2026 Advanced Micro Devices, Inc. All Rights Reserved.
---------------------------------------------------------------------------------------------------------------------------------------------
| Tool Version : Vivado v.2026.1 (win64) Build 6511674 Tue Jun 16 11:02:23 MDT 2026
| Date         : Wed Sep 30 21:59:20 2026
| Host         : DESKTOP-2MR89AG running 64-bit major release  (build 9200)
| Command      : report_timing -delay_type max -sort_by slack -max_paths 20 -nworst 1 -file reports/post_place_timing.rpt
| Design       : vector_system
| Device       : 7k480t-ffg1156
| Speed File   : -2  PRODUCTION 1.12 2017-02-17
| Design State : Physopt postPlace
---------------------------------------------------------------------------------------------------------------------------------------------

Timing Report

Slack (VIOLATED) :        -0.157ns  (required time - arrival time)
  Source:                 handshake_join_0/output_skid/out_ch\\.data_reg[241]/C
                            (rising edge-triggered cell FDRE clocked by sys_clk  {rise@0.000ns fall@2.500ns period=5.000ns})
  Destination:            vector_alu_0/lane_out_reg[14][15]/D
                            (rising edge-triggered cell FDRE clocked by sys_clk  {rise@0.000ns fall@2.500ns period=5.000ns})
  Path Group:             sys_clk
  Path Type:              Setup (Max at Slow Process Corner)
  Requirement:            5.000ns  (sys_clk rise@5.000ns - sys_clk rise@0.000ns)
  Data Path Delay:        5.132ns  (logic 2.220ns (43.258%)  route 2.912ns (56.742%))
  Logic Levels:           13  (CARRY4=6 LUT2=2 LUT3=1 LUT4=1 LUT6=3)
  Clock Path Skew:        -0.024ns (DCD - SCD + CPR)
    Destination Clock Delay (DCD):    4.317ns = ( 9.317 - 5.000 ) 
    Source Clock Delay      (SCD):    4.656ns
    Clock Pessimism Removal (CPR):    0.314ns
  Clock Uncertainty:      0.035ns  ((TSJ^2 + TIJ^2)^1/2 + DJ) / 2 + PE
    Total System Jitter     (TSJ):    0.071ns
    Total Input Jitter      (TIJ):    0.000ns
    Discrete Jitter          (DJ):    0.000ns
    Phase Error              (PE):    0.000ns

    Location             Delay type                Incr(ns)  Path(ns)    Netlist Resource(s)
  -------------------------------------------------------------------    -------------------
                         (clock sys_clk rise edge)    0.000     0.000 r  <hidden>
    AL25                                              0.000     0.000 r  clk
                         net (fo=0)                   0.000     0.000    clk
    AL25                 IBUF (Prop_ibuf_I_O)         0.790     0.790 r  clk_IBUF_inst/O
                         net (fo=1, estimated)        2.376     3.166    clk_IBUF
    BUFGCTRL_X0Y0        BUFG (Prop_bufg_I_O)         0.093     3.259 r  clk_IBUF_BUFG_inst/O
                         net (fo=16647, estimated)    1.397     4.656    handshake_join_0/output_skid/clk_IBUF_BUFG
    SLICE_X95Y116        FDRE                                         r  handshake_join_0/output_skid/out_ch\\.data_reg[241]/C
  -------------------------------------------------------------------    -------------------
    SLICE_X95Y116        FDRE (Prop_fdre_C_Q)         0.204     4.860 r  handshake_join_0/output_skid/out_ch\\.data_reg[241]/Q
                         net (fo=44, estimated)       0.522     5.382    handshake_join_0/output_skid/Q[84]
    SLICE_X96Y115        LUT6 (Prop_lut6_I1_O)        0.126     5.508 r  handshake_join_0/output_skid/lane_out_skid[14][6]_i_43/O
                         net (fo=2, estimated)        0.267     5.775    handshake_join_0/output_skid/lane_out_skid[14][6]_i_43_n_0
    SLICE_X97Y116        LUT6 (Prop_lut6_I0_O)        0.043     5.818 r  handshake_join_0/output_skid/lane_out_skid[14][6]_i_47/O
                         net (fo=1, routed)           0.000     5.818    handshake_join_0/output_skid/lane_out_skid[14][6]_i_47_n_0
    SLICE_X97Y116        CARRY4 (Prop_carry4_S[0]_CO[3])
                                                      0.259     6.077 r  handshake_join_0/output_skid/lane_out_skid_reg[14][6]_i_34/CO[3]
                         net (fo=1, estimated)        0.000     6.077    handshake_join_0/output_skid/lane_out_skid_reg[14][6]_i_34_n_0
    SLICE_X97Y117        CARRY4 (Prop_carry4_CI_O[0])
                                                      0.111     6.188 r  handshake_join_0/output_skid/lane_out_skid_reg[14][15]_i_71/O[0]
                         net (fo=1, estimated)        0.272     6.460    handshake_join_0/output_skid/lane_out_skid_reg[14][15]_i_71_n_7
    SLICE_X99Y117        CARRY4 (Prop_carry4_S[0]_O[0])
                                                      0.248     6.708 r  handshake_join_0/output_skid/lane_out_skid_reg[14][15]_i_50/O[0]
                         net (fo=2, estimated)        0.504     7.212    handshake_join_0/output_skid/lane_out_skid_reg[14][15]_i_50_n_7
    SLICE_X99Y114        LUT3 (Prop_lut3_I0_O)        0.133     7.345 r  handshake_join_0/output_skid/lane_out_skid[14][15]_i_41/O
                         net (fo=2, estimated)        0.229     7.574    handshake_join_0/output_skid/lane_out_skid[14][15]_i_41_n_0
    SLICE_X99Y114        CARRY4 (Prop_carry4_DI[1]_CO[3])
                                                      0.343     7.917 r  handshake_join_0/output_skid/lane_out_skid_reg[14][15]_i_15/CO[3]
                         net (fo=1, estimated)        0.000     7.917    handshake_join_0/output_skid/lane_out_skid_reg[14][15]_i_15_n_0
    SLICE_X99Y115        CARRY4 (Prop_carry4_CI_O[0])
                                                      0.111     8.028 r  handshake_join_0/output_skid/lane_out_skid_reg[14][15]_i_10/O[0]
                         net (fo=4, estimated)        0.416     8.444    handshake_join_0/output_skid/lane_out_skid_reg[14][15]_i_10_n_7
    SLICE_X95Y114        LUT2 (Prop_lut2_I0_O)        0.124     8.568 r  handshake_join_0/output_skid/lane_out_skid[14][15]_i_18/O
                         net (fo=1, routed)           0.000     8.568    handshake_join_0/output_skid/lane_out_skid[14][15]_i_18_n_0
    SLICE_X95Y114        CARRY4 (Prop_carry4_S[1]_O[3])
                                                      0.312     8.880 r  handshake_join_0/output_skid/lane_out_skid_reg[14][15]_i_7/O[3]
                         net (fo=1, estimated)        0.312     9.192    handshake_join_0/output_skid/lane_out_skid_reg[14][15]_i_7_n_4
    SLICE_X95Y115        LUT2 (Prop_lut2_I0_O)        0.120     9.312 r  handshake_join_0/output_skid/lane_out_skid[14][15]_i_3/O
                         net (fo=1, estimated)        0.198     9.510    handshake_join_0/output_skid/lane_out_skid[14][15]_i_3_n_0
    SLICE_X94Y117        LUT6 (Prop_lut6_I2_O)        0.043     9.553 r  handshake_join_0/output_skid/lane_out_skid[14][15]_i_1/O
                         net (fo=2, estimated)        0.192     9.745    handshake_join_0/output_skid/out_ch\\.data_reg[388]_rep__0_11[15]
    SLICE_X92Y117        LUT4 (Prop_lut4_I0_O)        0.043     9.788 r  handshake_join_0/output_skid/lane_out[14][15]_i_1/O
                         net (fo=1, routed)           0.000     9.788    vector_alu_0/lane_out_reg[14][15]_8[15]
    SLICE_X92Y117        FDRE                                         r  vector_alu_0/lane_out_reg[14][15]/D
  -------------------------------------------------------------------    -------------------

                         (clock sys_clk rise edge)    5.000     5.000 r  <hidden>
    AL25                                              0.000     5.000 r  clk
                         net (fo=0)                   0.000     5.000    clk
    AL25                 IBUF (Prop_ibuf_I_O)         0.714     5.714 r  clk_IBUF_inst/O
                         net (fo=1, estimated)        2.257     7.971    clk_IBUF
    BUFGCTRL_X0Y0        BUFG (Prop_bufg_I_O)         0.083     8.054 r  clk_IBUF_BUFG_inst/O
                         net (fo=16647, estimated)    1.263     9.317    vector_alu_0/clk_IBUF_BUFG
    SLICE_X92Y117        FDRE                                         r  vector_alu_0/lane_out_reg[14][15]/C
                         clock pessimism              0.314     9.632    <hidden>
                         clock uncertainty           -0.035     9.596    <hidden>
    SLICE_X92Y117        FDRE (Setup_fdre_C_D)        0.034     9.630    vector_alu_0/lane_out_reg[14][15]
  -------------------------------------------------------------------
                         required time                          9.630    <hidden>
                         arrival time                          -9.788    <hidden>
  -------------------------------------------------------------------
                         slack                                 -0.157    <hidden>

Slack (VIOLATED) :        -0.157ns  (required time - arrival time)
  Source:                 handshake_join_0/output_skid/out_ch\\.data_reg[253]/C
                            (rising edge-triggered cell FDRE clocked by sys_clk  {rise@0.000ns fall@2.500ns period=5.000ns})
  Destination:            vector_alu_0/lane_out_reg[15][14]/D
                            (rising edge-triggered cell FDRE clocked by sys_clk  {rise@0.000ns fall@2.500ns period=5.000ns})
  Path Group:             sys_clk
  Path Type:              Setup (Max at Slow Process Corner)
  Requirement:            5.000ns  (sys_clk rise@5.000ns - sys_clk rise@0.000ns)
  Data Path Delay:        5.138ns  (logic 2.161ns (42.059%)  route 2.977ns (57.941%))
  Logic Levels:           14  (CARRY4=6 LUT2=2 LUT3=2 LUT4=1 LUT6=3)
  Clock Path Skew:        -0.050ns (DCD - SCD + CPR)
    Destination Clock Delay (DCD):    4.307ns = ( 9.307 - 5.000 ) 
    Source Clock Delay      (SCD):    4.649ns
    Clock Pessimism Removal (CPR):    0.291ns
  Clock Uncertainty:      0.035ns  ((TSJ^2 + TIJ^2)^1/2 + DJ) / 2 + PE
    Total System Jitter     (TSJ):    0.071ns
    Total Input Jitter      (TIJ):    0.000ns
    Discrete Jitter          (DJ):    0.000ns
    Phase Error              (PE):    0.000ns

    Location             Delay type                Incr(ns)  Path(ns)    Netlist Resource(s)
  -------------------------------------------------------------------    -------------------
                         (clock sys_clk rise edge)    0.000     0.000 r  <hidden>
    AL25                                              0.000     0.000 r  clk
                         net (fo=0)                   0.000     0.000    clk
    AL25                 IBUF (Prop_ibuf_I_O)         0.790     0.790 r  clk_IBUF_inst/O
                         net (fo=1, estimated)        2.376     3.166    clk_IBUF
    BUFGCTRL_X0Y0        BUFG (Prop_bufg_I_O)         0.093     3.259 r  clk_IBUF_BUFG_inst/O
                         net (fo=16647, estimated)    1.390     4.649    handshake_join_0/output_skid/clk_IBUF_BUFG
    SLICE_X85Y117        FDRE                                         r  handshake_join_0/output_skid/out_ch\\.data_reg[253]/C
  -------------------------------------------------------------------    -------------------
    SLICE_X85Y117        FDRE (Prop_fdre_C_Q)         0.204     4.853 r  handshake_join_0/output_skid/out_ch\\.data_reg[253]/Q
                         net (fo=44, estimated)       0.519     5.372    handshake_join_0/output_skid/Q[93]
    SLICE_X85Y118        LUT6 (Prop_lut6_I0_O)        0.123     5.495 r  handshake_join_0/output_skid/lane_out_skid[15][6]_i_40/O
                         net (fo=2, estimated)        0.366     5.861    handshake_join_0/output_skid/lane_out_skid[15][6]_i_40_n_0
    SLICE_X84Y118        LUT6 (Prop_lut6_I0_O)        0.043     5.904 r  handshake_join_0/output_skid/lane_out_skid[15][6]_i_44/O
                         net (fo=1, routed)           0.000     5.904    handshake_join_0/output_skid/lane_out_skid[15][6]_i_44_n_0
    SLICE_X84Y118        CARRY4 (Prop_carry4_S[3]_CO[3])
                                                      0.180     6.084 r  handshake_join_0/output_skid/lane_out_skid_reg[15][6]_i_34/CO[3]
                         net (fo=1, estimated)        0.000     6.084    handshake_join_0/output_skid/lane_out_skid_reg[15][6]_i_34_n_0
    SLICE_X84Y119        CARRY4 (Prop_carry4_CI_O[1])
                                                      0.165     6.249 r  handshake_join_0/output_skid/lane_out_skid_reg[15][15]_i_71/O[1]
                         net (fo=2, estimated)        0.313     6.562    handshake_join_0/output_skid/lane_out_skid_reg[15][15]_i_71_n_6
    SLICE_X82Y119        LUT3 (Prop_lut3_I2_O)        0.125     6.687 r  handshake_join_0/output_skid/lane_out_skid[15][15]_i_75/O
                         net (fo=1, routed)           0.000     6.687    handshake_join_0/output_skid/lane_out_skid[15][15]_i_75_n_0
    SLICE_X82Y119        CARRY4 (Prop_carry4_S[1]_O[2])
                                                      0.278     6.965 r  handshake_join_0/output_skid/lane_out_skid_reg[15][15]_i_50/O[2]
                         net (fo=2, estimated)        0.199     7.164    handshake_join_0/output_skid/lane_out_skid_reg[15][15]_i_50_n_5
    SLICE_X82Y118        LUT3 (Prop_lut3_I0_O)        0.127     7.291 r  handshake_join_0/output_skid/lane_out_skid[15][15]_i_39/O
                         net (fo=2, estimated)        0.282     7.573    handshake_join_0/output_skid/lane_out_skid[15][15]_i_39_n_0
    SLICE_X83Y119        CARRY4 (Prop_carry4_DI[3]_CO[3])
                                                      0.190     7.763 r  handshake_join_0/output_skid/lane_out_skid_reg[15][15]_i_15/CO[3]
                         net (fo=1, estimated)        0.000     7.763    handshake_join_0/output_skid/lane_out_skid_reg[15][15]_i_15_n_0
    SLICE_X83Y120        CARRY4 (Prop_carry4_CI_O[0])
                                                      0.111     7.874 r  handshake_join_0/output_skid/lane_out_skid_reg[15][15]_i_10/O[0]
                         net (fo=4, estimated)        0.494     8.368    handshake_join_0/output_skid/lane_out_skid_reg[15][15]_i_10_n_7
    SLICE_X86Y119        LUT2 (Prop_lut2_I0_O)        0.124     8.492 r  handshake_join_0/output_skid/lane_out_skid[15][15]_i_18/O
                         net (fo=1, routed)           0.000     8.492    handshake_join_0/output_skid/lane_out_skid[15][15]_i_18_n_0
    SLICE_X86Y119        CARRY4 (Prop_carry4_S[1]_O[2])
                                                      0.278     8.770 r  handshake_join_0/output_skid/lane_out_skid_reg[15][15]_i_7/O[2]
                         net (fo=1, estimated)        0.232     9.002    handshake_join_0/output_skid/lane_out_skid_reg[15][15]_i_7_n_5
    SLICE_X87Y120        LUT2 (Prop_lut2_I0_O)        0.127     9.129 r  handshake_join_0/output_skid/lane_out_skid[15][14]_i_3/O
                         net (fo=1, estimated)        0.347     9.476    handshake_join_0/output_skid/lane_out_skid[15][14]_i_3_n_0
    SLICE_X82Y121        LUT6 (Prop_lut6_I2_O)        0.043     9.519 r  handshake_join_0/output_skid/lane_out_skid[15][14]_i_1/O
                         net (fo=2, estimated)        0.225     9.744    handshake_join_0/output_skid/out_ch\\.data_reg[388]_rep__0_12[14]
    SLICE_X82Y121        LUT4 (Prop_lut4_I0_O)        0.043     9.787 r  handshake_join_0/output_skid/lane_out[15][14]_i_1/O
                         net (fo=1, routed)           0.000     9.787    vector_alu_0/lane_out_reg[15][15]_8[14]
    SLICE_X82Y121        FDRE                                         r  vector_alu_0/lane_out_reg[15][14]/D
  -------------------------------------------------------------------    -------------------

                         (clock sys_clk rise edge)    5.000     5.000 r  <hidden>
    AL25                                              0.000     5.000 r  clk
                         net (fo=0)                   0.000     5.000    clk
    AL25                 IBUF (Prop_ibuf_I_O)         0.714     5.714 r  clk_IBUF_inst/O
                         net (fo=1, estimated)        2.257     7.971    clk_IBUF
    BUFGCTRL_X0Y0        BUFG (Prop_bufg_I_O)         0.083     8.054 r  clk_IBUF_BUFG_inst/O
                         net (fo=16647, estimated)    1.253     9.307    vector_alu_0/clk_IBUF_BUFG
    SLICE_X82Y121        FDRE                                         r  vector_alu_0/lane_out_reg[15][14]/C
                         clock pessimism              0.291     9.599    <hidden>
                         clock uncertainty           -0.035     9.563    <hidden>
    SLICE_X82Y121        FDRE (Setup_fdre_C_D)        0.066     9.629    vector_alu_0/lane_out_reg[15][14]
  -------------------------------------------------------------------
                         required time                          9.629    <hidden>
                         arrival time                          -9.787    <hidden>
  -------------------------------------------------------------------
                         slack                                 -0.157    <hidden>

Slack (VIOLATED) :        -0.155ns  (required time - arrival time)
  Source:                 handshake_join_0/output_skid/out_ch\\.data_reg[345]_replica/C
                            (rising edge-triggered cell FDRE clocked by sys_clk  {rise@0.000ns fall@2.500ns period=5.000ns})
  Destination:            vector_alu_0/lane_out_reg[11][14]/D
                            (rising edge-triggered cell FDRE clocked by sys_clk  {rise@0.000ns fall@2.500ns period=5.000ns})
  Path Group:             sys_clk
  Path Type:              Setup (Max at Slow Process Corner)
  Requirement:            5.000ns  (sys_clk rise@5.000ns - sys_clk rise@0.000ns)
  Data Path Delay:        5.112ns  (logic 2.121ns (41.491%)  route 2.991ns (58.509%))
  Logic Levels:           13  (CARRY4=6 LUT2=2 LUT3=1 LUT4=1 LUT6=3)
  Clock Path Skew:        -0.042ns (DCD - SCD + CPR)
    Destination Clock Delay (DCD):    4.319ns = ( 9.319 - 5.000 ) 
    Source Clock Delay      (SCD):    4.653ns
    Clock Pessimism Removal (CPR):    0.291ns
  Clock Uncertainty:      0.035ns  ((TSJ^2 + TIJ^2)^1/2 + DJ) / 2 + PE
    Total System Jitter     (TSJ):    0.071ns
    Total Input Jitter      (TIJ):    0.000ns
    Discrete Jitter          (DJ):    0.000ns
    Phase Error              (PE):    0.000ns

    Location             Delay type                Incr(ns)  Path(ns)    Netlist Resource(s)
  -------------------------------------------------------------------    -------------------
                         (clock sys_clk rise edge)    0.000     0.000 r  <hidden>
    AL25                                              0.000     0.000 r  clk
                         net (fo=0)                   0.000     0.000    clk
    AL25                 IBUF (Prop_ibuf_I_O)         0.790     0.790 r  clk_IBUF_inst/O
                         net (fo=1, estimated)        2.376     3.166    clk_IBUF
    BUFGCTRL_X0Y0        BUFG (Prop_bufg_I_O)         0.093     3.259 r  clk_IBUF_BUFG_inst/O
                         net (fo=16647, estimated)    1.394     4.653    handshake_join_0/output_skid/clk_IBUF_BUFG
    SLICE_X95Y130        FDRE                                         r  handshake_join_0/output_skid/out_ch\\.data_reg[345]_replica/C
  -------------------------------------------------------------------    -------------------
    SLICE_X95Y130        FDRE (Prop_fdre_C_Q)         0.223     4.876 r  handshake_join_0/output_skid/out_ch\\.data_reg[345]_replica/Q
                         net (fo=17, estimated)       0.493     5.369    handshake_join_0/output_skid/Q[162]_repN
    SLICE_X96Y130        LUT6 (Prop_lut6_I2_O)        0.043     5.412 r  handshake_join_0/output_skid/lane_out_skid[11][6]_i_42/O
                         net (fo=2, estimated)        0.265     5.677    handshake_join_0/output_skid/lane_out_skid[11][6]_i_42_n_0
    SLICE_X94Y131        LUT6 (Prop_lut6_I0_O)        0.043     5.720 r  handshake_join_0/output_skid/lane_out_skid[11][6]_i_46/O
                         net (fo=1, routed)           0.000     5.720    handshake_join_0/output_skid/lane_out_skid[11][6]_i_46_n_0
    SLICE_X94Y131        CARRY4 (Prop_carry4_S[1]_CO[3])
                                                      0.256     5.976 r  handshake_join_0/output_skid/lane_out_skid_reg[11][6]_i_34/CO[3]
                         net (fo=1, estimated)        0.000     5.976    handshake_join_0/output_skid/lane_out_skid_reg[11][6]_i_34_n_0
    SLICE_X94Y132        CARRY4 (Prop_carry4_CI_O[0])
                                                      0.108     6.084 r  handshake_join_0/output_skid/lane_out_skid_reg[11][15]_i_71/O[0]
                         net (fo=1, estimated)        0.403     6.487    handshake_join_0/output_skid/lane_out_skid_reg[11][15]_i_71_n_7
    SLICE_X93Y130        CARRY4 (Prop_carry4_S[0]_O[0])
                                                      0.247     6.734 r  handshake_join_0/output_skid/lane_out_skid_reg[11][15]_i_50/O[0]
                         net (fo=2, estimated)        0.402     7.136    handshake_join_0/output_skid/lane_out_skid_reg[11][15]_i_50_n_7
    SLICE_X91Y130        LUT3 (Prop_lut3_I0_O)        0.133     7.269 r  handshake_join_0/output_skid/lane_out_skid[11][15]_i_41/O
                         net (fo=2, estimated)        0.229     7.498    handshake_join_0/output_skid/lane_out_skid[11][15]_i_41_n_0
    SLICE_X91Y130        CARRY4 (Prop_carry4_DI[1]_CO[3])
                                                      0.343     7.841 r  handshake_join_0/output_skid/lane_out_skid_reg[11][15]_i_15/CO[3]
                         net (fo=1, estimated)        0.000     7.841    handshake_join_0/output_skid/lane_out_skid_reg[11][15]_i_15_n_0
    SLICE_X91Y131        CARRY4 (Prop_carry4_CI_O[0])
                                                      0.111     7.952 r  handshake_join_0/output_skid/lane_out_skid_reg[11][15]_i_10/O[0]
                         net (fo=4, estimated)        0.482     8.434    handshake_join_0/output_skid/lane_out_skid_reg[11][15]_i_10_n_7
    SLICE_X99Y130        LUT2 (Prop_lut2_I0_O)        0.124     8.558 r  handshake_join_0/output_skid/lane_out_skid[11][15]_i_18/O
                         net (fo=1, routed)           0.000     8.558    handshake_join_0/output_skid/lane_out_skid[11][15]_i_18_n_0
    SLICE_X99Y130        CARRY4 (Prop_carry4_S[1]_O[2])
                                                      0.282     8.840 r  handshake_join_0/output_skid/lane_out_skid_reg[11][15]_i_7/O[2]
                         net (fo=1, estimated)        0.233     9.073    handshake_join_0/output_skid/lane_out_skid_reg[11][15]_i_7_n_5
    SLICE_X99Y131        LUT2 (Prop_lut2_I0_O)        0.122     9.195 r  handshake_join_0/output_skid/lane_out_skid[11][14]_i_3/O
                         net (fo=1, estimated)        0.196     9.391    handshake_join_0/output_skid/lane_out_skid[11][14]_i_3_n_0
    SLICE_X99Y133        LUT6 (Prop_lut6_I2_O)        0.043     9.434 r  handshake_join_0/output_skid/lane_out_skid[11][14]_i_1/O
                         net (fo=2, estimated)        0.288     9.722    handshake_join_0/output_skid/out_ch\\.data_reg[388]_rep__0_8[14]
    SLICE_X99Y131        LUT4 (Prop_lut4_I0_O)        0.043     9.765 r  handshake_join_0/output_skid/lane_out[11][14]_i_1/O
                         net (fo=1, routed)           0.000     9.765    vector_alu_0/lane_out_reg[11][15]_8[14]
    SLICE_X99Y131        FDRE                                         r  vector_alu_0/lane_out_reg[11][14]/D
  -------------------------------------------------------------------    -------------------

                         (clock sys_clk rise edge)    5.000     5.000 r  <hidden>
    AL25                                              0.000     5.000 r  clk
                         net (fo=0)                   0.000     5.000    clk
    AL25                 IBUF (Prop_ibuf_I_O)         0.714     5.714 r  clk_IBUF_inst/O
                         net (fo=1, estimated)        2.257     7.971    clk_IBUF
    BUFGCTRL_X0Y0        BUFG (Prop_bufg_I_O)         0.083     8.054 r  clk_IBUF_BUFG_inst/O
                         net (fo=16647, estimated)    1.265     9.319    vector_alu_0/clk_IBUF_BUFG
    SLICE_X99Y131        FDRE                                         r  vector_alu_0/lane_out_reg[11][14]/C
                         clock pessimism              0.291     9.611    <hidden>
                         clock uncertainty           -0.035     9.575    <hidden>
    SLICE_X99Y131        FDRE (Setup_fdre_C_D)        0.034     9.609    vector_alu_0/lane_out_reg[11][14]
  -------------------------------------------------------------------
                         required time                          9.609    <hidden>
                         arrival time                          -9.765    <hidden>
  -------------------------------------------------------------------
                         slack                                 -0.155    <hidden>

Slack (VIOLATED) :        -0.153ns  (required time - arrival time)
  Source:                 handshake_join_0/output_skid/out_ch\\.data_reg[186]/C
                            (rising edge-triggered cell FDRE clocked by sys_clk  {rise@0.000ns fall@2.500ns period=5.000ns})
  Destination:            vector_alu_0/lane_out_skid_reg[7][14]/D
                            (rising edge-triggered cell FDRE clocked by sys_clk  {rise@0.000ns fall@2.500ns period=5.000ns})
  Path Group:             sys_clk
  Path Type:              Setup (Max at Slow Process Corner)
  Requirement:            5.000ns  (sys_clk rise@5.000ns - sys_clk rise@0.000ns)
  Data Path Delay:        5.068ns  (logic 2.089ns (41.219%)  route 2.979ns (58.781%))
  Logic Levels:           12  (CARRY4=6 LUT2=2 LUT3=1 LUT6=3)
  Clock Path Skew:        -0.019ns (DCD - SCD + CPR)
    Destination Clock Delay (DCD):    4.380ns = ( 9.380 - 5.000 ) 
    Source Clock Delay      (SCD):    4.715ns
    Clock Pessimism Removal (CPR):    0.315ns
  Clock Uncertainty:      0.035ns  ((TSJ^2 + TIJ^2)^1/2 + DJ) / 2 + PE
    Total System Jitter     (TSJ):    0.071ns
    Total Input Jitter      (TIJ):    0.000ns
    Discrete Jitter          (DJ):    0.000ns
    Phase Error              (PE):    0.000ns

    Location             Delay type                Incr(ns)  Path(ns)    Netlist Resource(s)
  -------------------------------------------------------------------    -------------------
                         (clock sys_clk rise edge)    0.000     0.000 r  <hidden>
    AL25                                              0.000     0.000 r  clk
                         net (fo=0)                   0.000     0.000    clk
    AL25                 IBUF (Prop_ibuf_I_O)         0.790     0.790 r  clk_IBUF_inst/O
                         net (fo=1, estimated)        2.376     3.166    clk_IBUF
    BUFGCTRL_X0Y0        BUFG (Prop_bufg_I_O)         0.093     3.259 r  clk_IBUF_BUFG_inst/O
                         net (fo=16647, estimated)    1.456     4.715    handshake_join_0/output_skid/clk_IBUF_BUFG
    SLICE_X49Y130        FDRE                                         r  handshake_join_0/output_skid/out_ch\\.data_reg[186]/C
  -------------------------------------------------------------------    -------------------
    SLICE_X49Y130        FDRE (Prop_fdre_C_Q)         0.223     4.938 r  handshake_join_0/output_skid/out_ch\\.data_reg[186]/Q
                         net (fo=37, estimated)       0.602     5.540    handshake_join_0/output_skid/handshake_join_0__out_ch__data[186]
    SLICE_X51Y131        LUT6 (Prop_lut6_I1_O)        0.043     5.583 r  handshake_join_0/output_skid/lane_out_skid[7][6]_i_42/O
                         net (fo=2, estimated)        0.344     5.927    handshake_join_0/output_skid/lane_out_skid[7][6]_i_42_n_0
    SLICE_X47Y131        LUT6 (Prop_lut6_I0_O)        0.043     5.970 r  handshake_join_0/output_skid/lane_out_skid[7][6]_i_46/O
                         net (fo=1, routed)           0.000     5.970    handshake_join_0/output_skid/lane_out_skid[7][6]_i_46_n_0
    SLICE_X47Y131        CARRY4 (Prop_carry4_S[1]_CO[3])
                                                      0.267     6.237 r  handshake_join_0/output_skid/lane_out_skid_reg[7][6]_i_34/CO[3]
                         net (fo=1, estimated)        0.000     6.237    handshake_join_0/output_skid/lane_out_skid_reg[7][6]_i_34_n_0
    SLICE_X47Y132        CARRY4 (Prop_carry4_CI_O[0])
                                                      0.111     6.348 r  handshake_join_0/output_skid/lane_out_skid_reg[7][15]_i_71/O[0]
                         net (fo=1, estimated)        0.271     6.619    handshake_join_0/output_skid/lane_out_skid_reg[7][15]_i_71_n_7
    SLICE_X45Y133        CARRY4 (Prop_carry4_S[0]_O[0])
                                                      0.248     6.867 r  handshake_join_0/output_skid/lane_out_skid_reg[7][15]_i_50/O[0]
                         net (fo=2, estimated)        0.424     7.291    handshake_join_0/output_skid/lane_out_skid_reg[7][15]_i_50_n_7
    SLICE_X46Y132        LUT3 (Prop_lut3_I0_O)        0.132     7.423 r  handshake_join_0/output_skid/lane_out_skid[7][15]_i_41/O
                         net (fo=2, estimated)        0.228     7.651    handshake_join_0/output_skid/lane_out_skid[7][15]_i_41_n_0
    SLICE_X46Y132        CARRY4 (Prop_carry4_DI[1]_CO[3])
                                                      0.344     7.995 r  handshake_join_0/output_skid/lane_out_skid_reg[7][15]_i_15/CO[3]
                         net (fo=1, estimated)        0.000     7.995    handshake_join_0/output_skid/lane_out_skid_reg[7][15]_i_15_n_0
    SLICE_X46Y133        CARRY4 (Prop_carry4_CI_O[0])
                                                      0.108     8.103 r  handshake_join_0/output_skid/lane_out_skid_reg[7][15]_i_10/O[0]
                         net (fo=4, estimated)        0.377     8.480    handshake_join_0/output_skid/lane_out_skid_reg[7][15]_i_10_n_7
    SLICE_X45Y132        LUT2 (Prop_lut2_I0_O)        0.123     8.603 r  handshake_join_0/output_skid/lane_out_skid[7][15]_i_18/O
                         net (fo=1, routed)           0.000     8.603    handshake_join_0/output_skid/lane_out_skid[7][15]_i_18_n_0
    SLICE_X45Y132        CARRY4 (Prop_carry4_S[1]_O[2])
                                                      0.282     8.885 r  handshake_join_0/output_skid/lane_out_skid_reg[7][15]_i_7/O[2]
                         net (fo=1, estimated)        0.327     9.212    handshake_join_0/output_skid/lane_out_skid_reg[7][15]_i_7_n_5
    SLICE_X47Y133        LUT2 (Prop_lut2_I0_O)        0.122     9.334 r  handshake_join_0/output_skid/lane_out_skid[7][14]_i_3/O
                         net (fo=1, estimated)        0.178     9.512    handshake_join_0/output_skid/lane_out_skid[7][14]_i_3_n_0
    SLICE_X47Y134        LUT6 (Prop_lut6_I2_O)        0.043     9.555 r  handshake_join_0/output_skid/lane_out_skid[7][14]_i_1/O
                         net (fo=2, estimated)        0.228     9.783    vector_alu_0/lane_out_skid_reg[7][15]_1[14]
    SLICE_X47Y134        FDRE                                         r  vector_alu_0/lane_out_skid_reg[7][14]/D
  -------------------------------------------------------------------    -------------------

                         (clock sys_clk rise edge)    5.000     5.000 r  <hidden>
    AL25                                              0.000     5.000 r  clk
                         net (fo=0)                   0.000     5.000    clk
    AL25                 IBUF (Prop_ibuf_I_O)         0.714     5.714 r  clk_IBUF_inst/O
                         net (fo=1, estimated)        2.257     7.971    clk_IBUF
    BUFGCTRL_X0Y0        BUFG (Prop_bufg_I_O)         0.083     8.054 r  clk_IBUF_BUFG_inst/O
                         net (fo=16647, estimated)    1.326     9.380    vector_alu_0/clk_IBUF_BUFG
    SLICE_X47Y134        FDRE                                         r  vector_alu_0/lane_out_skid_reg[7][14]/C
                         clock pessimism              0.315     9.696    <hidden>
                         clock uncertainty           -0.035     9.660    <hidden>
    SLICE_X47Y134        FDRE (Setup_fdre_C_D)       -0.031     9.629    vector_alu_0/lane_out_skid_reg[7][14]
  -------------------------------------------------------------------
                         required time                          9.629    <hidden>
                         arrival time                          -9.783    <hidden>
  -------------------------------------------------------------------
                         slack                                 -0.153    <hidden>

Slack (VIOLATED) :        -0.147ns  (required time - arrival time)
  Source:                 handshake_join_0/output_skid/out_ch\\.data_reg[253]/C
                            (rising edge-triggered cell FDRE clocked by sys_clk  {rise@0.000ns fall@2.500ns period=5.000ns})
  Destination:            vector_alu_0/lane_out_reg[15][15]/D
                            (rising edge-triggered cell FDRE clocked by sys_clk  {rise@0.000ns fall@2.500ns period=5.000ns})
  Path Group:             sys_clk
  Path Type:              Setup (Max at Slow Process Corner)
  Requirement:            5.000ns  (sys_clk rise@5.000ns - sys_clk rise@0.000ns)
  Data Path Delay:        5.127ns  (logic 2.184ns (42.598%)  route 2.943ns (57.402%))
  Logic Levels:           14  (CARRY4=6 LUT2=2 LUT3=2 LUT4=1 LUT6=3)
  Clock Path Skew:        -0.051ns (DCD - SCD + CPR)
    Destination Clock Delay (DCD):    4.306ns = ( 9.306 - 5.000 ) 
    Source Clock Delay      (SCD):    4.649ns
    Clock Pessimism Removal (CPR):    0.291ns
  Clock Uncertainty:      0.035ns  ((TSJ^2 + TIJ^2)^1/2 + DJ) / 2 + PE
    Total System Jitter     (TSJ):    0.071ns
    Total Input Jitter      (TIJ):    0.000ns
    Discrete Jitter          (DJ):    0.000ns
    Phase Error              (PE):    0.000ns

    Location             Delay type                Incr(ns)  Path(ns)    Netlist Resource(s)
  -------------------------------------------------------------------    -------------------
                         (clock sys_clk rise edge)    0.000     0.000 r  <hidden>
    AL25                                              0.000     0.000 r  clk
                         net (fo=0)                   0.000     0.000    clk
    AL25                 IBUF (Prop_ibuf_I_O)         0.790     0.790 r  clk_IBUF_inst/O
                         net (fo=1, estimated)        2.376     3.166    clk_IBUF
    BUFGCTRL_X0Y0        BUFG (Prop_bufg_I_O)         0.093     3.259 r  clk_IBUF_BUFG_inst/O
                         net (fo=16647, estimated)    1.390     4.649    handshake_join_0/output_skid/clk_IBUF_BUFG
    SLICE_X85Y117        FDRE                                         r  handshake_join_0/output_skid/out_ch\\.data_reg[253]/C
  -------------------------------------------------------------------    -------------------
    SLICE_X85Y117        FDRE (Prop_fdre_C_Q)         0.204     4.853 r  handshake_join_0/output_skid/out_ch\\.data_reg[253]/Q
                         net (fo=44, estimated)       0.519     5.372    handshake_join_0/output_skid/Q[93]
    SLICE_X85Y118        LUT6 (Prop_lut6_I0_O)        0.123     5.495 r  handshake_join_0/output_skid/lane_out_skid[15][6]_i_40/O
                         net (fo=2, estimated)        0.366     5.861    handshake_join_0/output_skid/lane_out_skid[15][6]_i_40_n_0
    SLICE_X84Y118        LUT6 (Prop_lut6_I0_O)        0.043     5.904 r  handshake_join_0/output_skid/lane_out_skid[15][6]_i_44/O
                         net (fo=1, routed)           0.000     5.904    handshake_join_0/output_skid/lane_out_skid[15][6]_i_44_n_0
    SLICE_X84Y118        CARRY4 (Prop_carry4_S[3]_CO[3])
                                                      0.180     6.084 r  handshake_join_0/output_skid/lane_out_skid_reg[15][6]_i_34/CO[3]
                         net (fo=1, estimated)        0.000     6.084    handshake_join_0/output_skid/lane_out_skid_reg[15][6]_i_34_n_0
    SLICE_X84Y119        CARRY4 (Prop_carry4_CI_O[1])
                                                      0.165     6.249 r  handshake_join_0/output_skid/lane_out_skid_reg[15][15]_i_71/O[1]
                         net (fo=2, estimated)        0.313     6.562    handshake_join_0/output_skid/lane_out_skid_reg[15][15]_i_71_n_6
    SLICE_X82Y119        LUT3 (Prop_lut3_I2_O)        0.125     6.687 r  handshake_join_0/output_skid/lane_out_skid[15][15]_i_75/O
                         net (fo=1, routed)           0.000     6.687    handshake_join_0/output_skid/lane_out_skid[15][15]_i_75_n_0
    SLICE_X82Y119        CARRY4 (Prop_carry4_S[1]_O[2])
                                                      0.278     6.965 r  handshake_join_0/output_skid/lane_out_skid_reg[15][15]_i_50/O[2]
                         net (fo=2, estimated)        0.199     7.164    handshake_join_0/output_skid/lane_out_skid_reg[15][15]_i_50_n_5
    SLICE_X82Y118        LUT3 (Prop_lut3_I0_O)        0.127     7.291 r  handshake_join_0/output_skid/lane_out_skid[15][15]_i_39/O
                         net (fo=2, estimated)        0.282     7.573    handshake_join_0/output_skid/lane_out_skid[15][15]_i_39_n_0
    SLICE_X83Y119        CARRY4 (Prop_carry4_DI[3]_CO[3])
                                                      0.190     7.763 r  handshake_join_0/output_skid/lane_out_skid_reg[15][15]_i_15/CO[3]
                         net (fo=1, estimated)        0.000     7.763    handshake_join_0/output_skid/lane_out_skid_reg[15][15]_i_15_n_0
    SLICE_X83Y120        CARRY4 (Prop_carry4_CI_O[0])
                                                      0.111     7.874 r  handshake_join_0/output_skid/lane_out_skid_reg[15][15]_i_10/O[0]
                         net (fo=4, estimated)        0.494     8.368    handshake_join_0/output_skid/lane_out_skid_reg[15][15]_i_10_n_7
    SLICE_X86Y119        LUT2 (Prop_lut2_I0_O)        0.124     8.492 r  handshake_join_0/output_skid/lane_out_skid[15][15]_i_18/O
                         net (fo=1, routed)           0.000     8.492    handshake_join_0/output_skid/lane_out_skid[15][15]_i_18_n_0
    SLICE_X86Y119        CARRY4 (Prop_carry4_S[1]_O[3])
                                                      0.308     8.800 r  handshake_join_0/output_skid/lane_out_skid_reg[15][15]_i_7/O[3]
                         net (fo=1, estimated)        0.474     9.274    handshake_join_0/output_skid/lane_out_skid_reg[15][15]_i_7_n_4
    SLICE_X83Y121        LUT2 (Prop_lut2_I0_O)        0.120     9.394 r  handshake_join_0/output_skid/lane_out_skid[15][15]_i_3/O
                         net (fo=1, estimated)        0.097     9.491    handshake_join_0/output_skid/lane_out_skid[15][15]_i_3_n_0
    SLICE_X83Y121        LUT6 (Prop_lut6_I2_O)        0.043     9.534 r  handshake_join_0/output_skid/lane_out_skid[15][15]_i_1/O
                         net (fo=2, estimated)        0.199     9.733    handshake_join_0/output_skid/out_ch\\.data_reg[388]_rep__0_12[15]
    SLICE_X82Y122        LUT4 (Prop_lut4_I0_O)        0.043     9.776 r  handshake_join_0/output_skid/lane_out[15][15]_i_1/O
                         net (fo=1, routed)           0.000     9.776    vector_alu_0/lane_out_reg[15][15]_8[15]
    SLICE_X82Y122        FDRE                                         r  vector_alu_0/lane_out_reg[15][15]/D
  -------------------------------------------------------------------    -------------------

                         (clock sys_clk rise edge)    5.000     5.000 r  <hidden>
    AL25                                              0.000     5.000 r  clk
                         net (fo=0)                   0.000     5.000    clk
    AL25                 IBUF (Prop_ibuf_I_O)         0.714     5.714 r  clk_IBUF_inst/O
                         net (fo=1, estimated)        2.257     7.971    clk_IBUF
    BUFGCTRL_X0Y0        BUFG (Prop_bufg_I_O)         0.083     8.054 r  clk_IBUF_BUFG_inst/O
                         net (fo=16647, estimated)    1.252     9.306    vector_alu_0/clk_IBUF_BUFG
    SLICE_X82Y122        FDRE                                         r  vector_alu_0/lane_out_reg[15][15]/C
                         clock pessimism              0.291     9.598    <hidden>
                         clock uncertainty           -0.035     9.562    <hidden>
    SLICE_X82Y122        FDRE (Setup_fdre_C_D)        0.066     9.628    vector_alu_0/lane_out_reg[15][15]
  -------------------------------------------------------------------
                         required time                          9.628    <hidden>
                         arrival time                          -9.776    <hidden>
  -------------------------------------------------------------------
                         slack                                 -0.147    <hidden>

Slack (VIOLATED) :        -0.146ns  (required time - arrival time)
  Source:                 handshake_join_0/output_skid/out_ch\\.data_reg[213]/C
                            (rising edge-triggered cell FDRE clocked by sys_clk  {rise@0.000ns fall@2.500ns period=5.000ns})
  Destination:            vector_alu_0/lane_out_reg[10][14]/D
                            (rising edge-triggered cell FDRE clocked by sys_clk  {rise@0.000ns fall@2.500ns period=5.000ns})
  Path Group:             sys_clk
  Path Type:              Setup (Max at Slow Process Corner)
  Requirement:            5.000ns  (sys_clk rise@5.000ns - sys_clk rise@0.000ns)
  Data Path Delay:        5.094ns  (logic 2.145ns (42.108%)  route 2.949ns (57.892%))
  Logic Levels:           14  (CARRY4=5 LUT2=2 LUT3=2 LUT4=2 LUT6=3)
  Clock Path Skew:        -0.051ns (DCD - SCD + CPR)
    Destination Clock Delay (DCD):    4.308ns = ( 9.308 - 5.000 ) 
    Source Clock Delay      (SCD):    4.651ns
    Clock Pessimism Removal (CPR):    0.291ns
  Clock Uncertainty:      0.035ns  ((TSJ^2 + TIJ^2)^1/2 + DJ) / 2 + PE
    Total System Jitter     (TSJ):    0.071ns
    Total Input Jitter      (TIJ):    0.000ns
    Discrete Jitter          (DJ):    0.000ns
    Phase Error              (PE):    0.000ns

    Location             Delay type                Incr(ns)  Path(ns)    Netlist Resource(s)
  -------------------------------------------------------------------    -------------------
                         (clock sys_clk rise edge)    0.000     0.000 r  <hidden>
    AL25                                              0.000     0.000 r  clk
                         net (fo=0)                   0.000     0.000    clk
    AL25                 IBUF (Prop_ibuf_I_O)         0.790     0.790 r  clk_IBUF_inst/O
                         net (fo=1, estimated)        2.376     3.166    clk_IBUF
    BUFGCTRL_X0Y0        BUFG (Prop_bufg_I_O)         0.093     3.259 r  clk_IBUF_BUFG_inst/O
                         net (fo=16647, estimated)    1.392     4.651    handshake_join_0/output_skid/clk_IBUF_BUFG
    SLICE_X83Y115        FDRE                                         r  handshake_join_0/output_skid/out_ch\\.data_reg[213]/C
  -------------------------------------------------------------------    -------------------
    SLICE_X83Y115        FDRE (Prop_fdre_C_Q)         0.204     4.855 r  handshake_join_0/output_skid/out_ch\\.data_reg[213]/Q
                         net (fo=44, estimated)       0.543     5.398    handshake_join_0/output_skid/Q[63]
    SLICE_X83Y115        LUT6 (Prop_lut6_I0_O)        0.126     5.524 r  handshake_join_0/output_skid/lane_out_skid[10][6]_i_40/O
                         net (fo=2, estimated)        0.283     5.807    handshake_join_0/output_skid/lane_out_skid[10][6]_i_40_n_0
    SLICE_X82Y115        LUT6 (Prop_lut6_I0_O)        0.043     5.850 r  handshake_join_0/output_skid/lane_out_skid[10][6]_i_44/O
                         net (fo=1, routed)           0.000     5.850    handshake_join_0/output_skid/lane_out_skid[10][6]_i_44_n_0
    SLICE_X82Y115        CARRY4 (Prop_carry4_S[3]_CO[3])
                                                      0.180     6.030 r  handshake_join_0/output_skid/lane_out_skid_reg[10][6]_i_34/CO[3]
                         net (fo=1, estimated)        0.000     6.030    handshake_join_0/output_skid/lane_out_skid_reg[10][6]_i_34_n_0
    SLICE_X82Y116        CARRY4 (Prop_carry4_CI_O[1])
                                                      0.165     6.195 r  handshake_join_0/output_skid/lane_out_skid_reg[10][15]_i_71/O[1]
                         net (fo=2, estimated)        0.421     6.616    handshake_join_0/output_skid/lane_out_skid_reg[10][15]_i_71_n_6
    SLICE_X82Y124        LUT3 (Prop_lut3_I2_O)        0.125     6.741 r  handshake_join_0/output_skid/lane_out_skid[10][15]_i_75/O
                         net (fo=1, routed)           0.000     6.741    handshake_join_0/output_skid/lane_out_skid[10][15]_i_75_n_0
    SLICE_X82Y124        CARRY4 (Prop_carry4_S[1]_O[3])
                                                      0.308     7.049 r  handshake_join_0/output_skid/lane_out_skid_reg[10][15]_i_50/O[3]
                         net (fo=2, estimated)        0.291     7.340    handshake_join_0/output_skid/lane_out_skid_reg[10][15]_i_50_n_4
    SLICE_X84Y124        LUT3 (Prop_lut3_I0_O)        0.120     7.460 r  handshake_join_0/output_skid/lane_out_skid[10][15]_i_30/O
                         net (fo=2, estimated)        0.293     7.753    handshake_join_0/output_skid/lane_out_skid[10][15]_i_30_n_0
    SLICE_X83Y124        LUT4 (Prop_lut4_I3_O)        0.043     7.796 r  handshake_join_0/output_skid/lane_out_skid[10][15]_i_34/O
                         net (fo=1, routed)           0.000     7.796    handshake_join_0/output_skid/lane_out_skid[10][15]_i_34_n_0
    SLICE_X83Y124        CARRY4 (Prop_carry4_S[0]_O[1])
                                                      0.218     8.014 r  handshake_join_0/output_skid/lane_out_skid_reg[10][15]_i_10/O[1]
                         net (fo=4, estimated)        0.294     8.308    handshake_join_0/output_skid/lane_out_skid_reg[10][15]_i_10_n_6
    SLICE_X85Y125        LUT2 (Prop_lut2_I1_O)        0.123     8.431 r  handshake_join_0/output_skid/lane_out_skid[10][15]_i_18/O
                         net (fo=1, routed)           0.000     8.431    handshake_join_0/output_skid/lane_out_skid[10][15]_i_18_n_0
    SLICE_X85Y125        CARRY4 (Prop_carry4_S[1]_O[2])
                                                      0.282     8.713 r  handshake_join_0/output_skid/lane_out_skid_reg[10][15]_i_7/O[2]
                         net (fo=1, estimated)        0.446     9.159    handshake_join_0/output_skid/lane_out_skid_reg[10][15]_i_7_n_5
    SLICE_X79Y122        LUT2 (Prop_lut2_I0_O)        0.122     9.281 r  handshake_join_0/output_skid/lane_out_skid[10][14]_i_3/O
                         net (fo=1, estimated)        0.185     9.466    handshake_join_0/output_skid/lane_out_skid[10][14]_i_3_n_0
    SLICE_X78Y121        LUT6 (Prop_lut6_I2_O)        0.043     9.509 r  handshake_join_0/output_skid/lane_out_skid[10][14]_i_1/O
                         net (fo=2, estimated)        0.193     9.702    handshake_join_0/output_skid/out_ch\\.data_reg[388]_rep__0_7[14]
    SLICE_X77Y121        LUT4 (Prop_lut4_I0_O)        0.043     9.745 r  handshake_join_0/output_skid/lane_out[10][14]_i_1/O
                         net (fo=1, routed)           0.000     9.745    vector_alu_0/lane_out_reg[10][15]_8[14]
    SLICE_X77Y121        FDRE                                         r  vector_alu_0/lane_out_reg[10][14]/D
  -------------------------------------------------------------------    -------------------

                         (clock sys_clk rise edge)    5.000     5.000 r  <hidden>
    AL25                                              0.000     5.000 r  clk
                         net (fo=0)                   0.000     5.000    clk
    AL25                 IBUF (Prop_ibuf_I_O)         0.714     5.714 r  clk_IBUF_inst/O
                         net (fo=1, estimated)        2.257     7.971    clk_IBUF
    BUFGCTRL_X0Y0        BUFG (Prop_bufg_I_O)         0.083     8.054 r  clk_IBUF_BUFG_inst/O
                         net (fo=16647, estimated)    1.254     9.308    vector_alu_0/clk_IBUF_BUFG
    SLICE_X77Y121        FDRE                                         r  vector_alu_0/lane_out_reg[10][14]/C
                         clock pessimism              0.291     9.600    <hidden>
                         clock uncertainty           -0.035     9.564    <hidden>
    SLICE_X77Y121        FDRE (Setup_fdre_C_D)        0.034     9.598    vector_alu_0/lane_out_reg[10][14]
  -------------------------------------------------------------------
                         required time                          9.598    <hidden>
                         arrival time                          -9.745    <hidden>
  -------------------------------------------------------------------
                         slack                                 -0.146    <hidden>

Slack (VIOLATED) :        -0.146ns  (required time - arrival time)
  Source:                 handshake_join_0/output_skid/out_ch\\.data_reg[139]/C
                            (rising edge-triggered cell FDRE clocked by sys_clk  {rise@0.000ns fall@2.500ns period=5.000ns})
  Destination:            vector_alu_0/lane_out_reg[1][15]/D
                            (rising edge-triggered cell FDRE clocked by sys_clk  {rise@0.000ns fall@2.500ns period=5.000ns})
  Path Group:             sys_clk
  Path Type:              Setup (Max at Slow Process Corner)
  Requirement:            5.000ns  (sys_clk rise@5.000ns - sys_clk rise@0.000ns)
  Data Path Delay:        5.090ns  (logic 2.210ns (43.418%)  route 2.880ns (56.582%))
  Logic Levels:           13  (CARRY4=6 LUT2=2 LUT3=1 LUT4=1 LUT6=3)
  Clock Path Skew:        -0.054ns (DCD - SCD + CPR)
    Destination Clock Delay (DCD):    4.441ns = ( 9.441 - 5.000 ) 
    Source Clock Delay      (SCD):    4.787ns
    Clock Pessimism Removal (CPR):    0.291ns
  Clock Uncertainty:      0.035ns  ((TSJ^2 + TIJ^2)^1/2 + DJ) / 2 + PE
    Total System Jitter     (TSJ):    0.071ns
    Total Input Jitter      (TIJ):    0.000ns
    Discrete Jitter          (DJ):    0.000ns
    Phase Error              (PE):    0.000ns

    Location             Delay type                Incr(ns)  Path(ns)    Netlist Resource(s)
  -------------------------------------------------------------------    -------------------
                         (clock sys_clk rise edge)    0.000     0.000 r  <hidden>
    AL25                                              0.000     0.000 r  clk
                         net (fo=0)                   0.000     0.000    clk
    AL25                 IBUF (Prop_ibuf_I_O)         0.790     0.790 r  clk_IBUF_inst/O
                         net (fo=1, estimated)        2.376     3.166    clk_IBUF
    BUFGCTRL_X0Y0        BUFG (Prop_bufg_I_O)         0.093     3.259 r  clk_IBUF_BUFG_inst/O
                         net (fo=16647, estimated)    1.528     4.787    handshake_join_0/output_skid/clk_IBUF_BUFG
    SLICE_X29Y108        FDRE                                         r  handshake_join_0/output_skid/out_ch\\.data_reg[139]/C
  -------------------------------------------------------------------    -------------------
    SLICE_X29Y108        FDRE (Prop_fdre_C_Q)         0.204     4.991 r  handshake_join_0/output_skid/out_ch\\.data_reg[139]/Q
                         net (fo=43, estimated)       0.511     5.502    handshake_join_0/output_skid/Q[7]
    SLICE_X27Y108        LUT6 (Prop_lut6_I1_O)        0.126     5.628 r  handshake_join_0/output_skid/lane_out_skid[1][6]_i_41/O
                         net (fo=2, estimated)        0.420     6.048    handshake_join_0/output_skid/lane_out_skid[1][6]_i_41_n_0
    SLICE_X29Y110        LUT6 (Prop_lut6_I0_O)        0.043     6.091 r  handshake_join_0/output_skid/lane_out_skid[1][6]_i_45/O
                         net (fo=1, routed)           0.000     6.091    handshake_join_0/output_skid/lane_out_skid[1][6]_i_45_n_0
    SLICE_X29Y110        CARRY4 (Prop_carry4_S[2]_CO[3])
                                                      0.195     6.286 r  handshake_join_0/output_skid/lane_out_skid_reg[1][6]_i_34/CO[3]
                         net (fo=1, estimated)        0.000     6.286    handshake_join_0/output_skid/lane_out_skid_reg[1][6]_i_34_n_0
    SLICE_X29Y111        CARRY4 (Prop_carry4_CI_O[0])
                                                      0.111     6.397 r  handshake_join_0/output_skid/lane_out_skid_reg[1][15]_i_71/O[0]
                         net (fo=1, estimated)        0.272     6.669    handshake_join_0/output_skid/lane_out_skid_reg[1][15]_i_71_n_7
    SLICE_X31Y111        CARRY4 (Prop_carry4_S[0]_O[0])
                                                      0.248     6.917 r  handshake_join_0/output_skid/lane_out_skid_reg[1][15]_i_50/O[0]
                         net (fo=2, estimated)        0.405     7.322    handshake_join_0/output_skid/lane_out_skid_reg[1][15]_i_50_n_7
    SLICE_X27Y111        LUT3 (Prop_lut3_I0_O)        0.133     7.455 r  handshake_join_0/output_skid/lane_out_skid[1][15]_i_41/O
                         net (fo=2, estimated)        0.229     7.684    handshake_join_0/output_skid/lane_out_skid[1][15]_i_41_n_0
    SLICE_X27Y111        CARRY4 (Prop_carry4_DI[1]_CO[3])
                                                      0.343     8.027 r  handshake_join_0/output_skid/lane_out_skid_reg[1][15]_i_15/CO[3]
                         net (fo=1, estimated)        0.000     8.027    handshake_join_0/output_skid/lane_out_skid_reg[1][15]_i_15_n_0
    SLICE_X27Y112        CARRY4 (Prop_carry4_CI_O[1])
                                                      0.166     8.193 r  handshake_join_0/output_skid/lane_out_skid_reg[1][15]_i_10/O[1]
                         net (fo=4, estimated)        0.332     8.525    handshake_join_0/output_skid/lane_out_skid_reg[1][15]_i_10_n_6
    SLICE_X30Y112        LUT2 (Prop_lut2_I1_O)        0.123     8.648 r  handshake_join_0/output_skid/lane_out_skid[1][15]_i_18/O
                         net (fo=1, routed)           0.000     8.648    handshake_join_0/output_skid/lane_out_skid[1][15]_i_18_n_0
    SLICE_X30Y112        CARRY4 (Prop_carry4_S[1]_O[3])
                                                      0.312     8.960 r  handshake_join_0/output_skid/lane_out_skid_reg[1][15]_i_7/O[3]
                         net (fo=1, estimated)        0.331     9.291    handshake_join_0/output_skid/lane_out_skid_reg[1][15]_i_7_n_4
    SLICE_X31Y115        LUT2 (Prop_lut2_I0_O)        0.120     9.411 r  handshake_join_0/output_skid/lane_out_skid[1][15]_i_3/O
                         net (fo=1, estimated)        0.096     9.507    handshake_join_0/output_skid/lane_out_skid[1][15]_i_3_n_0
    SLICE_X31Y115        LUT6 (Prop_lut6_I2_O)        0.043     9.550 r  handshake_join_0/output_skid/lane_out_skid[1][15]_i_1/O
                         net (fo=2, estimated)        0.284     9.834    handshake_join_0/output_skid/out_ch\\.data_reg[388]_rep_1[15]
    SLICE_X25Y115        LUT4 (Prop_lut4_I0_O)        0.043     9.877 r  handshake_join_0/output_skid/lane_out[1][15]_i_1/O
                         net (fo=1, routed)           0.000     9.877    vector_alu_0/lane_out_reg[1][15]_8[15]
    SLICE_X25Y115        FDRE                                         r  vector_alu_0/lane_out_reg[1][15]/D
  -------------------------------------------------------------------    -------------------

                         (clock sys_clk rise edge)    5.000     5.000 r  <hidden>
    AL25                                              0.000     5.000 r  clk
                         net (fo=0)                   0.000     5.000    clk
    AL25                 IBUF (Prop_ibuf_I_O)         0.714     5.714 r  clk_IBUF_inst/O
                         net (fo=1, estimated)        2.257     7.971    clk_IBUF
    BUFGCTRL_X0Y0        BUFG (Prop_bufg_I_O)         0.083     8.054 r  clk_IBUF_BUFG_inst/O
                         net (fo=16647, estimated)    1.387     9.441    vector_alu_0/clk_IBUF_BUFG
    SLICE_X25Y115        FDRE                                         r  vector_alu_0/lane_out_reg[1][15]/C
                         clock pessimism              0.291     9.733    <hidden>
                         clock uncertainty           -0.035     9.697    <hidden>
    SLICE_X25Y115        FDRE (Setup_fdre_C_D)        0.033     9.730    vector_alu_0/lane_out_reg[1][15]
  -------------------------------------------------------------------
                         required time                          9.730    <hidden>
                         arrival time                          -9.877    <hidden>
  -------------------------------------------------------------------
                         slack                                 -0.146    <hidden>

Slack (VIOLATED) :        -0.146ns  (required time - arrival time)
  Source:                 handshake_join_0/output_skid/out_ch\\.data_reg[213]/C
                            (rising edge-triggered cell FDRE clocked by sys_clk  {rise@0.000ns fall@2.500ns period=5.000ns})
  Destination:            vector_alu_0/lane_out_reg[10][13]/D
                            (rising edge-triggered cell FDRE clocked by sys_clk  {rise@0.000ns fall@2.500ns period=5.000ns})
  Path Group:             sys_clk
  Path Type:              Setup (Max at Slow Process Corner)
  Requirement:            5.000ns  (sys_clk rise@5.000ns - sys_clk rise@0.000ns)
  Data Path Delay:        5.093ns  (logic 2.081ns (40.860%)  route 3.012ns (59.140%))
  Logic Levels:           13  (CARRY4=6 LUT2=2 LUT3=1 LUT4=1 LUT6=3)
  Clock Path Skew:        -0.051ns (DCD - SCD + CPR)
    Destination Clock Delay (DCD):    4.308ns = ( 9.308 - 5.000 ) 
    Source Clock Delay      (SCD):    4.651ns
    Clock Pessimism Removal (CPR):    0.291ns
  Clock Uncertainty:      0.035ns  ((TSJ^2 + TIJ^2)^1/2 + DJ) / 2 + PE
    Total System Jitter     (TSJ):    0.071ns
    Total Input Jitter      (TIJ):    0.000ns
    Discrete Jitter          (DJ):    0.000ns
    Phase Error              (PE):    0.000ns

    Location             Delay type                Incr(ns)  Path(ns)    Netlist Resource(s)
  -------------------------------------------------------------------    -------------------
                         (clock sys_clk rise edge)    0.000     0.000 r  <hidden>
    AL25                                              0.000     0.000 r  clk
                         net (fo=0)                   0.000     0.000    clk
    AL25                 IBUF (Prop_ibuf_I_O)         0.790     0.790 r  clk_IBUF_inst/O
                         net (fo=1, estimated)        2.376     3.166    clk_IBUF
    BUFGCTRL_X0Y0        BUFG (Prop_bufg_I_O)         0.093     3.259 r  clk_IBUF_BUFG_inst/O
                         net (fo=16647, estimated)    1.392     4.651    handshake_join_0/output_skid/clk_IBUF_BUFG
    SLICE_X83Y115        FDRE                                         r  handshake_join_0/output_skid/out_ch\\.data_reg[213]/C
  -------------------------------------------------------------------    -------------------
    SLICE_X83Y115        FDRE (Prop_fdre_C_Q)         0.204     4.855 r  handshake_join_0/output_skid/out_ch\\.data_reg[213]/Q
                         net (fo=44, estimated)       0.543     5.398    handshake_join_0/output_skid/Q[63]
    SLICE_X83Y115        LUT6 (Prop_lut6_I0_O)        0.126     5.524 r  handshake_join_0/output_skid/lane_out_skid[10][6]_i_40/O
                         net (fo=2, estimated)        0.283     5.807    handshake_join_0/output_skid/lane_out_skid[10][6]_i_40_n_0
    SLICE_X82Y115        LUT6 (Prop_lut6_I0_O)        0.043     5.850 r  handshake_join_0/output_skid/lane_out_skid[10][6]_i_44/O
                         net (fo=1, routed)           0.000     5.850    handshake_join_0/output_skid/lane_out_skid[10][6]_i_44_n_0
    SLICE_X82Y115        CARRY4 (Prop_carry4_S[3]_CO[3])
                                                      0.180     6.030 r  handshake_join_0/output_skid/lane_out_skid_reg[10][6]_i_34/CO[3]
                         net (fo=1, estimated)        0.000     6.030    handshake_join_0/output_skid/lane_out_skid_reg[10][6]_i_34_n_0
    SLICE_X82Y116        CARRY4 (Prop_carry4_CI_O[0])
                                                      0.108     6.138 r  handshake_join_0/output_skid/lane_out_skid_reg[10][15]_i_71/O[0]
                         net (fo=1, estimated)        0.338     6.476    handshake_join_0/output_skid/lane_out_skid_reg[10][15]_i_71_n_7
    SLICE_X82Y124        CARRY4 (Prop_carry4_S[0]_O[0])
                                                      0.243     6.719 r  handshake_join_0/output_skid/lane_out_skid_reg[10][15]_i_50/O[0]
                         net (fo=2, estimated)        0.410     7.129    handshake_join_0/output_skid/lane_out_skid_reg[10][15]_i_50_n_7
    SLICE_X83Y123        LUT3 (Prop_lut3_I0_O)        0.132     7.261 r  handshake_join_0/output_skid/lane_out_skid[10][15]_i_41/O
                         net (fo=2, estimated)        0.229     7.490    handshake_join_0/output_skid/lane_out_skid[10][15]_i_41_n_0
    SLICE_X83Y123        CARRY4 (Prop_carry4_DI[1]_O[2])
                                                      0.355     7.845 r  handshake_join_0/output_skid/lane_out_skid_reg[10][15]_i_15/O[2]
                         net (fo=4, estimated)        0.348     8.193    handshake_join_0/output_skid/lane_out_skid_reg[10][15]_i_15_n_5
    SLICE_X85Y124        LUT2 (Prop_lut2_I0_O)        0.122     8.315 r  handshake_join_0/output_skid/lane_out_skid[10][11]_i_8/O
                         net (fo=1, routed)           0.000     8.315    handshake_join_0/output_skid/lane_out_skid[10][11]_i_8_n_0
    SLICE_X85Y124        CARRY4 (Prop_carry4_S[3]_CO[3])
                                                      0.193     8.508 r  handshake_join_0/output_skid/lane_out_skid_reg[10][11]_i_6/CO[3]
                         net (fo=1, estimated)        0.007     8.515    handshake_join_0/output_skid/lane_out_skid_reg[10][11]_i_6_n_0
    SLICE_X85Y125        CARRY4 (Prop_carry4_CI_O[1])
                                                      0.166     8.681 r  handshake_join_0/output_skid/lane_out_skid_reg[10][15]_i_7/O[1]
                         net (fo=1, estimated)        0.245     8.926    handshake_join_0/output_skid/lane_out_skid_reg[10][15]_i_7_n_6
    SLICE_X84Y124        LUT2 (Prop_lut2_I0_O)        0.123     9.049 r  handshake_join_0/output_skid/lane_out_skid[10][13]_i_3/O
                         net (fo=1, estimated)        0.406     9.455    handshake_join_0/output_skid/lane_out_skid[10][13]_i_3_n_0
    SLICE_X80Y121        LUT6 (Prop_lut6_I2_O)        0.043     9.498 r  handshake_join_0/output_skid/lane_out_skid[10][13]_i_1/O
                         net (fo=2, estimated)        0.203     9.701    handshake_join_0/output_skid/out_ch\\.data_reg[388]_rep__0_7[13]
    SLICE_X77Y121        LUT4 (Prop_lut4_I0_O)        0.043     9.744 r  handshake_join_0/output_skid/lane_out[10][13]_i_1/O
                         net (fo=1, routed)           0.000     9.744    vector_alu_0/lane_out_reg[10][15]_8[13]
    SLICE_X77Y121        FDRE                                         r  vector_alu_0/lane_out_reg[10][13]/D
  -------------------------------------------------------------------    -------------------

                         (clock sys_clk rise edge)    5.000     5.000 r  <hidden>
    AL25                                              0.000     5.000 r  clk
                         net (fo=0)                   0.000     5.000    clk
    AL25                 IBUF (Prop_ibuf_I_O)         0.714     5.714 r  clk_IBUF_inst/O
                         net (fo=1, estimated)        2.257     7.971    clk_IBUF
    BUFGCTRL_X0Y0        BUFG (Prop_bufg_I_O)         0.083     8.054 r  clk_IBUF_BUFG_inst/O
                         net (fo=16647, estimated)    1.254     9.308    vector_alu_0/clk_IBUF_BUFG
    SLICE_X77Y121        FDRE                                         r  vector_alu_0/lane_out_reg[10][13]/C
                         clock pessimism              0.291     9.600    <hidden>
                         clock uncertainty           -0.035     9.564    <hidden>
    SLICE_X77Y121        FDRE (Setup_fdre_C_D)        0.033     9.597    vector_alu_0/lane_out_reg[10][13]
  -------------------------------------------------------------------
                         required time                          9.597    <hidden>
                         arrival time                          -9.744    <hidden>
  -------------------------------------------------------------------
                         slack                                 -0.146    <hidden>

Slack (VIOLATED) :        -0.143ns  (required time - arrival time)
  Source:                 handshake_join_0/output_skid/out_ch\\.data_reg[253]/C
                            (rising edge-triggered cell FDRE clocked by sys_clk  {rise@0.000ns fall@2.500ns period=5.000ns})
  Destination:            vector_alu_0/lane_out_reg[15][13]/D
                            (rising edge-triggered cell FDRE clocked by sys_clk  {rise@0.000ns fall@2.500ns period=5.000ns})
  Path Group:             sys_clk
  Path Type:              Setup (Max at Slow Process Corner)
  Requirement:            5.000ns  (sys_clk rise@5.000ns - sys_clk rise@0.000ns)
  Data Path Delay:        5.120ns  (logic 1.991ns (38.887%)  route 3.129ns (61.113%))
  Logic Levels:           14  (CARRY4=6 LUT2=2 LUT3=2 LUT4=1 LUT6=3)
  Clock Path Skew:        -0.052ns (DCD - SCD + CPR)
    Destination Clock Delay (DCD):    4.305ns = ( 9.305 - 5.000 ) 
    Source Clock Delay      (SCD):    4.649ns
    Clock Pessimism Removal (CPR):    0.291ns
  Clock Uncertainty:      0.035ns  ((TSJ^2 + TIJ^2)^1/2 + DJ) / 2 + PE
    Total System Jitter     (TSJ):    0.071ns
    Total Input Jitter      (TIJ):    0.000ns
    Discrete Jitter          (DJ):    0.000ns
    Phase Error              (PE):    0.000ns

    Location             Delay type                Incr(ns)  Path(ns)    Netlist Resource(s)
  -------------------------------------------------------------------    -------------------
                         (clock sys_clk rise edge)    0.000     0.000 r  <hidden>
    AL25                                              0.000     0.000 r  clk
                         net (fo=0)                   0.000     0.000    clk
    AL25                 IBUF (Prop_ibuf_I_O)         0.790     0.790 r  clk_IBUF_inst/O
                         net (fo=1, estimated)        2.376     3.166    clk_IBUF
    BUFGCTRL_X0Y0        BUFG (Prop_bufg_I_O)         0.093     3.259 r  clk_IBUF_BUFG_inst/O
                         net (fo=16647, estimated)    1.390     4.649    handshake_join_0/output_skid/clk_IBUF_BUFG
    SLICE_X85Y117        FDRE                                         r  handshake_join_0/output_skid/out_ch\\.data_reg[253]/C
  -------------------------------------------------------------------    -------------------
    SLICE_X85Y117        FDRE (Prop_fdre_C_Q)         0.204     4.853 r  handshake_join_0/output_skid/out_ch\\.data_reg[253]/Q
                         net (fo=44, estimated)       0.519     5.372    handshake_join_0/output_skid/Q[93]
    SLICE_X85Y118        LUT6 (Prop_lut6_I0_O)        0.123     5.495 r  handshake_join_0/output_skid/lane_out_skid[15][6]_i_40/O
                         net (fo=2, estimated)        0.366     5.861    handshake_join_0/output_skid/lane_out_skid[15][6]_i_40_n_0
    SLICE_X84Y118        LUT6 (Prop_lut6_I0_O)        0.043     5.904 r  handshake_join_0/output_skid/lane_out_skid[15][6]_i_44/O
                         net (fo=1, routed)           0.000     5.904    handshake_join_0/output_skid/lane_out_skid[15][6]_i_44_n_0
    SLICE_X84Y118        CARRY4 (Prop_carry4_S[3]_CO[3])
                                                      0.180     6.084 r  handshake_join_0/output_skid/lane_out_skid_reg[15][6]_i_34/CO[3]
                         net (fo=1, estimated)        0.000     6.084    handshake_join_0/output_skid/lane_out_skid_reg[15][6]_i_34_n_0
    SLICE_X84Y119        CARRY4 (Prop_carry4_CI_O[1])
                                                      0.165     6.249 r  handshake_join_0/output_skid/lane_out_skid_reg[15][15]_i_71/O[1]
                         net (fo=2, estimated)        0.313     6.562    handshake_join_0/output_skid/lane_out_skid_reg[15][15]_i_71_n_6
    SLICE_X82Y119        LUT3 (Prop_lut3_I2_O)        0.125     6.687 r  handshake_join_0/output_skid/lane_out_skid[15][15]_i_75/O
                         net (fo=1, routed)           0.000     6.687    handshake_join_0/output_skid/lane_out_skid[15][15]_i_75_n_0
    SLICE_X82Y119        CARRY4 (Prop_carry4_S[1]_O[2])
                                                      0.278     6.965 r  handshake_join_0/output_skid/lane_out_skid_reg[15][15]_i_50/O[2]
                         net (fo=2, estimated)        0.199     7.164    handshake_join_0/output_skid/lane_out_skid_reg[15][15]_i_50_n_5
    SLICE_X82Y118        LUT3 (Prop_lut3_I0_O)        0.127     7.291 r  handshake_join_0/output_skid/lane_out_skid[15][15]_i_39/O
                         net (fo=2, estimated)        0.282     7.573    handshake_join_0/output_skid/lane_out_skid[15][15]_i_39_n_0
    SLICE_X83Y119        CARRY4 (Prop_carry4_DI[3]_CO[3])
                                                      0.190     7.763 r  handshake_join_0/output_skid/lane_out_skid_reg[15][15]_i_15/CO[3]
                         net (fo=1, estimated)        0.000     7.763    handshake_join_0/output_skid/lane_out_skid_reg[15][15]_i_15_n_0
    SLICE_X83Y120        CARRY4 (Prop_carry4_CI_O[0])
                                                      0.111     7.874 r  handshake_join_0/output_skid/lane_out_skid_reg[15][15]_i_10/O[0]
                         net (fo=4, estimated)        0.494     8.368    handshake_join_0/output_skid/lane_out_skid_reg[15][15]_i_10_n_7
    SLICE_X86Y119        LUT2 (Prop_lut2_I0_O)        0.124     8.492 r  handshake_join_0/output_skid/lane_out_skid[15][15]_i_18/O
                         net (fo=1, routed)           0.000     8.492    handshake_join_0/output_skid/lane_out_skid[15][15]_i_18_n_0
    SLICE_X86Y119        CARRY4 (Prop_carry4_S[1]_O[1])
                                                      0.110     8.602 r  handshake_join_0/output_skid/lane_out_skid_reg[15][15]_i_7/O[1]
                         net (fo=1, estimated)        0.401     9.003    handshake_join_0/output_skid/lane_out_skid_reg[15][15]_i_7_n_6
    SLICE_X84Y121        LUT2 (Prop_lut2_I0_O)        0.125     9.128 r  handshake_join_0/output_skid/lane_out_skid[15][13]_i_3/O
                         net (fo=1, estimated)        0.214     9.342    handshake_join_0/output_skid/lane_out_skid[15][13]_i_3_n_0
    SLICE_X84Y121        LUT6 (Prop_lut6_I2_O)        0.043     9.385 r  handshake_join_0/output_skid/lane_out_skid[15][13]_i_1/O
                         net (fo=2, estimated)        0.341     9.726    handshake_join_0/output_skid/out_ch\\.data_reg[388]_rep__0_12[13]
    SLICE_X86Y120        LUT4 (Prop_lut4_I0_O)        0.043     9.769 r  handshake_join_0/output_skid/lane_out[15][13]_i_1/O
                         net (fo=1, routed)           0.000     9.769    vector_alu_0/lane_out_reg[15][15]_8[13]
    SLICE_X86Y120        FDRE                                         r  vector_alu_0/lane_out_reg[15][13]/D
  -------------------------------------------------------------------    -------------------

                         (clock sys_clk rise edge)    5.000     5.000 r  <hidden>
    AL25                                              0.000     5.000 r  clk
                         net (fo=0)                   0.000     5.000    clk
    AL25                 IBUF (Prop_ibuf_I_O)         0.714     5.714 r  clk_IBUF_inst/O
                         net (fo=1, estimated)        2.257     7.971    clk_IBUF
    BUFGCTRL_X0Y0        BUFG (Prop_bufg_I_O)         0.083     8.054 r  clk_IBUF_BUFG_inst/O
                         net (fo=16647, estimated)    1.251     9.305    vector_alu_0/clk_IBUF_BUFG
    SLICE_X86Y120        FDRE                                         r  vector_alu_0/lane_out_reg[15][13]/C
                         clock pessimism              0.291     9.597    <hidden>
                         clock uncertainty           -0.035     9.561    <hidden>
    SLICE_X86Y120        FDRE (Setup_fdre_C_D)        0.064     9.625    vector_alu_0/lane_out_reg[15][13]
  -------------------------------------------------------------------
                         required time                          9.625    <hidden>
                         arrival time                          -9.769    <hidden>
  -------------------------------------------------------------------
                         slack                                 -0.143    <hidden>

Slack (VIOLATED) :        -0.141ns  (required time - arrival time)
  Source:                 handshake_join_0/output_skid/out_ch\\.data_reg[186]/C
                            (rising edge-triggered cell FDRE clocked by sys_clk  {rise@0.000ns fall@2.500ns period=5.000ns})
  Destination:            vector_alu_0/lane_out_reg[7][13]/D
                            (rising edge-triggered cell FDRE clocked by sys_clk  {rise@0.000ns fall@2.500ns period=5.000ns})
  Path Group:             sys_clk
  Path Type:              Setup (Max at Slow Process Corner)
  Requirement:            5.000ns  (sys_clk rise@5.000ns - sys_clk rise@0.000ns)
  Data Path Delay:        5.097ns  (logic 2.120ns (41.593%)  route 2.977ns (58.407%))
  Logic Levels:           13  (CARRY4=6 LUT2=2 LUT3=1 LUT4=1 LUT6=3)
  Clock Path Skew:        -0.042ns (DCD - SCD + CPR)
    Destination Clock Delay (DCD):    4.381ns = ( 9.381 - 5.000 ) 
    Source Clock Delay      (SCD):    4.715ns
    Clock Pessimism Removal (CPR):    0.291ns
  Clock Uncertainty:      0.035ns  ((TSJ^2 + TIJ^2)^1/2 + DJ) / 2 + PE
    Total System Jitter     (TSJ):    0.071ns
    Total Input Jitter      (TIJ):    0.000ns
    Discrete Jitter          (DJ):    0.000ns
    Phase Error              (PE):    0.000ns

    Location             Delay type                Incr(ns)  Path(ns)    Netlist Resource(s)
  -------------------------------------------------------------------    -------------------
                         (clock sys_clk rise edge)    0.000     0.000 r  <hidden>
    AL25                                              0.000     0.000 r  clk
                         net (fo=0)                   0.000     0.000    clk
    AL25                 IBUF (Prop_ibuf_I_O)         0.790     0.790 r  clk_IBUF_inst/O
                         net (fo=1, estimated)        2.376     3.166    clk_IBUF
    BUFGCTRL_X0Y0        BUFG (Prop_bufg_I_O)         0.093     3.259 r  clk_IBUF_BUFG_inst/O
                         net (fo=16647, estimated)    1.456     4.715    handshake_join_0/output_skid/clk_IBUF_BUFG
    SLICE_X49Y130        FDRE                                         r  handshake_join_0/output_skid/out_ch\\.data_reg[186]/C
  -------------------------------------------------------------------    -------------------
    SLICE_X49Y130        FDRE (Prop_fdre_C_Q)         0.223     4.938 r  handshake_join_0/output_skid/out_ch\\.data_reg[186]/Q
                         net (fo=37, estimated)       0.602     5.540    handshake_join_0/output_skid/handshake_join_0__out_ch__data[186]
    SLICE_X51Y131        LUT6 (Prop_lut6_I1_O)        0.043     5.583 r  handshake_join_0/output_skid/lane_out_skid[7][6]_i_42/O
                         net (fo=2, estimated)        0.344     5.927    handshake_join_0/output_skid/lane_out_skid[7][6]_i_42_n_0
    SLICE_X47Y131        LUT6 (Prop_lut6_I0_O)        0.043     5.970 r  handshake_join_0/output_skid/lane_out_skid[7][6]_i_46/O
                         net (fo=1, routed)           0.000     5.970    handshake_join_0/output_skid/lane_out_skid[7][6]_i_46_n_0
    SLICE_X47Y131        CARRY4 (Prop_carry4_S[1]_CO[3])
                                                      0.267     6.237 r  handshake_join_0/output_skid/lane_out_skid_reg[7][6]_i_34/CO[3]
                         net (fo=1, estimated)        0.000     6.237    handshake_join_0/output_skid/lane_out_skid_reg[7][6]_i_34_n_0
    SLICE_X47Y132        CARRY4 (Prop_carry4_CI_O[0])
                                                      0.111     6.348 r  handshake_join_0/output_skid/lane_out_skid_reg[7][15]_i_71/O[0]
                         net (fo=1, estimated)        0.271     6.619    handshake_join_0/output_skid/lane_out_skid_reg[7][15]_i_71_n_7
    SLICE_X45Y133        CARRY4 (Prop_carry4_S[0]_O[0])
                                                      0.248     6.867 r  handshake_join_0/output_skid/lane_out_skid_reg[7][15]_i_50/O[0]
                         net (fo=2, estimated)        0.424     7.291    handshake_join_0/output_skid/lane_out_skid_reg[7][15]_i_50_n_7
    SLICE_X46Y132        LUT3 (Prop_lut3_I0_O)        0.132     7.423 r  handshake_join_0/output_skid/lane_out_skid[7][15]_i_41/O
                         net (fo=2, estimated)        0.228     7.651    handshake_join_0/output_skid/lane_out_skid[7][15]_i_41_n_0
    SLICE_X46Y132        CARRY4 (Prop_carry4_DI[1]_O[2])
                                                      0.356     8.007 r  handshake_join_0/output_skid/lane_out_skid_reg[7][15]_i_15/O[2]
                         net (fo=4, estimated)        0.293     8.300    handshake_join_0/output_skid/lane_out_skid_reg[7][15]_i_15_n_5
    SLICE_X45Y131        LUT2 (Prop_lut2_I1_O)        0.127     8.427 r  handshake_join_0/output_skid/lane_out_skid[7][11]_i_9/O
                         net (fo=1, routed)           0.000     8.427    handshake_join_0/output_skid/lane_out_skid[7][11]_i_9_n_0
    SLICE_X45Y131        CARRY4 (Prop_carry4_S[2]_CO[3])
                                                      0.195     8.622 r  handshake_join_0/output_skid/lane_out_skid_reg[7][11]_i_6/CO[3]
                         net (fo=1, estimated)        0.000     8.622    handshake_join_0/output_skid/lane_out_skid_reg[7][11]_i_6_n_0
    SLICE_X45Y132        CARRY4 (Prop_carry4_CI_O[1])
                                                      0.166     8.788 r  handshake_join_0/output_skid/lane_out_skid_reg[7][15]_i_7/O[1]
                         net (fo=1, estimated)        0.303     9.091    handshake_join_0/output_skid/lane_out_skid_reg[7][15]_i_7_n_6
    SLICE_X43Y134        LUT2 (Prop_lut2_I0_O)        0.123     9.214 r  handshake_join_0/output_skid/lane_out_skid[7][13]_i_3/O
                         net (fo=1, estimated)        0.209     9.423    handshake_join_0/output_skid/lane_out_skid[7][13]_i_3_n_0
    SLICE_X43Y135        LUT6 (Prop_lut6_I2_O)        0.043     9.466 r  handshake_join_0/output_skid/lane_out_skid[7][13]_i_1/O
                         net (fo=2, estimated)        0.303     9.769    handshake_join_0/output_skid/out_ch\\.data_reg[388]_rep__0_4[13]
    SLICE_X43Y135        LUT4 (Prop_lut4_I0_O)        0.043     9.812 r  handshake_join_0/output_skid/lane_out[7][13]_i_1/O
                         net (fo=1, routed)           0.000     9.812    vector_alu_0/lane_out_reg[7][15]_8[13]
    SLICE_X43Y135        FDRE                                         r  vector_alu_0/lane_out_reg[7][13]/D
  -------------------------------------------------------------------    -------------------

                         (clock sys_clk rise edge)    5.000     5.000 r  <hidden>
    AL25                                              0.000     5.000 r  clk
                         net (fo=0)                   0.000     5.000    clk
    AL25                 IBUF (Prop_ibuf_I_O)         0.714     5.714 r  clk_IBUF_inst/O
                         net (fo=1, estimated)        2.257     7.971    clk_IBUF
    BUFGCTRL_X0Y0        BUFG (Prop_bufg_I_O)         0.083     8.054 r  clk_IBUF_BUFG_inst/O
                         net (fo=16647, estimated)    1.327     9.381    vector_alu_0/clk_IBUF_BUFG
    SLICE_X43Y135        FDRE                                         r  vector_alu_0/lane_out_reg[7][13]/C
                         clock pessimism              0.291     9.673    <hidden>
                         clock uncertainty           -0.035     9.637    <hidden>
    SLICE_X43Y135        FDRE (Setup_fdre_C_D)        0.033     9.670    vector_alu_0/lane_out_reg[7][13]
  -------------------------------------------------------------------
                         required time                          9.670    <hidden>
                         arrival time                          -9.812    <hidden>
  -------------------------------------------------------------------
                         slack                                 -0.141    <hidden>

Slack (VIOLATED) :        -0.136ns  (required time - arrival time)
  Source:                 handshake_join_0/output_skid/out_ch\\.data_reg[290]/C
                            (rising edge-triggered cell FDRE clocked by sys_clk  {rise@0.000ns fall@2.500ns period=5.000ns})
  Destination:            vector_alu_0/lane_out_skid_reg[4][15]/D
                            (rising edge-triggered cell FDRE clocked by sys_clk  {rise@0.000ns fall@2.500ns period=5.000ns})
  Path Group:             sys_clk
  Path Type:              Setup (Max at Slow Process Corner)
  Requirement:            5.000ns  (sys_clk rise@5.000ns - sys_clk rise@0.000ns)
  Data Path Delay:        5.037ns  (logic 2.144ns (42.565%)  route 2.893ns (57.435%))
  Logic Levels:           13  (CARRY4=6 LUT2=2 LUT3=1 LUT4=1 LUT6=3)
  Clock Path Skew:        -0.054ns (DCD - SCD + CPR)
    Destination Clock Delay (DCD):    4.439ns = ( 9.439 - 5.000 ) 
    Source Clock Delay      (SCD):    4.785ns
    Clock Pessimism Removal (CPR):    0.291ns
  Clock Uncertainty:      0.035ns  ((TSJ^2 + TIJ^2)^1/2 + DJ) / 2 + PE
    Total System Jitter     (TSJ):    0.071ns
    Total Input Jitter      (TIJ):    0.000ns
    Discrete Jitter          (DJ):    0.000ns
    Phase Error              (PE):    0.000ns

    Location             Delay type                Incr(ns)  Path(ns)    Netlist Resource(s)
  -------------------------------------------------------------------    -------------------
                         (clock sys_clk rise edge)    0.000     0.000 r  <hidden>
    AL25                                              0.000     0.000 r  clk
                         net (fo=0)                   0.000     0.000    clk
    AL25                 IBUF (Prop_ibuf_I_O)         0.790     0.790 r  clk_IBUF_inst/O
                         net (fo=1, estimated)        2.376     3.166    clk_IBUF
    BUFGCTRL_X0Y0        BUFG (Prop_bufg_I_O)         0.093     3.259 r  clk_IBUF_BUFG_inst/O
                         net (fo=16647, estimated)    1.526     4.785    handshake_join_0/output_skid/clk_IBUF_BUFG
    SLICE_X21Y116        FDRE                                         r  handshake_join_0/output_skid/out_ch\\.data_reg[290]/C
  -------------------------------------------------------------------    -------------------
    SLICE_X21Y116        FDRE (Prop_fdre_C_Q)         0.223     5.008 r  handshake_join_0/output_skid/out_ch\\.data_reg[290]/Q
                         net (fo=56, estimated)       0.680     5.688    handshake_join_0/output_skid/handshake_join_0__out_ch__data[290]
    SLICE_X24Y117        LUT6 (Prop_lut6_I0_O)        0.043     5.731 r  handshake_join_0/output_skid/lane_out_skid[4][6]_i_43/O
                         net (fo=2, estimated)        0.267     5.998    handshake_join_0/output_skid/lane_out_skid[4][6]_i_43_n_0
    SLICE_X25Y118        LUT6 (Prop_lut6_I0_O)        0.043     6.041 r  handshake_join_0/output_skid/lane_out_skid[4][6]_i_47/O
                         net (fo=1, routed)           0.000     6.041    handshake_join_0/output_skid/lane_out_skid[4][6]_i_47_n_0
    SLICE_X25Y118        CARRY4 (Prop_carry4_S[0]_CO[3])
                                                      0.259     6.300 r  handshake_join_0/output_skid/lane_out_skid_reg[4][6]_i_34/CO[3]
                         net (fo=1, estimated)        0.000     6.300    handshake_join_0/output_skid/lane_out_skid_reg[4][6]_i_34_n_0
    SLICE_X25Y119        CARRY4 (Prop_carry4_CI_O[1])
                                                      0.166     6.466 r  handshake_join_0/output_skid/lane_out_skid_reg[4][15]_i_71/O[1]
                         net (fo=2, estimated)        0.288     6.754    handshake_join_0/output_skid/lane_out_skid_reg[4][15]_i_71_n_6
    SLICE_X26Y119        CARRY4 (Prop_carry4_DI[1]_O[2])
                                                      0.342     7.096 r  handshake_join_0/output_skid/lane_out_skid_reg[4][15]_i_50/O[2]
                         net (fo=2, estimated)        0.278     7.374    handshake_join_0/output_skid/lane_out_skid_reg[4][15]_i_50_n_5
    SLICE_X29Y119        LUT3 (Prop_lut3_I0_O)        0.122     7.496 r  handshake_join_0/output_skid/lane_out_skid[4][15]_i_39/O
                         net (fo=2, estimated)        0.285     7.781    handshake_join_0/output_skid/lane_out_skid[4][15]_i_39_n_0
    SLICE_X27Y119        LUT4 (Prop_lut4_I3_O)        0.043     7.824 r  handshake_join_0/output_skid/lane_out_skid[4][15]_i_43/O
                         net (fo=1, routed)           0.000     7.824    handshake_join_0/output_skid/lane_out_skid[4][15]_i_43_n_0
    SLICE_X27Y119        CARRY4 (Prop_carry4_S[3]_CO[3])
                                                      0.193     8.017 r  handshake_join_0/output_skid/lane_out_skid_reg[4][15]_i_15/CO[3]
                         net (fo=1, estimated)        0.000     8.017    handshake_join_0/output_skid/lane_out_skid_reg[4][15]_i_15_n_0
    SLICE_X27Y120        CARRY4 (Prop_carry4_CI_O[0])
                                                      0.111     8.128 r  handshake_join_0/output_skid/lane_out_skid_reg[4][15]_i_10/O[0]
                         net (fo=4, estimated)        0.357     8.485    handshake_join_0/output_skid/lane_out_skid_reg[4][15]_i_10_n_7
    SLICE_X28Y120        LUT2 (Prop_lut2_I0_O)        0.124     8.609 r  handshake_join_0/output_skid/lane_out_skid[4][15]_i_18/O
                         net (fo=1, routed)           0.000     8.609    handshake_join_0/output_skid/lane_out_skid[4][15]_i_18_n_0
    SLICE_X28Y120        CARRY4 (Prop_carry4_S[1]_O[3])
                                                      0.312     8.921 r  handshake_join_0/output_skid/lane_out_skid_reg[4][15]_i_7/O[3]
                         net (fo=1, estimated)        0.277     9.198    handshake_join_0/output_skid/lane_out_skid_reg[4][15]_i_7_n_4
    SLICE_X29Y117        LUT2 (Prop_lut2_I0_O)        0.120     9.318 r  handshake_join_0/output_skid/lane_out_skid[4][15]_i_3/O
                         net (fo=1, estimated)        0.264     9.582    handshake_join_0/output_skid/lane_out_skid[4][15]_i_3_n_0
    SLICE_X30Y116        LUT6 (Prop_lut6_I2_O)        0.043     9.625 r  handshake_join_0/output_skid/lane_out_skid[4][15]_i_1/O
                         net (fo=2, estimated)        0.197     9.822    vector_alu_0/lane_out_skid_reg[4][15]_1[15]
    SLICE_X29Y116        FDRE                                         r  vector_alu_0/lane_out_skid_reg[4][15]/D
  -------------------------------------------------------------------    -------------------

                         (clock sys_clk rise edge)    5.000     5.000 r  <hidden>
    AL25                                              0.000     5.000 r  clk
                         net (fo=0)                   0.000     5.000    clk
    AL25                 IBUF (Prop_ibuf_I_O)         0.714     5.714 r  clk_IBUF_inst/O
                         net (fo=1, estimated)        2.257     7.971    clk_IBUF
    BUFGCTRL_X0Y0        BUFG (Prop_bufg_I_O)         0.083     8.054 r  clk_IBUF_BUFG_inst/O
                         net (fo=16647, estimated)    1.385     9.439    vector_alu_0/clk_IBUF_BUFG
    SLICE_X29Y116        FDRE                                         r  vector_alu_0/lane_out_skid_reg[4][15]/C
                         clock pessimism              0.291     9.731    <hidden>
                         clock uncertainty           -0.035     9.695    <hidden>
    SLICE_X29Y116        FDRE (Setup_fdre_C_D)       -0.010     9.685    vector_alu_0/lane_out_skid_reg[4][15]
  -------------------------------------------------------------------
                         required time                          9.685    <hidden>
                         arrival time                          -9.822    <hidden>
  -------------------------------------------------------------------
                         slack                                 -0.136    <hidden>

Slack (VIOLATED) :        -0.135ns  (required time - arrival time)
  Source:                 vector_main_ixc/read_path/slave_queue[0].unsent_count_reg[3]/C
                            (rising edge-triggered cell FDRE clocked by sys_clk  {rise@0.000ns fall@2.500ns period=5.000ns})
  Destination:            bram_arbiter_0/data_out_reg[1][115]/CE
                            (rising edge-triggered cell FDRE clocked by sys_clk  {rise@0.000ns fall@2.500ns period=5.000ns})
  Path Group:             sys_clk
  Path Type:              Setup (Max at Slow Process Corner)
  Requirement:            5.000ns  (sys_clk rise@5.000ns - sys_clk rise@0.000ns)
  Data Path Delay:        4.561ns  (logic 0.818ns (17.935%)  route 3.743ns (82.065%))
  Logic Levels:           7  (LUT2=1 LUT3=1 LUT4=1 LUT5=2 LUT6=2)
  Clock Path Skew:        -0.361ns (DCD - SCD + CPR)
    Destination Clock Delay (DCD):    4.320ns = ( 9.320 - 5.000 ) 
    Source Clock Delay      (SCD):    4.901ns
    Clock Pessimism Removal (CPR):    0.219ns
  Clock Uncertainty:      0.035ns  ((TSJ^2 + TIJ^2)^1/2 + DJ) / 2 + PE
    Total System Jitter     (TSJ):    0.071ns
    Total Input Jitter      (TIJ):    0.000ns
    Discrete Jitter          (DJ):    0.000ns
    Phase Error              (PE):    0.000ns

    Location             Delay type                Incr(ns)  Path(ns)    Netlist Resource(s)
  -------------------------------------------------------------------    -------------------
                         (clock sys_clk rise edge)    0.000     0.000 r  <hidden>
    AL25                                              0.000     0.000 r  clk
                         net (fo=0)                   0.000     0.000    clk
    AL25                 IBUF (Prop_ibuf_I_O)         0.790     0.790 r  clk_IBUF_inst/O
                         net (fo=1, estimated)        2.376     3.166    clk_IBUF
    BUFGCTRL_X0Y0        BUFG (Prop_bufg_I_O)         0.093     3.259 r  clk_IBUF_BUFG_inst/O
                         net (fo=16647, estimated)    1.642     4.901    vector_main_ixc/read_path/clk_IBUF_BUFG
    SLICE_X40Y97         FDRE                                         r  vector_main_ixc/read_path/slave_queue[0].unsent_count_reg[3]/C
  -------------------------------------------------------------------    -------------------
    SLICE_X40Y97         FDRE (Prop_fdre_C_Q)         0.236     5.137 r  vector_main_ixc/read_path/slave_queue[0].unsent_count_reg[3]/Q
                         net (fo=5, estimated)        0.388     5.525    vector_main_ixc/read_path/slave_queue[0].unsent_count_reg[3]
    SLICE_X40Y97         LUT5 (Prop_lut5_I2_O)        0.134     5.659 r  vector_main_ixc/read_path/out_ch\\.tag[3]_i_3/O
                         net (fo=47, estimated)       0.650     6.309    bram_arbiter_0/arbiter/arbiter/vector_main_ixc__slave_read_req__valid_0
    SLICE_X32Y95         LUT5 (Prop_lut5_I4_O)        0.140     6.449 r  bram_arbiter_0/arbiter/arbiter/slave_queue[0].send_head[2]_i_3/O
                         net (fo=1, estimated)        0.461     6.910    vector_main_ixc/read_path/bram_arbiter_0__read_req__ready_0
    SLICE_X40Y97         LUT6 (Prop_lut6_I1_O)        0.136     7.046 r  vector_main_ixc/read_path/slave_queue[0].send_head[2]_i_2/O
                         net (fo=6, estimated)        0.404     7.450    vector_main_ixc/read_path/slave_queue[0].addr_take
    SLICE_X42Y98         LUT4 (Prop_lut4_I1_O)        0.043     7.493 r  vector_main_ixc/read_path/master_queue[0].response_addr_mem_reg_0_7_0_5_i_21/O
                         net (fo=2, estimated)        0.332     7.825    vector_main_ixc/read_path/slave_read_data_ready[0]0
    SLICE_X49Y98         LUT2 (Prop_lut2_I0_O)        0.043     7.868 r  vector_main_ixc/read_path/data_valid[0]_i_2/O
                         net (fo=2, estimated)        0.366     8.234    bram_arbiter_0/resp_join/output_skid/vector_main_ixc__slave_read_rsp__ready_0
    SLICE_X55Y98         LUT6 (Prop_lut6_I5_O)        0.043     8.277 r  bram_arbiter_0/resp_join/output_skid/skid_valid_i_2__6/O
                         net (fo=9, estimated)        0.380     8.657    bram_arbiter_0/resp_join/output_skid/out_ch\\.valid_reg_0
    SLICE_X55Y99         LUT3 (Prop_lut3_I2_O)        0.043     8.700 r  bram_arbiter_0/resp_join/output_skid/data_out[1][127]_i_1__0/O
                         net (fo=128, estimated)      0.762     9.462    bram_arbiter_0/resp_join_n_4
    SLICE_X70Y104        FDRE                                         r  bram_arbiter_0/data_out_reg[1][115]/CE
  -------------------------------------------------------------------    -------------------

                         (clock sys_clk rise edge)    5.000     5.000 r  <hidden>
    AL25                                              0.000     5.000 r  clk
                         net (fo=0)                   0.000     5.000    clk
    AL25                 IBUF (Prop_ibuf_I_O)         0.714     5.714 r  clk_IBUF_inst/O
                         net (fo=1, estimated)        2.257     7.971    clk_IBUF
    BUFGCTRL_X0Y0        BUFG (Prop_bufg_I_O)         0.083     8.054 r  clk_IBUF_BUFG_inst/O
                         net (fo=16647, estimated)    1.266     9.320    bram_arbiter_0/clk_IBUF_BUFG
    SLICE_X70Y104        FDRE                                         r  bram_arbiter_0/data_out_reg[1][115]/C
                         clock pessimism              0.219     9.540    <hidden>
                         clock uncertainty           -0.035     9.504    <hidden>
    SLICE_X70Y104        FDRE (Setup_fdre_C_CE)      -0.178     9.326    bram_arbiter_0/data_out_reg[1][115]
  -------------------------------------------------------------------
                         required time                          9.326    <hidden>
                         arrival time                          -9.462    <hidden>
  -------------------------------------------------------------------
                         slack                                 -0.135    <hidden>

Slack (VIOLATED) :        -0.134ns  (required time - arrival time)
  Source:                 handshake_join_0/output_skid/out_ch\\.data_reg[306]/C
                            (rising edge-triggered cell FDRE clocked by sys_clk  {rise@0.000ns fall@2.500ns period=5.000ns})
  Destination:            vector_alu_0/lane_out_skid_reg[6][15]/D
                            (rising edge-triggered cell FDRE clocked by sys_clk  {rise@0.000ns fall@2.500ns period=5.000ns})
  Path Group:             sys_clk
  Path Type:              Setup (Max at Slow Process Corner)
  Requirement:            5.000ns  (sys_clk rise@5.000ns - sys_clk rise@0.000ns)
  Data Path Delay:        5.025ns  (logic 2.201ns (43.801%)  route 2.824ns (56.199%))
  Logic Levels:           12  (CARRY4=6 LUT2=2 LUT3=2 LUT6=2)
  Clock Path Skew:        -0.043ns (DCD - SCD + CPR)
    Destination Clock Delay (DCD):    4.374ns = ( 9.374 - 5.000 ) 
    Source Clock Delay      (SCD):    4.709ns
    Clock Pessimism Removal (CPR):    0.291ns
  Clock Uncertainty:      0.035ns  ((TSJ^2 + TIJ^2)^1/2 + DJ) / 2 + PE
    Total System Jitter     (TSJ):    0.071ns
    Total Input Jitter      (TIJ):    0.000ns
    Discrete Jitter          (DJ):    0.000ns
    Phase Error              (PE):    0.000ns

    Location             Delay type                Incr(ns)  Path(ns)    Netlist Resource(s)
  -------------------------------------------------------------------    -------------------
                         (clock sys_clk rise edge)    0.000     0.000 r  <hidden>
    AL25                                              0.000     0.000 r  clk
                         net (fo=0)                   0.000     0.000    clk
    AL25                 IBUF (Prop_ibuf_I_O)         0.790     0.790 r  clk_IBUF_inst/O
                         net (fo=1, estimated)        2.376     3.166    clk_IBUF
    BUFGCTRL_X0Y0        BUFG (Prop_bufg_I_O)         0.093     3.259 r  clk_IBUF_BUFG_inst/O
                         net (fo=16647, estimated)    1.450     4.709    handshake_join_0/output_skid/clk_IBUF_BUFG
    SLICE_X43Y125        FDRE                                         r  handshake_join_0/output_skid/out_ch\\.data_reg[306]/C
  -------------------------------------------------------------------    -------------------
    SLICE_X43Y125        FDRE (Prop_fdre_C_Q)         0.223     4.932 r  handshake_join_0/output_skid/out_ch\\.data_reg[306]/Q
                         net (fo=56, estimated)       0.542     5.474    handshake_join_0/output_skid/handshake_join_0__out_ch__data[306]
    SLICE_X44Y126        LUT6 (Prop_lut6_I0_O)        0.043     5.517 r  handshake_join_0/output_skid/lane_out_skid[6][6]_i_43/O
                         net (fo=2, estimated)        0.288     5.805    handshake_join_0/output_skid/lane_out_skid[6][6]_i_43_n_0
    SLICE_X42Y126        CARRY4 (Prop_carry4_DI[0]_CO[3])
                                                      0.283     6.088 r  handshake_join_0/output_skid/lane_out_skid_reg[6][6]_i_34/CO[3]
                         net (fo=1, estimated)        0.000     6.088    handshake_join_0/output_skid/lane_out_skid_reg[6][6]_i_34_n_0
    SLICE_X42Y127        CARRY4 (Prop_carry4_CI_O[1])
                                                      0.165     6.253 r  handshake_join_0/output_skid/lane_out_skid_reg[6][15]_i_71/O[1]
                         net (fo=2, estimated)        0.383     6.636    handshake_join_0/output_skid/lane_out_skid_reg[6][15]_i_71_n_6
    SLICE_X41Y130        LUT3 (Prop_lut3_I2_O)        0.125     6.761 r  handshake_join_0/output_skid/lane_out_skid[6][15]_i_75/O
                         net (fo=1, routed)           0.000     6.761    handshake_join_0/output_skid/lane_out_skid[6][15]_i_75_n_0
    SLICE_X41Y130        CARRY4 (Prop_carry4_S[1]_O[2])
                                                      0.282     7.043 r  handshake_join_0/output_skid/lane_out_skid_reg[6][15]_i_50/O[2]
                         net (fo=2, estimated)        0.219     7.262    handshake_join_0/output_skid/lane_out_skid_reg[6][15]_i_50_n_5
    SLICE_X41Y129        LUT3 (Prop_lut3_I0_O)        0.122     7.384 r  handshake_join_0/output_skid/lane_out_skid[6][15]_i_39/O
                         net (fo=2, estimated)        0.282     7.666    handshake_join_0/output_skid/lane_out_skid[6][15]_i_39_n_0
    SLICE_X40Y130        CARRY4 (Prop_carry4_DI[3]_CO[3])
                                                      0.193     7.859 r  handshake_join_0/output_skid/lane_out_skid_reg[6][15]_i_15/CO[3]
                         net (fo=1, estimated)        0.000     7.859    handshake_join_0/output_skid/lane_out_skid_reg[6][15]_i_15_n_0
    SLICE_X40Y131        CARRY4 (Prop_carry4_CI_O[1])
                                                      0.165     8.024 r  handshake_join_0/output_skid/lane_out_skid_reg[6][15]_i_10/O[1]
                         net (fo=4, estimated)        0.382     8.406    handshake_join_0/output_skid/lane_out_skid_reg[6][15]_i_10_n_6
    SLICE_X43Y129        LUT2 (Prop_lut2_I1_O)        0.125     8.531 r  handshake_join_0/output_skid/lane_out_skid[6][15]_i_18/O
                         net (fo=1, routed)           0.000     8.531    handshake_join_0/output_skid/lane_out_skid[6][15]_i_18_n_0
    SLICE_X43Y129        CARRY4 (Prop_carry4_S[1]_O[3])
                                                      0.312     8.843 r  handshake_join_0/output_skid/lane_out_skid_reg[6][15]_i_7/O[3]
                         net (fo=1, estimated)        0.318     9.161    handshake_join_0/output_skid/lane_out_skid_reg[6][15]_i_7_n_4
    SLICE_X41Y128        LUT2 (Prop_lut2_I0_O)        0.120     9.281 r  handshake_join_0/output_skid/lane_out_skid[6][15]_i_3/O
                         net (fo=2, estimated)        0.193     9.474    handshake_join_0/output_skid/lane_out_skid[6][15]_i_3_n_0
    SLICE_X39Y128        LUT6 (Prop_lut6_I2_O)        0.043     9.517 r  handshake_join_0/output_skid/lane_out_skid[6][15]_i_1/O
                         net (fo=1, estimated)        0.217     9.734    vector_alu_0/lane_out_skid_reg[6][15]_1[15]
    SLICE_X39Y128        FDRE                                         r  vector_alu_0/lane_out_skid_reg[6][15]/D
  -------------------------------------------------------------------    -------------------

                         (clock sys_clk rise edge)    5.000     5.000 r  <hidden>
    AL25                                              0.000     5.000 r  clk
                         net (fo=0)                   0.000     5.000    clk
    AL25                 IBUF (Prop_ibuf_I_O)         0.714     5.714 r  clk_IBUF_inst/O
                         net (fo=1, estimated)        2.257     7.971    clk_IBUF
    BUFGCTRL_X0Y0        BUFG (Prop_bufg_I_O)         0.083     8.054 r  clk_IBUF_BUFG_inst/O
                         net (fo=16647, estimated)    1.320     9.374    vector_alu_0/clk_IBUF_BUFG
    SLICE_X39Y128        FDRE                                         r  vector_alu_0/lane_out_skid_reg[6][15]/C
                         clock pessimism              0.291     9.666    <hidden>
                         clock uncertainty           -0.035     9.630    <hidden>
    SLICE_X39Y128        FDRE (Setup_fdre_C_D)       -0.031     9.599    vector_alu_0/lane_out_skid_reg[6][15]
  -------------------------------------------------------------------
                         required time                          9.599    <hidden>
                         arrival time                          -9.734    <hidden>
  -------------------------------------------------------------------
                         slack                                 -0.134    <hidden>

Slack (VIOLATED) :        -0.133ns  (required time - arrival time)
  Source:                 handshake_join_0/output_skid/out_ch\\.data_reg[290]/C
                            (rising edge-triggered cell FDRE clocked by sys_clk  {rise@0.000ns fall@2.500ns period=5.000ns})
  Destination:            vector_alu_0/lane_out_reg[4][15]/D
                            (rising edge-triggered cell FDRE clocked by sys_clk  {rise@0.000ns fall@2.500ns period=5.000ns})
  Path Group:             sys_clk
  Path Type:              Setup (Max at Slow Process Corner)
  Requirement:            5.000ns  (sys_clk rise@5.000ns - sys_clk rise@0.000ns)
  Data Path Delay:        5.078ns  (logic 2.187ns (43.068%)  route 2.891ns (56.932%))
  Logic Levels:           14  (CARRY4=6 LUT2=2 LUT3=1 LUT4=2 LUT6=3)
  Clock Path Skew:        -0.054ns (DCD - SCD + CPR)
    Destination Clock Delay (DCD):    4.439ns = ( 9.439 - 5.000 ) 
    Source Clock Delay      (SCD):    4.785ns
    Clock Pessimism Removal (CPR):    0.291ns
  Clock Uncertainty:      0.035ns  ((TSJ^2 + TIJ^2)^1/2 + DJ) / 2 + PE
    Total System Jitter     (TSJ):    0.071ns
    Total Input Jitter      (TIJ):    0.000ns
    Discrete Jitter          (DJ):    0.000ns
    Phase Error              (PE):    0.000ns

    Location             Delay type                Incr(ns)  Path(ns)    Netlist Resource(s)
  -------------------------------------------------------------------    -------------------
                         (clock sys_clk rise edge)    0.000     0.000 r  <hidden>
    AL25                                              0.000     0.000 r  clk
                         net (fo=0)                   0.000     0.000    clk
    AL25                 IBUF (Prop_ibuf_I_O)         0.790     0.790 r  clk_IBUF_inst/O
                         net (fo=1, estimated)        2.376     3.166    clk_IBUF
    BUFGCTRL_X0Y0        BUFG (Prop_bufg_I_O)         0.093     3.259 r  clk_IBUF_BUFG_inst/O
                         net (fo=16647, estimated)    1.526     4.785    handshake_join_0/output_skid/clk_IBUF_BUFG
    SLICE_X21Y116        FDRE                                         r  handshake_join_0/output_skid/out_ch\\.data_reg[290]/C
  -------------------------------------------------------------------    -------------------
    SLICE_X21Y116        FDRE (Prop_fdre_C_Q)         0.223     5.008 r  handshake_join_0/output_skid/out_ch\\.data_reg[290]/Q
                         net (fo=56, estimated)       0.680     5.688    handshake_join_0/output_skid/handshake_join_0__out_ch__data[290]
    SLICE_X24Y117        LUT6 (Prop_lut6_I0_O)        0.043     5.731 r  handshake_join_0/output_skid/lane_out_skid[4][6]_i_43/O
                         net (fo=2, estimated)        0.267     5.998    handshake_join_0/output_skid/lane_out_skid[4][6]_i_43_n_0
    SLICE_X25Y118        LUT6 (Prop_lut6_I0_O)        0.043     6.041 r  handshake_join_0/output_skid/lane_out_skid[4][6]_i_47/O
                         net (fo=1, routed)           0.000     6.041    handshake_join_0/output_skid/lane_out_skid[4][6]_i_47_n_0
    SLICE_X25Y118        CARRY4 (Prop_carry4_S[0]_CO[3])
                                                      0.259     6.300 r  handshake_join_0/output_skid/lane_out_skid_reg[4][6]_i_34/CO[3]
                         net (fo=1, estimated)        0.000     6.300    handshake_join_0/output_skid/lane_out_skid_reg[4][6]_i_34_n_0
    SLICE_X25Y119        CARRY4 (Prop_carry4_CI_O[1])
                                                      0.166     6.466 r  handshake_join_0/output_skid/lane_out_skid_reg[4][15]_i_71/O[1]
                         net (fo=2, estimated)        0.288     6.754    handshake_join_0/output_skid/lane_out_skid_reg[4][15]_i_71_n_6
    SLICE_X26Y119        CARRY4 (Prop_carry4_DI[1]_O[2])
                                                      0.342     7.096 r  handshake_join_0/output_skid/lane_out_skid_reg[4][15]_i_50/O[2]
                         net (fo=2, estimated)        0.278     7.374    handshake_join_0/output_skid/lane_out_skid_reg[4][15]_i_50_n_5
    SLICE_X29Y119        LUT3 (Prop_lut3_I0_O)        0.122     7.496 r  handshake_join_0/output_skid/lane_out_skid[4][15]_i_39/O
                         net (fo=2, estimated)        0.285     7.781    handshake_join_0/output_skid/lane_out_skid[4][15]_i_39_n_0
    SLICE_X27Y119        LUT4 (Prop_lut4_I3_O)        0.043     7.824 r  handshake_join_0/output_skid/lane_out_skid[4][15]_i_43/O
                         net (fo=1, routed)           0.000     7.824    handshake_join_0/output_skid/lane_out_skid[4][15]_i_43_n_0
    SLICE_X27Y119        CARRY4 (Prop_carry4_S[3]_CO[3])
                                                      0.193     8.017 r  handshake_join_0/output_skid/lane_out_skid_reg[4][15]_i_15/CO[3]
                         net (fo=1, estimated)        0.000     8.017    handshake_join_0/output_skid/lane_out_skid_reg[4][15]_i_15_n_0
    SLICE_X27Y120        CARRY4 (Prop_carry4_CI_O[0])
                                                      0.111     8.128 r  handshake_join_0/output_skid/lane_out_skid_reg[4][15]_i_10/O[0]
                         net (fo=4, estimated)        0.357     8.485    handshake_join_0/output_skid/lane_out_skid_reg[4][15]_i_10_n_7
    SLICE_X28Y120        LUT2 (Prop_lut2_I0_O)        0.124     8.609 r  handshake_join_0/output_skid/lane_out_skid[4][15]_i_18/O
                         net (fo=1, routed)           0.000     8.609    handshake_join_0/output_skid/lane_out_skid[4][15]_i_18_n_0
    SLICE_X28Y120        CARRY4 (Prop_carry4_S[1]_O[3])
                                                      0.312     8.921 r  handshake_join_0/output_skid/lane_out_skid_reg[4][15]_i_7/O[3]
                         net (fo=1, estimated)        0.277     9.198    handshake_join_0/output_skid/lane_out_skid_reg[4][15]_i_7_n_4
    SLICE_X29Y117        LUT2 (Prop_lut2_I0_O)        0.120     9.318 r  handshake_join_0/output_skid/lane_out_skid[4][15]_i_3/O
                         net (fo=1, estimated)        0.264     9.582    handshake_join_0/output_skid/lane_out_skid[4][15]_i_3_n_0
    SLICE_X30Y116        LUT6 (Prop_lut6_I2_O)        0.043     9.625 r  handshake_join_0/output_skid/lane_out_skid[4][15]_i_1/O
                         net (fo=2, estimated)        0.195     9.820    handshake_join_0/output_skid/out_ch\\.data_reg[388]_rep__0_1[15]
    SLICE_X28Y116        LUT4 (Prop_lut4_I0_O)        0.043     9.863 r  handshake_join_0/output_skid/lane_out[4][15]_i_1/O
                         net (fo=1, routed)           0.000     9.863    vector_alu_0/lane_out_reg[4][15]_8[15]
    SLICE_X28Y116        FDRE                                         r  vector_alu_0/lane_out_reg[4][15]/D
  -------------------------------------------------------------------    -------------------

                         (clock sys_clk rise edge)    5.000     5.000 r  <hidden>
    AL25                                              0.000     5.000 r  clk
                         net (fo=0)                   0.000     5.000    clk
    AL25                 IBUF (Prop_ibuf_I_O)         0.714     5.714 r  clk_IBUF_inst/O
                         net (fo=1, estimated)        2.257     7.971    clk_IBUF
    BUFGCTRL_X0Y0        BUFG (Prop_bufg_I_O)         0.083     8.054 r  clk_IBUF_BUFG_inst/O
                         net (fo=16647, estimated)    1.385     9.439    vector_alu_0/clk_IBUF_BUFG
    SLICE_X28Y116        FDRE                                         r  vector_alu_0/lane_out_reg[4][15]/C
                         clock pessimism              0.291     9.731    <hidden>
                         clock uncertainty           -0.035     9.695    <hidden>
    SLICE_X28Y116        FDRE (Setup_fdre_C_D)        0.034     9.729    vector_alu_0/lane_out_reg[4][15]
  -------------------------------------------------------------------
                         required time                          9.729    <hidden>
                         arrival time                          -9.863    <hidden>
  -------------------------------------------------------------------
                         slack                                 -0.133    <hidden>

Slack (VIOLATED) :        -0.132ns  (required time - arrival time)
  Source:                 handshake_join_0/output_skid/out_ch\\.data_reg[173]/C
                            (rising edge-triggered cell FDRE clocked by sys_clk  {rise@0.000ns fall@2.500ns period=5.000ns})
  Destination:            vector_alu_0/lane_out_reg[5][13]/D
                            (rising edge-triggered cell FDRE clocked by sys_clk  {rise@0.000ns fall@2.500ns period=5.000ns})
  Path Group:             sys_clk
  Path Type:              Setup (Max at Slow Process Corner)
  Requirement:            5.000ns  (sys_clk rise@5.000ns - sys_clk rise@0.000ns)
  Data Path Delay:        5.088ns  (logic 2.106ns (41.392%)  route 2.982ns (58.608%))
  Logic Levels:           15  (CARRY4=6 LUT2=2 LUT3=2 LUT4=2 LUT6=3)
  Clock Path Skew:        -0.043ns (DCD - SCD + CPR)
    Destination Clock Delay (DCD):    4.434ns = ( 9.434 - 5.000 ) 
    Source Clock Delay      (SCD):    4.769ns
    Clock Pessimism Removal (CPR):    0.291ns
  Clock Uncertainty:      0.035ns  ((TSJ^2 + TIJ^2)^1/2 + DJ) / 2 + PE
    Total System Jitter     (TSJ):    0.071ns
    Total Input Jitter      (TIJ):    0.000ns
    Discrete Jitter          (DJ):    0.000ns
    Phase Error              (PE):    0.000ns

    Location             Delay type                Incr(ns)  Path(ns)    Netlist Resource(s)
  -------------------------------------------------------------------    -------------------
                         (clock sys_clk rise edge)    0.000     0.000 r  <hidden>
    AL25                                              0.000     0.000 r  clk
                         net (fo=0)                   0.000     0.000    clk
    AL25                 IBUF (Prop_ibuf_I_O)         0.790     0.790 r  clk_IBUF_inst/O
                         net (fo=1, estimated)        2.376     3.166    clk_IBUF
    BUFGCTRL_X0Y0        BUFG (Prop_bufg_I_O)         0.093     3.259 r  clk_IBUF_BUFG_inst/O
                         net (fo=16647, estimated)    1.510     4.769    handshake_join_0/output_skid/clk_IBUF_BUFG
    SLICE_X31Y125        FDRE                                         r  handshake_join_0/output_skid/out_ch\\.data_reg[173]/C
  -------------------------------------------------------------------    -------------------
    SLICE_X31Y125        FDRE (Prop_fdre_C_Q)         0.204     4.973 r  handshake_join_0/output_skid/out_ch\\.data_reg[173]/Q
                         net (fo=44, estimated)       0.516     5.489    handshake_join_0/output_skid/Q[33]
    SLICE_X28Y125        LUT6 (Prop_lut6_I0_O)        0.126     5.615 r  handshake_join_0/output_skid/lane_out_skid[5][6]_i_40/O
                         net (fo=2, estimated)        0.349     5.964    handshake_join_0/output_skid/lane_out_skid[5][6]_i_40_n_0
    SLICE_X29Y125        LUT6 (Prop_lut6_I0_O)        0.043     6.007 r  handshake_join_0/output_skid/lane_out_skid[5][6]_i_44/O
                         net (fo=1, routed)           0.000     6.007    handshake_join_0/output_skid/lane_out_skid[5][6]_i_44_n_0
    SLICE_X29Y125        CARRY4 (Prop_carry4_S[3]_CO[3])
                                                      0.193     6.200 r  handshake_join_0/output_skid/lane_out_skid_reg[5][6]_i_34/CO[3]
                         net (fo=1, estimated)        0.000     6.200    handshake_join_0/output_skid/lane_out_skid_reg[5][6]_i_34_n_0
    SLICE_X29Y126        CARRY4 (Prop_carry4_CI_O[1])
                                                      0.166     6.366 r  handshake_join_0/output_skid/lane_out_skid_reg[5][15]_i_71/O[1]
                         net (fo=2, estimated)        0.354     6.720    handshake_join_0/output_skid/lane_out_skid_reg[5][15]_i_71_n_6
    SLICE_X28Y126        LUT3 (Prop_lut3_I2_O)        0.123     6.843 r  handshake_join_0/output_skid/lane_out_skid[5][15]_i_75/O
                         net (fo=1, routed)           0.000     6.843    handshake_join_0/output_skid/lane_out_skid[5][15]_i_75_n_0
    SLICE_X28Y126        CARRY4 (Prop_carry4_S[1]_O[2])
                                                      0.282     7.125 r  handshake_join_0/output_skid/lane_out_skid_reg[5][15]_i_50/O[2]
                         net (fo=2, estimated)        0.298     7.423    handshake_join_0/output_skid/lane_out_skid_reg[5][15]_i_50_n_5
    SLICE_X27Y128        LUT3 (Prop_lut3_I0_O)        0.122     7.545 r  handshake_join_0/output_skid/lane_out_skid[5][15]_i_39/O
                         net (fo=2, estimated)        0.285     7.830    handshake_join_0/output_skid/lane_out_skid[5][15]_i_39_n_0
    SLICE_X29Y128        LUT4 (Prop_lut4_I3_O)        0.043     7.873 r  handshake_join_0/output_skid/lane_out_skid[5][15]_i_43/O
                         net (fo=1, routed)           0.000     7.873    handshake_join_0/output_skid/lane_out_skid[5][15]_i_43_n_0
    SLICE_X29Y128        CARRY4 (Prop_carry4_S[3]_O[3])
                                                      0.116     7.989 r  handshake_join_0/output_skid/lane_out_skid_reg[5][15]_i_15/O[3]
                         net (fo=4, estimated)        0.329     8.318    handshake_join_0/output_skid/lane_out_skid_reg[5][15]_i_15_n_4
    SLICE_X30Y129        LUT2 (Prop_lut2_I1_O)        0.120     8.438 r  handshake_join_0/output_skid/lane_out_skid[5][11]_i_8/O
                         net (fo=1, routed)           0.000     8.438    handshake_join_0/output_skid/lane_out_skid[5][11]_i_8_n_0
    SLICE_X30Y129        CARRY4 (Prop_carry4_S[3]_CO[3])
                                                      0.193     8.631 r  handshake_join_0/output_skid/lane_out_skid_reg[5][11]_i_6/CO[3]
                         net (fo=1, estimated)        0.000     8.631    handshake_join_0/output_skid/lane_out_skid_reg[5][11]_i_6_n_0
    SLICE_X30Y130        CARRY4 (Prop_carry4_CI_O[1])
                                                      0.166     8.797 r  handshake_join_0/output_skid/lane_out_skid_reg[5][15]_i_7/O[1]
                         net (fo=1, estimated)        0.234     9.031    handshake_join_0/output_skid/lane_out_skid_reg[5][15]_i_7_n_6
    SLICE_X31Y130        LUT2 (Prop_lut2_I0_O)        0.123     9.154 r  handshake_join_0/output_skid/lane_out_skid[5][13]_i_3/O
                         net (fo=1, estimated)        0.309     9.463    handshake_join_0/output_skid/lane_out_skid[5][13]_i_3_n_0
    SLICE_X27Y127        LUT6 (Prop_lut6_I2_O)        0.043     9.506 r  handshake_join_0/output_skid/lane_out_skid[5][13]_i_1/O
                         net (fo=2, estimated)        0.308     9.814    handshake_join_0/output_skid/out_ch\\.data_reg[388]_rep__0_2[13]
    SLICE_X26Y127        LUT4 (Prop_lut4_I0_O)        0.043     9.857 r  handshake_join_0/output_skid/lane_out[5][13]_i_1/O
                         net (fo=1, routed)           0.000     9.857    vector_alu_0/lane_out_reg[5][15]_8[13]
    SLICE_X26Y127        FDRE                                         r  vector_alu_0/lane_out_reg[5][13]/D
  -------------------------------------------------------------------    -------------------

                         (clock sys_clk rise edge)    5.000     5.000 r  <hidden>
    AL25                                              0.000     5.000 r  clk
                         net (fo=0)                   0.000     5.000    clk
    AL25                 IBUF (Prop_ibuf_I_O)         0.714     5.714 r  clk_IBUF_inst/O
                         net (fo=1, estimated)        2.257     7.971    clk_IBUF
    BUFGCTRL_X0Y0        BUFG (Prop_bufg_I_O)         0.083     8.054 r  clk_IBUF_BUFG_inst/O
                         net (fo=16647, estimated)    1.380     9.434    vector_alu_0/clk_IBUF_BUFG
    SLICE_X26Y127        FDRE                                         r  vector_alu_0/lane_out_reg[5][13]/C
                         clock pessimism              0.291     9.726    <hidden>
                         clock uncertainty           -0.035     9.690    <hidden>
    SLICE_X26Y127        FDRE (Setup_fdre_C_D)        0.034     9.724    vector_alu_0/lane_out_reg[5][13]
  -------------------------------------------------------------------
                         required time                          9.724    <hidden>
                         arrival time                          -9.857    <hidden>
  -------------------------------------------------------------------
                         slack                                 -0.132    <hidden>

Slack (VIOLATED) :        -0.129ns  (required time - arrival time)
  Source:                 handshake_join_0/output_skid/out_ch\\.data_reg[330]/C
                            (rising edge-triggered cell FDRE clocked by sys_clk  {rise@0.000ns fall@2.500ns period=5.000ns})
  Destination:            vector_alu_0/lane_out_reg[9][12]/D
                            (rising edge-triggered cell FDRE clocked by sys_clk  {rise@0.000ns fall@2.500ns period=5.000ns})
  Path Group:             sys_clk
  Path Type:              Setup (Max at Slow Process Corner)
  Requirement:            5.000ns  (sys_clk rise@5.000ns - sys_clk rise@0.000ns)
  Data Path Delay:        5.112ns  (logic 2.056ns (40.219%)  route 3.056ns (59.781%))
  Logic Levels:           13  (CARRY4=6 LUT2=2 LUT3=1 LUT4=1 LUT6=3)
  Clock Path Skew:        -0.046ns (DCD - SCD + CPR)
    Destination Clock Delay (DCD):    4.303ns = ( 9.303 - 5.000 ) 
    Source Clock Delay      (SCD):    4.641ns
    Clock Pessimism Removal (CPR):    0.291ns
  Clock Uncertainty:      0.035ns  ((TSJ^2 + TIJ^2)^1/2 + DJ) / 2 + PE
    Total System Jitter     (TSJ):    0.071ns
    Total Input Jitter      (TIJ):    0.000ns
    Discrete Jitter          (DJ):    0.000ns
    Phase Error              (PE):    0.000ns

    Location             Delay type                Incr(ns)  Path(ns)    Netlist Resource(s)
  -------------------------------------------------------------------    -------------------
                         (clock sys_clk rise edge)    0.000     0.000 r  <hidden>
    AL25                                              0.000     0.000 r  clk
                         net (fo=0)                   0.000     0.000    clk
    AL25                 IBUF (Prop_ibuf_I_O)         0.790     0.790 r  clk_IBUF_inst/O
                         net (fo=1, estimated)        2.376     3.166    clk_IBUF
    BUFGCTRL_X0Y0        BUFG (Prop_bufg_I_O)         0.093     3.259 r  clk_IBUF_BUFG_inst/O
                         net (fo=16647, estimated)    1.382     4.641    handshake_join_0/output_skid/clk_IBUF_BUFG
    SLICE_X87Y120        FDRE                                         r  handshake_join_0/output_skid/out_ch\\.data_reg[330]/C
  -------------------------------------------------------------------    -------------------
    SLICE_X87Y120        FDRE (Prop_fdre_C_Q)         0.223     4.864 r  handshake_join_0/output_skid/out_ch\\.data_reg[330]/Q
                         net (fo=56, estimated)       0.531     5.395    handshake_join_0/output_skid/handshake_join_0__out_ch__data[330]
    SLICE_X88Y121        LUT6 (Prop_lut6_I0_O)        0.043     5.438 r  handshake_join_0/output_skid/lane_out_skid[9][6]_i_43/O
                         net (fo=2, estimated)        0.247     5.685    handshake_join_0/output_skid/lane_out_skid[9][6]_i_43_n_0
    SLICE_X87Y122        LUT6 (Prop_lut6_I0_O)        0.043     5.728 r  handshake_join_0/output_skid/lane_out_skid[9][6]_i_47/O
                         net (fo=1, routed)           0.000     5.728    handshake_join_0/output_skid/lane_out_skid[9][6]_i_47_n_0
    SLICE_X87Y122        CARRY4 (Prop_carry4_S[0]_CO[3])
                                                      0.259     5.987 r  handshake_join_0/output_skid/lane_out_skid_reg[9][6]_i_34/CO[3]
                         net (fo=1, estimated)        0.000     5.987    handshake_join_0/output_skid/lane_out_skid_reg[9][6]_i_34_n_0
    SLICE_X87Y123        CARRY4 (Prop_carry4_CI_O[0])
                                                      0.111     6.098 r  handshake_join_0/output_skid/lane_out_skid_reg[9][15]_i_73/O[0]
                         net (fo=1, estimated)        0.276     6.374    handshake_join_0/output_skid/lane_out_skid_reg[9][15]_i_73_n_7
    SLICE_X88Y123        CARRY4 (Prop_carry4_S[0]_O[0])
                                                      0.248     6.622 r  handshake_join_0/output_skid/lane_out_skid_reg[9][15]_i_52/O[0]
                         net (fo=2, estimated)        0.342     6.964    handshake_join_0/output_skid/lane_out_skid_reg[9][15]_i_52_n_7
    SLICE_X90Y123        LUT3 (Prop_lut3_I0_O)        0.132     7.096 r  handshake_join_0/output_skid/lane_out_skid[9][15]_i_43/O
                         net (fo=2, estimated)        0.228     7.324    handshake_join_0/output_skid/lane_out_skid[9][15]_i_43_n_0
    SLICE_X90Y123        CARRY4 (Prop_carry4_DI[1]_O[2])
                                                      0.356     7.680 r  handshake_join_0/output_skid/lane_out_skid_reg[9][15]_i_17/O[2]
                         net (fo=4, estimated)        0.444     8.124    handshake_join_0/output_skid/lane_out_skid_reg[9][15]_i_17_n_5
    SLICE_X96Y123        LUT2 (Prop_lut2_I0_O)        0.127     8.251 r  handshake_join_0/output_skid/lane_out_skid[9][11]_i_8/O
                         net (fo=1, routed)           0.000     8.251    handshake_join_0/output_skid/lane_out_skid[9][11]_i_8_n_0
    SLICE_X96Y123        CARRY4 (Prop_carry4_S[3]_CO[3])
                                                      0.193     8.444 r  handshake_join_0/output_skid/lane_out_skid_reg[9][11]_i_6/CO[3]
                         net (fo=1, estimated)        0.000     8.444    handshake_join_0/output_skid/lane_out_skid_reg[9][11]_i_6_n_0
    SLICE_X96Y124        CARRY4 (Prop_carry4_CI_O[0])
                                                      0.111     8.555 r  handshake_join_0/output_skid/lane_out_skid_reg[9][15]_i_8/O[0]
                         net (fo=1, estimated)        0.433     8.988    handshake_join_0/output_skid/lane_out_skid_reg[9][15]_i_8_n_7
    SLICE_X87Y125        LUT2 (Prop_lut2_I0_O)        0.124     9.112 r  handshake_join_0/output_skid/lane_out_skid[9][12]_i_3/O
                         net (fo=1, estimated)        0.246     9.358    handshake_join_0/output_skid/lane_out_skid[9][12]_i_3_n_0
    SLICE_X84Y125        LUT6 (Prop_lut6_I2_O)        0.043     9.401 r  handshake_join_0/output_skid/lane_out_skid[9][12]_i_1/O
                         net (fo=2, estimated)        0.309     9.710    handshake_join_0/output_skid/out_ch\\.data_reg[388]_rep__0_6[12]
    SLICE_X84Y125        LUT4 (Prop_lut4_I0_O)        0.043     9.753 r  handshake_join_0/output_skid/lane_out[9][12]_i_1/O
                         net (fo=1, routed)           0.000     9.753    vector_alu_0/lane_out_reg[9][15]_8[12]
    SLICE_X84Y125        FDRE                                         r  vector_alu_0/lane_out_reg[9][12]/D
  -------------------------------------------------------------------    -------------------

                         (clock sys_clk rise edge)    5.000     5.000 r  <hidden>
    AL25                                              0.000     5.000 r  clk
                         net (fo=0)                   0.000     5.000    clk
    AL25                 IBUF (Prop_ibuf_I_O)         0.714     5.714 r  clk_IBUF_inst/O
                         net (fo=1, estimated)        2.257     7.971    clk_IBUF
    BUFGCTRL_X0Y0        BUFG (Prop_bufg_I_O)         0.083     8.054 r  clk_IBUF_BUFG_inst/O
                         net (fo=16647, estimated)    1.249     9.303    vector_alu_0/clk_IBUF_BUFG
    SLICE_X84Y125        FDRE                                         r  vector_alu_0/lane_out_reg[9][12]/C
                         clock pessimism              0.291     9.595    <hidden>
                         clock uncertainty           -0.035     9.559    <hidden>
    SLICE_X84Y125        FDRE (Setup_fdre_C_D)        0.064     9.623    vector_alu_0/lane_out_reg[9][12]
  -------------------------------------------------------------------
                         required time                          9.623    <hidden>
                         arrival time                          -9.753    <hidden>
  -------------------------------------------------------------------
                         slack                                 -0.129    <hidden>

Slack (VIOLATED) :        -0.128ns  (required time - arrival time)
  Source:                 handshake_join_0/output_skid/out_ch\\.data_reg[354]/C
                            (rising edge-triggered cell FDRE clocked by sys_clk  {rise@0.000ns fall@2.500ns period=5.000ns})
  Destination:            vector_alu_0/lane_out_reg[12][15]/D
                            (rising edge-triggered cell FDRE clocked by sys_clk  {rise@0.000ns fall@2.500ns period=5.000ns})
  Path Group:             sys_clk
  Path Type:              Setup (Max at Slow Process Corner)
  Requirement:            5.000ns  (sys_clk rise@5.000ns - sys_clk rise@0.000ns)
  Data Path Delay:        5.118ns  (logic 2.202ns (43.025%)  route 2.916ns (56.975%))
  Logic Levels:           13  (CARRY4=6 LUT2=2 LUT3=1 LUT4=1 LUT6=3)
  Clock Path Skew:        -0.041ns (DCD - SCD + CPR)
    Destination Clock Delay (DCD):    4.312ns = ( 9.312 - 5.000 ) 
    Source Clock Delay      (SCD):    4.645ns
    Clock Pessimism Removal (CPR):    0.291ns
  Clock Uncertainty:      0.035ns  ((TSJ^2 + TIJ^2)^1/2 + DJ) / 2 + PE
    Total System Jitter     (TSJ):    0.071ns
    Total Input Jitter      (TIJ):    0.000ns
    Discrete Jitter          (DJ):    0.000ns
    Phase Error              (PE):    0.000ns

    Location             Delay type                Incr(ns)  Path(ns)    Netlist Resource(s)
  -------------------------------------------------------------------    -------------------
                         (clock sys_clk rise edge)    0.000     0.000 r  <hidden>
    AL25                                              0.000     0.000 r  clk
                         net (fo=0)                   0.000     0.000    clk
    AL25                 IBUF (Prop_ibuf_I_O)         0.790     0.790 r  clk_IBUF_inst/O
                         net (fo=1, estimated)        2.376     3.166    clk_IBUF
    BUFGCTRL_X0Y0        BUFG (Prop_bufg_I_O)         0.093     3.259 r  clk_IBUF_BUFG_inst/O
                         net (fo=16647, estimated)    1.386     4.645    handshake_join_0/output_skid/clk_IBUF_BUFG
    SLICE_X85Y129        FDRE                                         r  handshake_join_0/output_skid/out_ch\\.data_reg[354]/C
  -------------------------------------------------------------------    -------------------
    SLICE_X85Y129        FDRE (Prop_fdre_C_Q)         0.223     4.868 r  handshake_join_0/output_skid/out_ch\\.data_reg[354]/Q
                         net (fo=46, estimated)       0.525     5.393    handshake_join_0/output_skid/handshake_join_0__out_ch__data[354]
    SLICE_X84Y130        LUT6 (Prop_lut6_I0_O)        0.043     5.436 r  handshake_join_0/output_skid/lane_out_skid[12][6]_i_43/O
                         net (fo=2, estimated)        0.334     5.770    handshake_join_0/output_skid/lane_out_skid[12][6]_i_43_n_0
    SLICE_X83Y132        LUT6 (Prop_lut6_I0_O)        0.043     5.813 r  handshake_join_0/output_skid/lane_out_skid[12][6]_i_47/O
                         net (fo=1, routed)           0.000     5.813    handshake_join_0/output_skid/lane_out_skid[12][6]_i_47_n_0
    SLICE_X83Y132        CARRY4 (Prop_carry4_S[0]_CO[3])
                                                      0.259     6.072 r  handshake_join_0/output_skid/lane_out_skid_reg[12][6]_i_34/CO[3]
                         net (fo=1, estimated)        0.000     6.072    handshake_join_0/output_skid/lane_out_skid_reg[12][6]_i_34_n_0
    SLICE_X83Y133        CARRY4 (Prop_carry4_CI_O[0])
                                                      0.111     6.183 r  handshake_join_0/output_skid/lane_out_skid_reg[12][15]_i_71/O[0]
                         net (fo=1, estimated)        0.283     6.466    handshake_join_0/output_skid/lane_out_skid_reg[12][15]_i_71_n_7
    SLICE_X84Y133        CARRY4 (Prop_carry4_S[0]_O[0])
                                                      0.244     6.710 r  handshake_join_0/output_skid/lane_out_skid_reg[12][15]_i_50/O[0]
                         net (fo=2, estimated)        0.338     7.048    handshake_join_0/output_skid/lane_out_skid_reg[12][15]_i_50_n_7
    SLICE_X82Y133        LUT3 (Prop_lut3_I0_O)        0.131     7.179 r  handshake_join_0/output_skid/lane_out_skid[12][15]_i_41/O
                         net (fo=2, estimated)        0.228     7.407    handshake_join_0/output_skid/lane_out_skid[12][15]_i_41_n_0
    SLICE_X82Y133        CARRY4 (Prop_carry4_DI[1]_CO[3])
                                                      0.344     7.751 r  handshake_join_0/output_skid/lane_out_skid_reg[12][15]_i_15/CO[3]
                         net (fo=1, estimated)        0.000     7.751    handshake_join_0/output_skid/lane_out_skid_reg[12][15]_i_15_n_0
    SLICE_X82Y134        CARRY4 (Prop_carry4_CI_O[1])
                                                      0.165     7.916 r  handshake_join_0/output_skid/lane_out_skid_reg[12][15]_i_10/O[1]
                         net (fo=4, estimated)        0.390     8.306    handshake_join_0/output_skid/lane_out_skid_reg[12][15]_i_10_n_6
    SLICE_X78Y135        LUT2 (Prop_lut2_I1_O)        0.125     8.431 r  handshake_join_0/output_skid/lane_out_skid[12][15]_i_18/O
                         net (fo=1, routed)           0.000     8.431    handshake_join_0/output_skid/lane_out_skid[12][15]_i_18_n_0
    SLICE_X78Y135        CARRY4 (Prop_carry4_S[1]_O[3])
                                                      0.308     8.739 r  handshake_join_0/output_skid/lane_out_skid_reg[12][15]_i_7/O[3]
                         net (fo=1, estimated)        0.232     8.971    handshake_join_0/output_skid/lane_out_skid_reg[12][15]_i_7_n_4
    SLICE_X79Y134        LUT2 (Prop_lut2_I0_O)        0.120     9.091 r  handshake_join_0/output_skid/lane_out_skid[12][15]_i_3/O
                         net (fo=1, estimated)        0.301     9.392    handshake_join_0/output_skid/lane_out_skid[12][15]_i_3_n_0
    SLICE_X79Y132        LUT6 (Prop_lut6_I2_O)        0.043     9.435 r  handshake_join_0/output_skid/lane_out_skid[12][15]_i_1/O
                         net (fo=2, estimated)        0.285     9.720    handshake_join_0/output_skid/out_ch\\.data_reg[388]_rep__0_9[15]
    SLICE_X80Y132        LUT4 (Prop_lut4_I0_O)        0.043     9.763 r  handshake_join_0/output_skid/lane_out[12][15]_i_1/O
                         net (fo=1, routed)           0.000     9.763    vector_alu_0/lane_out_reg[12][15]_8[15]
    SLICE_X80Y132        FDRE                                         r  vector_alu_0/lane_out_reg[12][15]/D
  -------------------------------------------------------------------    -------------------

                         (clock sys_clk rise edge)    5.000     5.000 r  <hidden>
    AL25                                              0.000     5.000 r  clk
                         net (fo=0)                   0.000     5.000    clk
    AL25                 IBUF (Prop_ibuf_I_O)         0.714     5.714 r  clk_IBUF_inst/O
                         net (fo=1, estimated)        2.257     7.971    clk_IBUF
    BUFGCTRL_X0Y0        BUFG (Prop_bufg_I_O)         0.083     8.054 r  clk_IBUF_BUFG_inst/O
                         net (fo=16647, estimated)    1.258     9.312    vector_alu_0/clk_IBUF_BUFG
    SLICE_X80Y132        FDRE                                         r  vector_alu_0/lane_out_reg[12][15]/C
                         clock pessimism              0.291     9.604    <hidden>
                         clock uncertainty           -0.035     9.568    <hidden>
    SLICE_X80Y132        FDRE (Setup_fdre_C_D)        0.066     9.634    vector_alu_0/lane_out_reg[12][15]
  -------------------------------------------------------------------
                         required time                          9.634    <hidden>
                         arrival time                          -9.763    <hidden>
  -------------------------------------------------------------------
                         slack                                 -0.128    <hidden>

Slack (VIOLATED) :        -0.126ns  (required time - arrival time)
  Source:                 handshake_join_0/output_skid/out_ch\\.data_reg[234]/C
                            (rising edge-triggered cell FDRE clocked by sys_clk  {rise@0.000ns fall@2.500ns period=5.000ns})
  Destination:            vector_alu_0/lane_out_reg[13][12]/D
                            (rising edge-triggered cell FDRE clocked by sys_clk  {rise@0.000ns fall@2.500ns period=5.000ns})
  Path Group:             sys_clk
  Path Type:              Setup (Max at Slow Process Corner)
  Requirement:            5.000ns  (sys_clk rise@5.000ns - sys_clk rise@0.000ns)
  Data Path Delay:        5.088ns  (logic 2.073ns (40.743%)  route 3.015ns (59.257%))
  Logic Levels:           13  (CARRY4=6 LUT2=2 LUT3=1 LUT4=1 LUT6=3)
  Clock Path Skew:        -0.037ns (DCD - SCD + CPR)
    Destination Clock Delay (DCD):    4.307ns = ( 9.307 - 5.000 ) 
    Source Clock Delay      (SCD):    4.636ns
    Clock Pessimism Removal (CPR):    0.291ns
  Clock Uncertainty:      0.035ns  ((TSJ^2 + TIJ^2)^1/2 + DJ) / 2 + PE
    Total System Jitter     (TSJ):    0.071ns
    Total Input Jitter      (TIJ):    0.000ns
    Discrete Jitter          (DJ):    0.000ns
    Phase Error              (PE):    0.000ns

    Location             Delay type                Incr(ns)  Path(ns)    Netlist Resource(s)
  -------------------------------------------------------------------    -------------------
                         (clock sys_clk rise edge)    0.000     0.000 r  <hidden>
    AL25                                              0.000     0.000 r  clk
                         net (fo=0)                   0.000     0.000    clk
    AL25                 IBUF (Prop_ibuf_I_O)         0.790     0.790 r  clk_IBUF_inst/O
                         net (fo=1, estimated)        2.376     3.166    clk_IBUF
    BUFGCTRL_X0Y0        BUFG (Prop_bufg_I_O)         0.093     3.259 r  clk_IBUF_BUFG_inst/O
                         net (fo=16647, estimated)    1.377     4.636    handshake_join_0/output_skid/clk_IBUF_BUFG
    SLICE_X87Y126        FDRE                                         r  handshake_join_0/output_skid/out_ch\\.data_reg[234]/C
  -------------------------------------------------------------------    -------------------
    SLICE_X87Y126        FDRE (Prop_fdre_C_Q)         0.223     4.859 r  handshake_join_0/output_skid/out_ch\\.data_reg[234]/Q
                         net (fo=37, estimated)       0.567     5.426    handshake_join_0/output_skid/handshake_join_0__out_ch__data[234]
    SLICE_X88Y128        LUT6 (Prop_lut6_I3_O)        0.043     5.469 r  handshake_join_0/output_skid/lane_out_skid[13][6]_i_43/O
                         net (fo=2, estimated)        0.346     5.815    handshake_join_0/output_skid/lane_out_skid[13][6]_i_43_n_0
    SLICE_X87Y128        LUT6 (Prop_lut6_I0_O)        0.043     5.858 r  handshake_join_0/output_skid/lane_out_skid[13][6]_i_47/O
                         net (fo=1, routed)           0.000     5.858    handshake_join_0/output_skid/lane_out_skid[13][6]_i_47_n_0
    SLICE_X87Y128        CARRY4 (Prop_carry4_S[0]_CO[3])
                                                      0.259     6.117 r  handshake_join_0/output_skid/lane_out_skid_reg[13][6]_i_34/CO[3]
                         net (fo=1, estimated)        0.000     6.117    handshake_join_0/output_skid/lane_out_skid_reg[13][6]_i_34_n_0
    SLICE_X87Y129        CARRY4 (Prop_carry4_CI_O[0])
                                                      0.111     6.228 r  handshake_join_0/output_skid/lane_out_skid_reg[13][15]_i_71/O[0]
                         net (fo=1, estimated)        0.363     6.591    handshake_join_0/output_skid/lane_out_skid_reg[13][15]_i_71_n_7
    SLICE_X86Y132        CARRY4 (Prop_carry4_S[0]_O[0])
                                                      0.244     6.835 r  handshake_join_0/output_skid/lane_out_skid_reg[13][15]_i_50/O[0]
                         net (fo=2, estimated)        0.410     7.245    handshake_join_0/output_skid/lane_out_skid_reg[13][15]_i_50_n_7
    SLICE_X87Y131        LUT3 (Prop_lut3_I0_O)        0.132     7.377 r  handshake_join_0/output_skid/lane_out_skid[13][15]_i_41/O
                         net (fo=2, estimated)        0.229     7.606    handshake_join_0/output_skid/lane_out_skid[13][15]_i_41_n_0
    SLICE_X87Y131        CARRY4 (Prop_carry4_DI[1]_O[3])
                                                      0.384     7.990 r  handshake_join_0/output_skid/lane_out_skid_reg[13][15]_i_15/O[3]
                         net (fo=4, estimated)        0.329     8.319    handshake_join_0/output_skid/lane_out_skid_reg[13][15]_i_15_n_4
    SLICE_X88Y132        LUT2 (Prop_lut2_I1_O)        0.120     8.439 r  handshake_join_0/output_skid/lane_out_skid[13][11]_i_8/O
                         net (fo=1, routed)           0.000     8.439    handshake_join_0/output_skid/lane_out_skid[13][11]_i_8_n_0
    SLICE_X88Y132        CARRY4 (Prop_carry4_S[3]_CO[3])
                                                      0.193     8.632 r  handshake_join_0/output_skid/lane_out_skid_reg[13][11]_i_6/CO[3]
                         net (fo=1, estimated)        0.000     8.632    handshake_join_0/output_skid/lane_out_skid_reg[13][11]_i_6_n_0
    SLICE_X88Y133        CARRY4 (Prop_carry4_CI_O[0])
                                                      0.111     8.743 r  handshake_join_0/output_skid/lane_out_skid_reg[13][15]_i_7/O[0]
                         net (fo=1, estimated)        0.254     8.997    handshake_join_0/output_skid/lane_out_skid_reg[13][15]_i_7_n_7
    SLICE_X90Y133        LUT2 (Prop_lut2_I0_O)        0.124     9.121 r  handshake_join_0/output_skid/lane_out_skid[13][12]_i_3/O
                         net (fo=1, estimated)        0.214     9.335    handshake_join_0/output_skid/lane_out_skid[13][12]_i_3_n_0
    SLICE_X90Y133        LUT6 (Prop_lut6_I2_O)        0.043     9.378 r  handshake_join_0/output_skid/lane_out_skid[13][12]_i_1/O
                         net (fo=2, estimated)        0.303     9.681    handshake_join_0/output_skid/out_ch\\.data_reg[388]_rep__0_10[12]
    SLICE_X91Y133        LUT4 (Prop_lut4_I0_O)        0.043     9.724 r  handshake_join_0/output_skid/lane_out[13][12]_i_1/O
                         net (fo=1, routed)           0.000     9.724    vector_alu_0/lane_out_reg[13][15]_8[12]
    SLICE_X91Y133        FDRE                                         r  vector_alu_0/lane_out_reg[13][12]/D
  -------------------------------------------------------------------    -------------------

                         (clock sys_clk rise edge)    5.000     5.000 r  <hidden>
    AL25                                              0.000     5.000 r  clk
                         net (fo=0)                   0.000     5.000    clk
    AL25                 IBUF (Prop_ibuf_I_O)         0.714     5.714 r  clk_IBUF_inst/O
                         net (fo=1, estimated)        2.257     7.971    clk_IBUF
    BUFGCTRL_X0Y0        BUFG (Prop_bufg_I_O)         0.083     8.054 r  clk_IBUF_BUFG_inst/O
                         net (fo=16647, estimated)    1.253     9.307    vector_alu_0/clk_IBUF_BUFG
    SLICE_X91Y133        FDRE                                         r  vector_alu_0/lane_out_reg[13][12]/C
                         clock pessimism              0.291     9.599    <hidden>
                         clock uncertainty           -0.035     9.563    <hidden>
    SLICE_X91Y133        FDRE (Setup_fdre_C_D)        0.034     9.597    vector_alu_0/lane_out_reg[13][12]
  -------------------------------------------------------------------
                         required time                          9.597    <hidden>
                         arrival time                          -9.724    <hidden>
  -------------------------------------------------------------------
                         slack                                 -0.126    <hidden>

Slack (VIOLATED) :        -0.122ns  (required time - arrival time)
  Source:                 handshake_join_0/output_skid/out_ch\\.data_reg[322]/C
                            (rising edge-triggered cell FDRE clocked by sys_clk  {rise@0.000ns fall@2.500ns period=5.000ns})
  Destination:            vector_alu_0/lane_out_reg[8][15]/D
                            (rising edge-triggered cell FDRE clocked by sys_clk  {rise@0.000ns fall@2.500ns period=5.000ns})
  Path Group:             sys_clk
  Path Type:              Setup (Max at Slow Process Corner)
  Requirement:            5.000ns  (sys_clk rise@5.000ns - sys_clk rise@0.000ns)
  Data Path Delay:        5.102ns  (logic 2.133ns (41.807%)  route 2.969ns (58.193%))
  Logic Levels:           13  (CARRY4=6 LUT2=2 LUT3=1 LUT4=1 LUT6=3)
  Clock Path Skew:        -0.050ns (DCD - SCD + CPR)
    Destination Clock Delay (DCD):    4.371ns = ( 9.371 - 5.000 ) 
    Source Clock Delay      (SCD):    4.713ns
    Clock Pessimism Removal (CPR):    0.291ns
  Clock Uncertainty:      0.035ns  ((TSJ^2 + TIJ^2)^1/2 + DJ) / 2 + PE
    Total System Jitter     (TSJ):    0.071ns
    Total Input Jitter      (TIJ):    0.000ns
    Discrete Jitter          (DJ):    0.000ns
    Phase Error              (PE):    0.000ns

    Location             Delay type                Incr(ns)  Path(ns)    Netlist Resource(s)
  -------------------------------------------------------------------    -------------------
                         (clock sys_clk rise edge)    0.000     0.000 r  <hidden>
    AL25                                              0.000     0.000 r  clk
                         net (fo=0)                   0.000     0.000    clk
    AL25                 IBUF (Prop_ibuf_I_O)         0.790     0.790 r  clk_IBUF_inst/O
                         net (fo=1, estimated)        2.376     3.166    clk_IBUF
    BUFGCTRL_X0Y0        BUFG (Prop_bufg_I_O)         0.093     3.259 r  clk_IBUF_BUFG_inst/O
                         net (fo=16647, estimated)    1.454     4.713    handshake_join_0/output_skid/clk_IBUF_BUFG
    SLICE_X39Y121        FDRE                                         r  handshake_join_0/output_skid/out_ch\\.data_reg[322]/C
  -------------------------------------------------------------------    -------------------
    SLICE_X39Y121        FDRE (Prop_fdre_C_Q)         0.223     4.936 r  handshake_join_0/output_skid/out_ch\\.data_reg[322]/Q
                         net (fo=56, estimated)       0.530     5.466    handshake_join_0/output_skid/handshake_join_0__out_ch__data[322]
    SLICE_X39Y121        LUT6 (Prop_lut6_I0_O)        0.043     5.509 r  handshake_join_0/output_skid/lane_out_skid[8][6]_i_43/O
                         net (fo=2, estimated)        0.360     5.869    handshake_join_0/output_skid/lane_out_skid[8][6]_i_43_n_0
    SLICE_X38Y121        LUT6 (Prop_lut6_I0_O)        0.043     5.912 r  handshake_join_0/output_skid/lane_out_skid[8][6]_i_47/O
                         net (fo=1, routed)           0.000     5.912    handshake_join_0/output_skid/lane_out_skid[8][6]_i_47_n_0
    SLICE_X38Y121        CARRY4 (Prop_carry4_S[0]_CO[3])
                                                      0.246     6.158 r  handshake_join_0/output_skid/lane_out_skid_reg[8][6]_i_34/CO[3]
                         net (fo=1, estimated)        0.000     6.158    handshake_join_0/output_skid/lane_out_skid_reg[8][6]_i_34_n_0
    SLICE_X38Y122        CARRY4 (Prop_carry4_CI_O[1])
                                                      0.165     6.323 r  handshake_join_0/output_skid/lane_out_skid_reg[8][15]_i_71/O[1]
                         net (fo=2, estimated)        0.367     6.690    handshake_join_0/output_skid/lane_out_skid_reg[8][15]_i_71_n_6
    SLICE_X38Y125        CARRY4 (Prop_carry4_DI[1]_O[2])
                                                      0.347     7.037 r  handshake_join_0/output_skid/lane_out_skid_reg[8][15]_i_50/O[2]
                         net (fo=2, estimated)        0.252     7.289    handshake_join_0/output_skid/lane_out_skid_reg[8][15]_i_50_n_5
    SLICE_X38Y124        LUT3 (Prop_lut3_I0_O)        0.127     7.416 r  handshake_join_0/output_skid/lane_out_skid[8][15]_i_39/O
                         net (fo=2, estimated)        0.285     7.701    handshake_join_0/output_skid/lane_out_skid[8][15]_i_39_n_0
    SLICE_X39Y125        CARRY4 (Prop_carry4_DI[3]_CO[3])
                                                      0.190     7.891 r  handshake_join_0/output_skid/lane_out_skid_reg[8][15]_i_15/CO[3]
                         net (fo=1, estimated)        0.000     7.891    handshake_join_0/output_skid/lane_out_skid_reg[8][15]_i_15_n_0
    SLICE_X39Y126        CARRY4 (Prop_carry4_CI_O[0])
                                                      0.111     8.002 r  handshake_join_0/output_skid/lane_out_skid_reg[8][15]_i_10/O[0]
                         net (fo=4, estimated)        0.389     8.391    handshake_join_0/output_skid/lane_out_skid_reg[8][15]_i_10_n_7
    SLICE_X40Y125        LUT2 (Prop_lut2_I0_O)        0.124     8.515 r  handshake_join_0/output_skid/lane_out_skid[8][15]_i_18/O
                         net (fo=1, routed)           0.000     8.515    handshake_join_0/output_skid/lane_out_skid[8][15]_i_18_n_0
    SLICE_X40Y125        CARRY4 (Prop_carry4_S[1]_O[3])
                                                      0.308     8.823 r  handshake_join_0/output_skid/lane_out_skid_reg[8][15]_i_7/O[3]
                         net (fo=1, estimated)        0.319     9.142    handshake_join_0/output_skid/lane_out_skid_reg[8][15]_i_7_n_4
    SLICE_X43Y124        LUT2 (Prop_lut2_I0_O)        0.120     9.262 r  handshake_join_0/output_skid/lane_out_skid[8][15]_i_3/O
                         net (fo=1, estimated)        0.181     9.443    handshake_join_0/output_skid/lane_out_skid[8][15]_i_3_n_0
    SLICE_X43Y124        LUT6 (Prop_lut6_I2_O)        0.043     9.486 r  handshake_join_0/output_skid/lane_out_skid[8][15]_i_1/O
                         net (fo=2, estimated)        0.286     9.772    handshake_join_0/output_skid/out_ch\\.data_reg[388]_rep__0_5[15]
    SLICE_X44Y124        LUT4 (Prop_lut4_I0_O)        0.043     9.815 r  handshake_join_0/output_skid/lane_out[8][15]_i_1/O
                         net (fo=1, routed)           0.000     9.815    vector_alu_0/lane_out_reg[8][15]_8[15]
    SLICE_X44Y124        FDRE                                         r  vector_alu_0/lane_out_reg[8][15]/D
  -------------------------------------------------------------------    -------------------

                         (clock sys_clk rise edge)    5.000     5.000 r  <hidden>
    AL25                                              0.000     5.000 r  clk
                         net (fo=0)                   0.000     5.000    clk
    AL25                 IBUF (Prop_ibuf_I_O)         0.714     5.714 r  clk_IBUF_inst/O
                         net (fo=1, estimated)        2.257     7.971    clk_IBUF
    BUFGCTRL_X0Y0        BUFG (Prop_bufg_I_O)         0.083     8.054 r  clk_IBUF_BUFG_inst/O
                         net (fo=16647, estimated)    1.317     9.371    vector_alu_0/clk_IBUF_BUFG
    SLICE_X44Y124        FDRE                                         r  vector_alu_0/lane_out_reg[8][15]/C
                         clock pessimism              0.291     9.663    <hidden>
                         clock uncertainty           -0.035     9.627    <hidden>
    SLICE_X44Y124        FDRE (Setup_fdre_C_D)        0.065     9.692    vector_alu_0/lane_out_reg[8][15]
  -------------------------------------------------------------------
                         required time                          9.692    <hidden>
                         arrival time                          -9.815    <hidden>
  -------------------------------------------------------------------
                         slack                                 -0.122    <hidden>

Slack (VIOLATED) :        -0.120ns  (required time - arrival time)
  Source:                 handshake_join_0/output_skid/out_ch\\.data_reg[141]/C
                            (rising edge-triggered cell FDRE clocked by sys_clk  {rise@0.000ns fall@2.500ns period=5.000ns})
  Destination:            vector_alu_0/lane_out_skid_reg[1][15]/D
                            (rising edge-triggered cell FDRE clocked by sys_clk  {rise@0.000ns fall@2.500ns period=5.000ns})
  Path Group:             sys_clk
  Path Type:              Setup (Max at Slow Process Corner)
  Requirement:            5.000ns  (sys_clk rise@5.000ns - sys_clk rise@0.000ns)
  Data Path Delay:        5.006ns  (logic 2.165ns (43.248%)  route 2.841ns (56.752%))
  Logic Levels:           12  (CARRY4=6 LUT2=2 LUT3=1 LUT6=3)
  Clock Path Skew:        -0.057ns (DCD - SCD + CPR)
    Destination Clock Delay (DCD):    4.440ns = ( 9.440 - 5.000 ) 
    Source Clock Delay      (SCD):    4.789ns
    Clock Pessimism Removal (CPR):    0.291ns
  Clock Uncertainty:      0.035ns  ((TSJ^2 + TIJ^2)^1/2 + DJ) / 2 + PE
    Total System Jitter     (TSJ):    0.071ns
    Total Input Jitter      (TIJ):    0.000ns
    Discrete Jitter          (DJ):    0.000ns
    Phase Error              (PE):    0.000ns

    Location             Delay type                Incr(ns)  Path(ns)    Netlist Resource(s)
  -------------------------------------------------------------------    -------------------
                         (clock sys_clk rise edge)    0.000     0.000 r  <hidden>
    AL25                                              0.000     0.000 r  clk
                         net (fo=0)                   0.000     0.000    clk
    AL25                 IBUF (Prop_ibuf_I_O)         0.790     0.790 r  clk_IBUF_inst/O
                         net (fo=1, estimated)        2.376     3.166    clk_IBUF
    BUFGCTRL_X0Y0        BUFG (Prop_bufg_I_O)         0.093     3.259 r  clk_IBUF_BUFG_inst/O
                         net (fo=16647, estimated)    1.530     4.789    handshake_join_0/output_skid/clk_IBUF_BUFG
    SLICE_X27Y109        FDRE                                         r  handshake_join_0/output_skid/out_ch\\.data_reg[141]/C
  -------------------------------------------------------------------    -------------------
    SLICE_X27Y109        FDRE (Prop_fdre_C_Q)         0.204     4.993 r  handshake_join_0/output_skid/out_ch\\.data_reg[141]/Q
                         net (fo=44, estimated)       0.607     5.600    handshake_join_0/output_skid/Q[9]
    SLICE_X27Y108        LUT6 (Prop_lut6_I0_O)        0.126     5.726 r  handshake_join_0/output_skid/lane_out_skid[1][6]_i_40/O
                         net (fo=2, estimated)        0.338     6.064    handshake_join_0/output_skid/lane_out_skid[1][6]_i_40_n_0
    SLICE_X29Y110        LUT6 (Prop_lut6_I0_O)        0.043     6.107 r  handshake_join_0/output_skid/lane_out_skid[1][6]_i_44/O
                         net (fo=1, routed)           0.000     6.107    handshake_join_0/output_skid/lane_out_skid[1][6]_i_44_n_0
    SLICE_X29Y110        CARRY4 (Prop_carry4_S[3]_CO[3])
                                                      0.193     6.300 r  handshake_join_0/output_skid/lane_out_skid_reg[1][6]_i_34/CO[3]
                         net (fo=1, estimated)        0.000     6.300    handshake_join_0/output_skid/lane_out_skid_reg[1][6]_i_34_n_0
    SLICE_X29Y111        CARRY4 (Prop_carry4_CI_O[0])
                                                      0.111     6.411 r  handshake_join_0/output_skid/lane_out_skid_reg[1][15]_i_71/O[0]
                         net (fo=1, estimated)        0.272     6.683    handshake_join_0/output_skid/lane_out_skid_reg[1][15]_i_71_n_7
    SLICE_X31Y111        CARRY4 (Prop_carry4_S[0]_O[0])
                                                      0.248     6.931 r  handshake_join_0/output_skid/lane_out_skid_reg[1][15]_i_50/O[0]
                         net (fo=2, estimated)        0.405     7.336    handshake_join_0/output_skid/lane_out_skid_reg[1][15]_i_50_n_7
    SLICE_X27Y111        LUT3 (Prop_lut3_I0_O)        0.133     7.469 r  handshake_join_0/output_skid/lane_out_skid[1][15]_i_41/O
                         net (fo=2, estimated)        0.229     7.698    handshake_join_0/output_skid/lane_out_skid[1][15]_i_41_n_0
    SLICE_X27Y111        CARRY4 (Prop_carry4_DI[1]_CO[3])
                                                      0.343     8.041 r  handshake_join_0/output_skid/lane_out_skid_reg[1][15]_i_15/CO[3]
                         net (fo=1, estimated)        0.000     8.041    handshake_join_0/output_skid/lane_out_skid_reg[1][15]_i_15_n_0
    SLICE_X27Y112        CARRY4 (Prop_carry4_CI_O[1])
                                                      0.166     8.207 r  handshake_join_0/output_skid/lane_out_skid_reg[1][15]_i_10/O[1]
                         net (fo=4, estimated)        0.332     8.539    handshake_join_0/output_skid/lane_out_skid_reg[1][15]_i_10_n_6
    SLICE_X30Y112        LUT2 (Prop_lut2_I1_O)        0.123     8.662 r  handshake_join_0/output_skid/lane_out_skid[1][15]_i_18/O
                         net (fo=1, routed)           0.000     8.662    handshake_join_0/output_skid/lane_out_skid[1][15]_i_18_n_0
    SLICE_X30Y112        CARRY4 (Prop_carry4_S[1]_O[3])
                                                      0.312     8.974 r  handshake_join_0/output_skid/lane_out_skid_reg[1][15]_i_7/O[3]
                         net (fo=1, estimated)        0.331     9.305    handshake_join_0/output_skid/lane_out_skid_reg[1][15]_i_7_n_4
    SLICE_X31Y115        LUT2 (Prop_lut2_I0_O)        0.120     9.425 r  handshake_join_0/output_skid/lane_out_skid[1][15]_i_3/O
                         net (fo=1, estimated)        0.096     9.521    handshake_join_0/output_skid/lane_out_skid[1][15]_i_3_n_0
    SLICE_X31Y115        LUT6 (Prop_lut6_I2_O)        0.043     9.564 r  handshake_join_0/output_skid/lane_out_skid[1][15]_i_1/O
                         net (fo=2, estimated)        0.231     9.795    vector_alu_0/lane_out_skid_reg[1][15]_1[15]
    SLICE_X30Y115        FDRE                                         r  vector_alu_0/lane_out_skid_reg[1][15]/D
  -------------------------------------------------------------------    -------------------

                         (clock sys_clk rise edge)    5.000     5.000 r  <hidden>
    AL25                                              0.000     5.000 r  clk
                         net (fo=0)                   0.000     5.000    clk
    AL25                 IBUF (Prop_ibuf_I_O)         0.714     5.714 r  clk_IBUF_inst/O
                         net (fo=1, estimated)        2.257     7.971    clk_IBUF
    BUFGCTRL_X0Y0        BUFG (Prop_bufg_I_O)         0.083     8.054 r  clk_IBUF_BUFG_inst/O
                         net (fo=16647, estimated)    1.386     9.440    vector_alu_0/clk_IBUF_BUFG
    SLICE_X30Y115        FDRE                                         r  vector_alu_0/lane_out_skid_reg[1][15]/C
                         clock pessimism              0.291     9.732    <hidden>
                         clock uncertainty           -0.035     9.696    <hidden>
    SLICE_X30Y115        FDRE (Setup_fdre_C_D)       -0.022     9.674    vector_alu_0/lane_out_skid_reg[1][15]
  -------------------------------------------------------------------
                         required time                          9.674    <hidden>
                         arrival time                          -9.795    <hidden>
  -------------------------------------------------------------------
                         slack                                 -0.120    <hidden>




