Copyright 1986-2022 Xilinx, Inc. All Rights Reserved. Copyright 2022-2026 Advanced Micro Devices, Inc. All Rights Reserved.
---------------------------------------------------------------------------------------------------------------------------------------------
| Tool Version : Vivado v.2026.1 (win64) Build 6511674 Tue Jun 16 11:02:23 MDT 2026
| Date         : Wed Sep 30 21:59:20 2026
| Host         : DESKTOP-2MR89AG running 64-bit major release  (build 9200)
| Command      : report_timing_summary -delay_type min_max -max_paths 20 -report_unconstrained -file reports/post_place_timing_summary.rpt
| Design       : vector_system
| Device       : 7k480t-ffg1156
| Speed File   : -2  PRODUCTION 1.12 2017-02-17
| Design State : Physopt postPlace
---------------------------------------------------------------------------------------------------------------------------------------------

Timing Summary Report

------------------------------------------------------------------------------------------------
| Timer Settings
| --------------
------------------------------------------------------------------------------------------------

  Enable Multi Corner Analysis               :  Yes
  Enable Pessimism Removal                   :  Yes
  Pessimism Removal Resolution               :  Nearest Common Node
  Enable Input Delay Default Clock           :  No
  Enable Preset / Clear Arcs                 :  No
  Disable Flight Delays                      :  No
  Ignore I/O Paths                           :  No
  Timing Early Launch at Borrowing Latches   :  No
  Borrow Time for Max Delay Exceptions       :  Yes
  Merge Timing Exceptions                    :  Yes
  Inter-SLR Compensation                     :  Conservative

  Corner  Analyze    Analyze    
  Name    Max Paths  Min Paths  
  ------  ---------  ---------  
  Slow    Yes        Yes        
  Fast    Yes        Yes        


------------------------------------------------------------------------------------------------
| Report Methodology
| ------------------
------------------------------------------------------------------------------------------------

No report available as report_methodology has not been run prior. Run report_methodology on the current design for the summary of methodology violations.



check_timing report

Table of Contents
-----------------
1. checking no_clock (0)
2. checking constant_clock (0)
3. checking pulse_width_clock (0)
4. checking unconstrained_internal_endpoints (0)
5. checking no_input_delay (192)
6. checking no_output_delay (171)
7. checking multiple_clock (0)
8. checking generated_clocks (0)
9. checking loops (2)
10. checking partial_input_delay (0)
11. checking partial_output_delay (0)
12. checking latch_loops (0)

1. checking no_clock (0)
------------------------
 There are 0 register/latch pins with no clock.


2. checking constant_clock (0)
------------------------------
 There are 0 register/latch pins with constant_clock.


3. checking pulse_width_clock (0)
---------------------------------
 There are 0 register/latch pins which need pulse_width check


4. checking unconstrained_internal_endpoints (0)
------------------------------------------------
 There are 0 pins that are not constrained for maximum delay.

 There are 0 pins that are not constrained for maximum delay due to constant clock.


5. checking no_input_delay (192)
--------------------------------
 There are 192 input ports with no input delay specified. (HIGH)

 There are 0 input ports with no input delay but user has a false path constraint.


6. checking no_output_delay (171)
---------------------------------
 There are 171 ports with no output delay specified. (HIGH)

 There are 0 ports with no output delay but user has a false path constraint

 There are 0 ports with no output delay but with a timing clock defined on it or propagating through it


7. checking multiple_clock (0)
------------------------------
 There are 0 register/latch pins with multiple clocks.


8. checking generated_clocks (0)
--------------------------------
 There are 0 generated clocks that are not connected to a clock source.


9. checking loops (2)
---------------------
 There are 2 combinational loops in the design. (HIGH)


10. checking partial_input_delay (0)
------------------------------------
 There are 0 input ports with partial input delay specified.


11. checking partial_output_delay (0)
-------------------------------------
 There are 0 ports with partial output delay specified.


12. checking latch_loops (0)
----------------------------
 There are 0 combinational latch loops in the design through latch input



------------------------------------------------------------------------------------------------
| Design Timing Summary
| ---------------------
------------------------------------------------------------------------------------------------

    WNS(ns)      TNS(ns)  TNS Failing Endpoints  TNS Total Endpoints      WHS(ns)      THS(ns)  THS Failing Endpoints  THS Total Endpoints     WPWS(ns)     TPWS(ns)  TPWS Failing Endpoints  TPWS Total Endpoints  
    -------      -------  ---------------------  -------------------      -------      -------  ---------------------  -------------------     --------     --------  ----------------------  --------------------  
     -0.157       -8.937                    140                35050       -0.184       -6.768                    144                35050        1.732        0.000                       0                 16648  


Timing constraints are not met.


------------------------------------------------------------------------------------------------
| Clock Summary
| -------------
------------------------------------------------------------------------------------------------

Clock    Waveform(ns)         Period(ns)      Frequency(MHz)
-----    ------------         ----------      --------------
sys_clk  {0.000 2.500}        5.000           200.000         


------------------------------------------------------------------------------------------------
| Intra Clock Table
| -----------------
------------------------------------------------------------------------------------------------

Clock             WNS(ns)      TNS(ns)  TNS Failing Endpoints  TNS Total Endpoints      WHS(ns)      THS(ns)  THS Failing Endpoints  THS Total Endpoints     WPWS(ns)     TPWS(ns)  TPWS Failing Endpoints  TPWS Total Endpoints  
-----             -------      -------  ---------------------  -------------------      -------      -------  ---------------------  -------------------     --------     --------  ----------------------  --------------------  
sys_clk            -0.157       -8.937                    140                35050       -0.184       -6.768                    144                35050        1.732        0.000                       0                 16648  


------------------------------------------------------------------------------------------------
| Inter Clock Table
| -----------------
------------------------------------------------------------------------------------------------

From Clock    To Clock          WNS(ns)      TNS(ns)  TNS Failing Endpoints  TNS Total Endpoints      WHS(ns)      THS(ns)  THS Failing Endpoints  THS Total Endpoints  
----------    --------          -------      -------  ---------------------  -------------------      -------      -------  ---------------------  -------------------  


------------------------------------------------------------------------------------------------
| Other Path Groups Table
| -----------------------
------------------------------------------------------------------------------------------------

Path Group    From Clock    To Clock          WNS(ns)      TNS(ns)  TNS Failing Endpoints  TNS Total Endpoints      WHS(ns)      THS(ns)  THS Failing Endpoints  THS Total Endpoints  
----------    ----------    --------          -------      -------  ---------------------  -------------------      -------      -------  ---------------------  -------------------  


------------------------------------------------------------------------------------------------
| User Ignored Path Table
| -----------------------
------------------------------------------------------------------------------------------------

Path Group    From Clock    To Clock    
----------    ----------    --------    


------------------------------------------------------------------------------------------------
| Unconstrained Path Table
| ------------------------
------------------------------------------------------------------------------------------------

Path Group    From Clock    To Clock    
----------    ----------    --------    
(none)                                    
(none)        sys_clk                     
(none)                      sys_clk       


------------------------------------------------------------------------------------------------
| Timing Details
| --------------
------------------------------------------------------------------------------------------------


---------------------------------------------------------------------------------------------------
From Clock:  sys_clk
  To Clock:  sys_clk

Setup :          140  Failing Endpoints,  Worst Slack       -0.157ns,  Total Violation       -8.937ns
Hold  :          144  Failing Endpoints,  Worst Slack       -0.184ns,  Total Violation       -6.768ns
PW    :            0  Failing Endpoints,  Worst Slack        1.732ns,  Total Violation        0.000ns
---------------------------------------------------------------------------------------------------


Max Delay Paths
--------------------------------------------------------------------------------------
Slack (VIOLATED) :        -0.157ns  (required time - arrival time)
  Source:                 handshake_join_0/output_skid/out_ch\\.data_reg[241]/C
                            (rising edge-triggered cell FDRE clocked by sys_clk  {rise@0.000ns fall@2.500ns period=5.000ns})
  Destination:            vector_alu_0/lane_out_reg[14][15]/D
                            (rising edge-triggered cell FDRE clocked by sys_clk  {rise@0.000ns fall@2.500ns period=5.000ns})
  Path Group:             sys_clk
  Path Type:              Setup (Max at Slow Process Corner)
  Requirement:            5.000ns  (sys_clk rise@5.000ns - sys_clk rise@0.000ns)
  Data Path Delay:        5.132ns  (logic 2.220ns (43.258%)  route 2.912ns (56.742%))
  Logic Levels:           13  (CARRY4=6 LUT2=2 LUT3=1 LUT4=1 LUT6=3)
  Clock Path Skew:        -0.024ns (DCD - SCD + CPR)
    Destination Clock Delay (DCD):    4.317ns = ( 9.317 - 5.000 ) 
    Source Clock Delay      (SCD):    4.656ns
    Clock Pessimism Removal (CPR):    0.314ns
  Clock Uncertainty:      0.035ns  ((TSJ^2 + TIJ^2)^1/2 + DJ) / 2 + PE
    Total System Jitter     (TSJ):    0.071ns
    Total Input Jitter      (TIJ):    0.000ns
    Discrete Jitter          (DJ):    0.000ns
    Phase Error              (PE):    0.000ns

    Location             Delay type                Incr(ns)  Path(ns)    Netlist Resource(s)
  -------------------------------------------------------------------    -------------------
                         (clock sys_clk rise edge)    0.000     0.000 r  <hidden>
    AL25                                              0.000     0.000 r  clk
                         net (fo=0)                   0.000     0.000    clk
    AL25                 IBUF (Prop_ibuf_I_O)         0.790     0.790 r  clk_IBUF_inst/O
                         net (fo=1, estimated)        2.376     3.166    clk_IBUF
    BUFGCTRL_X0Y0        BUFG (Prop_bufg_I_O)         0.093     3.259 r  clk_IBUF_BUFG_inst/O
                         net (fo=16647, estimated)    1.397     4.656    handshake_join_0/output_skid/clk_IBUF_BUFG
    SLICE_X95Y116        FDRE                                         r  handshake_join_0/output_skid/out_ch\\.data_reg[241]/C
  -------------------------------------------------------------------    -------------------
    SLICE_X95Y116        FDRE (Prop_fdre_C_Q)         0.204     4.860 r  handshake_join_0/output_skid/out_ch\\.data_reg[241]/Q
                         net (fo=44, estimated)       0.522     5.382    handshake_join_0/output_skid/Q[84]
    SLICE_X96Y115        LUT6 (Prop_lut6_I1_O)        0.126     5.508 r  handshake_join_0/output_skid/lane_out_skid[14][6]_i_43/O
                         net (fo=2, estimated)        0.267     5.775    handshake_join_0/output_skid/lane_out_skid[14][6]_i_43_n_0
    SLICE_X97Y116        LUT6 (Prop_lut6_I0_O)        0.043     5.818 r  handshake_join_0/output_skid/lane_out_skid[14][6]_i_47/O
                         net (fo=1, routed)           0.000     5.818    handshake_join_0/output_skid/lane_out_skid[14][6]_i_47_n_0
    SLICE_X97Y116        CARRY4 (Prop_carry4_S[0]_CO[3])
                                                      0.259     6.077 r  handshake_join_0/output_skid/lane_out_skid_reg[14][6]_i_34/CO[3]
                         net (fo=1, estimated)        0.000     6.077    handshake_join_0/output_skid/lane_out_skid_reg[14][6]_i_34_n_0
    SLICE_X97Y117        CARRY4 (Prop_carry4_CI_O[0])
                                                      0.111     6.188 r  handshake_join_0/output_skid/lane_out_skid_reg[14][15]_i_71/O[0]
                         net (fo=1, estimated)        0.272     6.460    handshake_join_0/output_skid/lane_out_skid_reg[14][15]_i_71_n_7
    SLICE_X99Y117        CARRY4 (Prop_carry4_S[0]_O[0])
                                                      0.248     6.708 r  handshake_join_0/output_skid/lane_out_skid_reg[14][15]_i_50/O[0]
                         net (fo=2, estimated)        0.504     7.212    handshake_join_0/output_skid/lane_out_skid_reg[14][15]_i_50_n_7
    SLICE_X99Y114        LUT3 (Prop_lut3_I0_O)        0.133     7.345 r  handshake_join_0/output_skid/lane_out_skid[14][15]_i_41/O
                         net (fo=2, estimated)        0.229     7.574    handshake_join_0/output_skid/lane_out_skid[14][15]_i_41_n_0
    SLICE_X99Y114        CARRY4 (Prop_carry4_DI[1]_CO[3])
                                                      0.343     7.917 r  handshake_join_0/output_skid/lane_out_skid_reg[14][15]_i_15/CO[3]
                         net (fo=1, estimated)        0.000     7.917    handshake_join_0/output_skid/lane_out_skid_reg[14][15]_i_15_n_0
    SLICE_X99Y115        CARRY4 (Prop_carry4_CI_O[0])
                                                      0.111     8.028 r  handshake_join_0/output_skid/lane_out_skid_reg[14][15]_i_10/O[0]
                         net (fo=4, estimated)        0.416     8.444    handshake_join_0/output_skid/lane_out_skid_reg[14][15]_i_10_n_7
    SLICE_X95Y114        LUT2 (Prop_lut2_I0_O)        0.124     8.568 r  handshake_join_0/output_skid/lane_out_skid[14][15]_i_18/O
                         net (fo=1, routed)           0.000     8.568    handshake_join_0/output_skid/lane_out_skid[14][15]_i_18_n_0
    SLICE_X95Y114        CARRY4 (Prop_carry4_S[1]_O[3])
                                                      0.312     8.880 r  handshake_join_0/output_skid/lane_out_skid_reg[14][15]_i_7/O[3]
                         net (fo=1, estimated)        0.312     9.192    handshake_join_0/output_skid/lane_out_skid_reg[14][15]_i_7_n_4
    SLICE_X95Y115        LUT2 (Prop_lut2_I0_O)        0.120     9.312 r  handshake_join_0/output_skid/lane_out_skid[14][15]_i_3/O
                         net (fo=1, estimated)        0.198     9.510    handshake_join_0/output_skid/lane_out_skid[14][15]_i_3_n_0
    SLICE_X94Y117        LUT6 (Prop_lut6_I2_O)        0.043     9.553 r  handshake_join_0/output_skid/lane_out_skid[14][15]_i_1/O
                         net (fo=2, estimated)        0.192     9.745    handshake_join_0/output_skid/out_ch\\.data_reg[388]_rep__0_11[15]
    SLICE_X92Y117        LUT4 (Prop_lut4_I0_O)        0.043     9.788 r  handshake_join_0/output_skid/lane_out[14][15]_i_1/O
                         net (fo=1, routed)           0.000     9.788    vector_alu_0/lane_out_reg[14][15]_8[15]
    SLICE_X92Y117        FDRE                                         r  vector_alu_0/lane_out_reg[14][15]/D
  -------------------------------------------------------------------    -------------------

                         (clock sys_clk rise edge)    5.000     5.000 r  <hidden>
    AL25                                              0.000     5.000 r  clk
                         net (fo=0)                   0.000     5.000    clk
    AL25                 IBUF (Prop_ibuf_I_O)         0.714     5.714 r  clk_IBUF_inst/O
                         net (fo=1, estimated)        2.257     7.971    clk_IBUF
    BUFGCTRL_X0Y0        BUFG (Prop_bufg_I_O)         0.083     8.054 r  clk_IBUF_BUFG_inst/O
                         net (fo=16647, estimated)    1.263     9.317    vector_alu_0/clk_IBUF_BUFG
    SLICE_X92Y117        FDRE                                         r  vector_alu_0/lane_out_reg[14][15]/C
                         clock pessimism              0.314     9.632    <hidden>
                         clock uncertainty           -0.035     9.596    <hidden>
    SLICE_X92Y117        FDRE (Setup_fdre_C_D)        0.034     9.630    vector_alu_0/lane_out_reg[14][15]
  -------------------------------------------------------------------
                         required time                          9.630    <hidden>
                         arrival time                          -9.788    <hidden>
  -------------------------------------------------------------------
                         slack                                 -0.157    <hidden>

Slack (VIOLATED) :        -0.157ns  (required time - arrival time)
  Source:                 handshake_join_0/output_skid/out_ch\\.data_reg[253]/C
                            (rising edge-triggered cell FDRE clocked by sys_clk  {rise@0.000ns fall@2.500ns period=5.000ns})
  Destination:            vector_alu_0/lane_out_reg[15][14]/D
                            (rising edge-triggered cell FDRE clocked by sys_clk  {rise@0.000ns fall@2.500ns period=5.000ns})
  Path Group:             sys_clk
  Path Type:              Setup (Max at Slow Process Corner)
  Requirement:            5.000ns  (sys_clk rise@5.000ns - sys_clk rise@0.000ns)
  Data Path Delay:        5.138ns  (logic 2.161ns (42.059%)  route 2.977ns (57.941%))
  Logic Levels:           14  (CARRY4=6 LUT2=2 LUT3=2 LUT4=1 LUT6=3)
  Clock Path Skew:        -0.050ns (DCD - SCD + CPR)
    Destination Clock Delay (DCD):    4.307ns = ( 9.307 - 5.000 ) 
    Source Clock Delay      (SCD):    4.649ns
    Clock Pessimism Removal (CPR):    0.291ns
  Clock Uncertainty:      0.035ns  ((TSJ^2 + TIJ^2)^1/2 + DJ) / 2 + PE
    Total System Jitter     (TSJ):    0.071ns
    Total Input Jitter      (TIJ):    0.000ns
    Discrete Jitter          (DJ):    0.000ns
    Phase Error              (PE):    0.000ns

    Location             Delay type                Incr(ns)  Path(ns)    Netlist Resource(s)
  -------------------------------------------------------------------    -------------------
                         (clock sys_clk rise edge)    0.000     0.000 r  <hidden>
    AL25                                              0.000     0.000 r  clk
                         net (fo=0)                   0.000     0.000    clk
    AL25                 IBUF (Prop_ibuf_I_O)         0.790     0.790 r  clk_IBUF_inst/O
                         net (fo=1, estimated)        2.376     3.166    clk_IBUF
    BUFGCTRL_X0Y0        BUFG (Prop_bufg_I_O)         0.093     3.259 r  clk_IBUF_BUFG_inst/O
                         net (fo=16647, estimated)    1.390     4.649    handshake_join_0/output_skid/clk_IBUF_BUFG
    SLICE_X85Y117        FDRE                                         r  handshake_join_0/output_skid/out_ch\\.data_reg[253]/C
  -------------------------------------------------------------------    -------------------
    SLICE_X85Y117        FDRE (Prop_fdre_C_Q)         0.204     4.853 r  handshake_join_0/output_skid/out_ch\\.data_reg[253]/Q
                         net (fo=44, estimated)       0.519     5.372    handshake_join_0/output_skid/Q[93]
    SLICE_X85Y118        LUT6 (Prop_lut6_I0_O)        0.123     5.495 r  handshake_join_0/output_skid/lane_out_skid[15][6]_i_40/O
                         net (fo=2, estimated)        0.366     5.861    handshake_join_0/output_skid/lane_out_skid[15][6]_i_40_n_0
    SLICE_X84Y118        LUT6 (Prop_lut6_I0_O)        0.043     5.904 r  handshake_join_0/output_skid/lane_out_skid[15][6]_i_44/O
                         net (fo=1, routed)           0.000     5.904    handshake_join_0/output_skid/lane_out_skid[15][6]_i_44_n_0
    SLICE_X84Y118        CARRY4 (Prop_carry4_S[3]_CO[3])
                                                      0.180     6.084 r  handshake_join_0/output_skid/lane_out_skid_reg[15][6]_i_34/CO[3]
                         net (fo=1, estimated)        0.000     6.084    handshake_join_0/output_skid/lane_out_skid_reg[15][6]_i_34_n_0
    SLICE_X84Y119        CARRY4 (Prop_carry4_CI_O[1])
                                                      0.165     6.249 r  handshake_join_0/output_skid/lane_out_skid_reg[15][15]_i_71/O[1]
                         net (fo=2, estimated)        0.313     6.562    handshake_join_0/output_skid/lane_out_skid_reg[15][15]_i_71_n_6
    SLICE_X82Y119        LUT3 (Prop_lut3_I2_O)        0.125     6.687 r  handshake_join_0/output_skid/lane_out_skid[15][15]_i_75/O
                         net (fo=1, routed)           0.000     6.687    handshake_join_0/output_skid/lane_out_skid[15][15]_i_75_n_0
    SLICE_X82Y119        CARRY4 (Prop_carry4_S[1]_O[2])
                                                      0.278     6.965 r  handshake_join_0/output_skid/lane_out_skid_reg[15][15]_i_50/O[2]
                         net (fo=2, estimated)        0.199     7.164    handshake_join_0/output_skid/lane_out_skid_reg[15][15]_i_50_n_5
    SLICE_X82Y118        LUT3 (Prop_lut3_I0_O)        0.127     7.291 r  handshake_join_0/output_skid/lane_out_skid[15][15]_i_39/O
                         net (fo=2, estimated)        0.282     7.573    handshake_join_0/output_skid/lane_out_skid[15][15]_i_39_n_0
    SLICE_X83Y119        CARRY4 (Prop_carry4_DI[3]_CO[3])
                                                      0.190     7.763 r  handshake_join_0/output_skid/lane_out_skid_reg[15][15]_i_15/CO[3]
                         net (fo=1, estimated)        0.000     7.763    handshake_join_0/output_skid/lane_out_skid_reg[15][15]_i_15_n_0
    SLICE_X83Y120        CARRY4 (Prop_carry4_CI_O[0])
                                                      0.111     7.874 r  handshake_join_0/output_skid/lane_out_skid_reg[15][15]_i_10/O[0]
                         net (fo=4, estimated)        0.494     8.368    handshake_join_0/output_skid/lane_out_skid_reg[15][15]_i_10_n_7
    SLICE_X86Y119        LUT2 (Prop_lut2_I0_O)        0.124     8.492 r  handshake_join_0/output_skid/lane_out_skid[15][15]_i_18/O
                         net (fo=1, routed)           0.000     8.492    handshake_join_0/output_skid/lane_out_skid[15][15]_i_18_n_0
    SLICE_X86Y119        CARRY4 (Prop_carry4_S[1]_O[2])
                                                      0.278     8.770 r  handshake_join_0/output_skid/lane_out_skid_reg[15][15]_i_7/O[2]
                         net (fo=1, estimated)        0.232     9.002    handshake_join_0/output_skid/lane_out_skid_reg[15][15]_i_7_n_5
    SLICE_X87Y120        LUT2 (Prop_lut2_I0_O)        0.127     9.129 r  handshake_join_0/output_skid/lane_out_skid[15][14]_i_3/O
                         net (fo=1, estimated)        0.347     9.476    handshake_join_0/output_skid/lane_out_skid[15][14]_i_3_n_0
    SLICE_X82Y121        LUT6 (Prop_lut6_I2_O)        0.043     9.519 r  handshake_join_0/output_skid/lane_out_skid[15][14]_i_1/O
                         net (fo=2, estimated)        0.225     9.744    handshake_join_0/output_skid/out_ch\\.data_reg[388]_rep__0_12[14]
    SLICE_X82Y121        LUT4 (Prop_lut4_I0_O)        0.043     9.787 r  handshake_join_0/output_skid/lane_out[15][14]_i_1/O
                         net (fo=1, routed)           0.000     9.787    vector_alu_0/lane_out_reg[15][15]_8[14]
    SLICE_X82Y121        FDRE                                         r  vector_alu_0/lane_out_reg[15][14]/D
  -------------------------------------------------------------------    -------------------

                         (clock sys_clk rise edge)    5.000     5.000 r  <hidden>
    AL25                                              0.000     5.000 r  clk
                         net (fo=0)                   0.000     5.000    clk
    AL25                 IBUF (Prop_ibuf_I_O)         0.714     5.714 r  clk_IBUF_inst/O
                         net (fo=1, estimated)        2.257     7.971    clk_IBUF
    BUFGCTRL_X0Y0        BUFG (Prop_bufg_I_O)         0.083     8.054 r  clk_IBUF_BUFG_inst/O
                         net (fo=16647, estimated)    1.253     9.307    vector_alu_0/clk_IBUF_BUFG
    SLICE_X82Y121        FDRE                                         r  vector_alu_0/lane_out_reg[15][14]/C
                         clock pessimism              0.291     9.599    <hidden>
                         clock uncertainty           -0.035     9.563    <hidden>
    SLICE_X82Y121        FDRE (Setup_fdre_C_D)        0.066     9.629    vector_alu_0/lane_out_reg[15][14]
  -------------------------------------------------------------------
                         required time                          9.629    <hidden>
                         arrival time                          -9.787    <hidden>
  -------------------------------------------------------------------
                         slack                                 -0.157    <hidden>

Slack (VIOLATED) :        -0.155ns  (required time - arrival time)
  Source:                 handshake_join_0/output_skid/out_ch\\.data_reg[345]_replica/C
                            (rising edge-triggered cell FDRE clocked by sys_clk  {rise@0.000ns fall@2.500ns period=5.000ns})
  Destination:            vector_alu_0/lane_out_reg[11][14]/D
                            (rising edge-triggered cell FDRE clocked by sys_clk  {rise@0.000ns fall@2.500ns period=5.000ns})
  Path Group:             sys_clk
  Path Type:              Setup (Max at Slow Process Corner)
  Requirement:            5.000ns  (sys_clk rise@5.000ns - sys_clk rise@0.000ns)
  Data Path Delay:        5.112ns  (logic 2.121ns (41.491%)  route 2.991ns (58.509%))
  Logic Levels:           13  (CARRY4=6 LUT2=2 LUT3=1 LUT4=1 LUT6=3)
  Clock Path Skew:        -0.042ns (DCD - SCD + CPR)
    Destination Clock Delay (DCD):    4.319ns = ( 9.319 - 5.000 ) 
    Source Clock Delay      (SCD):    4.653ns
    Clock Pessimism Removal (CPR):    0.291ns
  Clock Uncertainty:      0.035ns  ((TSJ^2 + TIJ^2)^1/2 + DJ) / 2 + PE
    Total System Jitter     (TSJ):    0.071ns
    Total Input Jitter      (TIJ):    0.000ns
    Discrete Jitter          (DJ):    0.000ns
    Phase Error              (PE):    0.000ns

    Location             Delay type                Incr(ns)  Path(ns)    Netlist Resource(s)
  -------------------------------------------------------------------    -------------------
                         (clock sys_clk rise edge)    0.000     0.000 r  <hidden>
    AL25                                              0.000     0.000 r  clk
                         net (fo=0)                   0.000     0.000    clk
    AL25                 IBUF (Prop_ibuf_I_O)         0.790     0.790 r  clk_IBUF_inst/O
                         net (fo=1, estimated)        2.376     3.166    clk_IBUF
    BUFGCTRL_X0Y0        BUFG (Prop_bufg_I_O)         0.093     3.259 r  clk_IBUF_BUFG_inst/O
                         net (fo=16647, estimated)    1.394     4.653    handshake_join_0/output_skid/clk_IBUF_BUFG
    SLICE_X95Y130        FDRE                                         r  handshake_join_0/output_skid/out_ch\\.data_reg[345]_replica/C
  -------------------------------------------------------------------    -------------------
    SLICE_X95Y130        FDRE (Prop_fdre_C_Q)         0.223     4.876 r  handshake_join_0/output_skid/out_ch\\.data_reg[345]_replica/Q
                         net (fo=17, estimated)       0.493     5.369    handshake_join_0/output_skid/Q[162]_repN
    SLICE_X96Y130        LUT6 (Prop_lut6_I2_O)        0.043     5.412 r  handshake_join_0/output_skid/lane_out_skid[11][6]_i_42/O
                         net (fo=2, estimated)        0.265     5.677    handshake_join_0/output_skid/lane_out_skid[11][6]_i_42_n_0
    SLICE_X94Y131        LUT6 (Prop_lut6_I0_O)        0.043     5.720 r  handshake_join_0/output_skid/lane_out_skid[11][6]_i_46/O
                         net (fo=1, routed)           0.000     5.720    handshake_join_0/output_skid/lane_out_skid[11][6]_i_46_n_0
    SLICE_X94Y131        CARRY4 (Prop_carry4_S[1]_CO[3])
                                                      0.256     5.976 r  handshake_join_0/output_skid/lane_out_skid_reg[11][6]_i_34/CO[3]
                         net (fo=1, estimated)        0.000     5.976    handshake_join_0/output_skid/lane_out_skid_reg[11][6]_i_34_n_0
    SLICE_X94Y132        CARRY4 (Prop_carry4_CI_O[0])
                                                      0.108     6.084 r  handshake_join_0/output_skid/lane_out_skid_reg[11][15]_i_71/O[0]
                         net (fo=1, estimated)        0.403     6.487    handshake_join_0/output_skid/lane_out_skid_reg[11][15]_i_71_n_7
    SLICE_X93Y130        CARRY4 (Prop_carry4_S[0]_O[0])
                                                      0.247     6.734 r  handshake_join_0/output_skid/lane_out_skid_reg[11][15]_i_50/O[0]
                         net (fo=2, estimated)        0.402     7.136    handshake_join_0/output_skid/lane_out_skid_reg[11][15]_i_50_n_7
    SLICE_X91Y130        LUT3 (Prop_lut3_I0_O)        0.133     7.269 r  handshake_join_0/output_skid/lane_out_skid[11][15]_i_41/O
                         net (fo=2, estimated)        0.229     7.498    handshake_join_0/output_skid/lane_out_skid[11][15]_i_41_n_0
    SLICE_X91Y130        CARRY4 (Prop_carry4_DI[1]_CO[3])
                                                      0.343     7.841 r  handshake_join_0/output_skid/lane_out_skid_reg[11][15]_i_15/CO[3]
                         net (fo=1, estimated)        0.000     7.841    handshake_join_0/output_skid/lane_out_skid_reg[11][15]_i_15_n_0
    SLICE_X91Y131        CARRY4 (Prop_carry4_CI_O[0])
                                                      0.111     7.952 r  handshake_join_0/output_skid/lane_out_skid_reg[11][15]_i_10/O[0]
                         net (fo=4, estimated)        0.482     8.434    handshake_join_0/output_skid/lane_out_skid_reg[11][15]_i_10_n_7
    SLICE_X99Y130        LUT2 (Prop_lut2_I0_O)        0.124     8.558 r  handshake_join_0/output_skid/lane_out_skid[11][15]_i_18/O
                         net (fo=1, routed)           0.000     8.558    handshake_join_0/output_skid/lane_out_skid[11][15]_i_18_n_0
    SLICE_X99Y130        CARRY4 (Prop_carry4_S[1]_O[2])
                                                      0.282     8.840 r  handshake_join_0/output_skid/lane_out_skid_reg[11][15]_i_7/O[2]
                         net (fo=1, estimated)        0.233     9.073    handshake_join_0/output_skid/lane_out_skid_reg[11][15]_i_7_n_5
    SLICE_X99Y131        LUT2 (Prop_lut2_I0_O)        0.122     9.195 r  handshake_join_0/output_skid/lane_out_skid[11][14]_i_3/O
                         net (fo=1, estimated)        0.196     9.391    handshake_join_0/output_skid/lane_out_skid[11][14]_i_3_n_0
    SLICE_X99Y133        LUT6 (Prop_lut6_I2_O)        0.043     9.434 r  handshake_join_0/output_skid/lane_out_skid[11][14]_i_1/O
                         net (fo=2, estimated)        0.288     9.722    handshake_join_0/output_skid/out_ch\\.data_reg[388]_rep__0_8[14]
    SLICE_X99Y131        LUT4 (Prop_lut4_I0_O)        0.043     9.765 r  handshake_join_0/output_skid/lane_out[11][14]_i_1/O
                         net (fo=1, routed)           0.000     9.765    vector_alu_0/lane_out_reg[11][15]_8[14]
    SLICE_X99Y131        FDRE                                         r  vector_alu_0/lane_out_reg[11][14]/D
  -------------------------------------------------------------------    -------------------

                         (clock sys_clk rise edge)    5.000     5.000 r  <hidden>
    AL25                                              0.000     5.000 r  clk
                         net (fo=0)                   0.000     5.000    clk
    AL25                 IBUF (Prop_ibuf_I_O)         0.714     5.714 r  clk_IBUF_inst/O
                         net (fo=1, estimated)        2.257     7.971    clk_IBUF
    BUFGCTRL_X0Y0        BUFG (Prop_bufg_I_O)         0.083     8.054 r  clk_IBUF_BUFG_inst/O
                         net (fo=16647, estimated)    1.265     9.319    vector_alu_0/clk_IBUF_BUFG
    SLICE_X99Y131        FDRE                                         r  vector_alu_0/lane_out_reg[11][14]/C
                         clock pessimism              0.291     9.611    <hidden>
                         clock uncertainty           -0.035     9.575    <hidden>
    SLICE_X99Y131        FDRE (Setup_fdre_C_D)        0.034     9.609    vector_alu_0/lane_out_reg[11][14]
  -------------------------------------------------------------------
                         required time                          9.609    <hidden>
                         arrival time                          -9.765    <hidden>
  -------------------------------------------------------------------
                         slack                                 -0.155    <hidden>

Slack (VIOLATED) :        -0.153ns  (required time - arrival time)
  Source:                 handshake_join_0/output_skid/out_ch\\.data_reg[186]/C
                            (rising edge-triggered cell FDRE clocked by sys_clk  {rise@0.000ns fall@2.500ns period=5.000ns})
  Destination:            vector_alu_0/lane_out_skid_reg[7][14]/D
                            (rising edge-triggered cell FDRE clocked by sys_clk  {rise@0.000ns fall@2.500ns period=5.000ns})
  Path Group:             sys_clk
  Path Type:              Setup (Max at Slow Process Corner)
  Requirement:            5.000ns  (sys_clk rise@5.000ns - sys_clk rise@0.000ns)
  Data Path Delay:        5.068ns  (logic 2.089ns (41.219%)  route 2.979ns (58.781%))
  Logic Levels:           12  (CARRY4=6 LUT2=2 LUT3=1 LUT6=3)
  Clock Path Skew:        -0.019ns (DCD - SCD + CPR)
    Destination Clock Delay (DCD):    4.380ns = ( 9.380 - 5.000 ) 
    Source Clock Delay      (SCD):    4.715ns
    Clock Pessimism Removal (CPR):    0.315ns
  Clock Uncertainty:      0.035ns  ((TSJ^2 + TIJ^2)^1/2 + DJ) / 2 + PE
    Total System Jitter     (TSJ):    0.071ns
    Total Input Jitter      (TIJ):    0.000ns
    Discrete Jitter          (DJ):    0.000ns
    Phase Error              (PE):    0.000ns

    Location             Delay type                Incr(ns)  Path(ns)    Netlist Resource(s)
  -------------------------------------------------------------------    -------------------
                         (clock sys_clk rise edge)    0.000     0.000 r  <hidden>
    AL25                                              0.000     0.000 r  clk
                         net (fo=0)                   0.000     0.000    clk
    AL25                 IBUF (Prop_ibuf_I_O)         0.790     0.790 r  clk_IBUF_inst/O
                         net (fo=1, estimated)        2.376     3.166    clk_IBUF
    BUFGCTRL_X0Y0        BUFG (Prop_bufg_I_O)         0.093     3.259 r  clk_IBUF_BUFG_inst/O
                         net (fo=16647, estimated)    1.456     4.715    handshake_join_0/output_skid/clk_IBUF_BUFG
    SLICE_X49Y130        FDRE                                         r  handshake_join_0/output_skid/out_ch\\.data_reg[186]/C
  -------------------------------------------------------------------    -------------------
    SLICE_X49Y130        FDRE (Prop_fdre_C_Q)         0.223     4.938 r  handshake_join_0/output_skid/out_ch\\.data_reg[186]/Q
                         net (fo=37, estimated)       0.602     5.540    handshake_join_0/output_skid/handshake_join_0__out_ch__data[186]
    SLICE_X51Y131        LUT6 (Prop_lut6_I1_O)        0.043     5.583 r  handshake_join_0/output_skid/lane_out_skid[7][6]_i_42/O
                         net (fo=2, estimated)        0.344     5.927    handshake_join_0/output_skid/lane_out_skid[7][6]_i_42_n_0
    SLICE_X47Y131        LUT6 (Prop_lut6_I0_O)        0.043     5.970 r  handshake_join_0/output_skid/lane_out_skid[7][6]_i_46/O
                         net (fo=1, routed)           0.000     5.970    handshake_join_0/output_skid/lane_out_skid[7][6]_i_46_n_0
    SLICE_X47Y131        CARRY4 (Prop_carry4_S[1]_CO[3])
                                                      0.267     6.237 r  handshake_join_0/output_skid/lane_out_skid_reg[7][6]_i_34/CO[3]
                         net (fo=1, estimated)        0.000     6.237    handshake_join_0/output_skid/lane_out_skid_reg[7][6]_i_34_n_0
    SLICE_X47Y132        CARRY4 (Prop_carry4_CI_O[0])
                                                      0.111     6.348 r  handshake_join_0/output_skid/lane_out_skid_reg[7][15]_i_71/O[0]
                         net (fo=1, estimated)        0.271     6.619    handshake_join_0/output_skid/lane_out_skid_reg[7][15]_i_71_n_7
    SLICE_X45Y133        CARRY4 (Prop_carry4_S[0]_O[0])
                                                      0.248     6.867 r  handshake_join_0/output_skid/lane_out_skid_reg[7][15]_i_50/O[0]
                         net (fo=2, estimated)        0.424     7.291    handshake_join_0/output_skid/lane_out_skid_reg[7][15]_i_50_n_7
    SLICE_X46Y132        LUT3 (Prop_lut3_I0_O)        0.132     7.423 r  handshake_join_0/output_skid/lane_out_skid[7][15]_i_41/O
                         net (fo=2, estimated)        0.228     7.651    handshake_join_0/output_skid/lane_out_skid[7][15]_i_41_n_0
    SLICE_X46Y132        CARRY4 (Prop_carry4_DI[1]_CO[3])
                                                      0.344     7.995 r  handshake_join_0/output_skid/lane_out_skid_reg[7][15]_i_15/CO[3]
                         net (fo=1, estimated)        0.000     7.995    handshake_join_0/output_skid/lane_out_skid_reg[7][15]_i_15_n_0
    SLICE_X46Y133        CARRY4 (Prop_carry4_CI_O[0])
                                                      0.108     8.103 r  handshake_join_0/output_skid/lane_out_skid_reg[7][15]_i_10/O[0]
                         net (fo=4, estimated)        0.377     8.480    handshake_join_0/output_skid/lane_out_skid_reg[7][15]_i_10_n_7
    SLICE_X45Y132        LUT2 (Prop_lut2_I0_O)        0.123     8.603 r  handshake_join_0/output_skid/lane_out_skid[7][15]_i_18/O
                         net (fo=1, routed)           0.000     8.603    handshake_join_0/output_skid/lane_out_skid[7][15]_i_18_n_0
    SLICE_X45Y132        CARRY4 (Prop_carry4_S[1]_O[2])
                                                      0.282     8.885 r  handshake_join_0/output_skid/lane_out_skid_reg[7][15]_i_7/O[2]
                         net (fo=1, estimated)        0.327     9.212    handshake_join_0/output_skid/lane_out_skid_reg[7][15]_i_7_n_5
    SLICE_X47Y133        LUT2 (Prop_lut2_I0_O)        0.122     9.334 r  handshake_join_0/output_skid/lane_out_skid[7][14]_i_3/O
                         net (fo=1, estimated)        0.178     9.512    handshake_join_0/output_skid/lane_out_skid[7][14]_i_3_n_0
    SLICE_X47Y134        LUT6 (Prop_lut6_I2_O)        0.043     9.555 r  handshake_join_0/output_skid/lane_out_skid[7][14]_i_1/O
                         net (fo=2, estimated)        0.228     9.783    vector_alu_0/lane_out_skid_reg[7][15]_1[14]
    SLICE_X47Y134        FDRE                                         r  vector_alu_0/lane_out_skid_reg[7][14]/D
  -------------------------------------------------------------------    -------------------

                         (clock sys_clk rise edge)    5.000     5.000 r  <hidden>
    AL25                                              0.000     5.000 r  clk
                         net (fo=0)                   0.000     5.000    clk
    AL25                 IBUF (Prop_ibuf_I_O)         0.714     5.714 r  clk_IBUF_inst/O
                         net (fo=1, estimated)        2.257     7.971    clk_IBUF
    BUFGCTRL_X0Y0        BUFG (Prop_bufg_I_O)         0.083     8.054 r  clk_IBUF_BUFG_inst/O
                         net (fo=16647, estimated)    1.326     9.380    vector_alu_0/clk_IBUF_BUFG
    SLICE_X47Y134        FDRE                                         r  vector_alu_0/lane_out_skid_reg[7][14]/C
                         clock pessimism              0.315     9.696    <hidden>
                         clock uncertainty           -0.035     9.660    <hidden>
    SLICE_X47Y134        FDRE (Setup_fdre_C_D)       -0.031     9.629    vector_alu_0/lane_out_skid_reg[7][14]
  -------------------------------------------------------------------
                         required time                          9.629    <hidden>
                         arrival time                          -9.783    <hidden>
  -------------------------------------------------------------------
                         slack                                 -0.153    <hidden>

Slack (VIOLATED) :        -0.147ns  (required time - arrival time)
  Source:                 handshake_join_0/output_skid/out_ch\\.data_reg[253]/C
                            (rising edge-triggered cell FDRE clocked by sys_clk  {rise@0.000ns fall@2.500ns period=5.000ns})
  Destination:            vector_alu_0/lane_out_reg[15][15]/D
                            (rising edge-triggered cell FDRE clocked by sys_clk  {rise@0.000ns fall@2.500ns period=5.000ns})
  Path Group:             sys_clk
  Path Type:              Setup (Max at Slow Process Corner)
  Requirement:            5.000ns  (sys_clk rise@5.000ns - sys_clk rise@0.000ns)
  Data Path Delay:        5.127ns  (logic 2.184ns (42.598%)  route 2.943ns (57.402%))
  Logic Levels:           14  (CARRY4=6 LUT2=2 LUT3=2 LUT4=1 LUT6=3)
  Clock Path Skew:        -0.051ns (DCD - SCD + CPR)
    Destination Clock Delay (DCD):    4.306ns = ( 9.306 - 5.000 ) 
    Source Clock Delay      (SCD):    4.649ns
    Clock Pessimism Removal (CPR):    0.291ns
  Clock Uncertainty:      0.035ns  ((TSJ^2 + TIJ^2)^1/2 + DJ) / 2 + PE
    Total System Jitter     (TSJ):    0.071ns
    Total Input Jitter      (TIJ):    0.000ns
    Discrete Jitter          (DJ):    0.000ns
    Phase Error              (PE):    0.000ns

    Location             Delay type                Incr(ns)  Path(ns)    Netlist Resource(s)
  -------------------------------------------------------------------    -------------------
                         (clock sys_clk rise edge)    0.000     0.000 r  <hidden>
    AL25                                              0.000     0.000 r  clk
                         net (fo=0)                   0.000     0.000    clk
    AL25                 IBUF (Prop_ibuf_I_O)         0.790     0.790 r  clk_IBUF_inst/O
                         net (fo=1, estimated)        2.376     3.166    clk_IBUF
    BUFGCTRL_X0Y0        BUFG (Prop_bufg_I_O)         0.093     3.259 r  clk_IBUF_BUFG_inst/O
                         net (fo=16647, estimated)    1.390     4.649    handshake_join_0/output_skid/clk_IBUF_BUFG
    SLICE_X85Y117        FDRE                                         r  handshake_join_0/output_skid/out_ch\\.data_reg[253]/C
  -------------------------------------------------------------------    -------------------
    SLICE_X85Y117        FDRE (Prop_fdre_C_Q)         0.204     4.853 r  handshake_join_0/output_skid/out_ch\\.data_reg[253]/Q
                         net (fo=44, estimated)       0.519     5.372    handshake_join_0/output_skid/Q[93]
    SLICE_X85Y118        LUT6 (Prop_lut6_I0_O)        0.123     5.495 r  handshake_join_0/output_skid/lane_out_skid[15][6]_i_40/O
                         net (fo=2, estimated)        0.366     5.861    handshake_join_0/output_skid/lane_out_skid[15][6]_i_40_n_0
    SLICE_X84Y118        LUT6 (Prop_lut6_I0_O)        0.043     5.904 r  handshake_join_0/output_skid/lane_out_skid[15][6]_i_44/O
                         net (fo=1, routed)           0.000     5.904    handshake_join_0/output_skid/lane_out_skid[15][6]_i_44_n_0
    SLICE_X84Y118        CARRY4 (Prop_carry4_S[3]_CO[3])
                                                      0.180     6.084 r  handshake_join_0/output_skid/lane_out_skid_reg[15][6]_i_34/CO[3]
                         net (fo=1, estimated)        0.000     6.084    handshake_join_0/output_skid/lane_out_skid_reg[15][6]_i_34_n_0
    SLICE_X84Y119        CARRY4 (Prop_carry4_CI_O[1])
                                                      0.165     6.249 r  handshake_join_0/output_skid/lane_out_skid_reg[15][15]_i_71/O[1]
                         net (fo=2, estimated)        0.313     6.562    handshake_join_0/output_skid/lane_out_skid_reg[15][15]_i_71_n_6
    SLICE_X82Y119        LUT3 (Prop_lut3_I2_O)        0.125     6.687 r  handshake_join_0/output_skid/lane_out_skid[15][15]_i_75/O
                         net (fo=1, routed)           0.000     6.687    handshake_join_0/output_skid/lane_out_skid[15][15]_i_75_n_0
    SLICE_X82Y119        CARRY4 (Prop_carry4_S[1]_O[2])
                                                      0.278     6.965 r  handshake_join_0/output_skid/lane_out_skid_reg[15][15]_i_50/O[2]
                         net (fo=2, estimated)        0.199     7.164    handshake_join_0/output_skid/lane_out_skid_reg[15][15]_i_50_n_5
    SLICE_X82Y118        LUT3 (Prop_lut3_I0_O)        0.127     7.291 r  handshake_join_0/output_skid/lane_out_skid[15][15]_i_39/O
                         net (fo=2, estimated)        0.282     7.573    handshake_join_0/output_skid/lane_out_skid[15][15]_i_39_n_0
    SLICE_X83Y119        CARRY4 (Prop_carry4_DI[3]_CO[3])
                                                      0.190     7.763 r  handshake_join_0/output_skid/lane_out_skid_reg[15][15]_i_15/CO[3]
                         net (fo=1, estimated)        0.000     7.763    handshake_join_0/output_skid/lane_out_skid_reg[15][15]_i_15_n_0
    SLICE_X83Y120        CARRY4 (Prop_carry4_CI_O[0])
                                                      0.111     7.874 r  handshake_join_0/output_skid/lane_out_skid_reg[15][15]_i_10/O[0]
                         net (fo=4, estimated)        0.494     8.368    handshake_join_0/output_skid/lane_out_skid_reg[15][15]_i_10_n_7
    SLICE_X86Y119        LUT2 (Prop_lut2_I0_O)        0.124     8.492 r  handshake_join_0/output_skid/lane_out_skid[15][15]_i_18/O
                         net (fo=1, routed)           0.000     8.492    handshake_join_0/output_skid/lane_out_skid[15][15]_i_18_n_0
    SLICE_X86Y119        CARRY4 (Prop_carry4_S[1]_O[3])
                                                      0.308     8.800 r  handshake_join_0/output_skid/lane_out_skid_reg[15][15]_i_7/O[3]
                         net (fo=1, estimated)        0.474     9.274    handshake_join_0/output_skid/lane_out_skid_reg[15][15]_i_7_n_4
    SLICE_X83Y121        LUT2 (Prop_lut2_I0_O)        0.120     9.394 r  handshake_join_0/output_skid/lane_out_skid[15][15]_i_3/O
                         net (fo=1, estimated)        0.097     9.491    handshake_join_0/output_skid/lane_out_skid[15][15]_i_3_n_0
    SLICE_X83Y121        LUT6 (Prop_lut6_I2_O)        0.043     9.534 r  handshake_join_0/output_skid/lane_out_skid[15][15]_i_1/O
                         net (fo=2, estimated)        0.199     9.733    handshake_join_0/output_skid/out_ch\\.data_reg[388]_rep__0_12[15]
    SLICE_X82Y122        LUT4 (Prop_lut4_I0_O)        0.043     9.776 r  handshake_join_0/output_skid/lane_out[15][15]_i_1/O
                         net (fo=1, routed)           0.000     9.776    vector_alu_0/lane_out_reg[15][15]_8[15]
    SLICE_X82Y122        FDRE                                         r  vector_alu_0/lane_out_reg[15][15]/D
  -------------------------------------------------------------------    -------------------

                         (clock sys_clk rise edge)    5.000     5.000 r  <hidden>
    AL25                                              0.000     5.000 r  clk
                         net (fo=0)                   0.000     5.000    clk
    AL25                 IBUF (Prop_ibuf_I_O)         0.714     5.714 r  clk_IBUF_inst/O
                         net (fo=1, estimated)        2.257     7.971    clk_IBUF
    BUFGCTRL_X0Y0        BUFG (Prop_bufg_I_O)         0.083     8.054 r  clk_IBUF_BUFG_inst/O
                         net (fo=16647, estimated)    1.252     9.306    vector_alu_0/clk_IBUF_BUFG
    SLICE_X82Y122        FDRE                                         r  vector_alu_0/lane_out_reg[15][15]/C
                         clock pessimism              0.291     9.598    <hidden>
                         clock uncertainty           -0.035     9.562    <hidden>
    SLICE_X82Y122        FDRE (Setup_fdre_C_D)        0.066     9.628    vector_alu_0/lane_out_reg[15][15]
  -------------------------------------------------------------------
                         required time                          9.628    <hidden>
                         arrival time                          -9.776    <hidden>
  -------------------------------------------------------------------
                         slack                                 -0.147    <hidden>

Slack (VIOLATED) :        -0.146ns  (required time - arrival time)
  Source:                 handshake_join_0/output_skid/out_ch\\.data_reg[213]/C
                            (rising edge-triggered cell FDRE clocked by sys_clk  {rise@0.000ns fall@2.500ns period=5.000ns})
  Destination:            vector_alu_0/lane_out_reg[10][14]/D
                            (rising edge-triggered cell FDRE clocked by sys_clk  {rise@0.000ns fall@2.500ns period=5.000ns})
  Path Group:             sys_clk
  Path Type:              Setup (Max at Slow Process Corner)
  Requirement:            5.000ns  (sys_clk rise@5.000ns - sys_clk rise@0.000ns)
  Data Path Delay:        5.094ns  (logic 2.145ns (42.108%)  route 2.949ns (57.892%))
  Logic Levels:           14  (CARRY4=5 LUT2=2 LUT3=2 LUT4=2 LUT6=3)
  Clock Path Skew:        -0.051ns (DCD - SCD + CPR)
    Destination Clock Delay (DCD):    4.308ns = ( 9.308 - 5.000 ) 
    Source Clock Delay      (SCD):    4.651ns
    Clock Pessimism Removal (CPR):    0.291ns
  Clock Uncertainty:      0.035ns  ((TSJ^2 + TIJ^2)^1/2 + DJ) / 2 + PE
    Total System Jitter     (TSJ):    0.071ns
    Total Input Jitter      (TIJ):    0.000ns
    Discrete Jitter          (DJ):    0.000ns
    Phase Error              (PE):    0.000ns

    Location             Delay type                Incr(ns)  Path(ns)    Netlist Resource(s)
  -------------------------------------------------------------------    -------------------
                         (clock sys_clk rise edge)    0.000     0.000 r  <hidden>
    AL25                                              0.000     0.000 r  clk
                         net (fo=0)                   0.000     0.000    clk
    AL25                 IBUF (Prop_ibuf_I_O)         0.790     0.790 r  clk_IBUF_inst/O
                         net (fo=1, estimated)        2.376     3.166    clk_IBUF
    BUFGCTRL_X0Y0        BUFG (Prop_bufg_I_O)         0.093     3.259 r  clk_IBUF_BUFG_inst/O
                         net (fo=16647, estimated)    1.392     4.651    handshake_join_0/output_skid/clk_IBUF_BUFG
    SLICE_X83Y115        FDRE                                         r  handshake_join_0/output_skid/out_ch\\.data_reg[213]/C
  -------------------------------------------------------------------    -------------------
    SLICE_X83Y115        FDRE (Prop_fdre_C_Q)         0.204     4.855 r  handshake_join_0/output_skid/out_ch\\.data_reg[213]/Q
                         net (fo=44, estimated)       0.543     5.398    handshake_join_0/output_skid/Q[63]
    SLICE_X83Y115        LUT6 (Prop_lut6_I0_O)        0.126     5.524 r  handshake_join_0/output_skid/lane_out_skid[10][6]_i_40/O
                         net (fo=2, estimated)        0.283     5.807    handshake_join_0/output_skid/lane_out_skid[10][6]_i_40_n_0
    SLICE_X82Y115        LUT6 (Prop_lut6_I0_O)        0.043     5.850 r  handshake_join_0/output_skid/lane_out_skid[10][6]_i_44/O
                         net (fo=1, routed)           0.000     5.850    handshake_join_0/output_skid/lane_out_skid[10][6]_i_44_n_0
    SLICE_X82Y115        CARRY4 (Prop_carry4_S[3]_CO[3])
                                                      0.180     6.030 r  handshake_join_0/output_skid/lane_out_skid_reg[10][6]_i_34/CO[3]
                         net (fo=1, estimated)        0.000     6.030    handshake_join_0/output_skid/lane_out_skid_reg[10][6]_i_34_n_0
    SLICE_X82Y116        CARRY4 (Prop_carry4_CI_O[1])
                                                      0.165     6.195 r  handshake_join_0/output_skid/lane_out_skid_reg[10][15]_i_71/O[1]
                         net (fo=2, estimated)        0.421     6.616    handshake_join_0/output_skid/lane_out_skid_reg[10][15]_i_71_n_6
    SLICE_X82Y124        LUT3 (Prop_lut3_I2_O)        0.125     6.741 r  handshake_join_0/output_skid/lane_out_skid[10][15]_i_75/O
                         net (fo=1, routed)           0.000     6.741    handshake_join_0/output_skid/lane_out_skid[10][15]_i_75_n_0
    SLICE_X82Y124        CARRY4 (Prop_carry4_S[1]_O[3])
                                                      0.308     7.049 r  handshake_join_0/output_skid/lane_out_skid_reg[10][15]_i_50/O[3]
                         net (fo=2, estimated)        0.291     7.340    handshake_join_0/output_skid/lane_out_skid_reg[10][15]_i_50_n_4
    SLICE_X84Y124        LUT3 (Prop_lut3_I0_O)        0.120     7.460 r  handshake_join_0/output_skid/lane_out_skid[10][15]_i_30/O
                         net (fo=2, estimated)        0.293     7.753    handshake_join_0/output_skid/lane_out_skid[10][15]_i_30_n_0
    SLICE_X83Y124        LUT4 (Prop_lut4_I3_O)        0.043     7.796 r  handshake_join_0/output_skid/lane_out_skid[10][15]_i_34/O
                         net (fo=1, routed)           0.000     7.796    handshake_join_0/output_skid/lane_out_skid[10][15]_i_34_n_0
    SLICE_X83Y124        CARRY4 (Prop_carry4_S[0]_O[1])
                                                      0.218     8.014 r  handshake_join_0/output_skid/lane_out_skid_reg[10][15]_i_10/O[1]
                         net (fo=4, estimated)        0.294     8.308    handshake_join_0/output_skid/lane_out_skid_reg[10][15]_i_10_n_6
    SLICE_X85Y125        LUT2 (Prop_lut2_I1_O)        0.123     8.431 r  handshake_join_0/output_skid/lane_out_skid[10][15]_i_18/O
                         net (fo=1, routed)           0.000     8.431    handshake_join_0/output_skid/lane_out_skid[10][15]_i_18_n_0
    SLICE_X85Y125        CARRY4 (Prop_carry4_S[1]_O[2])
                                                      0.282     8.713 r  handshake_join_0/output_skid/lane_out_skid_reg[10][15]_i_7/O[2]
                         net (fo=1, estimated)        0.446     9.159    handshake_join_0/output_skid/lane_out_skid_reg[10][15]_i_7_n_5
    SLICE_X79Y122        LUT2 (Prop_lut2_I0_O)        0.122     9.281 r  handshake_join_0/output_skid/lane_out_skid[10][14]_i_3/O
                         net (fo=1, estimated)        0.185     9.466    handshake_join_0/output_skid/lane_out_skid[10][14]_i_3_n_0
    SLICE_X78Y121        LUT6 (Prop_lut6_I2_O)        0.043     9.509 r  handshake_join_0/output_skid/lane_out_skid[10][14]_i_1/O
                         net (fo=2, estimated)        0.193     9.702    handshake_join_0/output_skid/out_ch\\.data_reg[388]_rep__0_7[14]
    SLICE_X77Y121        LUT4 (Prop_lut4_I0_O)        0.043     9.745 r  handshake_join_0/output_skid/lane_out[10][14]_i_1/O
                         net (fo=1, routed)           0.000     9.745    vector_alu_0/lane_out_reg[10][15]_8[14]
    SLICE_X77Y121        FDRE                                         r  vector_alu_0/lane_out_reg[10][14]/D
  -------------------------------------------------------------------    -------------------

                         (clock sys_clk rise edge)    5.000     5.000 r  <hidden>
    AL25                                              0.000     5.000 r  clk
                         net (fo=0)                   0.000     5.000    clk
    AL25                 IBUF (Prop_ibuf_I_O)         0.714     5.714 r  clk_IBUF_inst/O
                         net (fo=1, estimated)        2.257     7.971    clk_IBUF
    BUFGCTRL_X0Y0        BUFG (Prop_bufg_I_O)         0.083     8.054 r  clk_IBUF_BUFG_inst/O
                         net (fo=16647, estimated)    1.254     9.308    vector_alu_0/clk_IBUF_BUFG
    SLICE_X77Y121        FDRE                                         r  vector_alu_0/lane_out_reg[10][14]/C
                         clock pessimism              0.291     9.600    <hidden>
                         clock uncertainty           -0.035     9.564    <hidden>
    SLICE_X77Y121        FDRE (Setup_fdre_C_D)        0.034     9.598    vector_alu_0/lane_out_reg[10][14]
  -------------------------------------------------------------------
                         required time                          9.598    <hidden>
                         arrival time                          -9.745    <hidden>
  -------------------------------------------------------------------
                         slack                                 -0.146    <hidden>

Slack (VIOLATED) :        -0.146ns  (required time - arrival time)
  Source:                 handshake_join_0/output_skid/out_ch\\.data_reg[139]/C
                            (rising edge-triggered cell FDRE clocked by sys_clk  {rise@0.000ns fall@2.500ns period=5.000ns})
  Destination:            vector_alu_0/lane_out_reg[1][15]/D
                            (rising edge-triggered cell FDRE clocked by sys_clk  {rise@0.000ns fall@2.500ns period=5.000ns})
  Path Group:             sys_clk
  Path Type:              Setup (Max at Slow Process Corner)
  Requirement:            5.000ns  (sys_clk rise@5.000ns - sys_clk rise@0.000ns)
  Data Path Delay:        5.090ns  (logic 2.210ns (43.418%)  route 2.880ns (56.582%))
  Logic Levels:           13  (CARRY4=6 LUT2=2 LUT3=1 LUT4=1 LUT6=3)
  Clock Path Skew:        -0.054ns (DCD - SCD + CPR)
    Destination Clock Delay (DCD):    4.441ns = ( 9.441 - 5.000 ) 
    Source Clock Delay      (SCD):    4.787ns
    Clock Pessimism Removal (CPR):    0.291ns
  Clock Uncertainty:      0.035ns  ((TSJ^2 + TIJ^2)^1/2 + DJ) / 2 + PE
    Total System Jitter     (TSJ):    0.071ns
    Total Input Jitter      (TIJ):    0.000ns
    Discrete Jitter          (DJ):    0.000ns
    Phase Error              (PE):    0.000ns

    Location             Delay type                Incr(ns)  Path(ns)    Netlist Resource(s)
  -------------------------------------------------------------------    -------------------
                         (clock sys_clk rise edge)    0.000     0.000 r  <hidden>
    AL25                                              0.000     0.000 r  clk
                         net (fo=0)                   0.000     0.000    clk
    AL25                 IBUF (Prop_ibuf_I_O)         0.790     0.790 r  clk_IBUF_inst/O
                         net (fo=1, estimated)        2.376     3.166    clk_IBUF
    BUFGCTRL_X0Y0        BUFG (Prop_bufg_I_O)         0.093     3.259 r  clk_IBUF_BUFG_inst/O
                         net (fo=16647, estimated)    1.528     4.787    handshake_join_0/output_skid/clk_IBUF_BUFG
    SLICE_X29Y108        FDRE                                         r  handshake_join_0/output_skid/out_ch\\.data_reg[139]/C
  -------------------------------------------------------------------    -------------------
    SLICE_X29Y108        FDRE (Prop_fdre_C_Q)         0.204     4.991 r  handshake_join_0/output_skid/out_ch\\.data_reg[139]/Q
                         net (fo=43, estimated)       0.511     5.502    handshake_join_0/output_skid/Q[7]
    SLICE_X27Y108        LUT6 (Prop_lut6_I1_O)        0.126     5.628 r  handshake_join_0/output_skid/lane_out_skid[1][6]_i_41/O
                         net (fo=2, estimated)        0.420     6.048    handshake_join_0/output_skid/lane_out_skid[1][6]_i_41_n_0
    SLICE_X29Y110        LUT6 (Prop_lut6_I0_O)        0.043     6.091 r  handshake_join_0/output_skid/lane_out_skid[1][6]_i_45/O
                         net (fo=1, routed)           0.000     6.091    handshake_join_0/output_skid/lane_out_skid[1][6]_i_45_n_0
    SLICE_X29Y110        CARRY4 (Prop_carry4_S[2]_CO[3])
                                                      0.195     6.286 r  handshake_join_0/output_skid/lane_out_skid_reg[1][6]_i_34/CO[3]
                         net (fo=1, estimated)        0.000     6.286    handshake_join_0/output_skid/lane_out_skid_reg[1][6]_i_34_n_0
    SLICE_X29Y111        CARRY4 (Prop_carry4_CI_O[0])
                                                      0.111     6.397 r  handshake_join_0/output_skid/lane_out_skid_reg[1][15]_i_71/O[0]
                         net (fo=1, estimated)        0.272     6.669    handshake_join_0/output_skid/lane_out_skid_reg[1][15]_i_71_n_7
    SLICE_X31Y111        CARRY4 (Prop_carry4_S[0]_O[0])
                                                      0.248     6.917 r  handshake_join_0/output_skid/lane_out_skid_reg[1][15]_i_50/O[0]
                         net (fo=2, estimated)        0.405     7.322    handshake_join_0/output_skid/lane_out_skid_reg[1][15]_i_50_n_7
    SLICE_X27Y111        LUT3 (Prop_lut3_I0_O)        0.133     7.455 r  handshake_join_0/output_skid/lane_out_skid[1][15]_i_41/O
                         net (fo=2, estimated)        0.229     7.684    handshake_join_0/output_skid/lane_out_skid[1][15]_i_41_n_0
    SLICE_X27Y111        CARRY4 (Prop_carry4_DI[1]_CO[3])
                                                      0.343     8.027 r  handshake_join_0/output_skid/lane_out_skid_reg[1][15]_i_15/CO[3]
                         net (fo=1, estimated)        0.000     8.027    handshake_join_0/output_skid/lane_out_skid_reg[1][15]_i_15_n_0
    SLICE_X27Y112        CARRY4 (Prop_carry4_CI_O[1])
                                                      0.166     8.193 r  handshake_join_0/output_skid/lane_out_skid_reg[1][15]_i_10/O[1]
                         net (fo=4, estimated)        0.332     8.525    handshake_join_0/output_skid/lane_out_skid_reg[1][15]_i_10_n_6
    SLICE_X30Y112        LUT2 (Prop_lut2_I1_O)        0.123     8.648 r  handshake_join_0/output_skid/lane_out_skid[1][15]_i_18/O
                         net (fo=1, routed)           0.000     8.648    handshake_join_0/output_skid/lane_out_skid[1][15]_i_18_n_0
    SLICE_X30Y112        CARRY4 (Prop_carry4_S[1]_O[3])
                                                      0.312     8.960 r  handshake_join_0/output_skid/lane_out_skid_reg[1][15]_i_7/O[3]
                         net (fo=1, estimated)        0.331     9.291    handshake_join_0/output_skid/lane_out_skid_reg[1][15]_i_7_n_4
    SLICE_X31Y115        LUT2 (Prop_lut2_I0_O)        0.120     9.411 r  handshake_join_0/output_skid/lane_out_skid[1][15]_i_3/O
                         net (fo=1, estimated)        0.096     9.507    handshake_join_0/output_skid/lane_out_skid[1][15]_i_3_n_0
    SLICE_X31Y115        LUT6 (Prop_lut6_I2_O)        0.043     9.550 r  handshake_join_0/output_skid/lane_out_skid[1][15]_i_1/O
                         net (fo=2, estimated)        0.284     9.834    handshake_join_0/output_skid/out_ch\\.data_reg[388]_rep_1[15]
    SLICE_X25Y115        LUT4 (Prop_lut4_I0_O)        0.043     9.877 r  handshake_join_0/output_skid/lane_out[1][15]_i_1/O
                         net (fo=1, routed)           0.000     9.877    vector_alu_0/lane_out_reg[1][15]_8[15]
    SLICE_X25Y115        FDRE                                         r  vector_alu_0/lane_out_reg[1][15]/D
  -------------------------------------------------------------------    -------------------

                         (clock sys_clk rise edge)    5.000     5.000 r  <hidden>
    AL25                                              0.000     5.000 r  clk
                         net (fo=0)                   0.000     5.000    clk
    AL25                 IBUF (Prop_ibuf_I_O)         0.714     5.714 r  clk_IBUF_inst/O
                         net (fo=1, estimated)        2.257     7.971    clk_IBUF
    BUFGCTRL_X0Y0        BUFG (Prop_bufg_I_O)         0.083     8.054 r  clk_IBUF_BUFG_inst/O
                         net (fo=16647, estimated)    1.387     9.441    vector_alu_0/clk_IBUF_BUFG
    SLICE_X25Y115        FDRE                                         r  vector_alu_0/lane_out_reg[1][15]/C
                         clock pessimism              0.291     9.733    <hidden>
                         clock uncertainty           -0.035     9.697    <hidden>
    SLICE_X25Y115        FDRE (Setup_fdre_C_D)        0.033     9.730    vector_alu_0/lane_out_reg[1][15]
  -------------------------------------------------------------------
                         required time                          9.730    <hidden>
                         arrival time                          -9.877    <hidden>
  -------------------------------------------------------------------
                         slack                                 -0.146    <hidden>

Slack (VIOLATED) :        -0.146ns  (required time - arrival time)
  Source:                 handshake_join_0/output_skid/out_ch\\.data_reg[213]/C
                            (rising edge-triggered cell FDRE clocked by sys_clk  {rise@0.000ns fall@2.500ns period=5.000ns})
  Destination:            vector_alu_0/lane_out_reg[10][13]/D
                            (rising edge-triggered cell FDRE clocked by sys_clk  {rise@0.000ns fall@2.500ns period=5.000ns})
  Path Group:             sys_clk
  Path Type:              Setup (Max at Slow Process Corner)
  Requirement:            5.000ns  (sys_clk rise@5.000ns - sys_clk rise@0.000ns)
  Data Path Delay:        5.093ns  (logic 2.081ns (40.860%)  route 3.012ns (59.140%))
  Logic Levels:           13  (CARRY4=6 LUT2=2 LUT3=1 LUT4=1 LUT6=3)
  Clock Path Skew:        -0.051ns (DCD - SCD + CPR)
    Destination Clock Delay (DCD):    4.308ns = ( 9.308 - 5.000 ) 
    Source Clock Delay      (SCD):    4.651ns
    Clock Pessimism Removal (CPR):    0.291ns
  Clock Uncertainty:      0.035ns  ((TSJ^2 + TIJ^2)^1/2 + DJ) / 2 + PE
    Total System Jitter     (TSJ):    0.071ns
    Total Input Jitter      (TIJ):    0.000ns
    Discrete Jitter          (DJ):    0.000ns
    Phase Error              (PE):    0.000ns

    Location             Delay type                Incr(ns)  Path(ns)    Netlist Resource(s)
  -------------------------------------------------------------------    -------------------
                         (clock sys_clk rise edge)    0.000     0.000 r  <hidden>
    AL25                                              0.000     0.000 r  clk
                         net (fo=0)                   0.000     0.000    clk
    AL25                 IBUF (Prop_ibuf_I_O)         0.790     0.790 r  clk_IBUF_inst/O
                         net (fo=1, estimated)        2.376     3.166    clk_IBUF
    BUFGCTRL_X0Y0        BUFG (Prop_bufg_I_O)         0.093     3.259 r  clk_IBUF_BUFG_inst/O
                         net (fo=16647, estimated)    1.392     4.651    handshake_join_0/output_skid/clk_IBUF_BUFG
    SLICE_X83Y115        FDRE                                         r  handshake_join_0/output_skid/out_ch\\.data_reg[213]/C
  -------------------------------------------------------------------    -------------------
    SLICE_X83Y115        FDRE (Prop_fdre_C_Q)         0.204     4.855 r  handshake_join_0/output_skid/out_ch\\.data_reg[213]/Q
                         net (fo=44, estimated)       0.543     5.398    handshake_join_0/output_skid/Q[63]
    SLICE_X83Y115        LUT6 (Prop_lut6_I0_O)        0.126     5.524 r  handshake_join_0/output_skid/lane_out_skid[10][6]_i_40/O
                         net (fo=2, estimated)        0.283     5.807    handshake_join_0/output_skid/lane_out_skid[10][6]_i_40_n_0
    SLICE_X82Y115        LUT6 (Prop_lut6_I0_O)        0.043     5.850 r  handshake_join_0/output_skid/lane_out_skid[10][6]_i_44/O
                         net (fo=1, routed)           0.000     5.850    handshake_join_0/output_skid/lane_out_skid[10][6]_i_44_n_0
    SLICE_X82Y115        CARRY4 (Prop_carry4_S[3]_CO[3])
                                                      0.180     6.030 r  handshake_join_0/output_skid/lane_out_skid_reg[10][6]_i_34/CO[3]
                         net (fo=1, estimated)        0.000     6.030    handshake_join_0/output_skid/lane_out_skid_reg[10][6]_i_34_n_0
    SLICE_X82Y116        CARRY4 (Prop_carry4_CI_O[0])
                                                      0.108     6.138 r  handshake_join_0/output_skid/lane_out_skid_reg[10][15]_i_71/O[0]
                         net (fo=1, estimated)        0.338     6.476    handshake_join_0/output_skid/lane_out_skid_reg[10][15]_i_71_n_7
    SLICE_X82Y124        CARRY4 (Prop_carry4_S[0]_O[0])
                                                      0.243     6.719 r  handshake_join_0/output_skid/lane_out_skid_reg[10][15]_i_50/O[0]
                         net (fo=2, estimated)        0.410     7.129    handshake_join_0/output_skid/lane_out_skid_reg[10][15]_i_50_n_7
    SLICE_X83Y123        LUT3 (Prop_lut3_I0_O)        0.132     7.261 r  handshake_join_0/output_skid/lane_out_skid[10][15]_i_41/O
                         net (fo=2, estimated)        0.229     7.490    handshake_join_0/output_skid/lane_out_skid[10][15]_i_41_n_0
    SLICE_X83Y123        CARRY4 (Prop_carry4_DI[1]_O[2])
                                                      0.355     7.845 r  handshake_join_0/output_skid/lane_out_skid_reg[10][15]_i_15/O[2]
                         net (fo=4, estimated)        0.348     8.193    handshake_join_0/output_skid/lane_out_skid_reg[10][15]_i_15_n_5
    SLICE_X85Y124        LUT2 (Prop_lut2_I0_O)        0.122     8.315 r  handshake_join_0/output_skid/lane_out_skid[10][11]_i_8/O
                         net (fo=1, routed)           0.000     8.315    handshake_join_0/output_skid/lane_out_skid[10][11]_i_8_n_0
    SLICE_X85Y124        CARRY4 (Prop_carry4_S[3]_CO[3])
                                                      0.193     8.508 r  handshake_join_0/output_skid/lane_out_skid_reg[10][11]_i_6/CO[3]
                         net (fo=1, estimated)        0.007     8.515    handshake_join_0/output_skid/lane_out_skid_reg[10][11]_i_6_n_0
    SLICE_X85Y125        CARRY4 (Prop_carry4_CI_O[1])
                                                      0.166     8.681 r  handshake_join_0/output_skid/lane_out_skid_reg[10][15]_i_7/O[1]
                         net (fo=1, estimated)        0.245     8.926    handshake_join_0/output_skid/lane_out_skid_reg[10][15]_i_7_n_6
    SLICE_X84Y124        LUT2 (Prop_lut2_I0_O)        0.123     9.049 r  handshake_join_0/output_skid/lane_out_skid[10][13]_i_3/O
                         net (fo=1, estimated)        0.406     9.455    handshake_join_0/output_skid/lane_out_skid[10][13]_i_3_n_0
    SLICE_X80Y121        LUT6 (Prop_lut6_I2_O)        0.043     9.498 r  handshake_join_0/output_skid/lane_out_skid[10][13]_i_1/O
                         net (fo=2, estimated)        0.203     9.701    handshake_join_0/output_skid/out_ch\\.data_reg[388]_rep__0_7[13]
    SLICE_X77Y121        LUT4 (Prop_lut4_I0_O)        0.043     9.744 r  handshake_join_0/output_skid/lane_out[10][13]_i_1/O
                         net (fo=1, routed)           0.000     9.744    vector_alu_0/lane_out_reg[10][15]_8[13]
    SLICE_X77Y121        FDRE                                         r  vector_alu_0/lane_out_reg[10][13]/D
  -------------------------------------------------------------------    -------------------

                         (clock sys_clk rise edge)    5.000     5.000 r  <hidden>
    AL25                                              0.000     5.000 r  clk
                         net (fo=0)                   0.000     5.000    clk
    AL25                 IBUF (Prop_ibuf_I_O)         0.714     5.714 r  clk_IBUF_inst/O
                         net (fo=1, estimated)        2.257     7.971    clk_IBUF
    BUFGCTRL_X0Y0        BUFG (Prop_bufg_I_O)         0.083     8.054 r  clk_IBUF_BUFG_inst/O
                         net (fo=16647, estimated)    1.254     9.308    vector_alu_0/clk_IBUF_BUFG
    SLICE_X77Y121        FDRE                                         r  vector_alu_0/lane_out_reg[10][13]/C
                         clock pessimism              0.291     9.600    <hidden>
                         clock uncertainty           -0.035     9.564    <hidden>
    SLICE_X77Y121        FDRE (Setup_fdre_C_D)        0.033     9.597    vector_alu_0/lane_out_reg[10][13]
  -------------------------------------------------------------------
                         required time                          9.597    <hidden>
                         arrival time                          -9.744    <hidden>
  -------------------------------------------------------------------
                         slack                                 -0.146    <hidden>

Slack (VIOLATED) :        -0.143ns  (required time - arrival time)
  Source:                 handshake_join_0/output_skid/out_ch\\.data_reg[253]/C
                            (rising edge-triggered cell FDRE clocked by sys_clk  {rise@0.000ns fall@2.500ns period=5.000ns})
  Destination:            vector_alu_0/lane_out_reg[15][13]/D
                            (rising edge-triggered cell FDRE clocked by sys_clk  {rise@0.000ns fall@2.500ns period=5.000ns})
  Path Group:             sys_clk
  Path Type:              Setup (Max at Slow Process Corner)
  Requirement:            5.000ns  (sys_clk rise@5.000ns - sys_clk rise@0.000ns)
  Data Path Delay:        5.120ns  (logic 1.991ns (38.887%)  route 3.129ns (61.113%))
  Logic Levels:           14  (CARRY4=6 LUT2=2 LUT3=2 LUT4=1 LUT6=3)
  Clock Path Skew:        -0.052ns (DCD - SCD + CPR)
    Destination Clock Delay (DCD):    4.305ns = ( 9.305 - 5.000 ) 
    Source Clock Delay      (SCD):    4.649ns
    Clock Pessimism Removal (CPR):    0.291ns
  Clock Uncertainty:      0.035ns  ((TSJ^2 + TIJ^2)^1/2 + DJ) / 2 + PE
    Total System Jitter     (TSJ):    0.071ns
    Total Input Jitter      (TIJ):    0.000ns
    Discrete Jitter          (DJ):    0.000ns
    Phase Error              (PE):    0.000ns

    Location             Delay type                Incr(ns)  Path(ns)    Netlist Resource(s)
  -------------------------------------------------------------------    -------------------
                         (clock sys_clk rise edge)    0.000     0.000 r  <hidden>
    AL25                                              0.000     0.000 r  clk
                         net (fo=0)                   0.000     0.000    clk
    AL25                 IBUF (Prop_ibuf_I_O)         0.790     0.790 r  clk_IBUF_inst/O
                         net (fo=1, estimated)        2.376     3.166    clk_IBUF
    BUFGCTRL_X0Y0        BUFG (Prop_bufg_I_O)         0.093     3.259 r  clk_IBUF_BUFG_inst/O
                         net (fo=16647, estimated)    1.390     4.649    handshake_join_0/output_skid/clk_IBUF_BUFG
    SLICE_X85Y117        FDRE                                         r  handshake_join_0/output_skid/out_ch\\.data_reg[253]/C
  -------------------------------------------------------------------    -------------------
    SLICE_X85Y117        FDRE (Prop_fdre_C_Q)         0.204     4.853 r  handshake_join_0/output_skid/out_ch\\.data_reg[253]/Q
                         net (fo=44, estimated)       0.519     5.372    handshake_join_0/output_skid/Q[93]
    SLICE_X85Y118        LUT6 (Prop_lut6_I0_O)        0.123     5.495 r  handshake_join_0/output_skid/lane_out_skid[15][6]_i_40/O
                         net (fo=2, estimated)        0.366     5.861    handshake_join_0/output_skid/lane_out_skid[15][6]_i_40_n_0
    SLICE_X84Y118        LUT6 (Prop_lut6_I0_O)        0.043     5.904 r  handshake_join_0/output_skid/lane_out_skid[15][6]_i_44/O
                         net (fo=1, routed)           0.000     5.904    handshake_join_0/output_skid/lane_out_skid[15][6]_i_44_n_0
    SLICE_X84Y118        CARRY4 (Prop_carry4_S[3]_CO[3])
                                                      0.180     6.084 r  handshake_join_0/output_skid/lane_out_skid_reg[15][6]_i_34/CO[3]
                         net (fo=1, estimated)        0.000     6.084    handshake_join_0/output_skid/lane_out_skid_reg[15][6]_i_34_n_0
    SLICE_X84Y119        CARRY4 (Prop_carry4_CI_O[1])
                                                      0.165     6.249 r  handshake_join_0/output_skid/lane_out_skid_reg[15][15]_i_71/O[1]
                         net (fo=2, estimated)        0.313     6.562    handshake_join_0/output_skid/lane_out_skid_reg[15][15]_i_71_n_6
    SLICE_X82Y119        LUT3 (Prop_lut3_I2_O)        0.125     6.687 r  handshake_join_0/output_skid/lane_out_skid[15][15]_i_75/O
                         net (fo=1, routed)           0.000     6.687    handshake_join_0/output_skid/lane_out_skid[15][15]_i_75_n_0
    SLICE_X82Y119        CARRY4 (Prop_carry4_S[1]_O[2])
                                                      0.278     6.965 r  handshake_join_0/output_skid/lane_out_skid_reg[15][15]_i_50/O[2]
                         net (fo=2, estimated)        0.199     7.164    handshake_join_0/output_skid/lane_out_skid_reg[15][15]_i_50_n_5
    SLICE_X82Y118        LUT3 (Prop_lut3_I0_O)        0.127     7.291 r  handshake_join_0/output_skid/lane_out_skid[15][15]_i_39/O
                         net (fo=2, estimated)        0.282     7.573    handshake_join_0/output_skid/lane_out_skid[15][15]_i_39_n_0
    SLICE_X83Y119        CARRY4 (Prop_carry4_DI[3]_CO[3])
                                                      0.190     7.763 r  handshake_join_0/output_skid/lane_out_skid_reg[15][15]_i_15/CO[3]
                         net (fo=1, estimated)        0.000     7.763    handshake_join_0/output_skid/lane_out_skid_reg[15][15]_i_15_n_0
    SLICE_X83Y120        CARRY4 (Prop_carry4_CI_O[0])
                                                      0.111     7.874 r  handshake_join_0/output_skid/lane_out_skid_reg[15][15]_i_10/O[0]
                         net (fo=4, estimated)        0.494     8.368    handshake_join_0/output_skid/lane_out_skid_reg[15][15]_i_10_n_7
    SLICE_X86Y119        LUT2 (Prop_lut2_I0_O)        0.124     8.492 r  handshake_join_0/output_skid/lane_out_skid[15][15]_i_18/O
                         net (fo=1, routed)           0.000     8.492    handshake_join_0/output_skid/lane_out_skid[15][15]_i_18_n_0
    SLICE_X86Y119        CARRY4 (Prop_carry4_S[1]_O[1])
                                                      0.110     8.602 r  handshake_join_0/output_skid/lane_out_skid_reg[15][15]_i_7/O[1]
                         net (fo=1, estimated)        0.401     9.003    handshake_join_0/output_skid/lane_out_skid_reg[15][15]_i_7_n_6
    SLICE_X84Y121        LUT2 (Prop_lut2_I0_O)        0.125     9.128 r  handshake_join_0/output_skid/lane_out_skid[15][13]_i_3/O
                         net (fo=1, estimated)        0.214     9.342    handshake_join_0/output_skid/lane_out_skid[15][13]_i_3_n_0
    SLICE_X84Y121        LUT6 (Prop_lut6_I2_O)        0.043     9.385 r  handshake_join_0/output_skid/lane_out_skid[15][13]_i_1/O
                         net (fo=2, estimated)        0.341     9.726    handshake_join_0/output_skid/out_ch\\.data_reg[388]_rep__0_12[13]
    SLICE_X86Y120        LUT4 (Prop_lut4_I0_O)        0.043     9.769 r  handshake_join_0/output_skid/lane_out[15][13]_i_1/O
                         net (fo=1, routed)           0.000     9.769    vector_alu_0/lane_out_reg[15][15]_8[13]
    SLICE_X86Y120        FDRE                                         r  vector_alu_0/lane_out_reg[15][13]/D
  -------------------------------------------------------------------    -------------------

                         (clock sys_clk rise edge)    5.000     5.000 r  <hidden>
    AL25                                              0.000     5.000 r  clk
                         net (fo=0)                   0.000     5.000    clk
    AL25                 IBUF (Prop_ibuf_I_O)         0.714     5.714 r  clk_IBUF_inst/O
                         net (fo=1, estimated)        2.257     7.971    clk_IBUF
    BUFGCTRL_X0Y0        BUFG (Prop_bufg_I_O)         0.083     8.054 r  clk_IBUF_BUFG_inst/O
                         net (fo=16647, estimated)    1.251     9.305    vector_alu_0/clk_IBUF_BUFG
    SLICE_X86Y120        FDRE                                         r  vector_alu_0/lane_out_reg[15][13]/C
                         clock pessimism              0.291     9.597    <hidden>
                         clock uncertainty           -0.035     9.561    <hidden>
    SLICE_X86Y120        FDRE (Setup_fdre_C_D)        0.064     9.625    vector_alu_0/lane_out_reg[15][13]
  -------------------------------------------------------------------
                         required time                          9.625    <hidden>
                         arrival time                          -9.769    <hidden>
  -------------------------------------------------------------------
                         slack                                 -0.143    <hidden>

Slack (VIOLATED) :        -0.141ns  (required time - arrival time)
  Source:                 handshake_join_0/output_skid/out_ch\\.data_reg[186]/C
                            (rising edge-triggered cell FDRE clocked by sys_clk  {rise@0.000ns fall@2.500ns period=5.000ns})
  Destination:            vector_alu_0/lane_out_reg[7][13]/D
                            (rising edge-triggered cell FDRE clocked by sys_clk  {rise@0.000ns fall@2.500ns period=5.000ns})
  Path Group:             sys_clk
  Path Type:              Setup (Max at Slow Process Corner)
  Requirement:            5.000ns  (sys_clk rise@5.000ns - sys_clk rise@0.000ns)
  Data Path Delay:        5.097ns  (logic 2.120ns (41.593%)  route 2.977ns (58.407%))
  Logic Levels:           13  (CARRY4=6 LUT2=2 LUT3=1 LUT4=1 LUT6=3)
  Clock Path Skew:        -0.042ns (DCD - SCD + CPR)
    Destination Clock Delay (DCD):    4.381ns = ( 9.381 - 5.000 ) 
    Source Clock Delay      (SCD):    4.715ns
    Clock Pessimism Removal (CPR):    0.291ns
  Clock Uncertainty:      0.035ns  ((TSJ^2 + TIJ^2)^1/2 + DJ) / 2 + PE
    Total System Jitter     (TSJ):    0.071ns
    Total Input Jitter      (TIJ):    0.000ns
    Discrete Jitter          (DJ):    0.000ns
    Phase Error              (PE):    0.000ns

    Location             Delay type                Incr(ns)  Path(ns)    Netlist Resource(s)
  -------------------------------------------------------------------    -------------------
                         (clock sys_clk rise edge)    0.000     0.000 r  <hidden>
    AL25                                              0.000     0.000 r  clk
                         net (fo=0)                   0.000     0.000    clk
    AL25                 IBUF (Prop_ibuf_I_O)         0.790     0.790 r  clk_IBUF_inst/O
                         net (fo=1, estimated)        2.376     3.166    clk_IBUF
    BUFGCTRL_X0Y0        BUFG (Prop_bufg_I_O)         0.093     3.259 r  clk_IBUF_BUFG_inst/O
                         net (fo=16647, estimated)    1.456     4.715    handshake_join_0/output_skid/clk_IBUF_BUFG
    SLICE_X49Y130        FDRE                                         r  handshake_join_0/output_skid/out_ch\\.data_reg[186]/C
  -------------------------------------------------------------------    -------------------
    SLICE_X49Y130        FDRE (Prop_fdre_C_Q)         0.223     4.938 r  handshake_join_0/output_skid/out_ch\\.data_reg[186]/Q
                         net (fo=37, estimated)       0.602     5.540    handshake_join_0/output_skid/handshake_join_0__out_ch__data[186]
    SLICE_X51Y131        LUT6 (Prop_lut6_I1_O)        0.043     5.583 r  handshake_join_0/output_skid/lane_out_skid[7][6]_i_42/O
                         net (fo=2, estimated)        0.344     5.927    handshake_join_0/output_skid/lane_out_skid[7][6]_i_42_n_0
    SLICE_X47Y131        LUT6 (Prop_lut6_I0_O)        0.043     5.970 r  handshake_join_0/output_skid/lane_out_skid[7][6]_i_46/O
                         net (fo=1, routed)           0.000     5.970    handshake_join_0/output_skid/lane_out_skid[7][6]_i_46_n_0
    SLICE_X47Y131        CARRY4 (Prop_carry4_S[1]_CO[3])
                                                      0.267     6.237 r  handshake_join_0/output_skid/lane_out_skid_reg[7][6]_i_34/CO[3]
                         net (fo=1, estimated)        0.000     6.237    handshake_join_0/output_skid/lane_out_skid_reg[7][6]_i_34_n_0
    SLICE_X47Y132        CARRY4 (Prop_carry4_CI_O[0])
                                                      0.111     6.348 r  handshake_join_0/output_skid/lane_out_skid_reg[7][15]_i_71/O[0]
                         net (fo=1, estimated)        0.271     6.619    handshake_join_0/output_skid/lane_out_skid_reg[7][15]_i_71_n_7
    SLICE_X45Y133        CARRY4 (Prop_carry4_S[0]_O[0])
                                                      0.248     6.867 r  handshake_join_0/output_skid/lane_out_skid_reg[7][15]_i_50/O[0]
                         net (fo=2, estimated)        0.424     7.291    handshake_join_0/output_skid/lane_out_skid_reg[7][15]_i_50_n_7
    SLICE_X46Y132        LUT3 (Prop_lut3_I0_O)        0.132     7.423 r  handshake_join_0/output_skid/lane_out_skid[7][15]_i_41/O
                         net (fo=2, estimated)        0.228     7.651    handshake_join_0/output_skid/lane_out_skid[7][15]_i_41_n_0
    SLICE_X46Y132        CARRY4 (Prop_carry4_DI[1]_O[2])
                                                      0.356     8.007 r  handshake_join_0/output_skid/lane_out_skid_reg[7][15]_i_15/O[2]
                         net (fo=4, estimated)        0.293     8.300    handshake_join_0/output_skid/lane_out_skid_reg[7][15]_i_15_n_5
    SLICE_X45Y131        LUT2 (Prop_lut2_I1_O)        0.127     8.427 r  handshake_join_0/output_skid/lane_out_skid[7][11]_i_9/O
                         net (fo=1, routed)           0.000     8.427    handshake_join_0/output_skid/lane_out_skid[7][11]_i_9_n_0
    SLICE_X45Y131        CARRY4 (Prop_carry4_S[2]_CO[3])
                                                      0.195     8.622 r  handshake_join_0/output_skid/lane_out_skid_reg[7][11]_i_6/CO[3]
                         net (fo=1, estimated)        0.000     8.622    handshake_join_0/output_skid/lane_out_skid_reg[7][11]_i_6_n_0
    SLICE_X45Y132        CARRY4 (Prop_carry4_CI_O[1])
                                                      0.166     8.788 r  handshake_join_0/output_skid/lane_out_skid_reg[7][15]_i_7/O[1]
                         net (fo=1, estimated)        0.303     9.091    handshake_join_0/output_skid/lane_out_skid_reg[7][15]_i_7_n_6
    SLICE_X43Y134        LUT2 (Prop_lut2_I0_O)        0.123     9.214 r  handshake_join_0/output_skid/lane_out_skid[7][13]_i_3/O
                         net (fo=1, estimated)        0.209     9.423    handshake_join_0/output_skid/lane_out_skid[7][13]_i_3_n_0
    SLICE_X43Y135        LUT6 (Prop_lut6_I2_O)        0.043     9.466 r  handshake_join_0/output_skid/lane_out_skid[7][13]_i_1/O
                         net (fo=2, estimated)        0.303     9.769    handshake_join_0/output_skid/out_ch\\.data_reg[388]_rep__0_4[13]
    SLICE_X43Y135        LUT4 (Prop_lut4_I0_O)        0.043     9.812 r  handshake_join_0/output_skid/lane_out[7][13]_i_1/O
                         net (fo=1, routed)           0.000     9.812    vector_alu_0/lane_out_reg[7][15]_8[13]
    SLICE_X43Y135        FDRE                                         r  vector_alu_0/lane_out_reg[7][13]/D
  -------------------------------------------------------------------    -------------------

                         (clock sys_clk rise edge)    5.000     5.000 r  <hidden>
    AL25                                              0.000     5.000 r  clk
                         net (fo=0)                   0.000     5.000    clk
    AL25                 IBUF (Prop_ibuf_I_O)         0.714     5.714 r  clk_IBUF_inst/O
                         net (fo=1, estimated)        2.257     7.971    clk_IBUF
    BUFGCTRL_X0Y0        BUFG (Prop_bufg_I_O)         0.083     8.054 r  clk_IBUF_BUFG_inst/O
                         net (fo=16647, estimated)    1.327     9.381    vector_alu_0/clk_IBUF_BUFG
    SLICE_X43Y135        FDRE                                         r  vector_alu_0/lane_out_reg[7][13]/C
                         clock pessimism              0.291     9.673    <hidden>
                         clock uncertainty           -0.035     9.637    <hidden>
    SLICE_X43Y135        FDRE (Setup_fdre_C_D)        0.033     9.670    vector_alu_0/lane_out_reg[7][13]
  -------------------------------------------------------------------
                         required time                          9.670    <hidden>
                         arrival time                          -9.812    <hidden>
  -------------------------------------------------------------------
                         slack                                 -0.141    <hidden>

Slack (VIOLATED) :        -0.136ns  (required time - arrival time)
  Source:                 handshake_join_0/output_skid/out_ch\\.data_reg[290]/C
                            (rising edge-triggered cell FDRE clocked by sys_clk  {rise@0.000ns fall@2.500ns period=5.000ns})
  Destination:            vector_alu_0/lane_out_skid_reg[4][15]/D
                            (rising edge-triggered cell FDRE clocked by sys_clk  {rise@0.000ns fall@2.500ns period=5.000ns})
  Path Group:             sys_clk
  Path Type:              Setup (Max at Slow Process Corner)
  Requirement:            5.000ns  (sys_clk rise@5.000ns - sys_clk rise@0.000ns)
  Data Path Delay:        5.037ns  (logic 2.144ns (42.565%)  route 2.893ns (57.435%))
  Logic Levels:           13  (CARRY4=6 LUT2=2 LUT3=1 LUT4=1 LUT6=3)
  Clock Path Skew:        -0.054ns (DCD - SCD + CPR)
    Destination Clock Delay (DCD):    4.439ns = ( 9.439 - 5.000 ) 
    Source Clock Delay      (SCD):    4.785ns
    Clock Pessimism Removal (CPR):    0.291ns
  Clock Uncertainty:      0.035ns  ((TSJ^2 + TIJ^2)^1/2 + DJ) / 2 + PE
    Total System Jitter     (TSJ):    0.071ns
    Total Input Jitter      (TIJ):    0.000ns
    Discrete Jitter          (DJ):    0.000ns
    Phase Error              (PE):    0.000ns

    Location             Delay type                Incr(ns)  Path(ns)    Netlist Resource(s)
  -------------------------------------------------------------------    -------------------
                         (clock sys_clk rise edge)    0.000     0.000 r  <hidden>
    AL25                                              0.000     0.000 r  clk
                         net (fo=0)                   0.000     0.000    clk
    AL25                 IBUF (Prop_ibuf_I_O)         0.790     0.790 r  clk_IBUF_inst/O
                         net (fo=1, estimated)        2.376     3.166    clk_IBUF
    BUFGCTRL_X0Y0        BUFG (Prop_bufg_I_O)         0.093     3.259 r  clk_IBUF_BUFG_inst/O
                         net (fo=16647, estimated)    1.526     4.785    handshake_join_0/output_skid/clk_IBUF_BUFG
    SLICE_X21Y116        FDRE                                         r  handshake_join_0/output_skid/out_ch\\.data_reg[290]/C
  -------------------------------------------------------------------    -------------------
    SLICE_X21Y116        FDRE (Prop_fdre_C_Q)         0.223     5.008 r  handshake_join_0/output_skid/out_ch\\.data_reg[290]/Q
                         net (fo=56, estimated)       0.680     5.688    handshake_join_0/output_skid/handshake_join_0__out_ch__data[290]
    SLICE_X24Y117        LUT6 (Prop_lut6_I0_O)        0.043     5.731 r  handshake_join_0/output_skid/lane_out_skid[4][6]_i_43/O
                         net (fo=2, estimated)        0.267     5.998    handshake_join_0/output_skid/lane_out_skid[4][6]_i_43_n_0
    SLICE_X25Y118        LUT6 (Prop_lut6_I0_O)        0.043     6.041 r  handshake_join_0/output_skid/lane_out_skid[4][6]_i_47/O
                         net (fo=1, routed)           0.000     6.041    handshake_join_0/output_skid/lane_out_skid[4][6]_i_47_n_0
    SLICE_X25Y118        CARRY4 (Prop_carry4_S[0]_CO[3])
                                                      0.259     6.300 r  handshake_join_0/output_skid/lane_out_skid_reg[4][6]_i_34/CO[3]
                         net (fo=1, estimated)        0.000     6.300    handshake_join_0/output_skid/lane_out_skid_reg[4][6]_i_34_n_0
    SLICE_X25Y119        CARRY4 (Prop_carry4_CI_O[1])
                                                      0.166     6.466 r  handshake_join_0/output_skid/lane_out_skid_reg[4][15]_i_71/O[1]
                         net (fo=2, estimated)        0.288     6.754    handshake_join_0/output_skid/lane_out_skid_reg[4][15]_i_71_n_6
    SLICE_X26Y119        CARRY4 (Prop_carry4_DI[1]_O[2])
                                                      0.342     7.096 r  handshake_join_0/output_skid/lane_out_skid_reg[4][15]_i_50/O[2]
                         net (fo=2, estimated)        0.278     7.374    handshake_join_0/output_skid/lane_out_skid_reg[4][15]_i_50_n_5
    SLICE_X29Y119        LUT3 (Prop_lut3_I0_O)        0.122     7.496 r  handshake_join_0/output_skid/lane_out_skid[4][15]_i_39/O
                         net (fo=2, estimated)        0.285     7.781    handshake_join_0/output_skid/lane_out_skid[4][15]_i_39_n_0
    SLICE_X27Y119        LUT4 (Prop_lut4_I3_O)        0.043     7.824 r  handshake_join_0/output_skid/lane_out_skid[4][15]_i_43/O
                         net (fo=1, routed)           0.000     7.824    handshake_join_0/output_skid/lane_out_skid[4][15]_i_43_n_0
    SLICE_X27Y119        CARRY4 (Prop_carry4_S[3]_CO[3])
                                                      0.193     8.017 r  handshake_join_0/output_skid/lane_out_skid_reg[4][15]_i_15/CO[3]
                         net (fo=1, estimated)        0.000     8.017    handshake_join_0/output_skid/lane_out_skid_reg[4][15]_i_15_n_0
    SLICE_X27Y120        CARRY4 (Prop_carry4_CI_O[0])
                                                      0.111     8.128 r  handshake_join_0/output_skid/lane_out_skid_reg[4][15]_i_10/O[0]
                         net (fo=4, estimated)        0.357     8.485    handshake_join_0/output_skid/lane_out_skid_reg[4][15]_i_10_n_7
    SLICE_X28Y120        LUT2 (Prop_lut2_I0_O)        0.124     8.609 r  handshake_join_0/output_skid/lane_out_skid[4][15]_i_18/O
                         net (fo=1, routed)           0.000     8.609    handshake_join_0/output_skid/lane_out_skid[4][15]_i_18_n_0
    SLICE_X28Y120        CARRY4 (Prop_carry4_S[1]_O[3])
                                                      0.312     8.921 r  handshake_join_0/output_skid/lane_out_skid_reg[4][15]_i_7/O[3]
                         net (fo=1, estimated)        0.277     9.198    handshake_join_0/output_skid/lane_out_skid_reg[4][15]_i_7_n_4
    SLICE_X29Y117        LUT2 (Prop_lut2_I0_O)        0.120     9.318 r  handshake_join_0/output_skid/lane_out_skid[4][15]_i_3/O
                         net (fo=1, estimated)        0.264     9.582    handshake_join_0/output_skid/lane_out_skid[4][15]_i_3_n_0
    SLICE_X30Y116        LUT6 (Prop_lut6_I2_O)        0.043     9.625 r  handshake_join_0/output_skid/lane_out_skid[4][15]_i_1/O
                         net (fo=2, estimated)        0.197     9.822    vector_alu_0/lane_out_skid_reg[4][15]_1[15]
    SLICE_X29Y116        FDRE                                         r  vector_alu_0/lane_out_skid_reg[4][15]/D
  -------------------------------------------------------------------    -------------------

                         (clock sys_clk rise edge)    5.000     5.000 r  <hidden>
    AL25                                              0.000     5.000 r  clk
                         net (fo=0)                   0.000     5.000    clk
    AL25                 IBUF (Prop_ibuf_I_O)         0.714     5.714 r  clk_IBUF_inst/O
                         net (fo=1, estimated)        2.257     7.971    clk_IBUF
    BUFGCTRL_X0Y0        BUFG (Prop_bufg_I_O)         0.083     8.054 r  clk_IBUF_BUFG_inst/O
                         net (fo=16647, estimated)    1.385     9.439    vector_alu_0/clk_IBUF_BUFG
    SLICE_X29Y116        FDRE                                         r  vector_alu_0/lane_out_skid_reg[4][15]/C
                         clock pessimism              0.291     9.731    <hidden>
                         clock uncertainty           -0.035     9.695    <hidden>
    SLICE_X29Y116        FDRE (Setup_fdre_C_D)       -0.010     9.685    vector_alu_0/lane_out_skid_reg[4][15]
  -------------------------------------------------------------------
                         required time                          9.685    <hidden>
                         arrival time                          -9.822    <hidden>
  -------------------------------------------------------------------
                         slack                                 -0.136    <hidden>

Slack (VIOLATED) :        -0.135ns  (required time - arrival time)
  Source:                 vector_main_ixc/read_path/slave_queue[0].unsent_count_reg[3]/C
                            (rising edge-triggered cell FDRE clocked by sys_clk  {rise@0.000ns fall@2.500ns period=5.000ns})
  Destination:            bram_arbiter_0/data_out_reg[1][115]/CE
                            (rising edge-triggered cell FDRE clocked by sys_clk  {rise@0.000ns fall@2.500ns period=5.000ns})
  Path Group:             sys_clk
  Path Type:              Setup (Max at Slow Process Corner)
  Requirement:            5.000ns  (sys_clk rise@5.000ns - sys_clk rise@0.000ns)
  Data Path Delay:        4.561ns  (logic 0.818ns (17.935%)  route 3.743ns (82.065%))
  Logic Levels:           7  (LUT2=1 LUT3=1 LUT4=1 LUT5=2 LUT6=2)
  Clock Path Skew:        -0.361ns (DCD - SCD + CPR)
    Destination Clock Delay (DCD):    4.320ns = ( 9.320 - 5.000 ) 
    Source Clock Delay      (SCD):    4.901ns
    Clock Pessimism Removal (CPR):    0.219ns
  Clock Uncertainty:      0.035ns  ((TSJ^2 + TIJ^2)^1/2 + DJ) / 2 + PE
    Total System Jitter     (TSJ):    0.071ns
    Total Input Jitter      (TIJ):    0.000ns
    Discrete Jitter          (DJ):    0.000ns
    Phase Error              (PE):    0.000ns

    Location             Delay type                Incr(ns)  Path(ns)    Netlist Resource(s)
  -------------------------------------------------------------------    -------------------
                         (clock sys_clk rise edge)    0.000     0.000 r  <hidden>
    AL25                                              0.000     0.000 r  clk
                         net (fo=0)                   0.000     0.000    clk
    AL25                 IBUF (Prop_ibuf_I_O)         0.790     0.790 r  clk_IBUF_inst/O
                         net (fo=1, estimated)        2.376     3.166    clk_IBUF
    BUFGCTRL_X0Y0        BUFG (Prop_bufg_I_O)         0.093     3.259 r  clk_IBUF_BUFG_inst/O
                         net (fo=16647, estimated)    1.642     4.901    vector_main_ixc/read_path/clk_IBUF_BUFG
    SLICE_X40Y97         FDRE                                         r  vector_main_ixc/read_path/slave_queue[0].unsent_count_reg[3]/C
  -------------------------------------------------------------------    -------------------
    SLICE_X40Y97         FDRE (Prop_fdre_C_Q)         0.236     5.137 r  vector_main_ixc/read_path/slave_queue[0].unsent_count_reg[3]/Q
                         net (fo=5, estimated)        0.388     5.525    vector_main_ixc/read_path/slave_queue[0].unsent_count_reg[3]
    SLICE_X40Y97         LUT5 (Prop_lut5_I2_O)        0.134     5.659 r  vector_main_ixc/read_path/out_ch\\.tag[3]_i_3/O
                         net (fo=47, estimated)       0.650     6.309    bram_arbiter_0/arbiter/arbiter/vector_main_ixc__slave_read_req__valid_0
    SLICE_X32Y95         LUT5 (Prop_lut5_I4_O)        0.140     6.449 r  bram_arbiter_0/arbiter/arbiter/slave_queue[0].send_head[2]_i_3/O
                         net (fo=1, estimated)        0.461     6.910    vector_main_ixc/read_path/bram_arbiter_0__read_req__ready_0
    SLICE_X40Y97         LUT6 (Prop_lut6_I1_O)        0.136     7.046 r  vector_main_ixc/read_path/slave_queue[0].send_head[2]_i_2/O
                         net (fo=6, estimated)        0.404     7.450    vector_main_ixc/read_path/slave_queue[0].addr_take
    SLICE_X42Y98         LUT4 (Prop_lut4_I1_O)        0.043     7.493 r  vector_main_ixc/read_path/master_queue[0].response_addr_mem_reg_0_7_0_5_i_21/O
                         net (fo=2, estimated)        0.332     7.825    vector_main_ixc/read_path/slave_read_data_ready[0]0
    SLICE_X49Y98         LUT2 (Prop_lut2_I0_O)        0.043     7.868 r  vector_main_ixc/read_path/data_valid[0]_i_2/O
                         net (fo=2, estimated)        0.366     8.234    bram_arbiter_0/resp_join/output_skid/vector_main_ixc__slave_read_rsp__ready_0
    SLICE_X55Y98         LUT6 (Prop_lut6_I5_O)        0.043     8.277 r  bram_arbiter_0/resp_join/output_skid/skid_valid_i_2__6/O
                         net (fo=9, estimated)        0.380     8.657    bram_arbiter_0/resp_join/output_skid/out_ch\\.valid_reg_0
    SLICE_X55Y99         LUT3 (Prop_lut3_I2_O)        0.043     8.700 r  bram_arbiter_0/resp_join/output_skid/data_out[1][127]_i_1__0/O
                         net (fo=128, estimated)      0.762     9.462    bram_arbiter_0/resp_join_n_4
    SLICE_X70Y104        FDRE                                         r  bram_arbiter_0/data_out_reg[1][115]/CE
  -------------------------------------------------------------------    -------------------

                         (clock sys_clk rise edge)    5.000     5.000 r  <hidden>
    AL25                                              0.000     5.000 r  clk
                         net (fo=0)                   0.000     5.000    clk
    AL25                 IBUF (Prop_ibuf_I_O)         0.714     5.714 r  clk_IBUF_inst/O
                         net (fo=1, estimated)        2.257     7.971    clk_IBUF
    BUFGCTRL_X0Y0        BUFG (Prop_bufg_I_O)         0.083     8.054 r  clk_IBUF_BUFG_inst/O
                         net (fo=16647, estimated)    1.266     9.320    bram_arbiter_0/clk_IBUF_BUFG
    SLICE_X70Y104        FDRE                                         r  bram_arbiter_0/data_out_reg[1][115]/C
                         clock pessimism              0.219     9.540    <hidden>
                         clock uncertainty           -0.035     9.504    <hidden>
    SLICE_X70Y104        FDRE (Setup_fdre_C_CE)      -0.178     9.326    bram_arbiter_0/data_out_reg[1][115]
  -------------------------------------------------------------------
                         required time                          9.326    <hidden>
                         arrival time                          -9.462    <hidden>
  -------------------------------------------------------------------
                         slack                                 -0.135    <hidden>

Slack (VIOLATED) :        -0.134ns  (required time - arrival time)
  Source:                 handshake_join_0/output_skid/out_ch\\.data_reg[306]/C
                            (rising edge-triggered cell FDRE clocked by sys_clk  {rise@0.000ns fall@2.500ns period=5.000ns})
  Destination:            vector_alu_0/lane_out_skid_reg[6][15]/D
                            (rising edge-triggered cell FDRE clocked by sys_clk  {rise@0.000ns fall@2.500ns period=5.000ns})
  Path Group:             sys_clk
  Path Type:              Setup (Max at Slow Process Corner)
  Requirement:            5.000ns  (sys_clk rise@5.000ns - sys_clk rise@0.000ns)
  Data Path Delay:        5.025ns  (logic 2.201ns (43.801%)  route 2.824ns (56.199%))
  Logic Levels:           12  (CARRY4=6 LUT2=2 LUT3=2 LUT6=2)
  Clock Path Skew:        -0.043ns (DCD - SCD + CPR)
    Destination Clock Delay (DCD):    4.374ns = ( 9.374 - 5.000 ) 
    Source Clock Delay      (SCD):    4.709ns
    Clock Pessimism Removal (CPR):    0.291ns
  Clock Uncertainty:      0.035ns  ((TSJ^2 + TIJ^2)^1/2 + DJ) / 2 + PE
    Total System Jitter     (TSJ):    0.071ns
    Total Input Jitter      (TIJ):    0.000ns
    Discrete Jitter          (DJ):    0.000ns
    Phase Error              (PE):    0.000ns

    Location             Delay type                Incr(ns)  Path(ns)    Netlist Resource(s)
  -------------------------------------------------------------------    -------------------
                         (clock sys_clk rise edge)    0.000     0.000 r  <hidden>
    AL25                                              0.000     0.000 r  clk
                         net (fo=0)                   0.000     0.000    clk
    AL25                 IBUF (Prop_ibuf_I_O)         0.790     0.790 r  clk_IBUF_inst/O
                         net (fo=1, estimated)        2.376     3.166    clk_IBUF
    BUFGCTRL_X0Y0        BUFG (Prop_bufg_I_O)         0.093     3.259 r  clk_IBUF_BUFG_inst/O
                         net (fo=16647, estimated)    1.450     4.709    handshake_join_0/output_skid/clk_IBUF_BUFG
    SLICE_X43Y125        FDRE                                         r  handshake_join_0/output_skid/out_ch\\.data_reg[306]/C
  -------------------------------------------------------------------    -------------------
    SLICE_X43Y125        FDRE (Prop_fdre_C_Q)         0.223     4.932 r  handshake_join_0/output_skid/out_ch\\.data_reg[306]/Q
                         net (fo=56, estimated)       0.542     5.474    handshake_join_0/output_skid/handshake_join_0__out_ch__data[306]
    SLICE_X44Y126        LUT6 (Prop_lut6_I0_O)        0.043     5.517 r  handshake_join_0/output_skid/lane_out_skid[6][6]_i_43/O
                         net (fo=2, estimated)        0.288     5.805    handshake_join_0/output_skid/lane_out_skid[6][6]_i_43_n_0
    SLICE_X42Y126        CARRY4 (Prop_carry4_DI[0]_CO[3])
                                                      0.283     6.088 r  handshake_join_0/output_skid/lane_out_skid_reg[6][6]_i_34/CO[3]
                         net (fo=1, estimated)        0.000     6.088    handshake_join_0/output_skid/lane_out_skid_reg[6][6]_i_34_n_0
    SLICE_X42Y127        CARRY4 (Prop_carry4_CI_O[1])
                                                      0.165     6.253 r  handshake_join_0/output_skid/lane_out_skid_reg[6][15]_i_71/O[1]
                         net (fo=2, estimated)        0.383     6.636    handshake_join_0/output_skid/lane_out_skid_reg[6][15]_i_71_n_6
    SLICE_X41Y130        LUT3 (Prop_lut3_I2_O)        0.125     6.761 r  handshake_join_0/output_skid/lane_out_skid[6][15]_i_75/O
                         net (fo=1, routed)           0.000     6.761    handshake_join_0/output_skid/lane_out_skid[6][15]_i_75_n_0
    SLICE_X41Y130        CARRY4 (Prop_carry4_S[1]_O[2])
                                                      0.282     7.043 r  handshake_join_0/output_skid/lane_out_skid_reg[6][15]_i_50/O[2]
                         net (fo=2, estimated)        0.219     7.262    handshake_join_0/output_skid/lane_out_skid_reg[6][15]_i_50_n_5
    SLICE_X41Y129        LUT3 (Prop_lut3_I0_O)        0.122     7.384 r  handshake_join_0/output_skid/lane_out_skid[6][15]_i_39/O
                         net (fo=2, estimated)        0.282     7.666    handshake_join_0/output_skid/lane_out_skid[6][15]_i_39_n_0
    SLICE_X40Y130        CARRY4 (Prop_carry4_DI[3]_CO[3])
                                                      0.193     7.859 r  handshake_join_0/output_skid/lane_out_skid_reg[6][15]_i_15/CO[3]
                         net (fo=1, estimated)        0.000     7.859    handshake_join_0/output_skid/lane_out_skid_reg[6][15]_i_15_n_0
    SLICE_X40Y131        CARRY4 (Prop_carry4_CI_O[1])
                                                      0.165     8.024 r  handshake_join_0/output_skid/lane_out_skid_reg[6][15]_i_10/O[1]
                         net (fo=4, estimated)        0.382     8.406    handshake_join_0/output_skid/lane_out_skid_reg[6][15]_i_10_n_6
    SLICE_X43Y129        LUT2 (Prop_lut2_I1_O)        0.125     8.531 r  handshake_join_0/output_skid/lane_out_skid[6][15]_i_18/O
                         net (fo=1, routed)           0.000     8.531    handshake_join_0/output_skid/lane_out_skid[6][15]_i_18_n_0
    SLICE_X43Y129        CARRY4 (Prop_carry4_S[1]_O[3])
                                                      0.312     8.843 r  handshake_join_0/output_skid/lane_out_skid_reg[6][15]_i_7/O[3]
                         net (fo=1, estimated)        0.318     9.161    handshake_join_0/output_skid/lane_out_skid_reg[6][15]_i_7_n_4
    SLICE_X41Y128        LUT2 (Prop_lut2_I0_O)        0.120     9.281 r  handshake_join_0/output_skid/lane_out_skid[6][15]_i_3/O
                         net (fo=2, estimated)        0.193     9.474    handshake_join_0/output_skid/lane_out_skid[6][15]_i_3_n_0
    SLICE_X39Y128        LUT6 (Prop_lut6_I2_O)        0.043     9.517 r  handshake_join_0/output_skid/lane_out_skid[6][15]_i_1/O
                         net (fo=1, estimated)        0.217     9.734    vector_alu_0/lane_out_skid_reg[6][15]_1[15]
    SLICE_X39Y128        FDRE                                         r  vector_alu_0/lane_out_skid_reg[6][15]/D
  -------------------------------------------------------------------    -------------------

                         (clock sys_clk rise edge)    5.000     5.000 r  <hidden>
    AL25                                              0.000     5.000 r  clk
                         net (fo=0)                   0.000     5.000    clk
    AL25                 IBUF (Prop_ibuf_I_O)         0.714     5.714 r  clk_IBUF_inst/O
                         net (fo=1, estimated)        2.257     7.971    clk_IBUF
    BUFGCTRL_X0Y0        BUFG (Prop_bufg_I_O)         0.083     8.054 r  clk_IBUF_BUFG_inst/O
                         net (fo=16647, estimated)    1.320     9.374    vector_alu_0/clk_IBUF_BUFG
    SLICE_X39Y128        FDRE                                         r  vector_alu_0/lane_out_skid_reg[6][15]/C
                         clock pessimism              0.291     9.666    <hidden>
                         clock uncertainty           -0.035     9.630    <hidden>
    SLICE_X39Y128        FDRE (Setup_fdre_C_D)       -0.031     9.599    vector_alu_0/lane_out_skid_reg[6][15]
  -------------------------------------------------------------------
                         required time                          9.599    <hidden>
                         arrival time                          -9.734    <hidden>
  -------------------------------------------------------------------
                         slack                                 -0.134    <hidden>

Slack (VIOLATED) :        -0.133ns  (required time - arrival time)
  Source:                 handshake_join_0/output_skid/out_ch\\.data_reg[290]/C
                            (rising edge-triggered cell FDRE clocked by sys_clk  {rise@0.000ns fall@2.500ns period=5.000ns})
  Destination:            vector_alu_0/lane_out_reg[4][15]/D
                            (rising edge-triggered cell FDRE clocked by sys_clk  {rise@0.000ns fall@2.500ns period=5.000ns})
  Path Group:             sys_clk
  Path Type:              Setup (Max at Slow Process Corner)
  Requirement:            5.000ns  (sys_clk rise@5.000ns - sys_clk rise@0.000ns)
  Data Path Delay:        5.078ns  (logic 2.187ns (43.068%)  route 2.891ns (56.932%))
  Logic Levels:           14  (CARRY4=6 LUT2=2 LUT3=1 LUT4=2 LUT6=3)
  Clock Path Skew:        -0.054ns (DCD - SCD + CPR)
    Destination Clock Delay (DCD):    4.439ns = ( 9.439 - 5.000 ) 
    Source Clock Delay      (SCD):    4.785ns
    Clock Pessimism Removal (CPR):    0.291ns
  Clock Uncertainty:      0.035ns  ((TSJ^2 + TIJ^2)^1/2 + DJ) / 2 + PE
    Total System Jitter     (TSJ):    0.071ns
    Total Input Jitter      (TIJ):    0.000ns
    Discrete Jitter          (DJ):    0.000ns
    Phase Error              (PE):    0.000ns

    Location             Delay type                Incr(ns)  Path(ns)    Netlist Resource(s)
  -------------------------------------------------------------------    -------------------
                         (clock sys_clk rise edge)    0.000     0.000 r  <hidden>
    AL25                                              0.000     0.000 r  clk
                         net (fo=0)                   0.000     0.000    clk
    AL25                 IBUF (Prop_ibuf_I_O)         0.790     0.790 r  clk_IBUF_inst/O
                         net (fo=1, estimated)        2.376     3.166    clk_IBUF
    BUFGCTRL_X0Y0        BUFG (Prop_bufg_I_O)         0.093     3.259 r  clk_IBUF_BUFG_inst/O
                         net (fo=16647, estimated)    1.526     4.785    handshake_join_0/output_skid/clk_IBUF_BUFG
    SLICE_X21Y116        FDRE                                         r  handshake_join_0/output_skid/out_ch\\.data_reg[290]/C
  -------------------------------------------------------------------    -------------------
    SLICE_X21Y116        FDRE (Prop_fdre_C_Q)         0.223     5.008 r  handshake_join_0/output_skid/out_ch\\.data_reg[290]/Q
                         net (fo=56, estimated)       0.680     5.688    handshake_join_0/output_skid/handshake_join_0__out_ch__data[290]
    SLICE_X24Y117        LUT6 (Prop_lut6_I0_O)        0.043     5.731 r  handshake_join_0/output_skid/lane_out_skid[4][6]_i_43/O
                         net (fo=2, estimated)        0.267     5.998    handshake_join_0/output_skid/lane_out_skid[4][6]_i_43_n_0
    SLICE_X25Y118        LUT6 (Prop_lut6_I0_O)        0.043     6.041 r  handshake_join_0/output_skid/lane_out_skid[4][6]_i_47/O
                         net (fo=1, routed)           0.000     6.041    handshake_join_0/output_skid/lane_out_skid[4][6]_i_47_n_0
    SLICE_X25Y118        CARRY4 (Prop_carry4_S[0]_CO[3])
                                                      0.259     6.300 r  handshake_join_0/output_skid/lane_out_skid_reg[4][6]_i_34/CO[3]
                         net (fo=1, estimated)        0.000     6.300    handshake_join_0/output_skid/lane_out_skid_reg[4][6]_i_34_n_0
    SLICE_X25Y119        CARRY4 (Prop_carry4_CI_O[1])
                                                      0.166     6.466 r  handshake_join_0/output_skid/lane_out_skid_reg[4][15]_i_71/O[1]
                         net (fo=2, estimated)        0.288     6.754    handshake_join_0/output_skid/lane_out_skid_reg[4][15]_i_71_n_6
    SLICE_X26Y119        CARRY4 (Prop_carry4_DI[1]_O[2])
                                                      0.342     7.096 r  handshake_join_0/output_skid/lane_out_skid_reg[4][15]_i_50/O[2]
                         net (fo=2, estimated)        0.278     7.374    handshake_join_0/output_skid/lane_out_skid_reg[4][15]_i_50_n_5
    SLICE_X29Y119        LUT3 (Prop_lut3_I0_O)        0.122     7.496 r  handshake_join_0/output_skid/lane_out_skid[4][15]_i_39/O
                         net (fo=2, estimated)        0.285     7.781    handshake_join_0/output_skid/lane_out_skid[4][15]_i_39_n_0
    SLICE_X27Y119        LUT4 (Prop_lut4_I3_O)        0.043     7.824 r  handshake_join_0/output_skid/lane_out_skid[4][15]_i_43/O
                         net (fo=1, routed)           0.000     7.824    handshake_join_0/output_skid/lane_out_skid[4][15]_i_43_n_0
    SLICE_X27Y119        CARRY4 (Prop_carry4_S[3]_CO[3])
                                                      0.193     8.017 r  handshake_join_0/output_skid/lane_out_skid_reg[4][15]_i_15/CO[3]
                         net (fo=1, estimated)        0.000     8.017    handshake_join_0/output_skid/lane_out_skid_reg[4][15]_i_15_n_0
    SLICE_X27Y120        CARRY4 (Prop_carry4_CI_O[0])
                                                      0.111     8.128 r  handshake_join_0/output_skid/lane_out_skid_reg[4][15]_i_10/O[0]
                         net (fo=4, estimated)        0.357     8.485    handshake_join_0/output_skid/lane_out_skid_reg[4][15]_i_10_n_7
    SLICE_X28Y120        LUT2 (Prop_lut2_I0_O)        0.124     8.609 r  handshake_join_0/output_skid/lane_out_skid[4][15]_i_18/O
                         net (fo=1, routed)           0.000     8.609    handshake_join_0/output_skid/lane_out_skid[4][15]_i_18_n_0
    SLICE_X28Y120        CARRY4 (Prop_carry4_S[1]_O[3])
                                                      0.312     8.921 r  handshake_join_0/output_skid/lane_out_skid_reg[4][15]_i_7/O[3]
                         net (fo=1, estimated)        0.277     9.198    handshake_join_0/output_skid/lane_out_skid_reg[4][15]_i_7_n_4
    SLICE_X29Y117        LUT2 (Prop_lut2_I0_O)        0.120     9.318 r  handshake_join_0/output_skid/lane_out_skid[4][15]_i_3/O
                         net (fo=1, estimated)        0.264     9.582    handshake_join_0/output_skid/lane_out_skid[4][15]_i_3_n_0
    SLICE_X30Y116        LUT6 (Prop_lut6_I2_O)        0.043     9.625 r  handshake_join_0/output_skid/lane_out_skid[4][15]_i_1/O
                         net (fo=2, estimated)        0.195     9.820    handshake_join_0/output_skid/out_ch\\.data_reg[388]_rep__0_1[15]
    SLICE_X28Y116        LUT4 (Prop_lut4_I0_O)        0.043     9.863 r  handshake_join_0/output_skid/lane_out[4][15]_i_1/O
                         net (fo=1, routed)           0.000     9.863    vector_alu_0/lane_out_reg[4][15]_8[15]
    SLICE_X28Y116        FDRE                                         r  vector_alu_0/lane_out_reg[4][15]/D
  -------------------------------------------------------------------    -------------------

                         (clock sys_clk rise edge)    5.000     5.000 r  <hidden>
    AL25                                              0.000     5.000 r  clk
                         net (fo=0)                   0.000     5.000    clk
    AL25                 IBUF (Prop_ibuf_I_O)         0.714     5.714 r  clk_IBUF_inst/O
                         net (fo=1, estimated)        2.257     7.971    clk_IBUF
    BUFGCTRL_X0Y0        BUFG (Prop_bufg_I_O)         0.083     8.054 r  clk_IBUF_BUFG_inst/O
                         net (fo=16647, estimated)    1.385     9.439    vector_alu_0/clk_IBUF_BUFG
    SLICE_X28Y116        FDRE                                         r  vector_alu_0/lane_out_reg[4][15]/C
                         clock pessimism              0.291     9.731    <hidden>
                         clock uncertainty           -0.035     9.695    <hidden>
    SLICE_X28Y116        FDRE (Setup_fdre_C_D)        0.034     9.729    vector_alu_0/lane_out_reg[4][15]
  -------------------------------------------------------------------
                         required time                          9.729    <hidden>
                         arrival time                          -9.863    <hidden>
  -------------------------------------------------------------------
                         slack                                 -0.133    <hidden>

Slack (VIOLATED) :        -0.132ns  (required time - arrival time)
  Source:                 handshake_join_0/output_skid/out_ch\\.data_reg[173]/C
                            (rising edge-triggered cell FDRE clocked by sys_clk  {rise@0.000ns fall@2.500ns period=5.000ns})
  Destination:            vector_alu_0/lane_out_reg[5][13]/D
                            (rising edge-triggered cell FDRE clocked by sys_clk  {rise@0.000ns fall@2.500ns period=5.000ns})
  Path Group:             sys_clk
  Path Type:              Setup (Max at Slow Process Corner)
  Requirement:            5.000ns  (sys_clk rise@5.000ns - sys_clk rise@0.000ns)
  Data Path Delay:        5.088ns  (logic 2.106ns (41.392%)  route 2.982ns (58.608%))
  Logic Levels:           15  (CARRY4=6 LUT2=2 LUT3=2 LUT4=2 LUT6=3)
  Clock Path Skew:        -0.043ns (DCD - SCD + CPR)
    Destination Clock Delay (DCD):    4.434ns = ( 9.434 - 5.000 ) 
    Source Clock Delay      (SCD):    4.769ns
    Clock Pessimism Removal (CPR):    0.291ns
  Clock Uncertainty:      0.035ns  ((TSJ^2 + TIJ^2)^1/2 + DJ) / 2 + PE
    Total System Jitter     (TSJ):    0.071ns
    Total Input Jitter      (TIJ):    0.000ns
    Discrete Jitter          (DJ):    0.000ns
    Phase Error              (PE):    0.000ns

    Location             Delay type                Incr(ns)  Path(ns)    Netlist Resource(s)
  -------------------------------------------------------------------    -------------------
                         (clock sys_clk rise edge)    0.000     0.000 r  <hidden>
    AL25                                              0.000     0.000 r  clk
                         net (fo=0)                   0.000     0.000    clk
    AL25                 IBUF (Prop_ibuf_I_O)         0.790     0.790 r  clk_IBUF_inst/O
                         net (fo=1, estimated)        2.376     3.166    clk_IBUF
    BUFGCTRL_X0Y0        BUFG (Prop_bufg_I_O)         0.093     3.259 r  clk_IBUF_BUFG_inst/O
                         net (fo=16647, estimated)    1.510     4.769    handshake_join_0/output_skid/clk_IBUF_BUFG
    SLICE_X31Y125        FDRE                                         r  handshake_join_0/output_skid/out_ch\\.data_reg[173]/C
  -------------------------------------------------------------------    -------------------
    SLICE_X31Y125        FDRE (Prop_fdre_C_Q)         0.204     4.973 r  handshake_join_0/output_skid/out_ch\\.data_reg[173]/Q
                         net (fo=44, estimated)       0.516     5.489    handshake_join_0/output_skid/Q[33]
    SLICE_X28Y125        LUT6 (Prop_lut6_I0_O)        0.126     5.615 r  handshake_join_0/output_skid/lane_out_skid[5][6]_i_40/O
                         net (fo=2, estimated)        0.349     5.964    handshake_join_0/output_skid/lane_out_skid[5][6]_i_40_n_0
    SLICE_X29Y125        LUT6 (Prop_lut6_I0_O)        0.043     6.007 r  handshake_join_0/output_skid/lane_out_skid[5][6]_i_44/O
                         net (fo=1, routed)           0.000     6.007    handshake_join_0/output_skid/lane_out_skid[5][6]_i_44_n_0
    SLICE_X29Y125        CARRY4 (Prop_carry4_S[3]_CO[3])
                                                      0.193     6.200 r  handshake_join_0/output_skid/lane_out_skid_reg[5][6]_i_34/CO[3]
                         net (fo=1, estimated)        0.000     6.200    handshake_join_0/output_skid/lane_out_skid_reg[5][6]_i_34_n_0
    SLICE_X29Y126        CARRY4 (Prop_carry4_CI_O[1])
                                                      0.166     6.366 r  handshake_join_0/output_skid/lane_out_skid_reg[5][15]_i_71/O[1]
                         net (fo=2, estimated)        0.354     6.720    handshake_join_0/output_skid/lane_out_skid_reg[5][15]_i_71_n_6
    SLICE_X28Y126        LUT3 (Prop_lut3_I2_O)        0.123     6.843 r  handshake_join_0/output_skid/lane_out_skid[5][15]_i_75/O
                         net (fo=1, routed)           0.000     6.843    handshake_join_0/output_skid/lane_out_skid[5][15]_i_75_n_0
    SLICE_X28Y126        CARRY4 (Prop_carry4_S[1]_O[2])
                                                      0.282     7.125 r  handshake_join_0/output_skid/lane_out_skid_reg[5][15]_i_50/O[2]
                         net (fo=2, estimated)        0.298     7.423    handshake_join_0/output_skid/lane_out_skid_reg[5][15]_i_50_n_5
    SLICE_X27Y128        LUT3 (Prop_lut3_I0_O)        0.122     7.545 r  handshake_join_0/output_skid/lane_out_skid[5][15]_i_39/O
                         net (fo=2, estimated)        0.285     7.830    handshake_join_0/output_skid/lane_out_skid[5][15]_i_39_n_0
    SLICE_X29Y128        LUT4 (Prop_lut4_I3_O)        0.043     7.873 r  handshake_join_0/output_skid/lane_out_skid[5][15]_i_43/O
                         net (fo=1, routed)           0.000     7.873    handshake_join_0/output_skid/lane_out_skid[5][15]_i_43_n_0
    SLICE_X29Y128        CARRY4 (Prop_carry4_S[3]_O[3])
                                                      0.116     7.989 r  handshake_join_0/output_skid/lane_out_skid_reg[5][15]_i_15/O[3]
                         net (fo=4, estimated)        0.329     8.318    handshake_join_0/output_skid/lane_out_skid_reg[5][15]_i_15_n_4
    SLICE_X30Y129        LUT2 (Prop_lut2_I1_O)        0.120     8.438 r  handshake_join_0/output_skid/lane_out_skid[5][11]_i_8/O
                         net (fo=1, routed)           0.000     8.438    handshake_join_0/output_skid/lane_out_skid[5][11]_i_8_n_0
    SLICE_X30Y129        CARRY4 (Prop_carry4_S[3]_CO[3])
                                                      0.193     8.631 r  handshake_join_0/output_skid/lane_out_skid_reg[5][11]_i_6/CO[3]
                         net (fo=1, estimated)        0.000     8.631    handshake_join_0/output_skid/lane_out_skid_reg[5][11]_i_6_n_0
    SLICE_X30Y130        CARRY4 (Prop_carry4_CI_O[1])
                                                      0.166     8.797 r  handshake_join_0/output_skid/lane_out_skid_reg[5][15]_i_7/O[1]
                         net (fo=1, estimated)        0.234     9.031    handshake_join_0/output_skid/lane_out_skid_reg[5][15]_i_7_n_6
    SLICE_X31Y130        LUT2 (Prop_lut2_I0_O)        0.123     9.154 r  handshake_join_0/output_skid/lane_out_skid[5][13]_i_3/O
                         net (fo=1, estimated)        0.309     9.463    handshake_join_0/output_skid/lane_out_skid[5][13]_i_3_n_0
    SLICE_X27Y127        LUT6 (Prop_lut6_I2_O)        0.043     9.506 r  handshake_join_0/output_skid/lane_out_skid[5][13]_i_1/O
                         net (fo=2, estimated)        0.308     9.814    handshake_join_0/output_skid/out_ch\\.data_reg[388]_rep__0_2[13]
    SLICE_X26Y127        LUT4 (Prop_lut4_I0_O)        0.043     9.857 r  handshake_join_0/output_skid/lane_out[5][13]_i_1/O
                         net (fo=1, routed)           0.000     9.857    vector_alu_0/lane_out_reg[5][15]_8[13]
    SLICE_X26Y127        FDRE                                         r  vector_alu_0/lane_out_reg[5][13]/D
  -------------------------------------------------------------------    -------------------

                         (clock sys_clk rise edge)    5.000     5.000 r  <hidden>
    AL25                                              0.000     5.000 r  clk
                         net (fo=0)                   0.000     5.000    clk
    AL25                 IBUF (Prop_ibuf_I_O)         0.714     5.714 r  clk_IBUF_inst/O
                         net (fo=1, estimated)        2.257     7.971    clk_IBUF
    BUFGCTRL_X0Y0        BUFG (Prop_bufg_I_O)         0.083     8.054 r  clk_IBUF_BUFG_inst/O
                         net (fo=16647, estimated)    1.380     9.434    vector_alu_0/clk_IBUF_BUFG
    SLICE_X26Y127        FDRE                                         r  vector_alu_0/lane_out_reg[5][13]/C
                         clock pessimism              0.291     9.726    <hidden>
                         clock uncertainty           -0.035     9.690    <hidden>
    SLICE_X26Y127        FDRE (Setup_fdre_C_D)        0.034     9.724    vector_alu_0/lane_out_reg[5][13]
  -------------------------------------------------------------------
                         required time                          9.724    <hidden>
                         arrival time                          -9.857    <hidden>
  -------------------------------------------------------------------
                         slack                                 -0.132    <hidden>

Slack (VIOLATED) :        -0.129ns  (required time - arrival time)
  Source:                 handshake_join_0/output_skid/out_ch\\.data_reg[330]/C
                            (rising edge-triggered cell FDRE clocked by sys_clk  {rise@0.000ns fall@2.500ns period=5.000ns})
  Destination:            vector_alu_0/lane_out_reg[9][12]/D
                            (rising edge-triggered cell FDRE clocked by sys_clk  {rise@0.000ns fall@2.500ns period=5.000ns})
  Path Group:             sys_clk
  Path Type:              Setup (Max at Slow Process Corner)
  Requirement:            5.000ns  (sys_clk rise@5.000ns - sys_clk rise@0.000ns)
  Data Path Delay:        5.112ns  (logic 2.056ns (40.219%)  route 3.056ns (59.781%))
  Logic Levels:           13  (CARRY4=6 LUT2=2 LUT3=1 LUT4=1 LUT6=3)
  Clock Path Skew:        -0.046ns (DCD - SCD + CPR)
    Destination Clock Delay (DCD):    4.303ns = ( 9.303 - 5.000 ) 
    Source Clock Delay      (SCD):    4.641ns
    Clock Pessimism Removal (CPR):    0.291ns
  Clock Uncertainty:      0.035ns  ((TSJ^2 + TIJ^2)^1/2 + DJ) / 2 + PE
    Total System Jitter     (TSJ):    0.071ns
    Total Input Jitter      (TIJ):    0.000ns
    Discrete Jitter          (DJ):    0.000ns
    Phase Error              (PE):    0.000ns

    Location             Delay type                Incr(ns)  Path(ns)    Netlist Resource(s)
  -------------------------------------------------------------------    -------------------
                         (clock sys_clk rise edge)    0.000     0.000 r  <hidden>
    AL25                                              0.000     0.000 r  clk
                         net (fo=0)                   0.000     0.000    clk
    AL25                 IBUF (Prop_ibuf_I_O)         0.790     0.790 r  clk_IBUF_inst/O
                         net (fo=1, estimated)        2.376     3.166    clk_IBUF
    BUFGCTRL_X0Y0        BUFG (Prop_bufg_I_O)         0.093     3.259 r  clk_IBUF_BUFG_inst/O
                         net (fo=16647, estimated)    1.382     4.641    handshake_join_0/output_skid/clk_IBUF_BUFG
    SLICE_X87Y120        FDRE                                         r  handshake_join_0/output_skid/out_ch\\.data_reg[330]/C
  -------------------------------------------------------------------    -------------------
    SLICE_X87Y120        FDRE (Prop_fdre_C_Q)         0.223     4.864 r  handshake_join_0/output_skid/out_ch\\.data_reg[330]/Q
                         net (fo=56, estimated)       0.531     5.395    handshake_join_0/output_skid/handshake_join_0__out_ch__data[330]
    SLICE_X88Y121        LUT6 (Prop_lut6_I0_O)        0.043     5.438 r  handshake_join_0/output_skid/lane_out_skid[9][6]_i_43/O
                         net (fo=2, estimated)        0.247     5.685    handshake_join_0/output_skid/lane_out_skid[9][6]_i_43_n_0
    SLICE_X87Y122        LUT6 (Prop_lut6_I0_O)        0.043     5.728 r  handshake_join_0/output_skid/lane_out_skid[9][6]_i_47/O
                         net (fo=1, routed)           0.000     5.728    handshake_join_0/output_skid/lane_out_skid[9][6]_i_47_n_0
    SLICE_X87Y122        CARRY4 (Prop_carry4_S[0]_CO[3])
                                                      0.259     5.987 r  handshake_join_0/output_skid/lane_out_skid_reg[9][6]_i_34/CO[3]
                         net (fo=1, estimated)        0.000     5.987    handshake_join_0/output_skid/lane_out_skid_reg[9][6]_i_34_n_0
    SLICE_X87Y123        CARRY4 (Prop_carry4_CI_O[0])
                                                      0.111     6.098 r  handshake_join_0/output_skid/lane_out_skid_reg[9][15]_i_73/O[0]
                         net (fo=1, estimated)        0.276     6.374    handshake_join_0/output_skid/lane_out_skid_reg[9][15]_i_73_n_7
    SLICE_X88Y123        CARRY4 (Prop_carry4_S[0]_O[0])
                                                      0.248     6.622 r  handshake_join_0/output_skid/lane_out_skid_reg[9][15]_i_52/O[0]
                         net (fo=2, estimated)        0.342     6.964    handshake_join_0/output_skid/lane_out_skid_reg[9][15]_i_52_n_7
    SLICE_X90Y123        LUT3 (Prop_lut3_I0_O)        0.132     7.096 r  handshake_join_0/output_skid/lane_out_skid[9][15]_i_43/O
                         net (fo=2, estimated)        0.228     7.324    handshake_join_0/output_skid/lane_out_skid[9][15]_i_43_n_0
    SLICE_X90Y123        CARRY4 (Prop_carry4_DI[1]_O[2])
                                                      0.356     7.680 r  handshake_join_0/output_skid/lane_out_skid_reg[9][15]_i_17/O[2]
                         net (fo=4, estimated)        0.444     8.124    handshake_join_0/output_skid/lane_out_skid_reg[9][15]_i_17_n_5
    SLICE_X96Y123        LUT2 (Prop_lut2_I0_O)        0.127     8.251 r  handshake_join_0/output_skid/lane_out_skid[9][11]_i_8/O
                         net (fo=1, routed)           0.000     8.251    handshake_join_0/output_skid/lane_out_skid[9][11]_i_8_n_0
    SLICE_X96Y123        CARRY4 (Prop_carry4_S[3]_CO[3])
                                                      0.193     8.444 r  handshake_join_0/output_skid/lane_out_skid_reg[9][11]_i_6/CO[3]
                         net (fo=1, estimated)        0.000     8.444    handshake_join_0/output_skid/lane_out_skid_reg[9][11]_i_6_n_0
    SLICE_X96Y124        CARRY4 (Prop_carry4_CI_O[0])
                                                      0.111     8.555 r  handshake_join_0/output_skid/lane_out_skid_reg[9][15]_i_8/O[0]
                         net (fo=1, estimated)        0.433     8.988    handshake_join_0/output_skid/lane_out_skid_reg[9][15]_i_8_n_7
    SLICE_X87Y125        LUT2 (Prop_lut2_I0_O)        0.124     9.112 r  handshake_join_0/output_skid/lane_out_skid[9][12]_i_3/O
                         net (fo=1, estimated)        0.246     9.358    handshake_join_0/output_skid/lane_out_skid[9][12]_i_3_n_0
    SLICE_X84Y125        LUT6 (Prop_lut6_I2_O)        0.043     9.401 r  handshake_join_0/output_skid/lane_out_skid[9][12]_i_1/O
                         net (fo=2, estimated)        0.309     9.710    handshake_join_0/output_skid/out_ch\\.data_reg[388]_rep__0_6[12]
    SLICE_X84Y125        LUT4 (Prop_lut4_I0_O)        0.043     9.753 r  handshake_join_0/output_skid/lane_out[9][12]_i_1/O
                         net (fo=1, routed)           0.000     9.753    vector_alu_0/lane_out_reg[9][15]_8[12]
    SLICE_X84Y125        FDRE                                         r  vector_alu_0/lane_out_reg[9][12]/D
  -------------------------------------------------------------------    -------------------

                         (clock sys_clk rise edge)    5.000     5.000 r  <hidden>
    AL25                                              0.000     5.000 r  clk
                         net (fo=0)                   0.000     5.000    clk
    AL25                 IBUF (Prop_ibuf_I_O)         0.714     5.714 r  clk_IBUF_inst/O
                         net (fo=1, estimated)        2.257     7.971    clk_IBUF
    BUFGCTRL_X0Y0        BUFG (Prop_bufg_I_O)         0.083     8.054 r  clk_IBUF_BUFG_inst/O
                         net (fo=16647, estimated)    1.249     9.303    vector_alu_0/clk_IBUF_BUFG
    SLICE_X84Y125        FDRE                                         r  vector_alu_0/lane_out_reg[9][12]/C
                         clock pessimism              0.291     9.595    <hidden>
                         clock uncertainty           -0.035     9.559    <hidden>
    SLICE_X84Y125        FDRE (Setup_fdre_C_D)        0.064     9.623    vector_alu_0/lane_out_reg[9][12]
  -------------------------------------------------------------------
                         required time                          9.623    <hidden>
                         arrival time                          -9.753    <hidden>
  -------------------------------------------------------------------
                         slack                                 -0.129    <hidden>

Slack (VIOLATED) :        -0.128ns  (required time - arrival time)
  Source:                 handshake_join_0/output_skid/out_ch\\.data_reg[354]/C
                            (rising edge-triggered cell FDRE clocked by sys_clk  {rise@0.000ns fall@2.500ns period=5.000ns})
  Destination:            vector_alu_0/lane_out_reg[12][15]/D
                            (rising edge-triggered cell FDRE clocked by sys_clk  {rise@0.000ns fall@2.500ns period=5.000ns})
  Path Group:             sys_clk
  Path Type:              Setup (Max at Slow Process Corner)
  Requirement:            5.000ns  (sys_clk rise@5.000ns - sys_clk rise@0.000ns)
  Data Path Delay:        5.118ns  (logic 2.202ns (43.025%)  route 2.916ns (56.975%))
  Logic Levels:           13  (CARRY4=6 LUT2=2 LUT3=1 LUT4=1 LUT6=3)
  Clock Path Skew:        -0.041ns (DCD - SCD + CPR)
    Destination Clock Delay (DCD):    4.312ns = ( 9.312 - 5.000 ) 
    Source Clock Delay      (SCD):    4.645ns
    Clock Pessimism Removal (CPR):    0.291ns
  Clock Uncertainty:      0.035ns  ((TSJ^2 + TIJ^2)^1/2 + DJ) / 2 + PE
    Total System Jitter     (TSJ):    0.071ns
    Total Input Jitter      (TIJ):    0.000ns
    Discrete Jitter          (DJ):    0.000ns
    Phase Error              (PE):    0.000ns

    Location             Delay type                Incr(ns)  Path(ns)    Netlist Resource(s)
  -------------------------------------------------------------------    -------------------
                         (clock sys_clk rise edge)    0.000     0.000 r  <hidden>
    AL25                                              0.000     0.000 r  clk
                         net (fo=0)                   0.000     0.000    clk
    AL25                 IBUF (Prop_ibuf_I_O)         0.790     0.790 r  clk_IBUF_inst/O
                         net (fo=1, estimated)        2.376     3.166    clk_IBUF
    BUFGCTRL_X0Y0        BUFG (Prop_bufg_I_O)         0.093     3.259 r  clk_IBUF_BUFG_inst/O
                         net (fo=16647, estimated)    1.386     4.645    handshake_join_0/output_skid/clk_IBUF_BUFG
    SLICE_X85Y129        FDRE                                         r  handshake_join_0/output_skid/out_ch\\.data_reg[354]/C
  -------------------------------------------------------------------    -------------------
    SLICE_X85Y129        FDRE (Prop_fdre_C_Q)         0.223     4.868 r  handshake_join_0/output_skid/out_ch\\.data_reg[354]/Q
                         net (fo=46, estimated)       0.525     5.393    handshake_join_0/output_skid/handshake_join_0__out_ch__data[354]
    SLICE_X84Y130        LUT6 (Prop_lut6_I0_O)        0.043     5.436 r  handshake_join_0/output_skid/lane_out_skid[12][6]_i_43/O
                         net (fo=2, estimated)        0.334     5.770    handshake_join_0/output_skid/lane_out_skid[12][6]_i_43_n_0
    SLICE_X83Y132        LUT6 (Prop_lut6_I0_O)        0.043     5.813 r  handshake_join_0/output_skid/lane_out_skid[12][6]_i_47/O
                         net (fo=1, routed)           0.000     5.813    handshake_join_0/output_skid/lane_out_skid[12][6]_i_47_n_0
    SLICE_X83Y132        CARRY4 (Prop_carry4_S[0]_CO[3])
                                                      0.259     6.072 r  handshake_join_0/output_skid/lane_out_skid_reg[12][6]_i_34/CO[3]
                         net (fo=1, estimated)        0.000     6.072    handshake_join_0/output_skid/lane_out_skid_reg[12][6]_i_34_n_0
    SLICE_X83Y133        CARRY4 (Prop_carry4_CI_O[0])
                                                      0.111     6.183 r  handshake_join_0/output_skid/lane_out_skid_reg[12][15]_i_71/O[0]
                         net (fo=1, estimated)        0.283     6.466    handshake_join_0/output_skid/lane_out_skid_reg[12][15]_i_71_n_7
    SLICE_X84Y133        CARRY4 (Prop_carry4_S[0]_O[0])
                                                      0.244     6.710 r  handshake_join_0/output_skid/lane_out_skid_reg[12][15]_i_50/O[0]
                         net (fo=2, estimated)        0.338     7.048    handshake_join_0/output_skid/lane_out_skid_reg[12][15]_i_50_n_7
    SLICE_X82Y133        LUT3 (Prop_lut3_I0_O)        0.131     7.179 r  handshake_join_0/output_skid/lane_out_skid[12][15]_i_41/O
                         net (fo=2, estimated)        0.228     7.407    handshake_join_0/output_skid/lane_out_skid[12][15]_i_41_n_0
    SLICE_X82Y133        CARRY4 (Prop_carry4_DI[1]_CO[3])
                                                      0.344     7.751 r  handshake_join_0/output_skid/lane_out_skid_reg[12][15]_i_15/CO[3]
                         net (fo=1, estimated)        0.000     7.751    handshake_join_0/output_skid/lane_out_skid_reg[12][15]_i_15_n_0
    SLICE_X82Y134        CARRY4 (Prop_carry4_CI_O[1])
                                                      0.165     7.916 r  handshake_join_0/output_skid/lane_out_skid_reg[12][15]_i_10/O[1]
                         net (fo=4, estimated)        0.390     8.306    handshake_join_0/output_skid/lane_out_skid_reg[12][15]_i_10_n_6
    SLICE_X78Y135        LUT2 (Prop_lut2_I1_O)        0.125     8.431 r  handshake_join_0/output_skid/lane_out_skid[12][15]_i_18/O
                         net (fo=1, routed)           0.000     8.431    handshake_join_0/output_skid/lane_out_skid[12][15]_i_18_n_0
    SLICE_X78Y135        CARRY4 (Prop_carry4_S[1]_O[3])
                                                      0.308     8.739 r  handshake_join_0/output_skid/lane_out_skid_reg[12][15]_i_7/O[3]
                         net (fo=1, estimated)        0.232     8.971    handshake_join_0/output_skid/lane_out_skid_reg[12][15]_i_7_n_4
    SLICE_X79Y134        LUT2 (Prop_lut2_I0_O)        0.120     9.091 r  handshake_join_0/output_skid/lane_out_skid[12][15]_i_3/O
                         net (fo=1, estimated)        0.301     9.392    handshake_join_0/output_skid/lane_out_skid[12][15]_i_3_n_0
    SLICE_X79Y132        LUT6 (Prop_lut6_I2_O)        0.043     9.435 r  handshake_join_0/output_skid/lane_out_skid[12][15]_i_1/O
                         net (fo=2, estimated)        0.285     9.720    handshake_join_0/output_skid/out_ch\\.data_reg[388]_rep__0_9[15]
    SLICE_X80Y132        LUT4 (Prop_lut4_I0_O)        0.043     9.763 r  handshake_join_0/output_skid/lane_out[12][15]_i_1/O
                         net (fo=1, routed)           0.000     9.763    vector_alu_0/lane_out_reg[12][15]_8[15]
    SLICE_X80Y132        FDRE                                         r  vector_alu_0/lane_out_reg[12][15]/D
  -------------------------------------------------------------------    -------------------

                         (clock sys_clk rise edge)    5.000     5.000 r  <hidden>
    AL25                                              0.000     5.000 r  clk
                         net (fo=0)                   0.000     5.000    clk
    AL25                 IBUF (Prop_ibuf_I_O)         0.714     5.714 r  clk_IBUF_inst/O
                         net (fo=1, estimated)        2.257     7.971    clk_IBUF
    BUFGCTRL_X0Y0        BUFG (Prop_bufg_I_O)         0.083     8.054 r  clk_IBUF_BUFG_inst/O
                         net (fo=16647, estimated)    1.258     9.312    vector_alu_0/clk_IBUF_BUFG
    SLICE_X80Y132        FDRE                                         r  vector_alu_0/lane_out_reg[12][15]/C
                         clock pessimism              0.291     9.604    <hidden>
                         clock uncertainty           -0.035     9.568    <hidden>
    SLICE_X80Y132        FDRE (Setup_fdre_C_D)        0.066     9.634    vector_alu_0/lane_out_reg[12][15]
  -------------------------------------------------------------------
                         required time                          9.634    <hidden>
                         arrival time                          -9.763    <hidden>
  -------------------------------------------------------------------
                         slack                                 -0.128    <hidden>

Slack (VIOLATED) :        -0.126ns  (required time - arrival time)
  Source:                 handshake_join_0/output_skid/out_ch\\.data_reg[234]/C
                            (rising edge-triggered cell FDRE clocked by sys_clk  {rise@0.000ns fall@2.500ns period=5.000ns})
  Destination:            vector_alu_0/lane_out_reg[13][12]/D
                            (rising edge-triggered cell FDRE clocked by sys_clk  {rise@0.000ns fall@2.500ns period=5.000ns})
  Path Group:             sys_clk
  Path Type:              Setup (Max at Slow Process Corner)
  Requirement:            5.000ns  (sys_clk rise@5.000ns - sys_clk rise@0.000ns)
  Data Path Delay:        5.088ns  (logic 2.073ns (40.743%)  route 3.015ns (59.257%))
  Logic Levels:           13  (CARRY4=6 LUT2=2 LUT3=1 LUT4=1 LUT6=3)
  Clock Path Skew:        -0.037ns (DCD - SCD + CPR)
    Destination Clock Delay (DCD):    4.307ns = ( 9.307 - 5.000 ) 
    Source Clock Delay      (SCD):    4.636ns
    Clock Pessimism Removal (CPR):    0.291ns
  Clock Uncertainty:      0.035ns  ((TSJ^2 + TIJ^2)^1/2 + DJ) / 2 + PE
    Total System Jitter     (TSJ):    0.071ns
    Total Input Jitter      (TIJ):    0.000ns
    Discrete Jitter          (DJ):    0.000ns
    Phase Error              (PE):    0.000ns

    Location             Delay type                Incr(ns)  Path(ns)    Netlist Resource(s)
  -------------------------------------------------------------------    -------------------
                         (clock sys_clk rise edge)    0.000     0.000 r  <hidden>
    AL25                                              0.000     0.000 r  clk
                         net (fo=0)                   0.000     0.000    clk
    AL25                 IBUF (Prop_ibuf_I_O)         0.790     0.790 r  clk_IBUF_inst/O
                         net (fo=1, estimated)        2.376     3.166    clk_IBUF
    BUFGCTRL_X0Y0        BUFG (Prop_bufg_I_O)         0.093     3.259 r  clk_IBUF_BUFG_inst/O
                         net (fo=16647, estimated)    1.377     4.636    handshake_join_0/output_skid/clk_IBUF_BUFG
    SLICE_X87Y126        FDRE                                         r  handshake_join_0/output_skid/out_ch\\.data_reg[234]/C
  -------------------------------------------------------------------    -------------------
    SLICE_X87Y126        FDRE (Prop_fdre_C_Q)         0.223     4.859 r  handshake_join_0/output_skid/out_ch\\.data_reg[234]/Q
                         net (fo=37, estimated)       0.567     5.426    handshake_join_0/output_skid/handshake_join_0__out_ch__data[234]
    SLICE_X88Y128        LUT6 (Prop_lut6_I3_O)        0.043     5.469 r  handshake_join_0/output_skid/lane_out_skid[13][6]_i_43/O
                         net (fo=2, estimated)        0.346     5.815    handshake_join_0/output_skid/lane_out_skid[13][6]_i_43_n_0
    SLICE_X87Y128        LUT6 (Prop_lut6_I0_O)        0.043     5.858 r  handshake_join_0/output_skid/lane_out_skid[13][6]_i_47/O
                         net (fo=1, routed)           0.000     5.858    handshake_join_0/output_skid/lane_out_skid[13][6]_i_47_n_0
    SLICE_X87Y128        CARRY4 (Prop_carry4_S[0]_CO[3])
                                                      0.259     6.117 r  handshake_join_0/output_skid/lane_out_skid_reg[13][6]_i_34/CO[3]
                         net (fo=1, estimated)        0.000     6.117    handshake_join_0/output_skid/lane_out_skid_reg[13][6]_i_34_n_0
    SLICE_X87Y129        CARRY4 (Prop_carry4_CI_O[0])
                                                      0.111     6.228 r  handshake_join_0/output_skid/lane_out_skid_reg[13][15]_i_71/O[0]
                         net (fo=1, estimated)        0.363     6.591    handshake_join_0/output_skid/lane_out_skid_reg[13][15]_i_71_n_7
    SLICE_X86Y132        CARRY4 (Prop_carry4_S[0]_O[0])
                                                      0.244     6.835 r  handshake_join_0/output_skid/lane_out_skid_reg[13][15]_i_50/O[0]
                         net (fo=2, estimated)        0.410     7.245    handshake_join_0/output_skid/lane_out_skid_reg[13][15]_i_50_n_7
    SLICE_X87Y131        LUT3 (Prop_lut3_I0_O)        0.132     7.377 r  handshake_join_0/output_skid/lane_out_skid[13][15]_i_41/O
                         net (fo=2, estimated)        0.229     7.606    handshake_join_0/output_skid/lane_out_skid[13][15]_i_41_n_0
    SLICE_X87Y131        CARRY4 (Prop_carry4_DI[1]_O[3])
                                                      0.384     7.990 r  handshake_join_0/output_skid/lane_out_skid_reg[13][15]_i_15/O[3]
                         net (fo=4, estimated)        0.329     8.319    handshake_join_0/output_skid/lane_out_skid_reg[13][15]_i_15_n_4
    SLICE_X88Y132        LUT2 (Prop_lut2_I1_O)        0.120     8.439 r  handshake_join_0/output_skid/lane_out_skid[13][11]_i_8/O
                         net (fo=1, routed)           0.000     8.439    handshake_join_0/output_skid/lane_out_skid[13][11]_i_8_n_0
    SLICE_X88Y132        CARRY4 (Prop_carry4_S[3]_CO[3])
                                                      0.193     8.632 r  handshake_join_0/output_skid/lane_out_skid_reg[13][11]_i_6/CO[3]
                         net (fo=1, estimated)        0.000     8.632    handshake_join_0/output_skid/lane_out_skid_reg[13][11]_i_6_n_0
    SLICE_X88Y133        CARRY4 (Prop_carry4_CI_O[0])
                                                      0.111     8.743 r  handshake_join_0/output_skid/lane_out_skid_reg[13][15]_i_7/O[0]
                         net (fo=1, estimated)        0.254     8.997    handshake_join_0/output_skid/lane_out_skid_reg[13][15]_i_7_n_7
    SLICE_X90Y133        LUT2 (Prop_lut2_I0_O)        0.124     9.121 r  handshake_join_0/output_skid/lane_out_skid[13][12]_i_3/O
                         net (fo=1, estimated)        0.214     9.335    handshake_join_0/output_skid/lane_out_skid[13][12]_i_3_n_0
    SLICE_X90Y133        LUT6 (Prop_lut6_I2_O)        0.043     9.378 r  handshake_join_0/output_skid/lane_out_skid[13][12]_i_1/O
                         net (fo=2, estimated)        0.303     9.681    handshake_join_0/output_skid/out_ch\\.data_reg[388]_rep__0_10[12]
    SLICE_X91Y133        LUT4 (Prop_lut4_I0_O)        0.043     9.724 r  handshake_join_0/output_skid/lane_out[13][12]_i_1/O
                         net (fo=1, routed)           0.000     9.724    vector_alu_0/lane_out_reg[13][15]_8[12]
    SLICE_X91Y133        FDRE                                         r  vector_alu_0/lane_out_reg[13][12]/D
  -------------------------------------------------------------------    -------------------

                         (clock sys_clk rise edge)    5.000     5.000 r  <hidden>
    AL25                                              0.000     5.000 r  clk
                         net (fo=0)                   0.000     5.000    clk
    AL25                 IBUF (Prop_ibuf_I_O)         0.714     5.714 r  clk_IBUF_inst/O
                         net (fo=1, estimated)        2.257     7.971    clk_IBUF
    BUFGCTRL_X0Y0        BUFG (Prop_bufg_I_O)         0.083     8.054 r  clk_IBUF_BUFG_inst/O
                         net (fo=16647, estimated)    1.253     9.307    vector_alu_0/clk_IBUF_BUFG
    SLICE_X91Y133        FDRE                                         r  vector_alu_0/lane_out_reg[13][12]/C
                         clock pessimism              0.291     9.599    <hidden>
                         clock uncertainty           -0.035     9.563    <hidden>
    SLICE_X91Y133        FDRE (Setup_fdre_C_D)        0.034     9.597    vector_alu_0/lane_out_reg[13][12]
  -------------------------------------------------------------------
                         required time                          9.597    <hidden>
                         arrival time                          -9.724    <hidden>
  -------------------------------------------------------------------
                         slack                                 -0.126    <hidden>

Slack (VIOLATED) :        -0.122ns  (required time - arrival time)
  Source:                 handshake_join_0/output_skid/out_ch\\.data_reg[322]/C
                            (rising edge-triggered cell FDRE clocked by sys_clk  {rise@0.000ns fall@2.500ns period=5.000ns})
  Destination:            vector_alu_0/lane_out_reg[8][15]/D
                            (rising edge-triggered cell FDRE clocked by sys_clk  {rise@0.000ns fall@2.500ns period=5.000ns})
  Path Group:             sys_clk
  Path Type:              Setup (Max at Slow Process Corner)
  Requirement:            5.000ns  (sys_clk rise@5.000ns - sys_clk rise@0.000ns)
  Data Path Delay:        5.102ns  (logic 2.133ns (41.807%)  route 2.969ns (58.193%))
  Logic Levels:           13  (CARRY4=6 LUT2=2 LUT3=1 LUT4=1 LUT6=3)
  Clock Path Skew:        -0.050ns (DCD - SCD + CPR)
    Destination Clock Delay (DCD):    4.371ns = ( 9.371 - 5.000 ) 
    Source Clock Delay      (SCD):    4.713ns
    Clock Pessimism Removal (CPR):    0.291ns
  Clock Uncertainty:      0.035ns  ((TSJ^2 + TIJ^2)^1/2 + DJ) / 2 + PE
    Total System Jitter     (TSJ):    0.071ns
    Total Input Jitter      (TIJ):    0.000ns
    Discrete Jitter          (DJ):    0.000ns
    Phase Error              (PE):    0.000ns

    Location             Delay type                Incr(ns)  Path(ns)    Netlist Resource(s)
  -------------------------------------------------------------------    -------------------
                         (clock sys_clk rise edge)    0.000     0.000 r  <hidden>
    AL25                                              0.000     0.000 r  clk
                         net (fo=0)                   0.000     0.000    clk
    AL25                 IBUF (Prop_ibuf_I_O)         0.790     0.790 r  clk_IBUF_inst/O
                         net (fo=1, estimated)        2.376     3.166    clk_IBUF
    BUFGCTRL_X0Y0        BUFG (Prop_bufg_I_O)         0.093     3.259 r  clk_IBUF_BUFG_inst/O
                         net (fo=16647, estimated)    1.454     4.713    handshake_join_0/output_skid/clk_IBUF_BUFG
    SLICE_X39Y121        FDRE                                         r  handshake_join_0/output_skid/out_ch\\.data_reg[322]/C
  -------------------------------------------------------------------    -------------------
    SLICE_X39Y121        FDRE (Prop_fdre_C_Q)         0.223     4.936 r  handshake_join_0/output_skid/out_ch\\.data_reg[322]/Q
                         net (fo=56, estimated)       0.530     5.466    handshake_join_0/output_skid/handshake_join_0__out_ch__data[322]
    SLICE_X39Y121        LUT6 (Prop_lut6_I0_O)        0.043     5.509 r  handshake_join_0/output_skid/lane_out_skid[8][6]_i_43/O
                         net (fo=2, estimated)        0.360     5.869    handshake_join_0/output_skid/lane_out_skid[8][6]_i_43_n_0
    SLICE_X38Y121        LUT6 (Prop_lut6_I0_O)        0.043     5.912 r  handshake_join_0/output_skid/lane_out_skid[8][6]_i_47/O
                         net (fo=1, routed)           0.000     5.912    handshake_join_0/output_skid/lane_out_skid[8][6]_i_47_n_0
    SLICE_X38Y121        CARRY4 (Prop_carry4_S[0]_CO[3])
                                                      0.246     6.158 r  handshake_join_0/output_skid/lane_out_skid_reg[8][6]_i_34/CO[3]
                         net (fo=1, estimated)        0.000     6.158    handshake_join_0/output_skid/lane_out_skid_reg[8][6]_i_34_n_0
    SLICE_X38Y122        CARRY4 (Prop_carry4_CI_O[1])
                                                      0.165     6.323 r  handshake_join_0/output_skid/lane_out_skid_reg[8][15]_i_71/O[1]
                         net (fo=2, estimated)        0.367     6.690    handshake_join_0/output_skid/lane_out_skid_reg[8][15]_i_71_n_6
    SLICE_X38Y125        CARRY4 (Prop_carry4_DI[1]_O[2])
                                                      0.347     7.037 r  handshake_join_0/output_skid/lane_out_skid_reg[8][15]_i_50/O[2]
                         net (fo=2, estimated)        0.252     7.289    handshake_join_0/output_skid/lane_out_skid_reg[8][15]_i_50_n_5
    SLICE_X38Y124        LUT3 (Prop_lut3_I0_O)        0.127     7.416 r  handshake_join_0/output_skid/lane_out_skid[8][15]_i_39/O
                         net (fo=2, estimated)        0.285     7.701    handshake_join_0/output_skid/lane_out_skid[8][15]_i_39_n_0
    SLICE_X39Y125        CARRY4 (Prop_carry4_DI[3]_CO[3])
                                                      0.190     7.891 r  handshake_join_0/output_skid/lane_out_skid_reg[8][15]_i_15/CO[3]
                         net (fo=1, estimated)        0.000     7.891    handshake_join_0/output_skid/lane_out_skid_reg[8][15]_i_15_n_0
    SLICE_X39Y126        CARRY4 (Prop_carry4_CI_O[0])
                                                      0.111     8.002 r  handshake_join_0/output_skid/lane_out_skid_reg[8][15]_i_10/O[0]
                         net (fo=4, estimated)        0.389     8.391    handshake_join_0/output_skid/lane_out_skid_reg[8][15]_i_10_n_7
    SLICE_X40Y125        LUT2 (Prop_lut2_I0_O)        0.124     8.515 r  handshake_join_0/output_skid/lane_out_skid[8][15]_i_18/O
                         net (fo=1, routed)           0.000     8.515    handshake_join_0/output_skid/lane_out_skid[8][15]_i_18_n_0
    SLICE_X40Y125        CARRY4 (Prop_carry4_S[1]_O[3])
                                                      0.308     8.823 r  handshake_join_0/output_skid/lane_out_skid_reg[8][15]_i_7/O[3]
                         net (fo=1, estimated)        0.319     9.142    handshake_join_0/output_skid/lane_out_skid_reg[8][15]_i_7_n_4
    SLICE_X43Y124        LUT2 (Prop_lut2_I0_O)        0.120     9.262 r  handshake_join_0/output_skid/lane_out_skid[8][15]_i_3/O
                         net (fo=1, estimated)        0.181     9.443    handshake_join_0/output_skid/lane_out_skid[8][15]_i_3_n_0
    SLICE_X43Y124        LUT6 (Prop_lut6_I2_O)        0.043     9.486 r  handshake_join_0/output_skid/lane_out_skid[8][15]_i_1/O
                         net (fo=2, estimated)        0.286     9.772    handshake_join_0/output_skid/out_ch\\.data_reg[388]_rep__0_5[15]
    SLICE_X44Y124        LUT4 (Prop_lut4_I0_O)        0.043     9.815 r  handshake_join_0/output_skid/lane_out[8][15]_i_1/O
                         net (fo=1, routed)           0.000     9.815    vector_alu_0/lane_out_reg[8][15]_8[15]
    SLICE_X44Y124        FDRE                                         r  vector_alu_0/lane_out_reg[8][15]/D
  -------------------------------------------------------------------    -------------------

                         (clock sys_clk rise edge)    5.000     5.000 r  <hidden>
    AL25                                              0.000     5.000 r  clk
                         net (fo=0)                   0.000     5.000    clk
    AL25                 IBUF (Prop_ibuf_I_O)         0.714     5.714 r  clk_IBUF_inst/O
                         net (fo=1, estimated)        2.257     7.971    clk_IBUF
    BUFGCTRL_X0Y0        BUFG (Prop_bufg_I_O)         0.083     8.054 r  clk_IBUF_BUFG_inst/O
                         net (fo=16647, estimated)    1.317     9.371    vector_alu_0/clk_IBUF_BUFG
    SLICE_X44Y124        FDRE                                         r  vector_alu_0/lane_out_reg[8][15]/C
                         clock pessimism              0.291     9.663    <hidden>
                         clock uncertainty           -0.035     9.627    <hidden>
    SLICE_X44Y124        FDRE (Setup_fdre_C_D)        0.065     9.692    vector_alu_0/lane_out_reg[8][15]
  -------------------------------------------------------------------
                         required time                          9.692    <hidden>
                         arrival time                          -9.815    <hidden>
  -------------------------------------------------------------------
                         slack                                 -0.122    <hidden>

Slack (VIOLATED) :        -0.120ns  (required time - arrival time)
  Source:                 handshake_join_0/output_skid/out_ch\\.data_reg[141]/C
                            (rising edge-triggered cell FDRE clocked by sys_clk  {rise@0.000ns fall@2.500ns period=5.000ns})
  Destination:            vector_alu_0/lane_out_skid_reg[1][15]/D
                            (rising edge-triggered cell FDRE clocked by sys_clk  {rise@0.000ns fall@2.500ns period=5.000ns})
  Path Group:             sys_clk
  Path Type:              Setup (Max at Slow Process Corner)
  Requirement:            5.000ns  (sys_clk rise@5.000ns - sys_clk rise@0.000ns)
  Data Path Delay:        5.006ns  (logic 2.165ns (43.248%)  route 2.841ns (56.752%))
  Logic Levels:           12  (CARRY4=6 LUT2=2 LUT3=1 LUT6=3)
  Clock Path Skew:        -0.057ns (DCD - SCD + CPR)
    Destination Clock Delay (DCD):    4.440ns = ( 9.440 - 5.000 ) 
    Source Clock Delay      (SCD):    4.789ns
    Clock Pessimism Removal (CPR):    0.291ns
  Clock Uncertainty:      0.035ns  ((TSJ^2 + TIJ^2)^1/2 + DJ) / 2 + PE
    Total System Jitter     (TSJ):    0.071ns
    Total Input Jitter      (TIJ):    0.000ns
    Discrete Jitter          (DJ):    0.000ns
    Phase Error              (PE):    0.000ns

    Location             Delay type                Incr(ns)  Path(ns)    Netlist Resource(s)
  -------------------------------------------------------------------    -------------------
                         (clock sys_clk rise edge)    0.000     0.000 r  <hidden>
    AL25                                              0.000     0.000 r  clk
                         net (fo=0)                   0.000     0.000    clk
    AL25                 IBUF (Prop_ibuf_I_O)         0.790     0.790 r  clk_IBUF_inst/O
                         net (fo=1, estimated)        2.376     3.166    clk_IBUF
    BUFGCTRL_X0Y0        BUFG (Prop_bufg_I_O)         0.093     3.259 r  clk_IBUF_BUFG_inst/O
                         net (fo=16647, estimated)    1.530     4.789    handshake_join_0/output_skid/clk_IBUF_BUFG
    SLICE_X27Y109        FDRE                                         r  handshake_join_0/output_skid/out_ch\\.data_reg[141]/C
  -------------------------------------------------------------------    -------------------
    SLICE_X27Y109        FDRE (Prop_fdre_C_Q)         0.204     4.993 r  handshake_join_0/output_skid/out_ch\\.data_reg[141]/Q
                         net (fo=44, estimated)       0.607     5.600    handshake_join_0/output_skid/Q[9]
    SLICE_X27Y108        LUT6 (Prop_lut6_I0_O)        0.126     5.726 r  handshake_join_0/output_skid/lane_out_skid[1][6]_i_40/O
                         net (fo=2, estimated)        0.338     6.064    handshake_join_0/output_skid/lane_out_skid[1][6]_i_40_n_0
    SLICE_X29Y110        LUT6 (Prop_lut6_I0_O)        0.043     6.107 r  handshake_join_0/output_skid/lane_out_skid[1][6]_i_44/O
                         net (fo=1, routed)           0.000     6.107    handshake_join_0/output_skid/lane_out_skid[1][6]_i_44_n_0
    SLICE_X29Y110        CARRY4 (Prop_carry4_S[3]_CO[3])
                                                      0.193     6.300 r  handshake_join_0/output_skid/lane_out_skid_reg[1][6]_i_34/CO[3]
                         net (fo=1, estimated)        0.000     6.300    handshake_join_0/output_skid/lane_out_skid_reg[1][6]_i_34_n_0
    SLICE_X29Y111        CARRY4 (Prop_carry4_CI_O[0])
                                                      0.111     6.411 r  handshake_join_0/output_skid/lane_out_skid_reg[1][15]_i_71/O[0]
                         net (fo=1, estimated)        0.272     6.683    handshake_join_0/output_skid/lane_out_skid_reg[1][15]_i_71_n_7
    SLICE_X31Y111        CARRY4 (Prop_carry4_S[0]_O[0])
                                                      0.248     6.931 r  handshake_join_0/output_skid/lane_out_skid_reg[1][15]_i_50/O[0]
                         net (fo=2, estimated)        0.405     7.336    handshake_join_0/output_skid/lane_out_skid_reg[1][15]_i_50_n_7
    SLICE_X27Y111        LUT3 (Prop_lut3_I0_O)        0.133     7.469 r  handshake_join_0/output_skid/lane_out_skid[1][15]_i_41/O
                         net (fo=2, estimated)        0.229     7.698    handshake_join_0/output_skid/lane_out_skid[1][15]_i_41_n_0
    SLICE_X27Y111        CARRY4 (Prop_carry4_DI[1]_CO[3])
                                                      0.343     8.041 r  handshake_join_0/output_skid/lane_out_skid_reg[1][15]_i_15/CO[3]
                         net (fo=1, estimated)        0.000     8.041    handshake_join_0/output_skid/lane_out_skid_reg[1][15]_i_15_n_0
    SLICE_X27Y112        CARRY4 (Prop_carry4_CI_O[1])
                                                      0.166     8.207 r  handshake_join_0/output_skid/lane_out_skid_reg[1][15]_i_10/O[1]
                         net (fo=4, estimated)        0.332     8.539    handshake_join_0/output_skid/lane_out_skid_reg[1][15]_i_10_n_6
    SLICE_X30Y112        LUT2 (Prop_lut2_I1_O)        0.123     8.662 r  handshake_join_0/output_skid/lane_out_skid[1][15]_i_18/O
                         net (fo=1, routed)           0.000     8.662    handshake_join_0/output_skid/lane_out_skid[1][15]_i_18_n_0
    SLICE_X30Y112        CARRY4 (Prop_carry4_S[1]_O[3])
                                                      0.312     8.974 r  handshake_join_0/output_skid/lane_out_skid_reg[1][15]_i_7/O[3]
                         net (fo=1, estimated)        0.331     9.305    handshake_join_0/output_skid/lane_out_skid_reg[1][15]_i_7_n_4
    SLICE_X31Y115        LUT2 (Prop_lut2_I0_O)        0.120     9.425 r  handshake_join_0/output_skid/lane_out_skid[1][15]_i_3/O
                         net (fo=1, estimated)        0.096     9.521    handshake_join_0/output_skid/lane_out_skid[1][15]_i_3_n_0
    SLICE_X31Y115        LUT6 (Prop_lut6_I2_O)        0.043     9.564 r  handshake_join_0/output_skid/lane_out_skid[1][15]_i_1/O
                         net (fo=2, estimated)        0.231     9.795    vector_alu_0/lane_out_skid_reg[1][15]_1[15]
    SLICE_X30Y115        FDRE                                         r  vector_alu_0/lane_out_skid_reg[1][15]/D
  -------------------------------------------------------------------    -------------------

                         (clock sys_clk rise edge)    5.000     5.000 r  <hidden>
    AL25                                              0.000     5.000 r  clk
                         net (fo=0)                   0.000     5.000    clk
    AL25                 IBUF (Prop_ibuf_I_O)         0.714     5.714 r  clk_IBUF_inst/O
                         net (fo=1, estimated)        2.257     7.971    clk_IBUF
    BUFGCTRL_X0Y0        BUFG (Prop_bufg_I_O)         0.083     8.054 r  clk_IBUF_BUFG_inst/O
                         net (fo=16647, estimated)    1.386     9.440    vector_alu_0/clk_IBUF_BUFG
    SLICE_X30Y115        FDRE                                         r  vector_alu_0/lane_out_skid_reg[1][15]/C
                         clock pessimism              0.291     9.732    <hidden>
                         clock uncertainty           -0.035     9.696    <hidden>
    SLICE_X30Y115        FDRE (Setup_fdre_C_D)       -0.022     9.674    vector_alu_0/lane_out_skid_reg[1][15]
  -------------------------------------------------------------------
                         required time                          9.674    <hidden>
                         arrival time                          -9.795    <hidden>
  -------------------------------------------------------------------
                         slack                                 -0.120    <hidden>





Min Delay Paths
--------------------------------------------------------------------------------------
Slack (VIOLATED) :        -0.184ns  (arrival time - required time)
  Source:                 scratchpad_c/port_b/write_data_reg[123]/C
                            (rising edge-triggered cell FDRE clocked by sys_clk  {rise@0.000ns fall@2.500ns period=5.000ns})
  Destination:            scratchpad_c/bram_dp_dut/data_reg_3/DIADI[15]
                            (rising edge-triggered cell RAMB36E1 clocked by sys_clk  {rise@0.000ns fall@2.500ns period=5.000ns})
  Path Group:             sys_clk
  Path Type:              Hold (Min at Fast Process Corner)
  Requirement:            0.000ns  (sys_clk rise@0.000ns - sys_clk rise@0.000ns)
  Data Path Delay:        0.268ns  (logic 0.100ns (37.298%)  route 0.168ns (62.702%))
  Logic Levels:           0  
  Clock Path Skew:        0.298ns (DCD - SCD - CPR)
    Destination Clock Delay (DCD):    2.569ns
    Source Clock Delay      (SCD):    1.929ns
    Clock Pessimism Removal (CPR):    0.342ns

    Location             Delay type                Incr(ns)  Path(ns)    Netlist Resource(s)
  -------------------------------------------------------------------    -------------------
                         (clock sys_clk rise edge)    0.000     0.000 r  <hidden>
    AL25                                              0.000     0.000 r  clk
                         net (fo=0)                   0.000     0.000    clk
    AL25                 IBUF (Prop_ibuf_I_O)         0.131     0.131 r  clk_IBUF_inst/O
                         net (fo=1, estimated)        1.178     1.309    clk_IBUF
    BUFGCTRL_X0Y0        BUFG (Prop_bufg_I_O)         0.026     1.335 r  clk_IBUF_BUFG_inst/O
                         net (fo=16647, estimated)    0.594     1.929    scratchpad_c/port_b/clk_IBUF_BUFG
    SLICE_X88Y101        FDRE                                         r  scratchpad_c/port_b/write_data_reg[123]/C
  -------------------------------------------------------------------    -------------------
    SLICE_X88Y101        FDRE (Prop_fdre_C_Q)         0.100     2.029 r  scratchpad_c/port_b/write_data_reg[123]/Q
                         net (fo=1, estimated)        0.168     2.198    scratchpad_c/bram_dp_dut/write_data[123]
    RAMB36_X5Y19         RAMB36E1                                     r  scratchpad_c/bram_dp_dut/data_reg_3/DIADI[15]
  -------------------------------------------------------------------    -------------------

                         (clock sys_clk rise edge)    0.000     0.000 r  <hidden>
    AL25                                              0.000     0.000 r  clk
                         net (fo=0)                   0.000     0.000    clk
    AL25                 IBUF (Prop_ibuf_I_O)         0.380     0.380 r  clk_IBUF_inst/O
                         net (fo=1, estimated)        1.240     1.620    clk_IBUF
    BUFGCTRL_X0Y0        BUFG (Prop_bufg_I_O)         0.030     1.650 r  clk_IBUF_BUFG_inst/O
                         net (fo=16647, estimated)    0.920     2.569    scratchpad_c/bram_dp_dut/clk_IBUF_BUFG
    RAMB36_X5Y19         RAMB36E1                                     r  scratchpad_c/bram_dp_dut/data_reg_3/CLKARDCLK
                         clock pessimism             -0.342     2.227    <hidden>
    RAMB36_X5Y19         RAMB36E1 (Hold_ramb36e1_CLKARDCLK_DIADI[15])
                                                      0.155     2.382    scratchpad_c/bram_dp_dut/data_reg_3
  -------------------------------------------------------------------
                         required time                         -2.382    <hidden>
                         arrival time                           2.198    <hidden>
  -------------------------------------------------------------------
                         slack                                 -0.184    <hidden>

Slack (VIOLATED) :        -0.151ns  (arrival time - required time)
  Source:                 scratchpad_c/port_b/write_data_reg[119]/C
                            (rising edge-triggered cell FDRE clocked by sys_clk  {rise@0.000ns fall@2.500ns period=5.000ns})
  Destination:            scratchpad_c/bram_dp_dut/data_reg_3/DIADI[11]
                            (rising edge-triggered cell RAMB36E1 clocked by sys_clk  {rise@0.000ns fall@2.500ns period=5.000ns})
  Path Group:             sys_clk
  Path Type:              Hold (Min at Fast Process Corner)
  Requirement:            0.000ns  (sys_clk rise@0.000ns - sys_clk rise@0.000ns)
  Data Path Delay:        0.302ns  (logic 0.100ns (33.131%)  route 0.202ns (66.869%))
  Logic Levels:           0  
  Clock Path Skew:        0.298ns (DCD - SCD - CPR)
    Destination Clock Delay (DCD):    2.569ns
    Source Clock Delay      (SCD):    1.929ns
    Clock Pessimism Removal (CPR):    0.342ns

    Location             Delay type                Incr(ns)  Path(ns)    Netlist Resource(s)
  -------------------------------------------------------------------    -------------------
                         (clock sys_clk rise edge)    0.000     0.000 r  <hidden>
    AL25                                              0.000     0.000 r  clk
                         net (fo=0)                   0.000     0.000    clk
    AL25                 IBUF (Prop_ibuf_I_O)         0.131     0.131 r  clk_IBUF_inst/O
                         net (fo=1, estimated)        1.178     1.309    clk_IBUF
    BUFGCTRL_X0Y0        BUFG (Prop_bufg_I_O)         0.026     1.335 r  clk_IBUF_BUFG_inst/O
                         net (fo=16647, estimated)    0.594     1.929    scratchpad_c/port_b/clk_IBUF_BUFG
    SLICE_X88Y101        FDRE                                         r  scratchpad_c/port_b/write_data_reg[119]/C
  -------------------------------------------------------------------    -------------------
    SLICE_X88Y101        FDRE (Prop_fdre_C_Q)         0.100     2.029 r  scratchpad_c/port_b/write_data_reg[119]/Q
                         net (fo=1, estimated)        0.202     2.231    scratchpad_c/bram_dp_dut/write_data[119]
    RAMB36_X5Y19         RAMB36E1                                     r  scratchpad_c/bram_dp_dut/data_reg_3/DIADI[11]
  -------------------------------------------------------------------    -------------------

                         (clock sys_clk rise edge)    0.000     0.000 r  <hidden>
    AL25                                              0.000     0.000 r  clk
                         net (fo=0)                   0.000     0.000    clk
    AL25                 IBUF (Prop_ibuf_I_O)         0.380     0.380 r  clk_IBUF_inst/O
                         net (fo=1, estimated)        1.240     1.620    clk_IBUF
    BUFGCTRL_X0Y0        BUFG (Prop_bufg_I_O)         0.030     1.650 r  clk_IBUF_BUFG_inst/O
                         net (fo=16647, estimated)    0.920     2.569    scratchpad_c/bram_dp_dut/clk_IBUF_BUFG
    RAMB36_X5Y19         RAMB36E1                                     r  scratchpad_c/bram_dp_dut/data_reg_3/CLKARDCLK
                         clock pessimism             -0.342     2.227    <hidden>
    RAMB36_X5Y19         RAMB36E1 (Hold_ramb36e1_CLKARDCLK_DIADI[11])
                                                      0.155     2.382    scratchpad_c/bram_dp_dut/data_reg_3
  -------------------------------------------------------------------
                         required time                         -2.382    <hidden>
                         arrival time                           2.231    <hidden>
  -------------------------------------------------------------------
                         slack                                 -0.151    <hidden>

Slack (VIOLATED) :        -0.144ns  (arrival time - required time)
  Source:                 scratchpad_c/port_b/write_data_reg[121]/C
                            (rising edge-triggered cell FDRE clocked by sys_clk  {rise@0.000ns fall@2.500ns period=5.000ns})
  Destination:            scratchpad_c/bram_dp_dut/data_reg_3/DIADI[13]
                            (rising edge-triggered cell RAMB36E1 clocked by sys_clk  {rise@0.000ns fall@2.500ns period=5.000ns})
  Path Group:             sys_clk
  Path Type:              Hold (Min at Fast Process Corner)
  Requirement:            0.000ns  (sys_clk rise@0.000ns - sys_clk rise@0.000ns)
  Data Path Delay:        0.309ns  (logic 0.118ns (38.136%)  route 0.191ns (61.864%))
  Logic Levels:           0  
  Clock Path Skew:        0.299ns (DCD - SCD - CPR)
    Destination Clock Delay (DCD):    2.569ns
    Source Clock Delay      (SCD):    1.928ns
    Clock Pessimism Removal (CPR):    0.342ns

    Location             Delay type                Incr(ns)  Path(ns)    Netlist Resource(s)
  -------------------------------------------------------------------    -------------------
                         (clock sys_clk rise edge)    0.000     0.000 r  <hidden>
    AL25                                              0.000     0.000 r  clk
                         net (fo=0)                   0.000     0.000    clk
    AL25                 IBUF (Prop_ibuf_I_O)         0.131     0.131 r  clk_IBUF_inst/O
                         net (fo=1, estimated)        1.178     1.309    clk_IBUF
    BUFGCTRL_X0Y0        BUFG (Prop_bufg_I_O)         0.026     1.335 r  clk_IBUF_BUFG_inst/O
                         net (fo=16647, estimated)    0.593     1.928    scratchpad_c/port_b/clk_IBUF_BUFG
    SLICE_X86Y104        FDRE                                         r  scratchpad_c/port_b/write_data_reg[121]/C
  -------------------------------------------------------------------    -------------------
    SLICE_X86Y104        FDRE (Prop_fdre_C_Q)         0.118     2.046 r  scratchpad_c/port_b/write_data_reg[121]/Q
                         net (fo=1, estimated)        0.191     2.238    scratchpad_c/bram_dp_dut/write_data[121]
    RAMB36_X5Y19         RAMB36E1                                     r  scratchpad_c/bram_dp_dut/data_reg_3/DIADI[13]
  -------------------------------------------------------------------    -------------------

                         (clock sys_clk rise edge)    0.000     0.000 r  <hidden>
    AL25                                              0.000     0.000 r  clk
                         net (fo=0)                   0.000     0.000    clk
    AL25                 IBUF (Prop_ibuf_I_O)         0.380     0.380 r  clk_IBUF_inst/O
                         net (fo=1, estimated)        1.240     1.620    clk_IBUF
    BUFGCTRL_X0Y0        BUFG (Prop_bufg_I_O)         0.030     1.650 r  clk_IBUF_BUFG_inst/O
                         net (fo=16647, estimated)    0.920     2.569    scratchpad_c/bram_dp_dut/clk_IBUF_BUFG
    RAMB36_X5Y19         RAMB36E1                                     r  scratchpad_c/bram_dp_dut/data_reg_3/CLKARDCLK
                         clock pessimism             -0.342     2.227    <hidden>
    RAMB36_X5Y19         RAMB36E1 (Hold_ramb36e1_CLKARDCLK_DIADI[13])
                                                      0.155     2.382    scratchpad_c/bram_dp_dut/data_reg_3
  -------------------------------------------------------------------
                         required time                         -2.382    <hidden>
                         arrival time                           2.238    <hidden>
  -------------------------------------------------------------------
                         slack                                 -0.144    <hidden>

Slack (VIOLATED) :        -0.125ns  (arrival time - required time)
  Source:                 scratchpad_c/port_b/write_data_reg[113]/C
                            (rising edge-triggered cell FDRE clocked by sys_clk  {rise@0.000ns fall@2.500ns period=5.000ns})
  Destination:            scratchpad_c/bram_dp_dut/data_reg_3/DIADI[5]
                            (rising edge-triggered cell RAMB36E1 clocked by sys_clk  {rise@0.000ns fall@2.500ns period=5.000ns})
  Path Group:             sys_clk
  Path Type:              Hold (Min at Fast Process Corner)
  Requirement:            0.000ns  (sys_clk rise@0.000ns - sys_clk rise@0.000ns)
  Data Path Delay:        0.324ns  (logic 0.100ns (30.850%)  route 0.224ns (69.150%))
  Logic Levels:           0  
  Clock Path Skew:        0.295ns (DCD - SCD - CPR)
    Destination Clock Delay (DCD):    2.569ns
    Source Clock Delay      (SCD):    1.932ns
    Clock Pessimism Removal (CPR):    0.342ns

    Location             Delay type                Incr(ns)  Path(ns)    Netlist Resource(s)
  -------------------------------------------------------------------    -------------------
                         (clock sys_clk rise edge)    0.000     0.000 r  <hidden>
    AL25                                              0.000     0.000 r  clk
                         net (fo=0)                   0.000     0.000    clk
    AL25                 IBUF (Prop_ibuf_I_O)         0.131     0.131 r  clk_IBUF_inst/O
                         net (fo=1, estimated)        1.178     1.309    clk_IBUF
    BUFGCTRL_X0Y0        BUFG (Prop_bufg_I_O)         0.026     1.335 r  clk_IBUF_BUFG_inst/O
                         net (fo=16647, estimated)    0.597     1.932    scratchpad_c/port_b/clk_IBUF_BUFG
    SLICE_X93Y101        FDRE                                         r  scratchpad_c/port_b/write_data_reg[113]/C
  -------------------------------------------------------------------    -------------------
    SLICE_X93Y101        FDRE (Prop_fdre_C_Q)         0.100     2.032 r  scratchpad_c/port_b/write_data_reg[113]/Q
                         net (fo=1, estimated)        0.224     2.257    scratchpad_c/bram_dp_dut/write_data[113]
    RAMB36_X5Y19         RAMB36E1                                     r  scratchpad_c/bram_dp_dut/data_reg_3/DIADI[5]
  -------------------------------------------------------------------    -------------------

                         (clock sys_clk rise edge)    0.000     0.000 r  <hidden>
    AL25                                              0.000     0.000 r  clk
                         net (fo=0)                   0.000     0.000    clk
    AL25                 IBUF (Prop_ibuf_I_O)         0.380     0.380 r  clk_IBUF_inst/O
                         net (fo=1, estimated)        1.240     1.620    clk_IBUF
    BUFGCTRL_X0Y0        BUFG (Prop_bufg_I_O)         0.030     1.650 r  clk_IBUF_BUFG_inst/O
                         net (fo=16647, estimated)    0.920     2.569    scratchpad_c/bram_dp_dut/clk_IBUF_BUFG
    RAMB36_X5Y19         RAMB36E1                                     r  scratchpad_c/bram_dp_dut/data_reg_3/CLKARDCLK
                         clock pessimism             -0.342     2.227    <hidden>
    RAMB36_X5Y19         RAMB36E1 (Hold_ramb36e1_CLKARDCLK_DIADI[5])
                                                      0.155     2.382    scratchpad_c/bram_dp_dut/data_reg_3
  -------------------------------------------------------------------
                         required time                         -2.382    <hidden>
                         arrival time                           2.257    <hidden>
  -------------------------------------------------------------------
                         slack                                 -0.125    <hidden>

Slack (VIOLATED) :        -0.125ns  (arrival time - required time)
  Source:                 scratchpad_c/port_b/write_data_reg[115]/C
                            (rising edge-triggered cell FDRE clocked by sys_clk  {rise@0.000ns fall@2.500ns period=5.000ns})
  Destination:            scratchpad_c/bram_dp_dut/data_reg_3/DIADI[7]
                            (rising edge-triggered cell RAMB36E1 clocked by sys_clk  {rise@0.000ns fall@2.500ns period=5.000ns})
  Path Group:             sys_clk
  Path Type:              Hold (Min at Fast Process Corner)
  Requirement:            0.000ns  (sys_clk rise@0.000ns - sys_clk rise@0.000ns)
  Data Path Delay:        0.325ns  (logic 0.100ns (30.803%)  route 0.225ns (69.197%))
  Logic Levels:           0  
  Clock Path Skew:        0.295ns (DCD - SCD - CPR)
    Destination Clock Delay (DCD):    2.569ns
    Source Clock Delay      (SCD):    1.932ns
    Clock Pessimism Removal (CPR):    0.342ns

    Location             Delay type                Incr(ns)  Path(ns)    Netlist Resource(s)
  -------------------------------------------------------------------    -------------------
                         (clock sys_clk rise edge)    0.000     0.000 r  <hidden>
    AL25                                              0.000     0.000 r  clk
                         net (fo=0)                   0.000     0.000    clk
    AL25                 IBUF (Prop_ibuf_I_O)         0.131     0.131 r  clk_IBUF_inst/O
                         net (fo=1, estimated)        1.178     1.309    clk_IBUF
    BUFGCTRL_X0Y0        BUFG (Prop_bufg_I_O)         0.026     1.335 r  clk_IBUF_BUFG_inst/O
                         net (fo=16647, estimated)    0.597     1.932    scratchpad_c/port_b/clk_IBUF_BUFG
    SLICE_X93Y101        FDRE                                         r  scratchpad_c/port_b/write_data_reg[115]/C
  -------------------------------------------------------------------    -------------------
    SLICE_X93Y101        FDRE (Prop_fdre_C_Q)         0.100     2.032 r  scratchpad_c/port_b/write_data_reg[115]/Q
                         net (fo=1, estimated)        0.225     2.257    scratchpad_c/bram_dp_dut/write_data[115]
    RAMB36_X5Y19         RAMB36E1                                     r  scratchpad_c/bram_dp_dut/data_reg_3/DIADI[7]
  -------------------------------------------------------------------    -------------------

                         (clock sys_clk rise edge)    0.000     0.000 r  <hidden>
    AL25                                              0.000     0.000 r  clk
                         net (fo=0)                   0.000     0.000    clk
    AL25                 IBUF (Prop_ibuf_I_O)         0.380     0.380 r  clk_IBUF_inst/O
                         net (fo=1, estimated)        1.240     1.620    clk_IBUF
    BUFGCTRL_X0Y0        BUFG (Prop_bufg_I_O)         0.030     1.650 r  clk_IBUF_BUFG_inst/O
                         net (fo=16647, estimated)    0.920     2.569    scratchpad_c/bram_dp_dut/clk_IBUF_BUFG
    RAMB36_X5Y19         RAMB36E1                                     r  scratchpad_c/bram_dp_dut/data_reg_3/CLKARDCLK
                         clock pessimism             -0.342     2.227    <hidden>
    RAMB36_X5Y19         RAMB36E1 (Hold_ramb36e1_CLKARDCLK_DIADI[7])
                                                      0.155     2.382    scratchpad_c/bram_dp_dut/data_reg_3
  -------------------------------------------------------------------
                         required time                         -2.382    <hidden>
                         arrival time                           2.257    <hidden>
  -------------------------------------------------------------------
                         slack                                 -0.125    <hidden>

Slack (VIOLATED) :        -0.124ns  (arrival time - required time)
  Source:                 scratchpad_c/port_b/write_data_reg[117]/C
                            (rising edge-triggered cell FDRE clocked by sys_clk  {rise@0.000ns fall@2.500ns period=5.000ns})
  Destination:            scratchpad_c/bram_dp_dut/data_reg_3/DIADI[9]
                            (rising edge-triggered cell RAMB36E1 clocked by sys_clk  {rise@0.000ns fall@2.500ns period=5.000ns})
  Path Group:             sys_clk
  Path Type:              Hold (Min at Fast Process Corner)
  Requirement:            0.000ns  (sys_clk rise@0.000ns - sys_clk rise@0.000ns)
  Data Path Delay:        0.325ns  (logic 0.100ns (30.756%)  route 0.225ns (69.244%))
  Logic Levels:           0  
  Clock Path Skew:        0.295ns (DCD - SCD - CPR)
    Destination Clock Delay (DCD):    2.569ns
    Source Clock Delay      (SCD):    1.932ns
    Clock Pessimism Removal (CPR):    0.342ns

    Location             Delay type                Incr(ns)  Path(ns)    Netlist Resource(s)
  -------------------------------------------------------------------    -------------------
                         (clock sys_clk rise edge)    0.000     0.000 r  <hidden>
    AL25                                              0.000     0.000 r  clk
                         net (fo=0)                   0.000     0.000    clk
    AL25                 IBUF (Prop_ibuf_I_O)         0.131     0.131 r  clk_IBUF_inst/O
                         net (fo=1, estimated)        1.178     1.309    clk_IBUF
    BUFGCTRL_X0Y0        BUFG (Prop_bufg_I_O)         0.026     1.335 r  clk_IBUF_BUFG_inst/O
                         net (fo=16647, estimated)    0.597     1.932    scratchpad_c/port_b/clk_IBUF_BUFG
    SLICE_X93Y101        FDRE                                         r  scratchpad_c/port_b/write_data_reg[117]/C
  -------------------------------------------------------------------    -------------------
    SLICE_X93Y101        FDRE (Prop_fdre_C_Q)         0.100     2.032 r  scratchpad_c/port_b/write_data_reg[117]/Q
                         net (fo=1, estimated)        0.225     2.258    scratchpad_c/bram_dp_dut/write_data[117]
    RAMB36_X5Y19         RAMB36E1                                     r  scratchpad_c/bram_dp_dut/data_reg_3/DIADI[9]
  -------------------------------------------------------------------    -------------------

                         (clock sys_clk rise edge)    0.000     0.000 r  <hidden>
    AL25                                              0.000     0.000 r  clk
                         net (fo=0)                   0.000     0.000    clk
    AL25                 IBUF (Prop_ibuf_I_O)         0.380     0.380 r  clk_IBUF_inst/O
                         net (fo=1, estimated)        1.240     1.620    clk_IBUF
    BUFGCTRL_X0Y0        BUFG (Prop_bufg_I_O)         0.030     1.650 r  clk_IBUF_BUFG_inst/O
                         net (fo=16647, estimated)    0.920     2.569    scratchpad_c/bram_dp_dut/clk_IBUF_BUFG
    RAMB36_X5Y19         RAMB36E1                                     r  scratchpad_c/bram_dp_dut/data_reg_3/CLKARDCLK
                         clock pessimism             -0.342     2.227    <hidden>
    RAMB36_X5Y19         RAMB36E1 (Hold_ramb36e1_CLKARDCLK_DIADI[9])
                                                      0.155     2.382    scratchpad_c/bram_dp_dut/data_reg_3
  -------------------------------------------------------------------
                         required time                         -2.382    <hidden>
                         arrival time                           2.258    <hidden>
  -------------------------------------------------------------------
                         slack                                 -0.124    <hidden>

Slack (VIOLATED) :        -0.124ns  (arrival time - required time)
  Source:                 scratchpad_c/port_b/write_data_reg[120]/C
                            (rising edge-triggered cell FDRE clocked by sys_clk  {rise@0.000ns fall@2.500ns period=5.000ns})
  Destination:            scratchpad_c/bram_dp_dut/data_reg_3/DIADI[12]
                            (rising edge-triggered cell RAMB36E1 clocked by sys_clk  {rise@0.000ns fall@2.500ns period=5.000ns})
  Path Group:             sys_clk
  Path Type:              Hold (Min at Fast Process Corner)
  Requirement:            0.000ns  (sys_clk rise@0.000ns - sys_clk rise@0.000ns)
  Data Path Delay:        0.329ns  (logic 0.100ns (30.431%)  route 0.229ns (69.569%))
  Logic Levels:           0  
  Clock Path Skew:        0.298ns (DCD - SCD - CPR)
    Destination Clock Delay (DCD):    2.569ns
    Source Clock Delay      (SCD):    1.929ns
    Clock Pessimism Removal (CPR):    0.342ns

    Location             Delay type                Incr(ns)  Path(ns)    Netlist Resource(s)
  -------------------------------------------------------------------    -------------------
                         (clock sys_clk rise edge)    0.000     0.000 r  <hidden>
    AL25                                              0.000     0.000 r  clk
                         net (fo=0)                   0.000     0.000    clk
    AL25                 IBUF (Prop_ibuf_I_O)         0.131     0.131 r  clk_IBUF_inst/O
                         net (fo=1, estimated)        1.178     1.309    clk_IBUF
    BUFGCTRL_X0Y0        BUFG (Prop_bufg_I_O)         0.026     1.335 r  clk_IBUF_BUFG_inst/O
                         net (fo=16647, estimated)    0.594     1.929    scratchpad_c/port_b/clk_IBUF_BUFG
    SLICE_X87Y102        FDRE                                         r  scratchpad_c/port_b/write_data_reg[120]/C
  -------------------------------------------------------------------    -------------------
    SLICE_X87Y102        FDRE (Prop_fdre_C_Q)         0.100     2.029 r  scratchpad_c/port_b/write_data_reg[120]/Q
                         net (fo=1, estimated)        0.229     2.258    scratchpad_c/bram_dp_dut/write_data[120]
    RAMB36_X5Y19         RAMB36E1                                     r  scratchpad_c/bram_dp_dut/data_reg_3/DIADI[12]
  -------------------------------------------------------------------    -------------------

                         (clock sys_clk rise edge)    0.000     0.000 r  <hidden>
    AL25                                              0.000     0.000 r  clk
                         net (fo=0)                   0.000     0.000    clk
    AL25                 IBUF (Prop_ibuf_I_O)         0.380     0.380 r  clk_IBUF_inst/O
                         net (fo=1, estimated)        1.240     1.620    clk_IBUF
    BUFGCTRL_X0Y0        BUFG (Prop_bufg_I_O)         0.030     1.650 r  clk_IBUF_BUFG_inst/O
                         net (fo=16647, estimated)    0.920     2.569    scratchpad_c/bram_dp_dut/clk_IBUF_BUFG
    RAMB36_X5Y19         RAMB36E1                                     r  scratchpad_c/bram_dp_dut/data_reg_3/CLKARDCLK
                         clock pessimism             -0.342     2.227    <hidden>
    RAMB36_X5Y19         RAMB36E1 (Hold_ramb36e1_CLKARDCLK_DIADI[12])
                                                      0.155     2.382    scratchpad_c/bram_dp_dut/data_reg_3
  -------------------------------------------------------------------
                         required time                         -2.382    <hidden>
                         arrival time                           2.258    <hidden>
  -------------------------------------------------------------------
                         slack                                 -0.124    <hidden>

Slack (VIOLATED) :        -0.120ns  (arrival time - required time)
  Source:                 scratchpad_c/port_b/write_data_reg[114]/C
                            (rising edge-triggered cell FDRE clocked by sys_clk  {rise@0.000ns fall@2.500ns period=5.000ns})
  Destination:            scratchpad_c/bram_dp_dut/data_reg_3/DIADI[6]
                            (rising edge-triggered cell RAMB36E1 clocked by sys_clk  {rise@0.000ns fall@2.500ns period=5.000ns})
  Path Group:             sys_clk
  Path Type:              Hold (Min at Fast Process Corner)
  Requirement:            0.000ns  (sys_clk rise@0.000ns - sys_clk rise@0.000ns)
  Data Path Delay:        0.333ns  (logic 0.100ns (30.068%)  route 0.233ns (69.932%))
  Logic Levels:           0  
  Clock Path Skew:        0.298ns (DCD - SCD - CPR)
    Destination Clock Delay (DCD):    2.569ns
    Source Clock Delay      (SCD):    1.929ns
    Clock Pessimism Removal (CPR):    0.342ns

    Location             Delay type                Incr(ns)  Path(ns)    Netlist Resource(s)
  -------------------------------------------------------------------    -------------------
                         (clock sys_clk rise edge)    0.000     0.000 r  <hidden>
    AL25                                              0.000     0.000 r  clk
                         net (fo=0)                   0.000     0.000    clk
    AL25                 IBUF (Prop_ibuf_I_O)         0.131     0.131 r  clk_IBUF_inst/O
                         net (fo=1, estimated)        1.178     1.309    clk_IBUF
    BUFGCTRL_X0Y0        BUFG (Prop_bufg_I_O)         0.026     1.335 r  clk_IBUF_BUFG_inst/O
                         net (fo=16647, estimated)    0.594     1.929    scratchpad_c/port_b/clk_IBUF_BUFG
    SLICE_X88Y101        FDRE                                         r  scratchpad_c/port_b/write_data_reg[114]/C
  -------------------------------------------------------------------    -------------------
    SLICE_X88Y101        FDRE (Prop_fdre_C_Q)         0.100     2.029 r  scratchpad_c/port_b/write_data_reg[114]/Q
                         net (fo=1, estimated)        0.233     2.262    scratchpad_c/bram_dp_dut/write_data[114]
    RAMB36_X5Y19         RAMB36E1                                     r  scratchpad_c/bram_dp_dut/data_reg_3/DIADI[6]
  -------------------------------------------------------------------    -------------------

                         (clock sys_clk rise edge)    0.000     0.000 r  <hidden>
    AL25                                              0.000     0.000 r  clk
                         net (fo=0)                   0.000     0.000    clk
    AL25                 IBUF (Prop_ibuf_I_O)         0.380     0.380 r  clk_IBUF_inst/O
                         net (fo=1, estimated)        1.240     1.620    clk_IBUF
    BUFGCTRL_X0Y0        BUFG (Prop_bufg_I_O)         0.030     1.650 r  clk_IBUF_BUFG_inst/O
                         net (fo=16647, estimated)    0.920     2.569    scratchpad_c/bram_dp_dut/clk_IBUF_BUFG
    RAMB36_X5Y19         RAMB36E1                                     r  scratchpad_c/bram_dp_dut/data_reg_3/CLKARDCLK
                         clock pessimism             -0.342     2.227    <hidden>
    RAMB36_X5Y19         RAMB36E1 (Hold_ramb36e1_CLKARDCLK_DIADI[6])
                                                      0.155     2.382    scratchpad_c/bram_dp_dut/data_reg_3
  -------------------------------------------------------------------
                         required time                         -2.382    <hidden>
                         arrival time                           2.262    <hidden>
  -------------------------------------------------------------------
                         slack                                 -0.120    <hidden>

Slack (VIOLATED) :        -0.117ns  (arrival time - required time)
  Source:                 scratchpad_c/port_b/write_data_reg[124]/C
                            (rising edge-triggered cell FDRE clocked by sys_clk  {rise@0.000ns fall@2.500ns period=5.000ns})
  Destination:            scratchpad_c/bram_dp_dut/data_reg_3/DIADI[16]
                            (rising edge-triggered cell RAMB36E1 clocked by sys_clk  {rise@0.000ns fall@2.500ns period=5.000ns})
  Path Group:             sys_clk
  Path Type:              Hold (Min at Fast Process Corner)
  Requirement:            0.000ns  (sys_clk rise@0.000ns - sys_clk rise@0.000ns)
  Data Path Delay:        0.336ns  (logic 0.100ns (29.757%)  route 0.236ns (70.243%))
  Logic Levels:           0  
  Clock Path Skew:        0.298ns (DCD - SCD - CPR)
    Destination Clock Delay (DCD):    2.569ns
    Source Clock Delay      (SCD):    1.929ns
    Clock Pessimism Removal (CPR):    0.342ns

    Location             Delay type                Incr(ns)  Path(ns)    Netlist Resource(s)
  -------------------------------------------------------------------    -------------------
                         (clock sys_clk rise edge)    0.000     0.000 r  <hidden>
    AL25                                              0.000     0.000 r  clk
                         net (fo=0)                   0.000     0.000    clk
    AL25                 IBUF (Prop_ibuf_I_O)         0.131     0.131 r  clk_IBUF_inst/O
                         net (fo=1, estimated)        1.178     1.309    clk_IBUF
    BUFGCTRL_X0Y0        BUFG (Prop_bufg_I_O)         0.026     1.335 r  clk_IBUF_BUFG_inst/O
                         net (fo=16647, estimated)    0.594     1.929    scratchpad_c/port_b/clk_IBUF_BUFG
    SLICE_X88Y101        FDRE                                         r  scratchpad_c/port_b/write_data_reg[124]/C
  -------------------------------------------------------------------    -------------------
    SLICE_X88Y101        FDRE (Prop_fdre_C_Q)         0.100     2.029 r  scratchpad_c/port_b/write_data_reg[124]/Q
                         net (fo=1, estimated)        0.236     2.266    scratchpad_c/bram_dp_dut/write_data[124]
    RAMB36_X5Y19         RAMB36E1                                     r  scratchpad_c/bram_dp_dut/data_reg_3/DIADI[16]
  -------------------------------------------------------------------    -------------------

                         (clock sys_clk rise edge)    0.000     0.000 r  <hidden>
    AL25                                              0.000     0.000 r  clk
                         net (fo=0)                   0.000     0.000    clk
    AL25                 IBUF (Prop_ibuf_I_O)         0.380     0.380 r  clk_IBUF_inst/O
                         net (fo=1, estimated)        1.240     1.620    clk_IBUF
    BUFGCTRL_X0Y0        BUFG (Prop_bufg_I_O)         0.030     1.650 r  clk_IBUF_BUFG_inst/O
                         net (fo=16647, estimated)    0.920     2.569    scratchpad_c/bram_dp_dut/clk_IBUF_BUFG
    RAMB36_X5Y19         RAMB36E1                                     r  scratchpad_c/bram_dp_dut/data_reg_3/CLKARDCLK
                         clock pessimism             -0.342     2.227    <hidden>
    RAMB36_X5Y19         RAMB36E1 (Hold_ramb36e1_CLKARDCLK_DIADI[16])
                                                      0.155     2.382    scratchpad_c/bram_dp_dut/data_reg_3
  -------------------------------------------------------------------
                         required time                         -2.382    <hidden>
                         arrival time                           2.266    <hidden>
  -------------------------------------------------------------------
                         slack                                 -0.117    <hidden>

Slack (VIOLATED) :        -0.113ns  (arrival time - required time)
  Source:                 scratchpad_c/port_b/write_data_reg[17]/C
                            (rising edge-triggered cell FDRE clocked by sys_clk  {rise@0.000ns fall@2.500ns period=5.000ns})
  Destination:            scratchpad_c/bram_dp_dut/data_reg_0/DIADI[17]
                            (rising edge-triggered cell RAMB36E1 clocked by sys_clk  {rise@0.000ns fall@2.500ns period=5.000ns})
  Path Group:             sys_clk
  Path Type:              Hold (Min at Fast Process Corner)
  Requirement:            0.000ns  (sys_clk rise@0.000ns - sys_clk rise@0.000ns)
  Data Path Delay:        0.337ns  (logic 0.118ns (35.047%)  route 0.219ns (64.953%))
  Logic Levels:           0  
  Clock Path Skew:        0.295ns (DCD - SCD - CPR)
    Destination Clock Delay (DCD):    2.613ns
    Source Clock Delay      (SCD):    1.976ns
    Clock Pessimism Removal (CPR):    0.342ns

    Location             Delay type                Incr(ns)  Path(ns)    Netlist Resource(s)
  -------------------------------------------------------------------    -------------------
                         (clock sys_clk rise edge)    0.000     0.000 r  <hidden>
    AL25                                              0.000     0.000 r  clk
                         net (fo=0)                   0.000     0.000    clk
    AL25                 IBUF (Prop_ibuf_I_O)         0.131     0.131 r  clk_IBUF_inst/O
                         net (fo=1, estimated)        1.178     1.309    clk_IBUF
    BUFGCTRL_X0Y0        BUFG (Prop_bufg_I_O)         0.026     1.335 r  clk_IBUF_BUFG_inst/O
                         net (fo=16647, estimated)    0.641     1.976    scratchpad_c/port_b/clk_IBUF_BUFG
    SLICE_X38Y100        FDRE                                         r  scratchpad_c/port_b/write_data_reg[17]/C
  -------------------------------------------------------------------    -------------------
    SLICE_X38Y100        FDRE (Prop_fdre_C_Q)         0.118     2.094 r  scratchpad_c/port_b/write_data_reg[17]/Q
                         net (fo=1, estimated)        0.219     2.313    scratchpad_c/bram_dp_dut/write_data[17]
    RAMB36_X2Y18         RAMB36E1                                     r  scratchpad_c/bram_dp_dut/data_reg_0/DIADI[17]
  -------------------------------------------------------------------    -------------------

                         (clock sys_clk rise edge)    0.000     0.000 r  <hidden>
    AL25                                              0.000     0.000 r  clk
                         net (fo=0)                   0.000     0.000    clk
    AL25                 IBUF (Prop_ibuf_I_O)         0.380     0.380 r  clk_IBUF_inst/O
                         net (fo=1, estimated)        1.240     1.620    clk_IBUF
    BUFGCTRL_X0Y0        BUFG (Prop_bufg_I_O)         0.030     1.650 r  clk_IBUF_BUFG_inst/O
                         net (fo=16647, estimated)    0.964     2.613    scratchpad_c/bram_dp_dut/clk_IBUF_BUFG
    RAMB36_X2Y18         RAMB36E1                                     r  scratchpad_c/bram_dp_dut/data_reg_0/CLKARDCLK
                         clock pessimism             -0.342     2.271    <hidden>
    RAMB36_X2Y18         RAMB36E1 (Hold_ramb36e1_CLKARDCLK_DIADI[17])
                                                      0.155     2.426    scratchpad_c/bram_dp_dut/data_reg_0
  -------------------------------------------------------------------
                         required time                         -2.426    <hidden>
                         arrival time                           2.313    <hidden>
  -------------------------------------------------------------------
                         slack                                 -0.113    <hidden>

Slack (VIOLATED) :        -0.107ns  (arrival time - required time)
  Source:                 scratchpad_c/port_b/write_data_reg[21]/C
                            (rising edge-triggered cell FDRE clocked by sys_clk  {rise@0.000ns fall@2.500ns period=5.000ns})
  Destination:            scratchpad_c/bram_dp_dut/data_reg_0/DIADI[21]
                            (rising edge-triggered cell RAMB36E1 clocked by sys_clk  {rise@0.000ns fall@2.500ns period=5.000ns})
  Path Group:             sys_clk
  Path Type:              Hold (Min at Fast Process Corner)
  Requirement:            0.000ns  (sys_clk rise@0.000ns - sys_clk rise@0.000ns)
  Data Path Delay:        0.306ns  (logic 0.107ns (34.927%)  route 0.199ns (65.073%))
  Logic Levels:           0  
  Clock Path Skew:        0.295ns (DCD - SCD - CPR)
    Destination Clock Delay (DCD):    2.613ns
    Source Clock Delay      (SCD):    1.976ns
    Clock Pessimism Removal (CPR):    0.342ns

    Location             Delay type                Incr(ns)  Path(ns)    Netlist Resource(s)
  -------------------------------------------------------------------    -------------------
                         (clock sys_clk rise edge)    0.000     0.000 r  <hidden>
    AL25                                              0.000     0.000 r  clk
                         net (fo=0)                   0.000     0.000    clk
    AL25                 IBUF (Prop_ibuf_I_O)         0.131     0.131 r  clk_IBUF_inst/O
                         net (fo=1, estimated)        1.178     1.309    clk_IBUF
    BUFGCTRL_X0Y0        BUFG (Prop_bufg_I_O)         0.026     1.335 r  clk_IBUF_BUFG_inst/O
                         net (fo=16647, estimated)    0.641     1.976    scratchpad_c/port_b/clk_IBUF_BUFG
    SLICE_X38Y100        FDRE                                         r  scratchpad_c/port_b/write_data_reg[21]/C
  -------------------------------------------------------------------    -------------------
    SLICE_X38Y100        FDRE (Prop_fdre_C_Q)         0.107     2.083 r  scratchpad_c/port_b/write_data_reg[21]/Q
                         net (fo=1, estimated)        0.199     2.283    scratchpad_c/bram_dp_dut/write_data[21]
    RAMB36_X2Y18         RAMB36E1                                     r  scratchpad_c/bram_dp_dut/data_reg_0/DIADI[21]
  -------------------------------------------------------------------    -------------------

                         (clock sys_clk rise edge)    0.000     0.000 r  <hidden>
    AL25                                              0.000     0.000 r  clk
                         net (fo=0)                   0.000     0.000    clk
    AL25                 IBUF (Prop_ibuf_I_O)         0.380     0.380 r  clk_IBUF_inst/O
                         net (fo=1, estimated)        1.240     1.620    clk_IBUF
    BUFGCTRL_X0Y0        BUFG (Prop_bufg_I_O)         0.030     1.650 r  clk_IBUF_BUFG_inst/O
                         net (fo=16647, estimated)    0.964     2.613    scratchpad_c/bram_dp_dut/clk_IBUF_BUFG
    RAMB36_X2Y18         RAMB36E1                                     r  scratchpad_c/bram_dp_dut/data_reg_0/CLKARDCLK
                         clock pessimism             -0.342     2.271    <hidden>
    RAMB36_X2Y18         RAMB36E1 (Hold_ramb36e1_CLKARDCLK_DIADI[21])
                                                      0.119     2.390    scratchpad_c/bram_dp_dut/data_reg_0
  -------------------------------------------------------------------
                         required time                         -2.390    <hidden>
                         arrival time                           2.283    <hidden>
  -------------------------------------------------------------------
                         slack                                 -0.107    <hidden>

Slack (VIOLATED) :        -0.102ns  (arrival time - required time)
  Source:                 scratchpad_c/port_b/write_data_reg[122]/C
                            (rising edge-triggered cell FDRE clocked by sys_clk  {rise@0.000ns fall@2.500ns period=5.000ns})
  Destination:            scratchpad_c/bram_dp_dut/data_reg_3/DIADI[14]
                            (rising edge-triggered cell RAMB36E1 clocked by sys_clk  {rise@0.000ns fall@2.500ns period=5.000ns})
  Path Group:             sys_clk
  Path Type:              Hold (Min at Fast Process Corner)
  Requirement:            0.000ns  (sys_clk rise@0.000ns - sys_clk rise@0.000ns)
  Data Path Delay:        0.351ns  (logic 0.118ns (33.611%)  route 0.233ns (66.389%))
  Logic Levels:           0  
  Clock Path Skew:        0.299ns (DCD - SCD - CPR)
    Destination Clock Delay (DCD):    2.569ns
    Source Clock Delay      (SCD):    1.928ns
    Clock Pessimism Removal (CPR):    0.342ns

    Location             Delay type                Incr(ns)  Path(ns)    Netlist Resource(s)
  -------------------------------------------------------------------    -------------------
                         (clock sys_clk rise edge)    0.000     0.000 r  <hidden>
    AL25                                              0.000     0.000 r  clk
                         net (fo=0)                   0.000     0.000    clk
    AL25                 IBUF (Prop_ibuf_I_O)         0.131     0.131 r  clk_IBUF_inst/O
                         net (fo=1, estimated)        1.178     1.309    clk_IBUF
    BUFGCTRL_X0Y0        BUFG (Prop_bufg_I_O)         0.026     1.335 r  clk_IBUF_BUFG_inst/O
                         net (fo=16647, estimated)    0.593     1.928    scratchpad_c/port_b/clk_IBUF_BUFG
    SLICE_X86Y104        FDRE                                         r  scratchpad_c/port_b/write_data_reg[122]/C
  -------------------------------------------------------------------    -------------------
    SLICE_X86Y104        FDRE (Prop_fdre_C_Q)         0.118     2.046 r  scratchpad_c/port_b/write_data_reg[122]/Q
                         net (fo=1, estimated)        0.233     2.280    scratchpad_c/bram_dp_dut/write_data[122]
    RAMB36_X5Y19         RAMB36E1                                     r  scratchpad_c/bram_dp_dut/data_reg_3/DIADI[14]
  -------------------------------------------------------------------    -------------------

                         (clock sys_clk rise edge)    0.000     0.000 r  <hidden>
    AL25                                              0.000     0.000 r  clk
                         net (fo=0)                   0.000     0.000    clk
    AL25                 IBUF (Prop_ibuf_I_O)         0.380     0.380 r  clk_IBUF_inst/O
                         net (fo=1, estimated)        1.240     1.620    clk_IBUF
    BUFGCTRL_X0Y0        BUFG (Prop_bufg_I_O)         0.030     1.650 r  clk_IBUF_BUFG_inst/O
                         net (fo=16647, estimated)    0.920     2.569    scratchpad_c/bram_dp_dut/clk_IBUF_BUFG
    RAMB36_X5Y19         RAMB36E1                                     r  scratchpad_c/bram_dp_dut/data_reg_3/CLKARDCLK
                         clock pessimism             -0.342     2.227    <hidden>
    RAMB36_X5Y19         RAMB36E1 (Hold_ramb36e1_CLKARDCLK_DIADI[14])
                                                      0.155     2.382    scratchpad_c/bram_dp_dut/data_reg_3
  -------------------------------------------------------------------
                         required time                         -2.382    <hidden>
                         arrival time                           2.280    <hidden>
  -------------------------------------------------------------------
                         slack                                 -0.102    <hidden>

Slack (VIOLATED) :        -0.099ns  (arrival time - required time)
  Source:                 scratchpad_c/port_b/write_data_reg[118]/C
                            (rising edge-triggered cell FDRE clocked by sys_clk  {rise@0.000ns fall@2.500ns period=5.000ns})
  Destination:            scratchpad_c/bram_dp_dut/data_reg_3/DIADI[10]
                            (rising edge-triggered cell RAMB36E1 clocked by sys_clk  {rise@0.000ns fall@2.500ns period=5.000ns})
  Path Group:             sys_clk
  Path Type:              Hold (Min at Fast Process Corner)
  Requirement:            0.000ns  (sys_clk rise@0.000ns - sys_clk rise@0.000ns)
  Data Path Delay:        0.279ns  (logic 0.100ns (35.903%)  route 0.179ns (64.097%))
  Logic Levels:           0  
  Clock Path Skew:        0.223ns (DCD - SCD - CPR)
    Destination Clock Delay (DCD):    2.569ns
    Source Clock Delay      (SCD):    1.984ns
    Clock Pessimism Removal (CPR):    0.362ns

    Location             Delay type                Incr(ns)  Path(ns)    Netlist Resource(s)
  -------------------------------------------------------------------    -------------------
                         (clock sys_clk rise edge)    0.000     0.000 r  <hidden>
    AL25                                              0.000     0.000 r  clk
                         net (fo=0)                   0.000     0.000    clk
    AL25                 IBUF (Prop_ibuf_I_O)         0.131     0.131 r  clk_IBUF_inst/O
                         net (fo=1, estimated)        1.178     1.309    clk_IBUF
    BUFGCTRL_X0Y0        BUFG (Prop_bufg_I_O)         0.026     1.335 r  clk_IBUF_BUFG_inst/O
                         net (fo=16647, estimated)    0.649     1.984    scratchpad_c/port_b/clk_IBUF_BUFG
    SLICE_X92Y97         FDRE                                         r  scratchpad_c/port_b/write_data_reg[118]/C
  -------------------------------------------------------------------    -------------------
    SLICE_X92Y97         FDRE (Prop_fdre_C_Q)         0.100     2.084 r  scratchpad_c/port_b/write_data_reg[118]/Q
                         net (fo=1, estimated)        0.179     2.263    scratchpad_c/bram_dp_dut/write_data[118]
    RAMB36_X5Y19         RAMB36E1                                     r  scratchpad_c/bram_dp_dut/data_reg_3/DIADI[10]
  -------------------------------------------------------------------    -------------------

                         (clock sys_clk rise edge)    0.000     0.000 r  <hidden>
    AL25                                              0.000     0.000 r  clk
                         net (fo=0)                   0.000     0.000    clk
    AL25                 IBUF (Prop_ibuf_I_O)         0.380     0.380 r  clk_IBUF_inst/O
                         net (fo=1, estimated)        1.240     1.620    clk_IBUF
    BUFGCTRL_X0Y0        BUFG (Prop_bufg_I_O)         0.030     1.650 r  clk_IBUF_BUFG_inst/O
                         net (fo=16647, estimated)    0.920     2.569    scratchpad_c/bram_dp_dut/clk_IBUF_BUFG
    RAMB36_X5Y19         RAMB36E1                                     r  scratchpad_c/bram_dp_dut/data_reg_3/CLKARDCLK
                         clock pessimism             -0.362     2.207    <hidden>
    RAMB36_X5Y19         RAMB36E1 (Hold_ramb36e1_CLKARDCLK_DIADI[10])
                                                      0.155     2.362    scratchpad_c/bram_dp_dut/data_reg_3
  -------------------------------------------------------------------
                         required time                         -2.362    <hidden>
                         arrival time                           2.263    <hidden>
  -------------------------------------------------------------------
                         slack                                 -0.099    <hidden>

Slack (VIOLATED) :        -0.099ns  (arrival time - required time)
  Source:                 scratchpad_c/port_b/write_data_reg[116]/C
                            (rising edge-triggered cell FDRE clocked by sys_clk  {rise@0.000ns fall@2.500ns period=5.000ns})
  Destination:            scratchpad_c/bram_dp_dut/data_reg_3/DIADI[8]
                            (rising edge-triggered cell RAMB36E1 clocked by sys_clk  {rise@0.000ns fall@2.500ns period=5.000ns})
  Path Group:             sys_clk
  Path Type:              Hold (Min at Fast Process Corner)
  Requirement:            0.000ns  (sys_clk rise@0.000ns - sys_clk rise@0.000ns)
  Data Path Delay:        0.279ns  (logic 0.100ns (35.903%)  route 0.179ns (64.097%))
  Logic Levels:           0  
  Clock Path Skew:        0.223ns (DCD - SCD - CPR)
    Destination Clock Delay (DCD):    2.569ns
    Source Clock Delay      (SCD):    1.984ns
    Clock Pessimism Removal (CPR):    0.362ns

    Location             Delay type                Incr(ns)  Path(ns)    Netlist Resource(s)
  -------------------------------------------------------------------    -------------------
                         (clock sys_clk rise edge)    0.000     0.000 r  <hidden>
    AL25                                              0.000     0.000 r  clk
                         net (fo=0)                   0.000     0.000    clk
    AL25                 IBUF (Prop_ibuf_I_O)         0.131     0.131 r  clk_IBUF_inst/O
                         net (fo=1, estimated)        1.178     1.309    clk_IBUF
    BUFGCTRL_X0Y0        BUFG (Prop_bufg_I_O)         0.026     1.335 r  clk_IBUF_BUFG_inst/O
                         net (fo=16647, estimated)    0.649     1.984    scratchpad_c/port_b/clk_IBUF_BUFG
    SLICE_X92Y97         FDRE                                         r  scratchpad_c/port_b/write_data_reg[116]/C
  -------------------------------------------------------------------    -------------------
    SLICE_X92Y97         FDRE (Prop_fdre_C_Q)         0.100     2.084 r  scratchpad_c/port_b/write_data_reg[116]/Q
                         net (fo=1, estimated)        0.179     2.263    scratchpad_c/bram_dp_dut/write_data[116]
    RAMB36_X5Y19         RAMB36E1                                     r  scratchpad_c/bram_dp_dut/data_reg_3/DIADI[8]
  -------------------------------------------------------------------    -------------------

                         (clock sys_clk rise edge)    0.000     0.000 r  <hidden>
    AL25                                              0.000     0.000 r  clk
                         net (fo=0)                   0.000     0.000    clk
    AL25                 IBUF (Prop_ibuf_I_O)         0.380     0.380 r  clk_IBUF_inst/O
                         net (fo=1, estimated)        1.240     1.620    clk_IBUF
    BUFGCTRL_X0Y0        BUFG (Prop_bufg_I_O)         0.030     1.650 r  clk_IBUF_BUFG_inst/O
                         net (fo=16647, estimated)    0.920     2.569    scratchpad_c/bram_dp_dut/clk_IBUF_BUFG
    RAMB36_X5Y19         RAMB36E1                                     r  scratchpad_c/bram_dp_dut/data_reg_3/CLKARDCLK
                         clock pessimism             -0.362     2.207    <hidden>
    RAMB36_X5Y19         RAMB36E1 (Hold_ramb36e1_CLKARDCLK_DIADI[8])
                                                      0.155     2.362    scratchpad_c/bram_dp_dut/data_reg_3
  -------------------------------------------------------------------
                         required time                         -2.362    <hidden>
                         arrival time                           2.263    <hidden>
  -------------------------------------------------------------------
                         slack                                 -0.099    <hidden>

Slack (VIOLATED) :        -0.099ns  (arrival time - required time)
  Source:                 scratchpad_c/port_b/write_data_reg[110]/C
                            (rising edge-triggered cell FDRE clocked by sys_clk  {rise@0.000ns fall@2.500ns period=5.000ns})
  Destination:            scratchpad_c/bram_dp_dut/data_reg_3/DIADI[2]
                            (rising edge-triggered cell RAMB36E1 clocked by sys_clk  {rise@0.000ns fall@2.500ns period=5.000ns})
  Path Group:             sys_clk
  Path Type:              Hold (Min at Fast Process Corner)
  Requirement:            0.000ns  (sys_clk rise@0.000ns - sys_clk rise@0.000ns)
  Data Path Delay:        0.355ns  (logic 0.118ns (33.282%)  route 0.237ns (66.718%))
  Logic Levels:           0  
  Clock Path Skew:        0.299ns (DCD - SCD - CPR)
    Destination Clock Delay (DCD):    2.569ns
    Source Clock Delay      (SCD):    1.928ns
    Clock Pessimism Removal (CPR):    0.342ns

    Location             Delay type                Incr(ns)  Path(ns)    Netlist Resource(s)
  -------------------------------------------------------------------    -------------------
                         (clock sys_clk rise edge)    0.000     0.000 r  <hidden>
    AL25                                              0.000     0.000 r  clk
                         net (fo=0)                   0.000     0.000    clk
    AL25                 IBUF (Prop_ibuf_I_O)         0.131     0.131 r  clk_IBUF_inst/O
                         net (fo=1, estimated)        1.178     1.309    clk_IBUF
    BUFGCTRL_X0Y0        BUFG (Prop_bufg_I_O)         0.026     1.335 r  clk_IBUF_BUFG_inst/O
                         net (fo=16647, estimated)    0.593     1.928    scratchpad_c/port_b/clk_IBUF_BUFG
    SLICE_X86Y104        FDRE                                         r  scratchpad_c/port_b/write_data_reg[110]/C
  -------------------------------------------------------------------    -------------------
    SLICE_X86Y104        FDRE (Prop_fdre_C_Q)         0.118     2.046 r  scratchpad_c/port_b/write_data_reg[110]/Q
                         net (fo=1, estimated)        0.237     2.283    scratchpad_c/bram_dp_dut/write_data[110]
    RAMB36_X5Y19         RAMB36E1                                     r  scratchpad_c/bram_dp_dut/data_reg_3/DIADI[2]
  -------------------------------------------------------------------    -------------------

                         (clock sys_clk rise edge)    0.000     0.000 r  <hidden>
    AL25                                              0.000     0.000 r  clk
                         net (fo=0)                   0.000     0.000    clk
    AL25                 IBUF (Prop_ibuf_I_O)         0.380     0.380 r  clk_IBUF_inst/O
                         net (fo=1, estimated)        1.240     1.620    clk_IBUF
    BUFGCTRL_X0Y0        BUFG (Prop_bufg_I_O)         0.030     1.650 r  clk_IBUF_BUFG_inst/O
                         net (fo=16647, estimated)    0.920     2.569    scratchpad_c/bram_dp_dut/clk_IBUF_BUFG
    RAMB36_X5Y19         RAMB36E1                                     r  scratchpad_c/bram_dp_dut/data_reg_3/CLKARDCLK
                         clock pessimism             -0.342     2.227    <hidden>
    RAMB36_X5Y19         RAMB36E1 (Hold_ramb36e1_CLKARDCLK_DIADI[2])
                                                      0.155     2.382    scratchpad_c/bram_dp_dut/data_reg_3
  -------------------------------------------------------------------
                         required time                         -2.382    <hidden>
                         arrival time                           2.283    <hidden>
  -------------------------------------------------------------------
                         slack                                 -0.099    <hidden>

Slack (VIOLATED) :        -0.096ns  (arrival time - required time)
  Source:                 scratchpad_c/port_b/write_data_reg[108]/C
                            (rising edge-triggered cell FDRE clocked by sys_clk  {rise@0.000ns fall@2.500ns period=5.000ns})
  Destination:            scratchpad_c/bram_dp_dut/data_reg_3/DIADI[0]
                            (rising edge-triggered cell RAMB36E1 clocked by sys_clk  {rise@0.000ns fall@2.500ns period=5.000ns})
  Path Group:             sys_clk
  Path Type:              Hold (Min at Fast Process Corner)
  Requirement:            0.000ns  (sys_clk rise@0.000ns - sys_clk rise@0.000ns)
  Data Path Delay:        0.358ns  (logic 0.118ns (32.959%)  route 0.240ns (67.041%))
  Logic Levels:           0  
  Clock Path Skew:        0.299ns (DCD - SCD - CPR)
    Destination Clock Delay (DCD):    2.569ns
    Source Clock Delay      (SCD):    1.928ns
    Clock Pessimism Removal (CPR):    0.342ns

    Location             Delay type                Incr(ns)  Path(ns)    Netlist Resource(s)
  -------------------------------------------------------------------    -------------------
                         (clock sys_clk rise edge)    0.000     0.000 r  <hidden>
    AL25                                              0.000     0.000 r  clk
                         net (fo=0)                   0.000     0.000    clk
    AL25                 IBUF (Prop_ibuf_I_O)         0.131     0.131 r  clk_IBUF_inst/O
                         net (fo=1, estimated)        1.178     1.309    clk_IBUF
    BUFGCTRL_X0Y0        BUFG (Prop_bufg_I_O)         0.026     1.335 r  clk_IBUF_BUFG_inst/O
                         net (fo=16647, estimated)    0.593     1.928    scratchpad_c/port_b/clk_IBUF_BUFG
    SLICE_X86Y104        FDRE                                         r  scratchpad_c/port_b/write_data_reg[108]/C
  -------------------------------------------------------------------    -------------------
    SLICE_X86Y104        FDRE (Prop_fdre_C_Q)         0.118     2.046 r  scratchpad_c/port_b/write_data_reg[108]/Q
                         net (fo=1, estimated)        0.240     2.286    scratchpad_c/bram_dp_dut/write_data[108]
    RAMB36_X5Y19         RAMB36E1                                     r  scratchpad_c/bram_dp_dut/data_reg_3/DIADI[0]
  -------------------------------------------------------------------    -------------------

                         (clock sys_clk rise edge)    0.000     0.000 r  <hidden>
    AL25                                              0.000     0.000 r  clk
                         net (fo=0)                   0.000     0.000    clk
    AL25                 IBUF (Prop_ibuf_I_O)         0.380     0.380 r  clk_IBUF_inst/O
                         net (fo=1, estimated)        1.240     1.620    clk_IBUF
    BUFGCTRL_X0Y0        BUFG (Prop_bufg_I_O)         0.030     1.650 r  clk_IBUF_BUFG_inst/O
                         net (fo=16647, estimated)    0.920     2.569    scratchpad_c/bram_dp_dut/clk_IBUF_BUFG
    RAMB36_X5Y19         RAMB36E1                                     r  scratchpad_c/bram_dp_dut/data_reg_3/CLKARDCLK
                         clock pessimism             -0.342     2.227    <hidden>
    RAMB36_X5Y19         RAMB36E1 (Hold_ramb36e1_CLKARDCLK_DIADI[0])
                                                      0.155     2.382    scratchpad_c/bram_dp_dut/data_reg_3
  -------------------------------------------------------------------
                         required time                         -2.382    <hidden>
                         arrival time                           2.286    <hidden>
  -------------------------------------------------------------------
                         slack                                 -0.096    <hidden>

Slack (VIOLATED) :        -0.092ns  (arrival time - required time)
  Source:                 scratchpad_c/port_b/write_data_reg[23]/C
                            (rising edge-triggered cell FDRE clocked by sys_clk  {rise@0.000ns fall@2.500ns period=5.000ns})
  Destination:            scratchpad_c/bram_dp_dut/data_reg_0/DIADI[23]
                            (rising edge-triggered cell RAMB36E1 clocked by sys_clk  {rise@0.000ns fall@2.500ns period=5.000ns})
  Path Group:             sys_clk
  Path Type:              Hold (Min at Fast Process Corner)
  Requirement:            0.000ns  (sys_clk rise@0.000ns - sys_clk rise@0.000ns)
  Data Path Delay:        0.322ns  (logic 0.107ns (33.258%)  route 0.215ns (66.742%))
  Logic Levels:           0  
  Clock Path Skew:        0.295ns (DCD - SCD - CPR)
    Destination Clock Delay (DCD):    2.613ns
    Source Clock Delay      (SCD):    1.976ns
    Clock Pessimism Removal (CPR):    0.342ns

    Location             Delay type                Incr(ns)  Path(ns)    Netlist Resource(s)
  -------------------------------------------------------------------    -------------------
                         (clock sys_clk rise edge)    0.000     0.000 r  <hidden>
    AL25                                              0.000     0.000 r  clk
                         net (fo=0)                   0.000     0.000    clk
    AL25                 IBUF (Prop_ibuf_I_O)         0.131     0.131 r  clk_IBUF_inst/O
                         net (fo=1, estimated)        1.178     1.309    clk_IBUF
    BUFGCTRL_X0Y0        BUFG (Prop_bufg_I_O)         0.026     1.335 r  clk_IBUF_BUFG_inst/O
                         net (fo=16647, estimated)    0.641     1.976    scratchpad_c/port_b/clk_IBUF_BUFG
    SLICE_X38Y100        FDRE                                         r  scratchpad_c/port_b/write_data_reg[23]/C
  -------------------------------------------------------------------    -------------------
    SLICE_X38Y100        FDRE (Prop_fdre_C_Q)         0.107     2.083 r  scratchpad_c/port_b/write_data_reg[23]/Q
                         net (fo=1, estimated)        0.215     2.298    scratchpad_c/bram_dp_dut/write_data[23]
    RAMB36_X2Y18         RAMB36E1                                     r  scratchpad_c/bram_dp_dut/data_reg_0/DIADI[23]
  -------------------------------------------------------------------    -------------------

                         (clock sys_clk rise edge)    0.000     0.000 r  <hidden>
    AL25                                              0.000     0.000 r  clk
                         net (fo=0)                   0.000     0.000    clk
    AL25                 IBUF (Prop_ibuf_I_O)         0.380     0.380 r  clk_IBUF_inst/O
                         net (fo=1, estimated)        1.240     1.620    clk_IBUF
    BUFGCTRL_X0Y0        BUFG (Prop_bufg_I_O)         0.030     1.650 r  clk_IBUF_BUFG_inst/O
                         net (fo=16647, estimated)    0.964     2.613    scratchpad_c/bram_dp_dut/clk_IBUF_BUFG
    RAMB36_X2Y18         RAMB36E1                                     r  scratchpad_c/bram_dp_dut/data_reg_0/CLKARDCLK
                         clock pessimism             -0.342     2.271    <hidden>
    RAMB36_X2Y18         RAMB36E1 (Hold_ramb36e1_CLKARDCLK_DIADI[23])
                                                      0.119     2.390    scratchpad_c/bram_dp_dut/data_reg_0
  -------------------------------------------------------------------
                         required time                         -2.390    <hidden>
                         arrival time                           2.298    <hidden>
  -------------------------------------------------------------------
                         slack                                 -0.092    <hidden>

Slack (VIOLATED) :        -0.086ns  (arrival time - required time)
  Source:                 scratchpad_c/port_b/write_data_reg[5]/C
                            (rising edge-triggered cell FDRE clocked by sys_clk  {rise@0.000ns fall@2.500ns period=5.000ns})
  Destination:            scratchpad_c/bram_dp_dut/data_reg_0/DIADI[5]
                            (rising edge-triggered cell RAMB36E1 clocked by sys_clk  {rise@0.000ns fall@2.500ns period=5.000ns})
  Path Group:             sys_clk
  Path Type:              Hold (Min at Fast Process Corner)
  Requirement:            0.000ns  (sys_clk rise@0.000ns - sys_clk rise@0.000ns)
  Data Path Delay:        0.332ns  (logic 0.100ns (30.113%)  route 0.232ns (69.887%))
  Logic Levels:           0  
  Clock Path Skew:        0.264ns (DCD - SCD - CPR)
    Destination Clock Delay (DCD):    2.613ns
    Source Clock Delay      (SCD):    2.007ns
    Clock Pessimism Removal (CPR):    0.342ns

    Location             Delay type                Incr(ns)  Path(ns)    Netlist Resource(s)
  -------------------------------------------------------------------    -------------------
                         (clock sys_clk rise edge)    0.000     0.000 r  <hidden>
    AL25                                              0.000     0.000 r  clk
                         net (fo=0)                   0.000     0.000    clk
    AL25                 IBUF (Prop_ibuf_I_O)         0.131     0.131 r  clk_IBUF_inst/O
                         net (fo=1, estimated)        1.178     1.309    clk_IBUF
    BUFGCTRL_X0Y0        BUFG (Prop_bufg_I_O)         0.026     1.335 r  clk_IBUF_BUFG_inst/O
                         net (fo=16647, estimated)    0.672     2.007    scratchpad_c/port_b/clk_IBUF_BUFG
    SLICE_X37Y101        FDRE                                         r  scratchpad_c/port_b/write_data_reg[5]/C
  -------------------------------------------------------------------    -------------------
    SLICE_X37Y101        FDRE (Prop_fdre_C_Q)         0.100     2.107 r  scratchpad_c/port_b/write_data_reg[5]/Q
                         net (fo=1, estimated)        0.232     2.340    scratchpad_c/bram_dp_dut/write_data[5]
    RAMB36_X2Y18         RAMB36E1                                     r  scratchpad_c/bram_dp_dut/data_reg_0/DIADI[5]
  -------------------------------------------------------------------    -------------------

                         (clock sys_clk rise edge)    0.000     0.000 r  <hidden>
    AL25                                              0.000     0.000 r  clk
                         net (fo=0)                   0.000     0.000    clk
    AL25                 IBUF (Prop_ibuf_I_O)         0.380     0.380 r  clk_IBUF_inst/O
                         net (fo=1, estimated)        1.240     1.620    clk_IBUF
    BUFGCTRL_X0Y0        BUFG (Prop_bufg_I_O)         0.030     1.650 r  clk_IBUF_BUFG_inst/O
                         net (fo=16647, estimated)    0.964     2.613    scratchpad_c/bram_dp_dut/clk_IBUF_BUFG
    RAMB36_X2Y18         RAMB36E1                                     r  scratchpad_c/bram_dp_dut/data_reg_0/CLKARDCLK
                         clock pessimism             -0.342     2.271    <hidden>
    RAMB36_X2Y18         RAMB36E1 (Hold_ramb36e1_CLKARDCLK_DIADI[5])
                                                      0.155     2.426    scratchpad_c/bram_dp_dut/data_reg_0
  -------------------------------------------------------------------
                         required time                         -2.426    <hidden>
                         arrival time                           2.340    <hidden>
  -------------------------------------------------------------------
                         slack                                 -0.086    <hidden>

Slack (VIOLATED) :        -0.082ns  (arrival time - required time)
  Source:                 vector_main_ixc/read_path/master_queue[0].response_tail_reg[1]/C
                            (rising edge-triggered cell FDRE clocked by sys_clk  {rise@0.000ns fall@2.500ns period=5.000ns})
  Destination:            vector_main_ixc/read_path/master_queue[0].response_addr_mem_reg_0_7_24_29/RAMA/WADR1
                            (rising edge-triggered cell RAMD32 clocked by sys_clk  {rise@0.000ns fall@2.500ns period=5.000ns})
  Path Group:             sys_clk
  Path Type:              Hold (Min at Fast Process Corner)
  Requirement:            0.000ns  (sys_clk rise@0.000ns - sys_clk rise@0.000ns)
  Data Path Delay:        0.447ns  (logic 0.100ns (22.389%)  route 0.347ns (77.611%))
  Logic Levels:           0  
  Clock Path Skew:        0.235ns (DCD - SCD - CPR)
    Destination Clock Delay (DCD):    2.585ns
    Source Clock Delay      (SCD):    2.007ns
    Clock Pessimism Removal (CPR):    0.342ns

    Location             Delay type                Incr(ns)  Path(ns)    Netlist Resource(s)
  -------------------------------------------------------------------    -------------------
                         (clock sys_clk rise edge)    0.000     0.000 r  <hidden>
    AL25                                              0.000     0.000 r  clk
                         net (fo=0)                   0.000     0.000    clk
    AL25                 IBUF (Prop_ibuf_I_O)         0.131     0.131 r  clk_IBUF_inst/O
                         net (fo=1, estimated)        1.178     1.309    clk_IBUF
    BUFGCTRL_X0Y0        BUFG (Prop_bufg_I_O)         0.026     1.335 r  clk_IBUF_BUFG_inst/O
                         net (fo=16647, estimated)    0.672     2.007    vector_main_ixc/read_path/clk_IBUF_BUFG
    SLICE_X37Y100        FDRE                                         r  vector_main_ixc/read_path/master_queue[0].response_tail_reg[1]/C
  -------------------------------------------------------------------    -------------------
    SLICE_X37Y100        FDRE (Prop_fdre_C_Q)         0.100     2.107 r  vector_main_ixc/read_path/master_queue[0].response_tail_reg[1]/Q
                         net (fo=232, estimated)      0.347     2.454    vector_main_ixc/read_path/master_queue[0].response_addr_mem_reg_0_7_24_29/ADDRD1
    SLICE_X38Y99         RAMD32                                       r  vector_main_ixc/read_path/master_queue[0].response_addr_mem_reg_0_7_24_29/RAMA/WADR1
  -------------------------------------------------------------------    -------------------

                         (clock sys_clk rise edge)    0.000     0.000 r  <hidden>
    AL25                                              0.000     0.000 r  clk
                         net (fo=0)                   0.000     0.000    clk
    AL25                 IBUF (Prop_ibuf_I_O)         0.380     0.380 r  clk_IBUF_inst/O
                         net (fo=1, estimated)        1.240     1.620    clk_IBUF
    BUFGCTRL_X0Y0        BUFG (Prop_bufg_I_O)         0.030     1.650 r  clk_IBUF_BUFG_inst/O
                         net (fo=16647, estimated)    0.935     2.585    vector_main_ixc/read_path/master_queue[0].response_addr_mem_reg_0_7_24_29/WCLK
    SLICE_X38Y99         RAMD32                                       r  vector_main_ixc/read_path/master_queue[0].response_addr_mem_reg_0_7_24_29/RAMA/CLK
                         clock pessimism             -0.342     2.242    <hidden>
    SLICE_X38Y99         RAMD32 (Hold_ramd32_CLK_WADR1)
                                                      0.294     2.536    vector_main_ixc/read_path/master_queue[0].response_addr_mem_reg_0_7_24_29/RAMA
  -------------------------------------------------------------------
                         required time                         -2.536    <hidden>
                         arrival time                           2.454    <hidden>
  -------------------------------------------------------------------
                         slack                                 -0.082    <hidden>

Slack (VIOLATED) :        -0.082ns  (arrival time - required time)
  Source:                 vector_main_ixc/read_path/master_queue[0].response_tail_reg[1]/C
                            (rising edge-triggered cell FDRE clocked by sys_clk  {rise@0.000ns fall@2.500ns period=5.000ns})
  Destination:            vector_main_ixc/read_path/master_queue[0].response_addr_mem_reg_0_7_24_29/RAMA_D1/WADR1
                            (rising edge-triggered cell RAMD32 clocked by sys_clk  {rise@0.000ns fall@2.500ns period=5.000ns})
  Path Group:             sys_clk
  Path Type:              Hold (Min at Fast Process Corner)
  Requirement:            0.000ns  (sys_clk rise@0.000ns - sys_clk rise@0.000ns)
  Data Path Delay:        0.447ns  (logic 0.100ns (22.389%)  route 0.347ns (77.611%))
  Logic Levels:           0  
  Clock Path Skew:        0.235ns (DCD - SCD - CPR)
    Destination Clock Delay (DCD):    2.585ns
    Source Clock Delay      (SCD):    2.007ns
    Clock Pessimism Removal (CPR):    0.342ns

    Location             Delay type                Incr(ns)  Path(ns)    Netlist Resource(s)
  -------------------------------------------------------------------    -------------------
                         (clock sys_clk rise edge)    0.000     0.000 r  <hidden>
    AL25                                              0.000     0.000 r  clk
                         net (fo=0)                   0.000     0.000    clk
    AL25                 IBUF (Prop_ibuf_I_O)         0.131     0.131 r  clk_IBUF_inst/O
                         net (fo=1, estimated)        1.178     1.309    clk_IBUF
    BUFGCTRL_X0Y0        BUFG (Prop_bufg_I_O)         0.026     1.335 r  clk_IBUF_BUFG_inst/O
                         net (fo=16647, estimated)    0.672     2.007    vector_main_ixc/read_path/clk_IBUF_BUFG
    SLICE_X37Y100        FDRE                                         r  vector_main_ixc/read_path/master_queue[0].response_tail_reg[1]/C
  -------------------------------------------------------------------    -------------------
    SLICE_X37Y100        FDRE (Prop_fdre_C_Q)         0.100     2.107 r  vector_main_ixc/read_path/master_queue[0].response_tail_reg[1]/Q
                         net (fo=232, estimated)      0.347     2.454    vector_main_ixc/read_path/master_queue[0].response_addr_mem_reg_0_7_24_29/ADDRD1
    SLICE_X38Y99         RAMD32                                       r  vector_main_ixc/read_path/master_queue[0].response_addr_mem_reg_0_7_24_29/RAMA_D1/WADR1
  -------------------------------------------------------------------    -------------------

                         (clock sys_clk rise edge)    0.000     0.000 r  <hidden>
    AL25                                              0.000     0.000 r  clk
                         net (fo=0)                   0.000     0.000    clk
    AL25                 IBUF (Prop_ibuf_I_O)         0.380     0.380 r  clk_IBUF_inst/O
                         net (fo=1, estimated)        1.240     1.620    clk_IBUF
    BUFGCTRL_X0Y0        BUFG (Prop_bufg_I_O)         0.030     1.650 r  clk_IBUF_BUFG_inst/O
                         net (fo=16647, estimated)    0.935     2.585    vector_main_ixc/read_path/master_queue[0].response_addr_mem_reg_0_7_24_29/WCLK
    SLICE_X38Y99         RAMD32                                       r  vector_main_ixc/read_path/master_queue[0].response_addr_mem_reg_0_7_24_29/RAMA_D1/CLK
                         clock pessimism             -0.342     2.242    <hidden>
    SLICE_X38Y99         RAMD32 (Hold_ramd32_CLK_WADR1)
                                                      0.294     2.536    vector_main_ixc/read_path/master_queue[0].response_addr_mem_reg_0_7_24_29/RAMA_D1
  -------------------------------------------------------------------
                         required time                         -2.536    <hidden>
                         arrival time                           2.454    <hidden>
  -------------------------------------------------------------------
                         slack                                 -0.082    <hidden>





Pulse Width Checks
--------------------------------------------------------------------------------------
Clock Name:         sys_clk
Waveform(ns):       { 0.000 2.500 }
Period(ns):         5.000
Sources:            { clk }

Check Type        Corner  Lib Pin             Reference Pin  Required(ns)  Actual(ns)  Slack(ns)  Location       Pin
Min Period        n/a     RAMB36E1/CLKARDCLK  n/a            2.095         5.000       2.905      RAMB36_X3Y15   bram_dp_stream_0/bram_dp_dut/data_reg/CLKARDCLK
Min Period        n/a     RAMB36E1/CLKBWRCLK  n/a            2.095         5.000       2.905      RAMB36_X3Y15   bram_dp_stream_0/bram_dp_dut/data_reg/CLKBWRCLK
Min Period        n/a     RAMB36E1/CLKARDCLK  n/a            2.095         5.000       2.905      RAMB36_X3Y16   scratchpad_a/bram_dp_dut/data_reg_0/CLKARDCLK
Min Period        n/a     RAMB36E1/CLKBWRCLK  n/a            2.095         5.000       2.905      RAMB36_X3Y16   scratchpad_a/bram_dp_dut/data_reg_0/CLKBWRCLK
Min Period        n/a     RAMB36E1/CLKARDCLK  n/a            2.095         5.000       2.905      RAMB36_X4Y18   scratchpad_a/bram_dp_dut/data_reg_1/CLKARDCLK
Min Period        n/a     RAMB36E1/CLKBWRCLK  n/a            2.095         5.000       2.905      RAMB36_X4Y18   scratchpad_a/bram_dp_dut/data_reg_1/CLKBWRCLK
Min Period        n/a     RAMB36E1/CLKARDCLK  n/a            2.095         5.000       2.905      RAMB36_X5Y18   scratchpad_a/bram_dp_dut/data_reg_2/CLKARDCLK
Min Period        n/a     RAMB36E1/CLKBWRCLK  n/a            2.095         5.000       2.905      RAMB36_X5Y18   scratchpad_a/bram_dp_dut/data_reg_2/CLKBWRCLK
Min Period        n/a     RAMB36E1/CLKARDCLK  n/a            2.095         5.000       2.905      RAMB36_X5Y16   scratchpad_a/bram_dp_dut/data_reg_3/CLKARDCLK
Min Period        n/a     RAMB36E1/CLKBWRCLK  n/a            2.095         5.000       2.905      RAMB36_X5Y16   scratchpad_a/bram_dp_dut/data_reg_3/CLKBWRCLK
Min Period        n/a     RAMB36E1/CLKARDCLK  n/a            2.095         5.000       2.905      RAMB36_X2Y18   scratchpad_c/bram_dp_dut/data_reg_0/CLKARDCLK
Min Period        n/a     RAMB36E1/CLKBWRCLK  n/a            2.095         5.000       2.905      RAMB36_X2Y18   scratchpad_c/bram_dp_dut/data_reg_0/CLKBWRCLK
Min Period        n/a     RAMB36E1/CLKARDCLK  n/a            2.095         5.000       2.905      RAMB36_X3Y21   scratchpad_c/bram_dp_dut/data_reg_1/CLKARDCLK
Min Period        n/a     RAMB36E1/CLKBWRCLK  n/a            2.095         5.000       2.905      RAMB36_X3Y21   scratchpad_c/bram_dp_dut/data_reg_1/CLKBWRCLK
Min Period        n/a     RAMB36E1/CLKARDCLK  n/a            2.095         5.000       2.905      RAMB36_X5Y21   scratchpad_c/bram_dp_dut/data_reg_2/CLKARDCLK
Min Period        n/a     RAMB36E1/CLKBWRCLK  n/a            2.095         5.000       2.905      RAMB36_X5Y21   scratchpad_c/bram_dp_dut/data_reg_2/CLKBWRCLK
Min Period        n/a     RAMB36E1/CLKARDCLK  n/a            2.095         5.000       2.905      RAMB36_X5Y19   scratchpad_c/bram_dp_dut/data_reg_3/CLKARDCLK
Min Period        n/a     RAMB36E1/CLKBWRCLK  n/a            2.095         5.000       2.905      RAMB36_X5Y19   scratchpad_c/bram_dp_dut/data_reg_3/CLKBWRCLK
Min Period        n/a     BUFG/I              n/a            1.408         5.000       3.591      BUFGCTRL_X0Y0  clk_IBUF_BUFG_inst/I
Min Period        n/a     FDRE/C              n/a            0.750         5.000       4.250      SLICE_X21Y79   alu_a_dma/dma_control_dut/FSM_sequential_issue_fsm_state_reg[1]/C
Low Pulse Width   Slow    RAMD32/CLK          n/a            0.768         2.500       1.732      SLICE_X16Y82   vector_main_ixc/read_path/master_queue[0].addr_mem_reg_0_3_0_5/RAMA/CLK
Low Pulse Width   Fast    RAMD32/CLK          n/a            0.768         2.500       1.732      SLICE_X16Y82   vector_main_ixc/read_path/master_queue[0].addr_mem_reg_0_3_0_5/RAMA/CLK
Low Pulse Width   Slow    RAMD32/CLK          n/a            0.768         2.500       1.732      SLICE_X16Y82   vector_main_ixc/read_path/master_queue[0].addr_mem_reg_0_3_0_5/RAMA_D1/CLK
Low Pulse Width   Fast    RAMD32/CLK          n/a            0.768         2.500       1.732      SLICE_X16Y82   vector_main_ixc/read_path/master_queue[0].addr_mem_reg_0_3_0_5/RAMA_D1/CLK
Low Pulse Width   Slow    RAMD32/CLK          n/a            0.768         2.500       1.732      SLICE_X16Y82   vector_main_ixc/read_path/master_queue[0].addr_mem_reg_0_3_0_5/RAMB/CLK
Low Pulse Width   Fast    RAMD32/CLK          n/a            0.768         2.500       1.732      SLICE_X16Y82   vector_main_ixc/read_path/master_queue[0].addr_mem_reg_0_3_0_5/RAMB/CLK
Low Pulse Width   Slow    RAMD32/CLK          n/a            0.768         2.500       1.732      SLICE_X16Y82   vector_main_ixc/read_path/master_queue[0].addr_mem_reg_0_3_0_5/RAMB_D1/CLK
Low Pulse Width   Fast    RAMD32/CLK          n/a            0.768         2.500       1.732      SLICE_X16Y82   vector_main_ixc/read_path/master_queue[0].addr_mem_reg_0_3_0_5/RAMB_D1/CLK
Low Pulse Width   Slow    RAMD32/CLK          n/a            0.768         2.500       1.732      SLICE_X16Y82   vector_main_ixc/read_path/master_queue[0].addr_mem_reg_0_3_0_5/RAMC/CLK
Low Pulse Width   Fast    RAMD32/CLK          n/a            0.768         2.500       1.732      SLICE_X16Y82   vector_main_ixc/read_path/master_queue[0].addr_mem_reg_0_3_0_5/RAMC/CLK
Low Pulse Width   Slow    RAMD32/CLK          n/a            0.768         2.500       1.732      SLICE_X16Y82   vector_main_ixc/read_path/master_queue[0].addr_mem_reg_0_3_0_5/RAMC_D1/CLK
Low Pulse Width   Fast    RAMD32/CLK          n/a            0.768         2.500       1.732      SLICE_X16Y82   vector_main_ixc/read_path/master_queue[0].addr_mem_reg_0_3_0_5/RAMC_D1/CLK
Low Pulse Width   Slow    RAMS32/CLK          n/a            0.768         2.500       1.732      SLICE_X16Y82   vector_main_ixc/read_path/master_queue[0].addr_mem_reg_0_3_0_5/RAMD/CLK
Low Pulse Width   Fast    RAMS32/CLK          n/a            0.768         2.500       1.732      SLICE_X16Y82   vector_main_ixc/read_path/master_queue[0].addr_mem_reg_0_3_0_5/RAMD/CLK
Low Pulse Width   Slow    RAMS32/CLK          n/a            0.768         2.500       1.732      SLICE_X16Y82   vector_main_ixc/read_path/master_queue[0].addr_mem_reg_0_3_0_5/RAMD_D1/CLK
Low Pulse Width   Fast    RAMS32/CLK          n/a            0.768         2.500       1.732      SLICE_X16Y82   vector_main_ixc/read_path/master_queue[0].addr_mem_reg_0_3_0_5/RAMD_D1/CLK
Low Pulse Width   Slow    RAMD32/CLK          n/a            0.768         2.500       1.732      SLICE_X16Y84   vector_main_ixc/read_path/master_queue[0].addr_mem_reg_0_3_12_17/RAMA/CLK
Low Pulse Width   Fast    RAMD32/CLK          n/a            0.768         2.500       1.732      SLICE_X16Y84   vector_main_ixc/read_path/master_queue[0].addr_mem_reg_0_3_12_17/RAMA/CLK
Low Pulse Width   Slow    RAMD32/CLK          n/a            0.768         2.500       1.732      SLICE_X16Y84   vector_main_ixc/read_path/master_queue[0].addr_mem_reg_0_3_12_17/RAMA_D1/CLK
Low Pulse Width   Fast    RAMD32/CLK          n/a            0.768         2.500       1.732      SLICE_X16Y84   vector_main_ixc/read_path/master_queue[0].addr_mem_reg_0_3_12_17/RAMA_D1/CLK
High Pulse Width  Slow    RAMD32/CLK          n/a            0.768         2.500       1.732      SLICE_X16Y82   vector_main_ixc/read_path/master_queue[0].addr_mem_reg_0_3_0_5/RAMA/CLK
High Pulse Width  Fast    RAMD32/CLK          n/a            0.768         2.500       1.732      SLICE_X16Y82   vector_main_ixc/read_path/master_queue[0].addr_mem_reg_0_3_0_5/RAMA/CLK
High Pulse Width  Slow    RAMD32/CLK          n/a            0.768         2.500       1.732      SLICE_X16Y82   vector_main_ixc/read_path/master_queue[0].addr_mem_reg_0_3_0_5/RAMA_D1/CLK
High Pulse Width  Fast    RAMD32/CLK          n/a            0.768         2.500       1.732      SLICE_X16Y82   vector_main_ixc/read_path/master_queue[0].addr_mem_reg_0_3_0_5/RAMA_D1/CLK
High Pulse Width  Slow    RAMD32/CLK          n/a            0.768         2.500       1.732      SLICE_X16Y82   vector_main_ixc/read_path/master_queue[0].addr_mem_reg_0_3_0_5/RAMB/CLK
High Pulse Width  Fast    RAMD32/CLK          n/a            0.768         2.500       1.732      SLICE_X16Y82   vector_main_ixc/read_path/master_queue[0].addr_mem_reg_0_3_0_5/RAMB/CLK
High Pulse Width  Slow    RAMD32/CLK          n/a            0.768         2.500       1.732      SLICE_X16Y82   vector_main_ixc/read_path/master_queue[0].addr_mem_reg_0_3_0_5/RAMB_D1/CLK
High Pulse Width  Fast    RAMD32/CLK          n/a            0.768         2.500       1.732      SLICE_X16Y82   vector_main_ixc/read_path/master_queue[0].addr_mem_reg_0_3_0_5/RAMB_D1/CLK
High Pulse Width  Slow    RAMD32/CLK          n/a            0.768         2.500       1.732      SLICE_X16Y82   vector_main_ixc/read_path/master_queue[0].addr_mem_reg_0_3_0_5/RAMC/CLK
High Pulse Width  Fast    RAMD32/CLK          n/a            0.768         2.500       1.732      SLICE_X16Y82   vector_main_ixc/read_path/master_queue[0].addr_mem_reg_0_3_0_5/RAMC/CLK
High Pulse Width  Slow    RAMD32/CLK          n/a            0.768         2.500       1.732      SLICE_X16Y82   vector_main_ixc/read_path/master_queue[0].addr_mem_reg_0_3_0_5/RAMC_D1/CLK
High Pulse Width  Fast    RAMD32/CLK          n/a            0.768         2.500       1.732      SLICE_X16Y82   vector_main_ixc/read_path/master_queue[0].addr_mem_reg_0_3_0_5/RAMC_D1/CLK
High Pulse Width  Slow    RAMS32/CLK          n/a            0.768         2.500       1.732      SLICE_X16Y82   vector_main_ixc/read_path/master_queue[0].addr_mem_reg_0_3_0_5/RAMD/CLK
High Pulse Width  Fast    RAMS32/CLK          n/a            0.768         2.500       1.732      SLICE_X16Y82   vector_main_ixc/read_path/master_queue[0].addr_mem_reg_0_3_0_5/RAMD/CLK
High Pulse Width  Slow    RAMS32/CLK          n/a            0.768         2.500       1.732      SLICE_X16Y82   vector_main_ixc/read_path/master_queue[0].addr_mem_reg_0_3_0_5/RAMD_D1/CLK
High Pulse Width  Fast    RAMS32/CLK          n/a            0.768         2.500       1.732      SLICE_X16Y82   vector_main_ixc/read_path/master_queue[0].addr_mem_reg_0_3_0_5/RAMD_D1/CLK
High Pulse Width  Slow    RAMD32/CLK          n/a            0.768         2.500       1.732      SLICE_X16Y84   vector_main_ixc/read_path/master_queue[0].addr_mem_reg_0_3_12_17/RAMA/CLK
High Pulse Width  Fast    RAMD32/CLK          n/a            0.768         2.500       1.732      SLICE_X16Y84   vector_main_ixc/read_path/master_queue[0].addr_mem_reg_0_3_12_17/RAMA/CLK
High Pulse Width  Slow    RAMD32/CLK          n/a            0.768         2.500       1.732      SLICE_X16Y84   vector_main_ixc/read_path/master_queue[0].addr_mem_reg_0_3_12_17/RAMA_D1/CLK
High Pulse Width  Fast    RAMD32/CLK          n/a            0.768         2.500       1.732      SLICE_X16Y84   vector_main_ixc/read_path/master_queue[0].addr_mem_reg_0_3_12_17/RAMA_D1/CLK



--------------------------------------------------------------------------------------
Path Group:  (none)
From Clock:  
  To Clock:  

Max Delay             3 Endpoints
Min Delay             3 Endpoints
--------------------------------------------------------------------------------------


Max Delay Paths
--------------------------------------------------------------------------------------
Slack:                    inf
  Source:                 rst_n
                            (input port)
  Destination:            write_req\\.ready
                            (output port)
  Path Group:             (none)
  Path Type:              Max at Slow Process Corner
  Data Path Delay:        7.759ns  (logic 3.406ns (43.900%)  route 4.353ns (56.100%))
  Logic Levels:           3  (IBUF=1 LUT2=1 OBUF=1)

    Location             Delay type                Incr(ns)  Path(ns)    Netlist Resource(s)
  -------------------------------------------------------------------    -------------------
    AN28                                              0.000     0.000 r  rst_n
                         net (fo=0)                   0.000     0.000    rst_n
    AN28                 IBUF (Prop_ibuf_I_O)         0.819     0.819 r  rst_n_IBUF_inst/O
                         net (fo=185, estimated)      2.067     2.886    vector_main_ixc/control/rst_n_IBUF
    SLICE_X48Y73         LUT2 (Prop_lut2_I0_O)        0.051     2.937 r  vector_main_ixc/control/write_req\\.ready_INST_0_i_1/O
                         net (fo=1, estimated)        2.286     5.223    vector_main_ixc_n_961
    AN23                 OBUF (Prop_obuf_I_O)         2.536     7.759 r  write_req\\.ready_INST_0/O
                         net (fo=0)                   0.000     7.759    write_req\\.ready
    AN23                                                              r  write_req\\.ready
  -------------------------------------------------------------------    -------------------

Slack:                    inf
  Source:                 rst_n
                            (input port)
  Destination:            read_rsp\\.valid
                            (output port)
  Path Group:             (none)
  Path Type:              Max at Slow Process Corner
  Data Path Delay:        7.076ns  (logic 3.401ns (48.062%)  route 3.675ns (51.938%))
  Logic Levels:           3  (IBUF=1 LUT5=1 OBUF=1)

    Location             Delay type                Incr(ns)  Path(ns)    Netlist Resource(s)
  -------------------------------------------------------------------    -------------------
    AN28                                              0.000     0.000 r  rst_n
                         net (fo=0)                   0.000     0.000    rst_n
    AN28                 IBUF (Prop_ibuf_I_O)         0.819     0.819 r  rst_n_IBUF_inst/O
                         net (fo=185, estimated)      1.858     2.677    vector_main_ixc/read_path/rst_n_IBUF
    SLICE_X31Y99         LUT5 (Prop_lut5_I0_O)        0.049     2.726 r  vector_main_ixc/read_path/read_rsp\\.valid_INST_0_i_1/O
                         net (fo=1, estimated)        1.817     4.543    vector_main_ixc_n_139
    AN24                 OBUF (Prop_obuf_I_O)         2.532     7.076 r  read_rsp\\.valid_INST_0/O
                         net (fo=0)                   0.000     7.076    read_rsp\\.valid
    AN24                                                              r  read_rsp\\.valid
  -------------------------------------------------------------------    -------------------

Slack:                    inf
  Source:                 rst_n
                            (input port)
  Destination:            read_req\\.ready
                            (output port)
  Path Group:             (none)
  Path Type:              Max at Slow Process Corner
  Data Path Delay:        6.641ns  (logic 3.413ns (51.394%)  route 3.228ns (48.606%))
  Logic Levels:           3  (IBUF=1 LUT2=1 OBUF=1)

    Location             Delay type                Incr(ns)  Path(ns)    Netlist Resource(s)
  -------------------------------------------------------------------    -------------------
    AN28                                              0.000     0.000 r  rst_n
                         net (fo=0)                   0.000     0.000    rst_n
    AN28                 IBUF (Prop_ibuf_I_O)         0.819     0.819 r  rst_n_IBUF_inst/O
                         net (fo=185, estimated)      1.622     2.441    vector_main_ixc/read_path/rst_n_IBUF
    SLICE_X24Y99         LUT2 (Prop_lut2_I0_O)        0.049     2.490 r  vector_main_ixc/read_path/read_req\\.ready_INST_0_i_1/O
                         net (fo=1, estimated)        1.606     4.096    vector_main_ixc_n_137
    AP24                 OBUF (Prop_obuf_I_O)         2.545     6.641 r  read_req\\.ready_INST_0/O
                         net (fo=0)                   0.000     6.641    read_req\\.ready
    AP24                                                              r  read_req\\.ready
  -------------------------------------------------------------------    -------------------





Min Delay Paths
--------------------------------------------------------------------------------------
Slack:                    inf
  Source:                 rst_n
                            (input port)
  Destination:            read_req\\.ready
                            (output port)
  Path Group:             (none)
  Path Type:              Min at Fast Process Corner
  Data Path Delay:        3.208ns  (logic 1.608ns (50.108%)  route 1.601ns (49.892%))
  Logic Levels:           3  (IBUF=1 LUT2=1 OBUF=1)

    Location             Delay type                Incr(ns)  Path(ns)    Netlist Resource(s)
  -------------------------------------------------------------------    -------------------
    AN28                                              0.000     0.000 r  rst_n
                         net (fo=0)                   0.000     0.000    rst_n
    AN28                 IBUF (Prop_ibuf_I_O)         0.161     0.161 r  rst_n_IBUF_inst/O
                         net (fo=185, estimated)      0.804     0.965    vector_main_ixc/read_path/rst_n_IBUF
    SLICE_X24Y99         LUT2 (Prop_lut2_I0_O)        0.031     0.996 r  vector_main_ixc/read_path/read_req\\.ready_INST_0_i_1/O
                         net (fo=1, estimated)        0.796     1.792    vector_main_ixc_n_137
    AP24                 OBUF (Prop_obuf_I_O)         1.416     3.208 r  read_req\\.ready_INST_0/O
                         net (fo=0)                   0.000     3.208    read_req\\.ready
    AP24                                                              r  read_req\\.ready
  -------------------------------------------------------------------    -------------------

Slack:                    inf
  Source:                 rst_n
                            (input port)
  Destination:            read_rsp\\.valid
                            (output port)
  Path Group:             (none)
  Path Type:              Min at Fast Process Corner
  Data Path Delay:        3.418ns  (logic 1.596ns (46.680%)  route 1.822ns (53.320%))
  Logic Levels:           3  (IBUF=1 LUT5=1 OBUF=1)

    Location             Delay type                Incr(ns)  Path(ns)    Netlist Resource(s)
  -------------------------------------------------------------------    -------------------
    AN28                                              0.000     0.000 r  rst_n
                         net (fo=0)                   0.000     0.000    rst_n
    AN28                 IBUF (Prop_ibuf_I_O)         0.161     0.161 r  rst_n_IBUF_inst/O
                         net (fo=185, estimated)      0.921     1.082    vector_main_ixc/read_path/rst_n_IBUF
    SLICE_X31Y99         LUT5 (Prop_lut5_I0_O)        0.031     1.113 r  vector_main_ixc/read_path/read_rsp\\.valid_INST_0_i_1/O
                         net (fo=1, estimated)        0.901     2.014    vector_main_ixc_n_139
    AN24                 OBUF (Prop_obuf_I_O)         1.404     3.418 r  read_rsp\\.valid_INST_0/O
                         net (fo=0)                   0.000     3.418    read_rsp\\.valid
    AN24                                                              r  read_rsp\\.valid
  -------------------------------------------------------------------    -------------------

Slack:                    inf
  Source:                 rst_n
                            (input port)
  Destination:            write_req\\.ready
                            (output port)
  Path Group:             (none)
  Path Type:              Min at Fast Process Corner
  Data Path Delay:        3.755ns  (logic 1.596ns (42.508%)  route 2.159ns (57.492%))
  Logic Levels:           3  (IBUF=1 LUT2=1 OBUF=1)

    Location             Delay type                Incr(ns)  Path(ns)    Netlist Resource(s)
  -------------------------------------------------------------------    -------------------
    AN28                                              0.000     0.000 r  rst_n
                         net (fo=0)                   0.000     0.000    rst_n
    AN28                 IBUF (Prop_ibuf_I_O)         0.161     0.161 r  rst_n_IBUF_inst/O
                         net (fo=185, estimated)      1.025     1.186    vector_main_ixc/control/rst_n_IBUF
    SLICE_X48Y73         LUT2 (Prop_lut2_I0_O)        0.027     1.213 r  vector_main_ixc/control/write_req\\.ready_INST_0_i_1/O
                         net (fo=1, estimated)        1.134     2.346    vector_main_ixc_n_961
    AN23                 OBUF (Prop_obuf_I_O)         1.408     3.755 r  write_req\\.ready_INST_0/O
                         net (fo=0)                   0.000     3.755    write_req\\.ready
    AN23                                                              r  write_req\\.ready
  -------------------------------------------------------------------    -------------------





--------------------------------------------------------------------------------------
Path Group:  (none)
From Clock:  sys_clk
  To Clock:  

Max Delay           171 Endpoints
Min Delay           171 Endpoints
--------------------------------------------------------------------------------------


Max Delay Paths
--------------------------------------------------------------------------------------
Slack:                    inf
  Source:                 vector_main_ixc/read_path/master_queue[0].response_head_reg[0]/C
                            (rising edge-triggered cell FDRE clocked by sys_clk  {rise@0.000ns fall@2.500ns period=5.000ns})
  Destination:            read_rsp\\.data[118]
                            (output port)
  Path Group:             (none)
  Path Type:              Max at Slow Process Corner
  Data Path Delay:        7.941ns  (logic 2.722ns (34.277%)  route 5.219ns (65.723%))
  Logic Levels:           2  (OBUF=1 RAMD32=1)
  Clock Uncertainty:      0.025ns  ((TSJ^2 + TIJ^2)^1/2 + DJ) / 2 + PE
    Total System Jitter     (TSJ):    0.050ns
    Total Input Jitter      (TIJ):    0.000ns
    Discrete Jitter          (DJ):    0.000ns
    Phase Error              (PE):    0.000ns

    Location             Delay type                Incr(ns)  Path(ns)    Netlist Resource(s)
  -------------------------------------------------------------------    -------------------
                         (clock sys_clk rise edge)    0.000     0.000 r  <hidden>
    AL25                                              0.000     0.000 r  clk
                         net (fo=0)                   0.000     0.000    clk
    AL25                 IBUF (Prop_ibuf_I_O)         0.790     0.790 r  clk_IBUF_inst/O
                         net (fo=1, estimated)        2.376     3.166    clk_IBUF
    BUFGCTRL_X0Y0        BUFG (Prop_bufg_I_O)         0.093     3.259 r  clk_IBUF_BUFG_inst/O
                         net (fo=16647, estimated)    1.528     4.787    vector_main_ixc/read_path/clk_IBUF_BUFG
    SLICE_X34Y102        FDRE                                         r  vector_main_ixc/read_path/master_queue[0].response_head_reg[0]/C
  -------------------------------------------------------------------    -------------------
    SLICE_X34Y102        FDRE (Prop_fdre_C_Q)         0.223     5.010 r  vector_main_ixc/read_path/master_queue[0].response_head_reg[0]/Q
                         net (fo=173, estimated)      1.198     6.208    vector_main_ixc/read_path/master_queue[0].response_mem_reg_0_7_114_119/ADDRC0
    SLICE_X54Y104        RAMD32 (Prop_ramd32_RADR0_O)
                                                      0.046     6.254 r  vector_main_ixc/read_path/master_queue[0].response_mem_reg_0_7_114_119/RAMC/O
                         net (fo=1, estimated)        4.021    10.275    read_rsp\\.data_OBUF[118]
    R24                  OBUF (Prop_obuf_I_O)         2.453    12.727 r  read_rsp\\.data[118]_INST_0/O
                         net (fo=0)                   0.000    12.727    read_rsp\\.data[118]
    R24                                                               r  read_rsp\\.data[118]
  -------------------------------------------------------------------    -------------------

Slack:                    inf
  Source:                 vector_main_ixc/read_path/master_queue[0].response_head_reg[1]/C
                            (rising edge-triggered cell FDRE clocked by sys_clk  {rise@0.000ns fall@2.500ns period=5.000ns})
  Destination:            read_rsp\\.data[127]
                            (output port)
  Path Group:             (none)
  Path Type:              Max at Slow Process Corner
  Data Path Delay:        7.932ns  (logic 2.730ns (34.420%)  route 5.202ns (65.580%))
  Logic Levels:           2  (OBUF=1 RAMD32=1)
  Clock Uncertainty:      0.025ns  ((TSJ^2 + TIJ^2)^1/2 + DJ) / 2 + PE
    Total System Jitter     (TSJ):    0.050ns
    Total Input Jitter      (TIJ):    0.000ns
    Discrete Jitter          (DJ):    0.000ns
    Phase Error              (PE):    0.000ns

    Location             Delay type                Incr(ns)  Path(ns)    Netlist Resource(s)
  -------------------------------------------------------------------    -------------------
                         (clock sys_clk rise edge)    0.000     0.000 r  <hidden>
    AL25                                              0.000     0.000 r  clk
                         net (fo=0)                   0.000     0.000    clk
    AL25                 IBUF (Prop_ibuf_I_O)         0.790     0.790 r  clk_IBUF_inst/O
                         net (fo=1, estimated)        2.376     3.166    clk_IBUF
    BUFGCTRL_X0Y0        BUFG (Prop_bufg_I_O)         0.093     3.259 r  clk_IBUF_BUFG_inst/O
                         net (fo=16647, estimated)    1.528     4.787    vector_main_ixc/read_path/clk_IBUF_BUFG
    SLICE_X34Y102        FDRE                                         r  vector_main_ixc/read_path/master_queue[0].response_head_reg[1]/C
  -------------------------------------------------------------------    -------------------
    SLICE_X34Y102        FDRE (Prop_fdre_C_Q)         0.223     5.010 r  vector_main_ixc/read_path/master_queue[0].response_head_reg[1]/Q
                         net (fo=172, estimated)      1.141     6.151    vector_main_ixc/read_path/master_queue[0].response_mem_reg_0_7_126_127__0/DPRA1
    SLICE_X52Y105        RAMD32 (Prop_ramd32_RADR1_O)
                                                      0.046     6.197 r  vector_main_ixc/read_path/master_queue[0].response_mem_reg_0_7_126_127__0/DP/O
                         net (fo=1, estimated)        4.061    10.258    read_rsp\\.data_OBUF[127]
    M28                  OBUF (Prop_obuf_I_O)         2.461    12.719 r  read_rsp\\.data[127]_INST_0/O
                         net (fo=0)                   0.000    12.719    read_rsp\\.data[127]
    M28                                                               r  read_rsp\\.data[127]
  -------------------------------------------------------------------    -------------------

Slack:                    inf
  Source:                 vector_main_ixc/read_path/master_queue[0].response_head_reg[0]/C
                            (rising edge-triggered cell FDRE clocked by sys_clk  {rise@0.000ns fall@2.500ns period=5.000ns})
  Destination:            read_rsp\\.data[119]
                            (output port)
  Path Group:             (none)
  Path Type:              Max at Slow Process Corner
  Data Path Delay:        7.836ns  (logic 2.642ns (33.715%)  route 5.194ns (66.285%))
  Logic Levels:           2  (OBUF=1 RAMD32=1)
  Clock Uncertainty:      0.025ns  ((TSJ^2 + TIJ^2)^1/2 + DJ) / 2 + PE
    Total System Jitter     (TSJ):    0.050ns
    Total Input Jitter      (TIJ):    0.000ns
    Discrete Jitter          (DJ):    0.000ns
    Phase Error              (PE):    0.000ns

    Location             Delay type                Incr(ns)  Path(ns)    Netlist Resource(s)
  -------------------------------------------------------------------    -------------------
                         (clock sys_clk rise edge)    0.000     0.000 r  <hidden>
    AL25                                              0.000     0.000 r  clk
                         net (fo=0)                   0.000     0.000    clk
    AL25                 IBUF (Prop_ibuf_I_O)         0.790     0.790 r  clk_IBUF_inst/O
                         net (fo=1, estimated)        2.376     3.166    clk_IBUF
    BUFGCTRL_X0Y0        BUFG (Prop_bufg_I_O)         0.093     3.259 r  clk_IBUF_BUFG_inst/O
                         net (fo=16647, estimated)    1.528     4.787    vector_main_ixc/read_path/clk_IBUF_BUFG
    SLICE_X34Y102        FDRE                                         r  vector_main_ixc/read_path/master_queue[0].response_head_reg[0]/C
  -------------------------------------------------------------------    -------------------
    SLICE_X34Y102        FDRE (Prop_fdre_C_Q)         0.223     5.010 r  vector_main_ixc/read_path/master_queue[0].response_head_reg[0]/Q
                         net (fo=173, estimated)      1.198     6.208    vector_main_ixc/read_path/master_queue[0].response_mem_reg_0_7_114_119/ADDRC0
    SLICE_X54Y104        RAMD32 (Prop_ramd32_RADR0_O)
                                                      0.043     6.251 r  vector_main_ixc/read_path/master_queue[0].response_mem_reg_0_7_114_119/RAMC_D1/O
                         net (fo=1, estimated)        3.996    10.247    read_rsp\\.data_OBUF[119]
    P26                  OBUF (Prop_obuf_I_O)         2.376    12.622 r  read_rsp\\.data[119]_INST_0/O
                         net (fo=0)                   0.000    12.622    read_rsp\\.data[119]
    P26                                                               r  read_rsp\\.data[119]
  -------------------------------------------------------------------    -------------------

Slack:                    inf
  Source:                 vector_main_ixc/read_path/master_queue[0].response_head_reg[1]/C
                            (rising edge-triggered cell FDRE clocked by sys_clk  {rise@0.000ns fall@2.500ns period=5.000ns})
  Destination:            read_rsp\\.data[116]
                            (output port)
  Path Group:             (none)
  Path Type:              Max at Slow Process Corner
  Data Path Delay:        7.828ns  (logic 2.706ns (34.571%)  route 5.122ns (65.429%))
  Logic Levels:           2  (OBUF=1 RAMD32=1)
  Clock Uncertainty:      0.025ns  ((TSJ^2 + TIJ^2)^1/2 + DJ) / 2 + PE
    Total System Jitter     (TSJ):    0.050ns
    Total Input Jitter      (TIJ):    0.000ns
    Discrete Jitter          (DJ):    0.000ns
    Phase Error              (PE):    0.000ns

    Location             Delay type                Incr(ns)  Path(ns)    Netlist Resource(s)
  -------------------------------------------------------------------    -------------------
                         (clock sys_clk rise edge)    0.000     0.000 r  <hidden>
    AL25                                              0.000     0.000 r  clk
                         net (fo=0)                   0.000     0.000    clk
    AL25                 IBUF (Prop_ibuf_I_O)         0.790     0.790 r  clk_IBUF_inst/O
                         net (fo=1, estimated)        2.376     3.166    clk_IBUF
    BUFGCTRL_X0Y0        BUFG (Prop_bufg_I_O)         0.093     3.259 r  clk_IBUF_BUFG_inst/O
                         net (fo=16647, estimated)    1.528     4.787    vector_main_ixc/read_path/clk_IBUF_BUFG
    SLICE_X34Y102        FDRE                                         r  vector_main_ixc/read_path/master_queue[0].response_head_reg[1]/C
  -------------------------------------------------------------------    -------------------
    SLICE_X34Y102        FDRE (Prop_fdre_C_Q)         0.223     5.010 r  vector_main_ixc/read_path/master_queue[0].response_head_reg[1]/Q
                         net (fo=172, estimated)      1.186     6.196    vector_main_ixc/read_path/master_queue[0].response_mem_reg_0_7_114_119/ADDRB1
    SLICE_X54Y104        RAMD32 (Prop_ramd32_RADR1_O)
                                                      0.051     6.247 r  vector_main_ixc/read_path/master_queue[0].response_mem_reg_0_7_114_119/RAMB/O
                         net (fo=1, estimated)        3.936    10.183    read_rsp\\.data_OBUF[116]
    R26                  OBUF (Prop_obuf_I_O)         2.432    12.615 r  read_rsp\\.data[116]_INST_0/O
                         net (fo=0)                   0.000    12.615    read_rsp\\.data[116]
    R26                                                               r  read_rsp\\.data[116]
  -------------------------------------------------------------------    -------------------

Slack:                    inf
  Source:                 vector_main_ixc/read_path/master_queue[0].response_head_reg[1]/C
                            (rising edge-triggered cell FDRE clocked by sys_clk  {rise@0.000ns fall@2.500ns period=5.000ns})
  Destination:            read_rsp\\.data[112]
                            (output port)
  Path Group:             (none)
  Path Type:              Max at Slow Process Corner
  Data Path Delay:        7.827ns  (logic 2.703ns (34.533%)  route 5.124ns (65.467%))
  Logic Levels:           2  (OBUF=1 RAMD32=1)
  Clock Uncertainty:      0.025ns  ((TSJ^2 + TIJ^2)^1/2 + DJ) / 2 + PE
    Total System Jitter     (TSJ):    0.050ns
    Total Input Jitter      (TIJ):    0.000ns
    Discrete Jitter          (DJ):    0.000ns
    Phase Error              (PE):    0.000ns

    Location             Delay type                Incr(ns)  Path(ns)    Netlist Resource(s)
  -------------------------------------------------------------------    -------------------
                         (clock sys_clk rise edge)    0.000     0.000 r  <hidden>
    AL25                                              0.000     0.000 r  clk
                         net (fo=0)                   0.000     0.000    clk
    AL25                 IBUF (Prop_ibuf_I_O)         0.790     0.790 r  clk_IBUF_inst/O
                         net (fo=1, estimated)        2.376     3.166    clk_IBUF
    BUFGCTRL_X0Y0        BUFG (Prop_bufg_I_O)         0.093     3.259 r  clk_IBUF_BUFG_inst/O
                         net (fo=16647, estimated)    1.528     4.787    vector_main_ixc/read_path/clk_IBUF_BUFG
    SLICE_X34Y102        FDRE                                         r  vector_main_ixc/read_path/master_queue[0].response_head_reg[1]/C
  -------------------------------------------------------------------    -------------------
    SLICE_X34Y102        FDRE (Prop_fdre_C_Q)         0.223     5.010 r  vector_main_ixc/read_path/master_queue[0].response_head_reg[1]/Q
                         net (fo=172, estimated)      1.186     6.196    vector_main_ixc/read_path/master_queue[0].response_mem_reg_0_7_108_113/ADDRC1
    SLICE_X54Y103        RAMD32 (Prop_ramd32_RADR1_O)
                                                      0.046     6.242 r  vector_main_ixc/read_path/master_queue[0].response_mem_reg_0_7_108_113/RAMC/O
                         net (fo=1, estimated)        3.938    10.180    read_rsp\\.data_OBUF[112]
    U25                  OBUF (Prop_obuf_I_O)         2.434    12.613 r  read_rsp\\.data[112]_INST_0/O
                         net (fo=0)                   0.000    12.613    read_rsp\\.data[112]
    U25                                                               r  read_rsp\\.data[112]
  -------------------------------------------------------------------    -------------------

Slack:                    inf
  Source:                 vector_main_ixc/read_path/master_queue[0].response_head_reg[1]/C
                            (rising edge-triggered cell FDRE clocked by sys_clk  {rise@0.000ns fall@2.500ns period=5.000ns})
  Destination:            read_rsp\\.data[126]
                            (output port)
  Path Group:             (none)
  Path Type:              Max at Slow Process Corner
  Data Path Delay:        7.821ns  (logic 2.623ns (33.541%)  route 5.198ns (66.459%))
  Logic Levels:           2  (OBUF=1 RAMD32=1)
  Clock Uncertainty:      0.025ns  ((TSJ^2 + TIJ^2)^1/2 + DJ) / 2 + PE
    Total System Jitter     (TSJ):    0.050ns
    Total Input Jitter      (TIJ):    0.000ns
    Discrete Jitter          (DJ):    0.000ns
    Phase Error              (PE):    0.000ns

    Location             Delay type                Incr(ns)  Path(ns)    Netlist Resource(s)
  -------------------------------------------------------------------    -------------------
                         (clock sys_clk rise edge)    0.000     0.000 r  <hidden>
    AL25                                              0.000     0.000 r  clk
                         net (fo=0)                   0.000     0.000    clk
    AL25                 IBUF (Prop_ibuf_I_O)         0.790     0.790 r  clk_IBUF_inst/O
                         net (fo=1, estimated)        2.376     3.166    clk_IBUF
    BUFGCTRL_X0Y0        BUFG (Prop_bufg_I_O)         0.093     3.259 r  clk_IBUF_BUFG_inst/O
                         net (fo=16647, estimated)    1.528     4.787    vector_main_ixc/read_path/clk_IBUF_BUFG
    SLICE_X34Y102        FDRE                                         r  vector_main_ixc/read_path/master_queue[0].response_head_reg[1]/C
  -------------------------------------------------------------------    -------------------
    SLICE_X34Y102        FDRE (Prop_fdre_C_Q)         0.223     5.010 r  vector_main_ixc/read_path/master_queue[0].response_head_reg[1]/Q
                         net (fo=172, estimated)      1.141     6.151    vector_main_ixc/read_path/master_queue[0].response_mem_reg_0_7_126_127/DPRA1
    SLICE_X52Y105        RAMD32 (Prop_ramd32_RADR1_O)
                                                      0.043     6.194 r  vector_main_ixc/read_path/master_queue[0].response_mem_reg_0_7_126_127/DP/O
                         net (fo=1, estimated)        4.057    10.251    read_rsp\\.data_OBUF[126]
    P29                  OBUF (Prop_obuf_I_O)         2.357    12.608 r  read_rsp\\.data[126]_INST_0/O
                         net (fo=0)                   0.000    12.608    read_rsp\\.data[126]
    P29                                                               r  read_rsp\\.data[126]
  -------------------------------------------------------------------    -------------------

Slack:                    inf
  Source:                 vector_main_ixc/read_path/master_queue[0].response_head_reg[0]/C
                            (rising edge-triggered cell FDRE clocked by sys_clk  {rise@0.000ns fall@2.500ns period=5.000ns})
  Destination:            read_rsp\\.data[120]
                            (output port)
  Path Group:             (none)
  Path Type:              Max at Slow Process Corner
  Data Path Delay:        7.819ns  (logic 2.731ns (34.930%)  route 5.088ns (65.070%))
  Logic Levels:           2  (OBUF=1 RAMD32=1)
  Clock Uncertainty:      0.025ns  ((TSJ^2 + TIJ^2)^1/2 + DJ) / 2 + PE
    Total System Jitter     (TSJ):    0.050ns
    Total Input Jitter      (TIJ):    0.000ns
    Discrete Jitter          (DJ):    0.000ns
    Phase Error              (PE):    0.000ns

    Location             Delay type                Incr(ns)  Path(ns)    Netlist Resource(s)
  -------------------------------------------------------------------    -------------------
                         (clock sys_clk rise edge)    0.000     0.000 r  <hidden>
    AL25                                              0.000     0.000 r  clk
                         net (fo=0)                   0.000     0.000    clk
    AL25                 IBUF (Prop_ibuf_I_O)         0.790     0.790 r  clk_IBUF_inst/O
                         net (fo=1, estimated)        2.376     3.166    clk_IBUF
    BUFGCTRL_X0Y0        BUFG (Prop_bufg_I_O)         0.093     3.259 r  clk_IBUF_BUFG_inst/O
                         net (fo=16647, estimated)    1.528     4.787    vector_main_ixc/read_path/clk_IBUF_BUFG
    SLICE_X34Y102        FDRE                                         r  vector_main_ixc/read_path/master_queue[0].response_head_reg[0]/C
  -------------------------------------------------------------------    -------------------
    SLICE_X34Y102        FDRE (Prop_fdre_C_Q)         0.223     5.010 r  vector_main_ixc/read_path/master_queue[0].response_head_reg[0]/Q
                         net (fo=173, estimated)      1.098     6.108    vector_main_ixc/read_path/master_queue[0].response_mem_reg_0_7_120_125/ADDRA0
    SLICE_X50Y105        RAMD32 (Prop_ramd32_RADR0_O)
                                                      0.047     6.155 r  vector_main_ixc/read_path/master_queue[0].response_mem_reg_0_7_120_125/RAMA/O
                         net (fo=1, estimated)        3.990    10.145    read_rsp\\.data_OBUF[120]
    P25                  OBUF (Prop_obuf_I_O)         2.461    12.606 r  read_rsp\\.data[120]_INST_0/O
                         net (fo=0)                   0.000    12.606    read_rsp\\.data[120]
    P25                                                               r  read_rsp\\.data[120]
  -------------------------------------------------------------------    -------------------

Slack:                    inf
  Source:                 vector_main_ixc/read_path/master_queue[0].response_head_reg[0]/C
                            (rising edge-triggered cell FDRE clocked by sys_clk  {rise@0.000ns fall@2.500ns period=5.000ns})
  Destination:            read_rsp\\.data[124]
                            (output port)
  Path Group:             (none)
  Path Type:              Max at Slow Process Corner
  Data Path Delay:        7.801ns  (logic 2.718ns (34.841%)  route 5.083ns (65.159%))
  Logic Levels:           2  (OBUF=1 RAMD32=1)
  Clock Uncertainty:      0.025ns  ((TSJ^2 + TIJ^2)^1/2 + DJ) / 2 + PE
    Total System Jitter     (TSJ):    0.050ns
    Total Input Jitter      (TIJ):    0.000ns
    Discrete Jitter          (DJ):    0.000ns
    Phase Error              (PE):    0.000ns

    Location             Delay type                Incr(ns)  Path(ns)    Netlist Resource(s)
  -------------------------------------------------------------------    -------------------
                         (clock sys_clk rise edge)    0.000     0.000 r  <hidden>
    AL25                                              0.000     0.000 r  clk
                         net (fo=0)                   0.000     0.000    clk
    AL25                 IBUF (Prop_ibuf_I_O)         0.790     0.790 r  clk_IBUF_inst/O
                         net (fo=1, estimated)        2.376     3.166    clk_IBUF
    BUFGCTRL_X0Y0        BUFG (Prop_bufg_I_O)         0.093     3.259 r  clk_IBUF_BUFG_inst/O
                         net (fo=16647, estimated)    1.528     4.787    vector_main_ixc/read_path/clk_IBUF_BUFG
    SLICE_X34Y102        FDRE                                         r  vector_main_ixc/read_path/master_queue[0].response_head_reg[0]/C
  -------------------------------------------------------------------    -------------------
    SLICE_X34Y102        FDRE (Prop_fdre_C_Q)         0.223     5.010 r  vector_main_ixc/read_path/master_queue[0].response_head_reg[0]/Q
                         net (fo=173, estimated)      1.060     6.070    vector_main_ixc/read_path/master_queue[0].response_mem_reg_0_7_120_125/ADDRC0
    SLICE_X50Y105        RAMD32 (Prop_ramd32_RADR0_O)
                                                      0.046     6.116 r  vector_main_ixc/read_path/master_queue[0].response_mem_reg_0_7_120_125/RAMC/O
                         net (fo=1, estimated)        4.023    10.139    read_rsp\\.data_OBUF[124]
    P27                  OBUF (Prop_obuf_I_O)         2.449    12.587 r  read_rsp\\.data[124]_INST_0/O
                         net (fo=0)                   0.000    12.587    read_rsp\\.data[124]
    P27                                                               r  read_rsp\\.data[124]
  -------------------------------------------------------------------    -------------------

Slack:                    inf
  Source:                 vector_main_ixc/read_path/master_queue[0].response_head_reg[1]/C
                            (rising edge-triggered cell FDRE clocked by sys_clk  {rise@0.000ns fall@2.500ns period=5.000ns})
  Destination:            read_rsp\\.data[117]
                            (output port)
  Path Group:             (none)
  Path Type:              Max at Slow Process Corner
  Data Path Delay:        7.796ns  (logic 2.627ns (33.700%)  route 5.169ns (66.300%))
  Logic Levels:           2  (OBUF=1 RAMD32=1)
  Clock Uncertainty:      0.025ns  ((TSJ^2 + TIJ^2)^1/2 + DJ) / 2 + PE
    Total System Jitter     (TSJ):    0.050ns
    Total Input Jitter      (TIJ):    0.000ns
    Discrete Jitter          (DJ):    0.000ns
    Phase Error              (PE):    0.000ns

    Location             Delay type                Incr(ns)  Path(ns)    Netlist Resource(s)
  -------------------------------------------------------------------    -------------------
                         (clock sys_clk rise edge)    0.000     0.000 r  <hidden>
    AL25                                              0.000     0.000 r  clk
                         net (fo=0)                   0.000     0.000    clk
    AL25                 IBUF (Prop_ibuf_I_O)         0.790     0.790 r  clk_IBUF_inst/O
                         net (fo=1, estimated)        2.376     3.166    clk_IBUF
    BUFGCTRL_X0Y0        BUFG (Prop_bufg_I_O)         0.093     3.259 r  clk_IBUF_BUFG_inst/O
                         net (fo=16647, estimated)    1.528     4.787    vector_main_ixc/read_path/clk_IBUF_BUFG
    SLICE_X34Y102        FDRE                                         r  vector_main_ixc/read_path/master_queue[0].response_head_reg[1]/C
  -------------------------------------------------------------------    -------------------
    SLICE_X34Y102        FDRE (Prop_fdre_C_Q)         0.223     5.010 r  vector_main_ixc/read_path/master_queue[0].response_head_reg[1]/Q
                         net (fo=172, estimated)      1.186     6.196    vector_main_ixc/read_path/master_queue[0].response_mem_reg_0_7_114_119/ADDRB1
    SLICE_X54Y104        RAMD32 (Prop_ramd32_RADR1_O)
                                                      0.043     6.239 r  vector_main_ixc/read_path/master_queue[0].response_mem_reg_0_7_114_119/RAMB_D1/O
                         net (fo=1, estimated)        3.983    10.222    read_rsp\\.data_OBUF[117]
    P24                  OBUF (Prop_obuf_I_O)         2.361    12.583 r  read_rsp\\.data[117]_INST_0/O
                         net (fo=0)                   0.000    12.583    read_rsp\\.data[117]
    P24                                                               r  read_rsp\\.data[117]
  -------------------------------------------------------------------    -------------------

Slack:                    inf
  Source:                 vector_main_ixc/read_path/master_queue[0].response_head_reg[0]/C
                            (rising edge-triggered cell FDRE clocked by sys_clk  {rise@0.000ns fall@2.500ns period=5.000ns})
  Destination:            read_rsp\\.data[122]
                            (output port)
  Path Group:             (none)
  Path Type:              Max at Slow Process Corner
  Data Path Delay:        7.792ns  (logic 2.749ns (35.280%)  route 5.043ns (64.720%))
  Logic Levels:           2  (OBUF=1 RAMD32=1)
  Clock Uncertainty:      0.025ns  ((TSJ^2 + TIJ^2)^1/2 + DJ) / 2 + PE
    Total System Jitter     (TSJ):    0.050ns
    Total Input Jitter      (TIJ):    0.000ns
    Discrete Jitter          (DJ):    0.000ns
    Phase Error              (PE):    0.000ns

    Location             Delay type                Incr(ns)  Path(ns)    Netlist Resource(s)
  -------------------------------------------------------------------    -------------------
                         (clock sys_clk rise edge)    0.000     0.000 r  <hidden>
    AL25                                              0.000     0.000 r  clk
                         net (fo=0)                   0.000     0.000    clk
    AL25                 IBUF (Prop_ibuf_I_O)         0.790     0.790 r  clk_IBUF_inst/O
                         net (fo=1, estimated)        2.376     3.166    clk_IBUF
    BUFGCTRL_X0Y0        BUFG (Prop_bufg_I_O)         0.093     3.259 r  clk_IBUF_BUFG_inst/O
                         net (fo=16647, estimated)    1.528     4.787    vector_main_ixc/read_path/clk_IBUF_BUFG
    SLICE_X34Y102        FDRE                                         r  vector_main_ixc/read_path/master_queue[0].response_head_reg[0]/C
  -------------------------------------------------------------------    -------------------
    SLICE_X34Y102        FDRE (Prop_fdre_C_Q)         0.223     5.010 r  vector_main_ixc/read_path/master_queue[0].response_head_reg[0]/Q
                         net (fo=173, estimated)      1.094     6.104    vector_main_ixc/read_path/master_queue[0].response_mem_reg_0_7_120_125/ADDRB0
    SLICE_X50Y105        RAMD32 (Prop_ramd32_RADR0_O)
                                                      0.051     6.155 r  vector_main_ixc/read_path/master_queue[0].response_mem_reg_0_7_120_125/RAMB/O
                         net (fo=1, estimated)        3.949    10.104    read_rsp\\.data_OBUF[122]
    N24                  OBUF (Prop_obuf_I_O)         2.475    12.579 r  read_rsp\\.data[122]_INST_0/O
                         net (fo=0)                   0.000    12.579    read_rsp\\.data[122]
    N24                                                               r  read_rsp\\.data[122]
  -------------------------------------------------------------------    -------------------

Slack:                    inf
  Source:                 vector_main_ixc/read_path/master_queue[0].response_head_reg[1]/C
                            (rising edge-triggered cell FDRE clocked by sys_clk  {rise@0.000ns fall@2.500ns period=5.000ns})
  Destination:            read_rsp\\.data[115]
                            (output port)
  Path Group:             (none)
  Path Type:              Max at Slow Process Corner
  Data Path Delay:        7.759ns  (logic 2.610ns (33.641%)  route 5.149ns (66.359%))
  Logic Levels:           2  (OBUF=1 RAMD32=1)
  Clock Uncertainty:      0.025ns  ((TSJ^2 + TIJ^2)^1/2 + DJ) / 2 + PE
    Total System Jitter     (TSJ):    0.050ns
    Total Input Jitter      (TIJ):    0.000ns
    Discrete Jitter          (DJ):    0.000ns
    Phase Error              (PE):    0.000ns

    Location             Delay type                Incr(ns)  Path(ns)    Netlist Resource(s)
  -------------------------------------------------------------------    -------------------
                         (clock sys_clk rise edge)    0.000     0.000 r  <hidden>
    AL25                                              0.000     0.000 r  clk
                         net (fo=0)                   0.000     0.000    clk
    AL25                 IBUF (Prop_ibuf_I_O)         0.790     0.790 r  clk_IBUF_inst/O
                         net (fo=1, estimated)        2.376     3.166    clk_IBUF
    BUFGCTRL_X0Y0        BUFG (Prop_bufg_I_O)         0.093     3.259 r  clk_IBUF_BUFG_inst/O
                         net (fo=16647, estimated)    1.528     4.787    vector_main_ixc/read_path/clk_IBUF_BUFG
    SLICE_X34Y102        FDRE                                         r  vector_main_ixc/read_path/master_queue[0].response_head_reg[1]/C
  -------------------------------------------------------------------    -------------------
    SLICE_X34Y102        FDRE (Prop_fdre_C_Q)         0.223     5.010 r  vector_main_ixc/read_path/master_queue[0].response_head_reg[1]/Q
                         net (fo=172, estimated)      1.188     6.198    vector_main_ixc/read_path/master_queue[0].response_mem_reg_0_7_114_119/ADDRA1
    SLICE_X54Y104        RAMD32 (Prop_ramd32_RADR1_O)
                                                      0.043     6.241 r  vector_main_ixc/read_path/master_queue[0].response_mem_reg_0_7_114_119/RAMA_D1/O
                         net (fo=1, estimated)        3.961    10.202    read_rsp\\.data_OBUF[115]
    R27                  OBUF (Prop_obuf_I_O)         2.344    12.546 r  read_rsp\\.data[115]_INST_0/O
                         net (fo=0)                   0.000    12.546    read_rsp\\.data[115]
    R27                                                               r  read_rsp\\.data[115]
  -------------------------------------------------------------------    -------------------

Slack:                    inf
  Source:                 vector_main_ixc/read_path/master_queue[0].response_head_reg[0]/C
                            (rising edge-triggered cell FDRE clocked by sys_clk  {rise@0.000ns fall@2.500ns period=5.000ns})
  Destination:            read_rsp\\.data[108]
                            (output port)
  Path Group:             (none)
  Path Type:              Max at Slow Process Corner
  Data Path Delay:        7.755ns  (logic 2.713ns (34.987%)  route 5.042ns (65.013%))
  Logic Levels:           2  (OBUF=1 RAMD32=1)
  Clock Uncertainty:      0.025ns  ((TSJ^2 + TIJ^2)^1/2 + DJ) / 2 + PE
    Total System Jitter     (TSJ):    0.050ns
    Total Input Jitter      (TIJ):    0.000ns
    Discrete Jitter          (DJ):    0.000ns
    Phase Error              (PE):    0.000ns

    Location             Delay type                Incr(ns)  Path(ns)    Netlist Resource(s)
  -------------------------------------------------------------------    -------------------
                         (clock sys_clk rise edge)    0.000     0.000 r  <hidden>
    AL25                                              0.000     0.000 r  clk
                         net (fo=0)                   0.000     0.000    clk
    AL25                 IBUF (Prop_ibuf_I_O)         0.790     0.790 r  clk_IBUF_inst/O
                         net (fo=1, estimated)        2.376     3.166    clk_IBUF
    BUFGCTRL_X0Y0        BUFG (Prop_bufg_I_O)         0.093     3.259 r  clk_IBUF_BUFG_inst/O
                         net (fo=16647, estimated)    1.528     4.787    vector_main_ixc/read_path/clk_IBUF_BUFG
    SLICE_X34Y102        FDRE                                         r  vector_main_ixc/read_path/master_queue[0].response_head_reg[0]/C
  -------------------------------------------------------------------    -------------------
    SLICE_X34Y102        FDRE (Prop_fdre_C_Q)         0.223     5.010 r  vector_main_ixc/read_path/master_queue[0].response_head_reg[0]/Q
                         net (fo=173, estimated)      1.200     6.210    vector_main_ixc/read_path/master_queue[0].response_mem_reg_0_7_108_113/ADDRA0
    SLICE_X54Y103        RAMD32 (Prop_ramd32_RADR0_O)
                                                      0.047     6.257 r  vector_main_ixc/read_path/master_queue[0].response_mem_reg_0_7_108_113/RAMA/O
                         net (fo=1, estimated)        3.842    10.099    read_rsp\\.data_OBUF[108]
    T28                  OBUF (Prop_obuf_I_O)         2.443    12.542 r  read_rsp\\.data[108]_INST_0/O
                         net (fo=0)                   0.000    12.542    read_rsp\\.data[108]
    T28                                                               r  read_rsp\\.data[108]
  -------------------------------------------------------------------    -------------------

Slack:                    inf
  Source:                 vector_main_ixc/read_path/master_queue[0].response_head_reg[0]/C
                            (rising edge-triggered cell FDRE clocked by sys_clk  {rise@0.000ns fall@2.500ns period=5.000ns})
  Destination:            read_rsp\\.data[110]
                            (output port)
  Path Group:             (none)
  Path Type:              Max at Slow Process Corner
  Data Path Delay:        7.754ns  (logic 2.713ns (34.990%)  route 5.041ns (65.010%))
  Logic Levels:           2  (OBUF=1 RAMD32=1)
  Clock Uncertainty:      0.025ns  ((TSJ^2 + TIJ^2)^1/2 + DJ) / 2 + PE
    Total System Jitter     (TSJ):    0.050ns
    Total Input Jitter      (TIJ):    0.000ns
    Discrete Jitter          (DJ):    0.000ns
    Phase Error              (PE):    0.000ns

    Location             Delay type                Incr(ns)  Path(ns)    Netlist Resource(s)
  -------------------------------------------------------------------    -------------------
                         (clock sys_clk rise edge)    0.000     0.000 r  <hidden>
    AL25                                              0.000     0.000 r  clk
                         net (fo=0)                   0.000     0.000    clk
    AL25                 IBUF (Prop_ibuf_I_O)         0.790     0.790 r  clk_IBUF_inst/O
                         net (fo=1, estimated)        2.376     3.166    clk_IBUF
    BUFGCTRL_X0Y0        BUFG (Prop_bufg_I_O)         0.093     3.259 r  clk_IBUF_BUFG_inst/O
                         net (fo=16647, estimated)    1.528     4.787    vector_main_ixc/read_path/clk_IBUF_BUFG
    SLICE_X34Y102        FDRE                                         r  vector_main_ixc/read_path/master_queue[0].response_head_reg[0]/C
  -------------------------------------------------------------------    -------------------
    SLICE_X34Y102        FDRE (Prop_fdre_C_Q)         0.223     5.010 r  vector_main_ixc/read_path/master_queue[0].response_head_reg[0]/Q
                         net (fo=173, estimated)      1.196     6.206    vector_main_ixc/read_path/master_queue[0].response_mem_reg_0_7_108_113/ADDRB0
    SLICE_X54Y103        RAMD32 (Prop_ramd32_RADR0_O)
                                                      0.051     6.257 r  vector_main_ixc/read_path/master_queue[0].response_mem_reg_0_7_108_113/RAMB/O
                         net (fo=1, estimated)        3.845    10.102    read_rsp\\.data_OBUF[110]
    U27                  OBUF (Prop_obuf_I_O)         2.439    12.541 r  read_rsp\\.data[110]_INST_0/O
                         net (fo=0)                   0.000    12.541    read_rsp\\.data[110]
    U27                                                               r  read_rsp\\.data[110]
  -------------------------------------------------------------------    -------------------

Slack:                    inf
  Source:                 vector_main_ixc/read_path/master_queue[0].response_head_reg[1]/C
                            (rising edge-triggered cell FDRE clocked by sys_clk  {rise@0.000ns fall@2.500ns period=5.000ns})
  Destination:            read_rsp\\.data[114]
                            (output port)
  Path Group:             (none)
  Path Type:              Max at Slow Process Corner
  Data Path Delay:        7.725ns  (logic 2.685ns (34.759%)  route 5.040ns (65.241%))
  Logic Levels:           2  (OBUF=1 RAMD32=1)
  Clock Uncertainty:      0.025ns  ((TSJ^2 + TIJ^2)^1/2 + DJ) / 2 + PE
    Total System Jitter     (TSJ):    0.050ns
    Total Input Jitter      (TIJ):    0.000ns
    Discrete Jitter          (DJ):    0.000ns
    Phase Error              (PE):    0.000ns

    Location             Delay type                Incr(ns)  Path(ns)    Netlist Resource(s)
  -------------------------------------------------------------------    -------------------
                         (clock sys_clk rise edge)    0.000     0.000 r  <hidden>
    AL25                                              0.000     0.000 r  clk
                         net (fo=0)                   0.000     0.000    clk
    AL25                 IBUF (Prop_ibuf_I_O)         0.790     0.790 r  clk_IBUF_inst/O
                         net (fo=1, estimated)        2.376     3.166    clk_IBUF
    BUFGCTRL_X0Y0        BUFG (Prop_bufg_I_O)         0.093     3.259 r  clk_IBUF_BUFG_inst/O
                         net (fo=16647, estimated)    1.528     4.787    vector_main_ixc/read_path/clk_IBUF_BUFG
    SLICE_X34Y102        FDRE                                         r  vector_main_ixc/read_path/master_queue[0].response_head_reg[1]/C
  -------------------------------------------------------------------    -------------------
    SLICE_X34Y102        FDRE (Prop_fdre_C_Q)         0.223     5.010 r  vector_main_ixc/read_path/master_queue[0].response_head_reg[1]/Q
                         net (fo=172, estimated)      1.188     6.198    vector_main_ixc/read_path/master_queue[0].response_mem_reg_0_7_114_119/ADDRA1
    SLICE_X54Y104        RAMD32 (Prop_ramd32_RADR1_O)
                                                      0.047     6.245 r  vector_main_ixc/read_path/master_queue[0].response_mem_reg_0_7_114_119/RAMA/O
                         net (fo=1, estimated)        3.852    10.097    read_rsp\\.data_OBUF[114]
    T25                  OBUF (Prop_obuf_I_O)         2.415    12.512 r  read_rsp\\.data[114]_INST_0/O
                         net (fo=0)                   0.000    12.512    read_rsp\\.data[114]
    T25                                                               r  read_rsp\\.data[114]
  -------------------------------------------------------------------    -------------------

Slack:                    inf
  Source:                 vector_main_ixc/read_path/master_queue[0].response_head_reg[0]/C
                            (rising edge-triggered cell FDRE clocked by sys_clk  {rise@0.000ns fall@2.500ns period=5.000ns})
  Destination:            read_rsp\\.data[125]
                            (output port)
  Path Group:             (none)
  Path Type:              Max at Slow Process Corner
  Data Path Delay:        7.695ns  (logic 2.635ns (34.247%)  route 5.060ns (65.753%))
  Logic Levels:           2  (OBUF=1 RAMD32=1)
  Clock Uncertainty:      0.025ns  ((TSJ^2 + TIJ^2)^1/2 + DJ) / 2 + PE
    Total System Jitter     (TSJ):    0.050ns
    Total Input Jitter      (TIJ):    0.000ns
    Discrete Jitter          (DJ):    0.000ns
    Phase Error              (PE):    0.000ns

    Location             Delay type                Incr(ns)  Path(ns)    Netlist Resource(s)
  -------------------------------------------------------------------    -------------------
                         (clock sys_clk rise edge)    0.000     0.000 r  <hidden>
    AL25                                              0.000     0.000 r  clk
                         net (fo=0)                   0.000     0.000    clk
    AL25                 IBUF (Prop_ibuf_I_O)         0.790     0.790 r  clk_IBUF_inst/O
                         net (fo=1, estimated)        2.376     3.166    clk_IBUF
    BUFGCTRL_X0Y0        BUFG (Prop_bufg_I_O)         0.093     3.259 r  clk_IBUF_BUFG_inst/O
                         net (fo=16647, estimated)    1.528     4.787    vector_main_ixc/read_path/clk_IBUF_BUFG
    SLICE_X34Y102        FDRE                                         r  vector_main_ixc/read_path/master_queue[0].response_head_reg[0]/C
  -------------------------------------------------------------------    -------------------
    SLICE_X34Y102        FDRE (Prop_fdre_C_Q)         0.223     5.010 r  vector_main_ixc/read_path/master_queue[0].response_head_reg[0]/Q
                         net (fo=173, estimated)      1.060     6.070    vector_main_ixc/read_path/master_queue[0].response_mem_reg_0_7_120_125/ADDRC0
    SLICE_X50Y105        RAMD32 (Prop_ramd32_RADR0_O)
                                                      0.043     6.113 r  vector_main_ixc/read_path/master_queue[0].response_mem_reg_0_7_120_125/RAMC_D1/O
                         net (fo=1, estimated)        4.000    10.113    read_rsp\\.data_OBUF[125]
    N29                  OBUF (Prop_obuf_I_O)         2.369    12.482 r  read_rsp\\.data[125]_INST_0/O
                         net (fo=0)                   0.000    12.482    read_rsp\\.data[125]
    N29                                                               r  read_rsp\\.data[125]
  -------------------------------------------------------------------    -------------------

Slack:                    inf
  Source:                 vector_main_ixc/read_path/master_queue[0].response_head_reg[0]/C
                            (rising edge-triggered cell FDRE clocked by sys_clk  {rise@0.000ns fall@2.500ns period=5.000ns})
  Destination:            read_rsp\\.data[109]
                            (output port)
  Path Group:             (none)
  Path Type:              Max at Slow Process Corner
  Data Path Delay:        7.691ns  (logic 2.619ns (34.056%)  route 5.072ns (65.944%))
  Logic Levels:           2  (OBUF=1 RAMD32=1)
  Clock Uncertainty:      0.025ns  ((TSJ^2 + TIJ^2)^1/2 + DJ) / 2 + PE
    Total System Jitter     (TSJ):    0.050ns
    Total Input Jitter      (TIJ):    0.000ns
    Discrete Jitter          (DJ):    0.000ns
    Phase Error              (PE):    0.000ns

    Location             Delay type                Incr(ns)  Path(ns)    Netlist Resource(s)
  -------------------------------------------------------------------    -------------------
                         (clock sys_clk rise edge)    0.000     0.000 r  <hidden>
    AL25                                              0.000     0.000 r  clk
                         net (fo=0)                   0.000     0.000    clk
    AL25                 IBUF (Prop_ibuf_I_O)         0.790     0.790 r  clk_IBUF_inst/O
                         net (fo=1, estimated)        2.376     3.166    clk_IBUF
    BUFGCTRL_X0Y0        BUFG (Prop_bufg_I_O)         0.093     3.259 r  clk_IBUF_BUFG_inst/O
                         net (fo=16647, estimated)    1.528     4.787    vector_main_ixc/read_path/clk_IBUF_BUFG
    SLICE_X34Y102        FDRE                                         r  vector_main_ixc/read_path/master_queue[0].response_head_reg[0]/C
  -------------------------------------------------------------------    -------------------
    SLICE_X34Y102        FDRE (Prop_fdre_C_Q)         0.223     5.010 r  vector_main_ixc/read_path/master_queue[0].response_head_reg[0]/Q
                         net (fo=173, estimated)      1.200     6.210    vector_main_ixc/read_path/master_queue[0].response_mem_reg_0_7_108_113/ADDRA0
    SLICE_X54Y103        RAMD32 (Prop_ramd32_RADR0_O)
                                                      0.043     6.253 r  vector_main_ixc/read_path/master_queue[0].response_mem_reg_0_7_108_113/RAMA_D1/O
                         net (fo=1, estimated)        3.872    10.125    read_rsp\\.data_OBUF[109]
    U28                  OBUF (Prop_obuf_I_O)         2.353    12.478 r  read_rsp\\.data[109]_INST_0/O
                         net (fo=0)                   0.000    12.478    read_rsp\\.data[109]
    U28                                                               r  read_rsp\\.data[109]
  -------------------------------------------------------------------    -------------------

Slack:                    inf
  Source:                 vector_main_ixc/read_path/master_queue[0].response_head_reg[0]/C
                            (rising edge-triggered cell FDRE clocked by sys_clk  {rise@0.000ns fall@2.500ns period=5.000ns})
  Destination:            read_rsp\\.data[121]
                            (output port)
  Path Group:             (none)
  Path Type:              Max at Slow Process Corner
  Data Path Delay:        7.679ns  (logic 2.642ns (34.410%)  route 5.037ns (65.590%))
  Logic Levels:           2  (OBUF=1 RAMD32=1)
  Clock Uncertainty:      0.025ns  ((TSJ^2 + TIJ^2)^1/2 + DJ) / 2 + PE
    Total System Jitter     (TSJ):    0.050ns
    Total Input Jitter      (TIJ):    0.000ns
    Discrete Jitter          (DJ):    0.000ns
    Phase Error              (PE):    0.000ns

    Location             Delay type                Incr(ns)  Path(ns)    Netlist Resource(s)
  -------------------------------------------------------------------    -------------------
                         (clock sys_clk rise edge)    0.000     0.000 r  <hidden>
    AL25                                              0.000     0.000 r  clk
                         net (fo=0)                   0.000     0.000    clk
    AL25                 IBUF (Prop_ibuf_I_O)         0.790     0.790 r  clk_IBUF_inst/O
                         net (fo=1, estimated)        2.376     3.166    clk_IBUF
    BUFGCTRL_X0Y0        BUFG (Prop_bufg_I_O)         0.093     3.259 r  clk_IBUF_BUFG_inst/O
                         net (fo=16647, estimated)    1.528     4.787    vector_main_ixc/read_path/clk_IBUF_BUFG
    SLICE_X34Y102        FDRE                                         r  vector_main_ixc/read_path/master_queue[0].response_head_reg[0]/C
  -------------------------------------------------------------------    -------------------
    SLICE_X34Y102        FDRE (Prop_fdre_C_Q)         0.223     5.010 r  vector_main_ixc/read_path/master_queue[0].response_head_reg[0]/Q
                         net (fo=173, estimated)      1.098     6.108    vector_main_ixc/read_path/master_queue[0].response_mem_reg_0_7_120_125/ADDRA0
    SLICE_X50Y105        RAMD32 (Prop_ramd32_RADR0_O)
                                                      0.043     6.151 r  vector_main_ixc/read_path/master_queue[0].response_mem_reg_0_7_120_125/RAMA_D1/O
                         net (fo=1, estimated)        3.939    10.090    read_rsp\\.data_OBUF[121]
    N25                  OBUF (Prop_obuf_I_O)         2.376    12.466 r  read_rsp\\.data[121]_INST_0/O
                         net (fo=0)                   0.000    12.466    read_rsp\\.data[121]
    N25                                                               r  read_rsp\\.data[121]
  -------------------------------------------------------------------    -------------------

Slack:                    inf
  Source:                 vector_main_ixc/read_path/master_queue[0].response_head_reg[0]/C
                            (rising edge-triggered cell FDRE clocked by sys_clk  {rise@0.000ns fall@2.500ns period=5.000ns})
  Destination:            read_rsp\\.data[123]
                            (output port)
  Path Group:             (none)
  Path Type:              Max at Slow Process Corner
  Data Path Delay:        7.674ns  (logic 2.628ns (34.244%)  route 5.046ns (65.756%))
  Logic Levels:           2  (OBUF=1 RAMD32=1)
  Clock Uncertainty:      0.025ns  ((TSJ^2 + TIJ^2)^1/2 + DJ) / 2 + PE
    Total System Jitter     (TSJ):    0.050ns
    Total Input Jitter      (TIJ):    0.000ns
    Discrete Jitter          (DJ):    0.000ns
    Phase Error              (PE):    0.000ns

    Location             Delay type                Incr(ns)  Path(ns)    Netlist Resource(s)
  -------------------------------------------------------------------    -------------------
                         (clock sys_clk rise edge)    0.000     0.000 r  <hidden>
    AL25                                              0.000     0.000 r  clk
                         net (fo=0)                   0.000     0.000    clk
    AL25                 IBUF (Prop_ibuf_I_O)         0.790     0.790 r  clk_IBUF_inst/O
                         net (fo=1, estimated)        2.376     3.166    clk_IBUF
    BUFGCTRL_X0Y0        BUFG (Prop_bufg_I_O)         0.093     3.259 r  clk_IBUF_BUFG_inst/O
                         net (fo=16647, estimated)    1.528     4.787    vector_main_ixc/read_path/clk_IBUF_BUFG
    SLICE_X34Y102        FDRE                                         r  vector_main_ixc/read_path/master_queue[0].response_head_reg[0]/C
  -------------------------------------------------------------------    -------------------
    SLICE_X34Y102        FDRE (Prop_fdre_C_Q)         0.223     5.010 r  vector_main_ixc/read_path/master_queue[0].response_head_reg[0]/Q
                         net (fo=173, estimated)      1.094     6.104    vector_main_ixc/read_path/master_queue[0].response_mem_reg_0_7_120_125/ADDRB0
    SLICE_X50Y105        RAMD32 (Prop_ramd32_RADR0_O)
                                                      0.043     6.147 r  vector_main_ixc/read_path/master_queue[0].response_mem_reg_0_7_120_125/RAMB_D1/O
                         net (fo=1, estimated)        3.952    10.099    read_rsp\\.data_OBUF[123]
    N27                  OBUF (Prop_obuf_I_O)         2.362    12.460 r  read_rsp\\.data[123]_INST_0/O
                         net (fo=0)                   0.000    12.460    read_rsp\\.data[123]
    N27                                                               r  read_rsp\\.data[123]
  -------------------------------------------------------------------    -------------------

Slack:                    inf
  Source:                 vector_main_ixc/read_path/master_queue[0].response_head_reg[0]/C
                            (rising edge-triggered cell FDRE clocked by sys_clk  {rise@0.000ns fall@2.500ns period=5.000ns})
  Destination:            read_rsp\\.data[111]
                            (output port)
  Path Group:             (none)
  Path Type:              Max at Slow Process Corner
  Data Path Delay:        7.654ns  (logic 2.611ns (34.114%)  route 5.043ns (65.886%))
  Logic Levels:           2  (OBUF=1 RAMD32=1)
  Clock Uncertainty:      0.025ns  ((TSJ^2 + TIJ^2)^1/2 + DJ) / 2 + PE
    Total System Jitter     (TSJ):    0.050ns
    Total Input Jitter      (TIJ):    0.000ns
    Discrete Jitter          (DJ):    0.000ns
    Phase Error              (PE):    0.000ns

    Location             Delay type                Incr(ns)  Path(ns)    Netlist Resource(s)
  -------------------------------------------------------------------    -------------------
                         (clock sys_clk rise edge)    0.000     0.000 r  <hidden>
    AL25                                              0.000     0.000 r  clk
                         net (fo=0)                   0.000     0.000    clk
    AL25                 IBUF (Prop_ibuf_I_O)         0.790     0.790 r  clk_IBUF_inst/O
                         net (fo=1, estimated)        2.376     3.166    clk_IBUF
    BUFGCTRL_X0Y0        BUFG (Prop_bufg_I_O)         0.093     3.259 r  clk_IBUF_BUFG_inst/O
                         net (fo=16647, estimated)    1.528     4.787    vector_main_ixc/read_path/clk_IBUF_BUFG
    SLICE_X34Y102        FDRE                                         r  vector_main_ixc/read_path/master_queue[0].response_head_reg[0]/C
  -------------------------------------------------------------------    -------------------
    SLICE_X34Y102        FDRE (Prop_fdre_C_Q)         0.223     5.010 r  vector_main_ixc/read_path/master_queue[0].response_head_reg[0]/Q
                         net (fo=173, estimated)      1.196     6.206    vector_main_ixc/read_path/master_queue[0].response_mem_reg_0_7_108_113/ADDRB0
    SLICE_X54Y103        RAMD32 (Prop_ramd32_RADR0_O)
                                                      0.043     6.249 r  vector_main_ixc/read_path/master_queue[0].response_mem_reg_0_7_108_113/RAMB_D1/O
                         net (fo=1, estimated)        3.847    10.096    read_rsp\\.data_OBUF[111]
    U26                  OBUF (Prop_obuf_I_O)         2.345    12.441 r  read_rsp\\.data[111]_INST_0/O
                         net (fo=0)                   0.000    12.441    read_rsp\\.data[111]
    U26                                                               r  read_rsp\\.data[111]
  -------------------------------------------------------------------    -------------------

Slack:                    inf
  Source:                 vector_main_ixc/read_path/master_queue[0].response_head_reg[1]/C
                            (rising edge-triggered cell FDRE clocked by sys_clk  {rise@0.000ns fall@2.500ns period=5.000ns})
  Destination:            read_rsp\\.data[113]
                            (output port)
  Path Group:             (none)
  Path Type:              Max at Slow Process Corner
  Data Path Delay:        7.640ns  (logic 2.601ns (34.043%)  route 5.039ns (65.957%))
  Logic Levels:           2  (OBUF=1 RAMD32=1)
  Clock Uncertainty:      0.025ns  ((TSJ^2 + TIJ^2)^1/2 + DJ) / 2 + PE
    Total System Jitter     (TSJ):    0.050ns
    Total Input Jitter      (TIJ):    0.000ns
    Discrete Jitter          (DJ):    0.000ns
    Phase Error              (PE):    0.000ns

    Location             Delay type                Incr(ns)  Path(ns)    Netlist Resource(s)
  -------------------------------------------------------------------    -------------------
                         (clock sys_clk rise edge)    0.000     0.000 r  <hidden>
    AL25                                              0.000     0.000 r  clk
                         net (fo=0)                   0.000     0.000    clk
    AL25                 IBUF (Prop_ibuf_I_O)         0.790     0.790 r  clk_IBUF_inst/O
                         net (fo=1, estimated)        2.376     3.166    clk_IBUF
    BUFGCTRL_X0Y0        BUFG (Prop_bufg_I_O)         0.093     3.259 r  clk_IBUF_BUFG_inst/O
                         net (fo=16647, estimated)    1.528     4.787    vector_main_ixc/read_path/clk_IBUF_BUFG
    SLICE_X34Y102        FDRE                                         r  vector_main_ixc/read_path/master_queue[0].response_head_reg[1]/C
  -------------------------------------------------------------------    -------------------
    SLICE_X34Y102        FDRE (Prop_fdre_C_Q)         0.223     5.010 r  vector_main_ixc/read_path/master_queue[0].response_head_reg[1]/Q
                         net (fo=172, estimated)      1.186     6.196    vector_main_ixc/read_path/master_queue[0].response_mem_reg_0_7_108_113/ADDRC1
    SLICE_X54Y103        RAMD32 (Prop_ramd32_RADR1_O)
                                                      0.043     6.239 r  vector_main_ixc/read_path/master_queue[0].response_mem_reg_0_7_108_113/RAMC_D1/O
                         net (fo=1, estimated)        3.853    10.092    read_rsp\\.data_OBUF[113]
    T26                  OBUF (Prop_obuf_I_O)         2.335    12.426 r  read_rsp\\.data[113]_INST_0/O
                         net (fo=0)                   0.000    12.426    read_rsp\\.data[113]
    T26                                                               r  read_rsp\\.data[113]
  -------------------------------------------------------------------    -------------------





Min Delay Paths
--------------------------------------------------------------------------------------
Slack:                    inf
  Source:                 vector_main_ixc/read_path/master_queue[0].ar_count_reg[2]/C
                            (rising edge-triggered cell FDRE clocked by sys_clk  {rise@0.000ns fall@2.500ns period=5.000ns})
  Destination:            read_req\\.ready
                            (output port)
  Path Group:             (none)
  Path Type:              Min at Fast Process Corner
  Data Path Delay:        2.560ns  (logic 1.573ns (61.449%)  route 0.987ns (38.551%))
  Logic Levels:           2  (LUT2=1 OBUF=1)
  Clock Uncertainty:      0.025ns  ((TSJ^2 + TIJ^2)^1/2 + DJ) / 2 + PE
    Total System Jitter     (TSJ):    0.050ns
    Total Input Jitter      (TIJ):    0.000ns
    Discrete Jitter          (DJ):    0.000ns
    Phase Error              (PE):    0.000ns

    Location             Delay type                Incr(ns)  Path(ns)    Netlist Resource(s)
  -------------------------------------------------------------------    -------------------
                         (clock sys_clk rise edge)    0.000     0.000 r  <hidden>
    AL25                                              0.000     0.000 r  clk
                         net (fo=0)                   0.000     0.000    clk
    AL25                 IBUF (Prop_ibuf_I_O)         0.131     0.131 r  clk_IBUF_inst/O
                         net (fo=1, estimated)        1.178     1.309    clk_IBUF
    BUFGCTRL_X0Y0        BUFG (Prop_bufg_I_O)         0.026     1.335 r  clk_IBUF_BUFG_inst/O
                         net (fo=16647, estimated)    0.729     2.064    vector_main_ixc/read_path/clk_IBUF_BUFG
    SLICE_X25Y99         FDRE                                         r  vector_main_ixc/read_path/master_queue[0].ar_count_reg[2]/C
  -------------------------------------------------------------------    -------------------
    SLICE_X25Y99         FDRE (Prop_fdre_C_Q)         0.091     2.155 f  vector_main_ixc/read_path/master_queue[0].ar_count_reg[2]/Q
                         net (fo=8, estimated)        0.190     2.346    vector_main_ixc/read_path/p_0_in[2]
    SLICE_X24Y99         LUT2 (Prop_lut2_I1_O)        0.066     2.412 r  vector_main_ixc/read_path/read_req\\.ready_INST_0_i_1/O
                         net (fo=1, estimated)        0.796     3.208    vector_main_ixc_n_137
    AP24                 OBUF (Prop_obuf_I_O)         1.416     4.624 r  read_req\\.ready_INST_0/O
                         net (fo=0)                   0.000     4.624    read_req\\.ready
    AP24                                                              r  read_req\\.ready
  -------------------------------------------------------------------    -------------------

Slack:                    inf
  Source:                 vector_main_ixc/read_path/master_queue[0].response_addr_mem_reg_0_7_30_31/RAMC_D1/CLK
                            (rising edge-triggered cell RAMD32 clocked by sys_clk  {rise@0.000ns fall@2.500ns period=5.000ns})
  Destination:            read_rsp\\.tag[3]
                            (output port)
  Path Group:             (none)
  Path Type:              Min at Fast Process Corner
  Data Path Delay:        2.613ns  (logic 1.666ns (63.737%)  route 0.948ns (36.263%))
  Logic Levels:           1  (OBUF=1)
  Clock Uncertainty:      0.025ns  ((TSJ^2 + TIJ^2)^1/2 + DJ) / 2 + PE
    Total System Jitter     (TSJ):    0.050ns
    Total Input Jitter      (TIJ):    0.000ns
    Discrete Jitter          (DJ):    0.000ns
    Phase Error              (PE):    0.000ns

    Location             Delay type                Incr(ns)  Path(ns)    Netlist Resource(s)
  -------------------------------------------------------------------    -------------------
                         (clock sys_clk rise edge)    0.000     0.000 r  <hidden>
    AL25                                              0.000     0.000 r  clk
                         net (fo=0)                   0.000     0.000    clk
    AL25                 IBUF (Prop_ibuf_I_O)         0.131     0.131 r  clk_IBUF_inst/O
                         net (fo=1, estimated)        1.178     1.309    clk_IBUF
    BUFGCTRL_X0Y0        BUFG (Prop_bufg_I_O)         0.026     1.335 r  clk_IBUF_BUFG_inst/O
                         net (fo=16647, estimated)    0.692     2.027    vector_main_ixc/read_path/master_queue[0].response_addr_mem_reg_0_7_30_31/WCLK
    SLICE_X38Y93         RAMD32                                       r  vector_main_ixc/read_path/master_queue[0].response_addr_mem_reg_0_7_30_31/RAMC_D1/CLK
  -------------------------------------------------------------------    -------------------
    SLICE_X38Y93         RAMD32 (Prop_ramd32_CLK_O)
                                                      0.294     2.321 r  vector_main_ixc/read_path/master_queue[0].response_addr_mem_reg_0_7_30_31/RAMC_D1/O
                         net (fo=1, estimated)        0.948     3.269    read_rsp\\.tag_OBUF[3]
    AN25                 OBUF (Prop_obuf_I_O)         1.372     4.641 r  read_rsp\\.tag[3]_INST_0/O
                         net (fo=0)                   0.000     4.641    read_rsp\\.tag[3]
    AN25                                                              r  read_rsp\\.tag[3]
  -------------------------------------------------------------------    -------------------

Slack:                    inf
  Source:                 vector_main_ixc/read_path/master_queue[0].response_mem_reg_0_7_6_11/RAMC_D1/CLK
                            (rising edge-triggered cell RAMD32 clocked by sys_clk  {rise@0.000ns fall@2.500ns period=5.000ns})
  Destination:            read_rsp\\.data[11]
                            (output port)
  Path Group:             (none)
  Path Type:              Min at Fast Process Corner
  Data Path Delay:        2.703ns  (logic 1.645ns (60.868%)  route 1.058ns (39.132%))
  Logic Levels:           1  (OBUF=1)
  Clock Uncertainty:      0.025ns  ((TSJ^2 + TIJ^2)^1/2 + DJ) / 2 + PE
    Total System Jitter     (TSJ):    0.050ns
    Total Input Jitter      (TIJ):    0.000ns
    Discrete Jitter          (DJ):    0.000ns
    Phase Error              (PE):    0.000ns

    Location             Delay type                Incr(ns)  Path(ns)    Netlist Resource(s)
  -------------------------------------------------------------------    -------------------
                         (clock sys_clk rise edge)    0.000     0.000 r  <hidden>
    AL25                                              0.000     0.000 r  clk
                         net (fo=0)                   0.000     0.000    clk
    AL25                 IBUF (Prop_ibuf_I_O)         0.131     0.131 r  clk_IBUF_inst/O
                         net (fo=1, estimated)        1.178     1.309    clk_IBUF
    BUFGCTRL_X0Y0        BUFG (Prop_bufg_I_O)         0.026     1.335 r  clk_IBUF_BUFG_inst/O
                         net (fo=16647, estimated)    0.640     1.975    vector_main_ixc/read_path/master_queue[0].response_mem_reg_0_7_6_11/WCLK
    SLICE_X46Y101        RAMD32                                       r  vector_main_ixc/read_path/master_queue[0].response_mem_reg_0_7_6_11/RAMC_D1/CLK
  -------------------------------------------------------------------    -------------------
    SLICE_X46Y101        RAMD32 (Prop_ramd32_CLK_O)
                                                      0.294     2.269 r  vector_main_ixc/read_path/master_queue[0].response_mem_reg_0_7_6_11/RAMC_D1/O
                         net (fo=1, estimated)        1.058     3.327    read_rsp\\.data_OBUF[11]
    AM32                 OBUF (Prop_obuf_I_O)         1.351     4.679 r  read_rsp\\.data[11]_INST_0/O
                         net (fo=0)                   0.000     4.679    read_rsp\\.data[11]
    AM32                                                              r  read_rsp\\.data[11]
  -------------------------------------------------------------------    -------------------

Slack:                    inf
  Source:                 vector_main_ixc/read_path/master_queue[0].response_count_reg[0]/C
                            (rising edge-triggered cell FDRE clocked by sys_clk  {rise@0.000ns fall@2.500ns period=5.000ns})
  Destination:            read_rsp\\.valid
                            (output port)
  Path Group:             (none)
  Path Type:              Min at Fast Process Corner
  Data Path Delay:        2.620ns  (logic 1.534ns (58.546%)  route 1.086ns (41.454%))
  Logic Levels:           2  (LUT5=1 OBUF=1)
  Clock Uncertainty:      0.025ns  ((TSJ^2 + TIJ^2)^1/2 + DJ) / 2 + PE
    Total System Jitter     (TSJ):    0.050ns
    Total Input Jitter      (TIJ):    0.000ns
    Discrete Jitter          (DJ):    0.000ns
    Phase Error              (PE):    0.000ns

    Location             Delay type                Incr(ns)  Path(ns)    Netlist Resource(s)
  -------------------------------------------------------------------    -------------------
                         (clock sys_clk rise edge)    0.000     0.000 r  <hidden>
    AL25                                              0.000     0.000 r  clk
                         net (fo=0)                   0.000     0.000    clk
    AL25                 IBUF (Prop_ibuf_I_O)         0.131     0.131 r  clk_IBUF_inst/O
                         net (fo=1, estimated)        1.178     1.309    clk_IBUF
    BUFGCTRL_X0Y0        BUFG (Prop_bufg_I_O)         0.026     1.335 r  clk_IBUF_BUFG_inst/O
                         net (fo=16647, estimated)    0.728     2.063    vector_main_ixc/read_path/clk_IBUF_BUFG
    SLICE_X31Y99         FDRE                                         r  vector_main_ixc/read_path/master_queue[0].response_count_reg[0]/C
  -------------------------------------------------------------------    -------------------
    SLICE_X31Y99         FDRE (Prop_fdre_C_Q)         0.100     2.163 r  vector_main_ixc/read_path/master_queue[0].response_count_reg[0]/Q
                         net (fo=6, estimated)        0.185     2.348    vector_main_ixc/read_path/master_queue[0].response_count_reg[0]
    SLICE_X31Y99         LUT5 (Prop_lut5_I4_O)        0.030     2.378 r  vector_main_ixc/read_path/read_rsp\\.valid_INST_0_i_1/O
                         net (fo=1, estimated)        0.901     3.280    vector_main_ixc_n_139
    AN24                 OBUF (Prop_obuf_I_O)         1.404     4.683 r  read_rsp\\.valid_INST_0/O
                         net (fo=0)                   0.000     4.683    read_rsp\\.valid
    AN24                                                              r  read_rsp\\.valid
  -------------------------------------------------------------------    -------------------

Slack:                    inf
  Source:                 vector_main_ixc/read_path/master_queue[0].response_addr_mem_reg_0_7_30_31/RAMB_D1/CLK
                            (rising edge-triggered cell RAMD32 clocked by sys_clk  {rise@0.000ns fall@2.500ns period=5.000ns})
  Destination:            read_rsp\\.tag[1]
                            (output port)
  Path Group:             (none)
  Path Type:              Min at Fast Process Corner
  Data Path Delay:        2.668ns  (logic 1.657ns (62.096%)  route 1.011ns (37.904%))
  Logic Levels:           1  (OBUF=1)
  Clock Uncertainty:      0.025ns  ((TSJ^2 + TIJ^2)^1/2 + DJ) / 2 + PE
    Total System Jitter     (TSJ):    0.050ns
    Total Input Jitter      (TIJ):    0.000ns
    Discrete Jitter          (DJ):    0.000ns
    Phase Error              (PE):    0.000ns

    Location             Delay type                Incr(ns)  Path(ns)    Netlist Resource(s)
  -------------------------------------------------------------------    -------------------
                         (clock sys_clk rise edge)    0.000     0.000 r  <hidden>
    AL25                                              0.000     0.000 r  clk
                         net (fo=0)                   0.000     0.000    clk
    AL25                 IBUF (Prop_ibuf_I_O)         0.131     0.131 r  clk_IBUF_inst/O
                         net (fo=1, estimated)        1.178     1.309    clk_IBUF
    BUFGCTRL_X0Y0        BUFG (Prop_bufg_I_O)         0.026     1.335 r  clk_IBUF_BUFG_inst/O
                         net (fo=16647, estimated)    0.692     2.027    vector_main_ixc/read_path/master_queue[0].response_addr_mem_reg_0_7_30_31/WCLK
    SLICE_X38Y93         RAMD32                                       r  vector_main_ixc/read_path/master_queue[0].response_addr_mem_reg_0_7_30_31/RAMB_D1/CLK
  -------------------------------------------------------------------    -------------------
    SLICE_X38Y93         RAMD32 (Prop_ramd32_CLK_O)
                                                      0.297     2.324 r  vector_main_ixc/read_path/master_queue[0].response_addr_mem_reg_0_7_30_31/RAMB_D1/O
                         net (fo=1, estimated)        1.011     3.336    read_rsp\\.tag_OBUF[1]
    AP26                 OBUF (Prop_obuf_I_O)         1.360     4.695 r  read_rsp\\.tag[1]_INST_0/O
                         net (fo=0)                   0.000     4.695    read_rsp\\.tag[1]
    AP26                                                              r  read_rsp\\.tag[1]
  -------------------------------------------------------------------    -------------------

Slack:                    inf
  Source:                 vector_main_ixc/read_path/master_queue[0].response_mem_reg_0_7_0_5/RAMB_D1/CLK
                            (rising edge-triggered cell RAMD32 clocked by sys_clk  {rise@0.000ns fall@2.500ns period=5.000ns})
  Destination:            read_rsp\\.data[3]
                            (output port)
  Path Group:             (none)
  Path Type:              Min at Fast Process Corner
  Data Path Delay:        2.676ns  (logic 1.659ns (61.998%)  route 1.017ns (38.002%))
  Logic Levels:           1  (OBUF=1)
  Clock Uncertainty:      0.025ns  ((TSJ^2 + TIJ^2)^1/2 + DJ) / 2 + PE
    Total System Jitter     (TSJ):    0.050ns
    Total Input Jitter      (TIJ):    0.000ns
    Discrete Jitter          (DJ):    0.000ns
    Phase Error              (PE):    0.000ns

    Location             Delay type                Incr(ns)  Path(ns)    Netlist Resource(s)
  -------------------------------------------------------------------    -------------------
                         (clock sys_clk rise edge)    0.000     0.000 r  <hidden>
    AL25                                              0.000     0.000 r  clk
                         net (fo=0)                   0.000     0.000    clk
    AL25                 IBUF (Prop_ibuf_I_O)         0.131     0.131 r  clk_IBUF_inst/O
                         net (fo=1, estimated)        1.178     1.309    clk_IBUF
    BUFGCTRL_X0Y0        BUFG (Prop_bufg_I_O)         0.026     1.335 r  clk_IBUF_BUFG_inst/O
                         net (fo=16647, estimated)    0.692     2.027    vector_main_ixc/read_path/master_queue[0].response_mem_reg_0_7_0_5/WCLK
    SLICE_X46Y98         RAMD32                                       r  vector_main_ixc/read_path/master_queue[0].response_mem_reg_0_7_0_5/RAMB_D1/CLK
  -------------------------------------------------------------------    -------------------
    SLICE_X46Y98         RAMD32 (Prop_ramd32_CLK_O)
                                                      0.297     2.324 r  vector_main_ixc/read_path/master_queue[0].response_mem_reg_0_7_0_5/RAMB_D1/O
                         net (fo=1, estimated)        1.017     3.342    read_rsp\\.data_OBUF[3]
    AP30                 OBUF (Prop_obuf_I_O)         1.362     4.704 r  read_rsp\\.data[3]_INST_0/O
                         net (fo=0)                   0.000     4.704    read_rsp\\.data[3]
    AP30                                                              r  read_rsp\\.data[3]
  -------------------------------------------------------------------    -------------------

Slack:                    inf
  Source:                 vector_main_ixc/read_path/master_queue[0].response_addr_mem_reg_0_7_30_31/RAMC/CLK
                            (rising edge-triggered cell RAMD32 clocked by sys_clk  {rise@0.000ns fall@2.500ns period=5.000ns})
  Destination:            read_rsp\\.tag[2]
                            (output port)
  Path Group:             (none)
  Path Type:              Min at Fast Process Corner
  Data Path Delay:        2.681ns  (logic 1.711ns (63.802%)  route 0.970ns (36.198%))
  Logic Levels:           1  (OBUF=1)
  Clock Uncertainty:      0.025ns  ((TSJ^2 + TIJ^2)^1/2 + DJ) / 2 + PE
    Total System Jitter     (TSJ):    0.050ns
    Total Input Jitter      (TIJ):    0.000ns
    Discrete Jitter          (DJ):    0.000ns
    Phase Error              (PE):    0.000ns

    Location             Delay type                Incr(ns)  Path(ns)    Netlist Resource(s)
  -------------------------------------------------------------------    -------------------
                         (clock sys_clk rise edge)    0.000     0.000 r  <hidden>
    AL25                                              0.000     0.000 r  clk
                         net (fo=0)                   0.000     0.000    clk
    AL25                 IBUF (Prop_ibuf_I_O)         0.131     0.131 r  clk_IBUF_inst/O
                         net (fo=1, estimated)        1.178     1.309    clk_IBUF
    BUFGCTRL_X0Y0        BUFG (Prop_bufg_I_O)         0.026     1.335 r  clk_IBUF_BUFG_inst/O
                         net (fo=16647, estimated)    0.692     2.027    vector_main_ixc/read_path/master_queue[0].response_addr_mem_reg_0_7_30_31/WCLK
    SLICE_X38Y93         RAMD32                                       r  vector_main_ixc/read_path/master_queue[0].response_addr_mem_reg_0_7_30_31/RAMC/CLK
  -------------------------------------------------------------------    -------------------
    SLICE_X38Y93         RAMD32 (Prop_ramd32_CLK_O)
                                                      0.296     2.323 r  vector_main_ixc/read_path/master_queue[0].response_addr_mem_reg_0_7_30_31/RAMC/O
                         net (fo=1, estimated)        0.970     3.294    read_rsp\\.tag_OBUF[2]
    AP25                 OBUF (Prop_obuf_I_O)         1.415     4.709 r  read_rsp\\.tag[2]_INST_0/O
                         net (fo=0)                   0.000     4.709    read_rsp\\.tag[2]
    AP25                                                              r  read_rsp\\.tag[2]
  -------------------------------------------------------------------    -------------------

Slack:                    inf
  Source:                 vector_main_ixc/read_path/master_queue[0].response_mem_reg_0_7_18_23/RAMB_D1/CLK
                            (rising edge-triggered cell RAMD32 clocked by sys_clk  {rise@0.000ns fall@2.500ns period=5.000ns})
  Destination:            read_rsp\\.data[21]
                            (output port)
  Path Group:             (none)
  Path Type:              Min at Fast Process Corner
  Data Path Delay:        2.738ns  (logic 1.635ns (59.731%)  route 1.102ns (40.269%))
  Logic Levels:           1  (OBUF=1)
  Clock Uncertainty:      0.025ns  ((TSJ^2 + TIJ^2)^1/2 + DJ) / 2 + PE
    Total System Jitter     (TSJ):    0.050ns
    Total Input Jitter      (TIJ):    0.000ns
    Discrete Jitter          (DJ):    0.000ns
    Phase Error              (PE):    0.000ns

    Location             Delay type                Incr(ns)  Path(ns)    Netlist Resource(s)
  -------------------------------------------------------------------    -------------------
                         (clock sys_clk rise edge)    0.000     0.000 r  <hidden>
    AL25                                              0.000     0.000 r  clk
                         net (fo=0)                   0.000     0.000    clk
    AL25                 IBUF (Prop_ibuf_I_O)         0.131     0.131 r  clk_IBUF_inst/O
                         net (fo=1, estimated)        1.178     1.309    clk_IBUF
    BUFGCTRL_X0Y0        BUFG (Prop_bufg_I_O)         0.026     1.335 r  clk_IBUF_BUFG_inst/O
                         net (fo=16647, estimated)    0.640     1.975    vector_main_ixc/read_path/master_queue[0].response_mem_reg_0_7_18_23/WCLK
    SLICE_X48Y102        RAMD32                                       r  vector_main_ixc/read_path/master_queue[0].response_mem_reg_0_7_18_23/RAMB_D1/CLK
  -------------------------------------------------------------------    -------------------
    SLICE_X48Y102        RAMD32 (Prop_ramd32_CLK_O)
                                                      0.297     2.272 r  vector_main_ixc/read_path/master_queue[0].response_mem_reg_0_7_18_23/RAMB_D1/O
                         net (fo=1, estimated)        1.102     3.375    read_rsp\\.data_OBUF[21]
    AK32                 OBUF (Prop_obuf_I_O)         1.338     4.713 r  read_rsp\\.data[21]_INST_0/O
                         net (fo=0)                   0.000     4.713    read_rsp\\.data[21]
    AK32                                                              r  read_rsp\\.data[21]
  -------------------------------------------------------------------    -------------------

Slack:                    inf
  Source:                 vector_main_ixc/read_path/master_queue[0].response_mem_reg_0_7_6_11/RAMB/CLK
                            (rising edge-triggered cell RAMD32 clocked by sys_clk  {rise@0.000ns fall@2.500ns period=5.000ns})
  Destination:            read_rsp\\.data[8]
                            (output port)
  Path Group:             (none)
  Path Type:              Min at Fast Process Corner
  Data Path Delay:        2.749ns  (logic 1.715ns (62.383%)  route 1.034ns (37.617%))
  Logic Levels:           1  (OBUF=1)
  Clock Uncertainty:      0.025ns  ((TSJ^2 + TIJ^2)^1/2 + DJ) / 2 + PE
    Total System Jitter     (TSJ):    0.050ns
    Total Input Jitter      (TIJ):    0.000ns
    Discrete Jitter          (DJ):    0.000ns
    Phase Error              (PE):    0.000ns

    Location             Delay type                Incr(ns)  Path(ns)    Netlist Resource(s)
  -------------------------------------------------------------------    -------------------
                         (clock sys_clk rise edge)    0.000     0.000 r  <hidden>
    AL25                                              0.000     0.000 r  clk
                         net (fo=0)                   0.000     0.000    clk
    AL25                 IBUF (Prop_ibuf_I_O)         0.131     0.131 r  clk_IBUF_inst/O
                         net (fo=1, estimated)        1.178     1.309    clk_IBUF
    BUFGCTRL_X0Y0        BUFG (Prop_bufg_I_O)         0.026     1.335 r  clk_IBUF_BUFG_inst/O
                         net (fo=16647, estimated)    0.640     1.975    vector_main_ixc/read_path/master_queue[0].response_mem_reg_0_7_6_11/WCLK
    SLICE_X46Y101        RAMD32                                       r  vector_main_ixc/read_path/master_queue[0].response_mem_reg_0_7_6_11/RAMB/CLK
  -------------------------------------------------------------------    -------------------
    SLICE_X46Y101        RAMD32 (Prop_ramd32_CLK_O)
                                                      0.301     2.276 r  vector_main_ixc/read_path/master_queue[0].response_mem_reg_0_7_6_11/RAMB/O
                         net (fo=1, estimated)        1.034     3.310    read_rsp\\.data_OBUF[8]
    AN32                 OBUF (Prop_obuf_I_O)         1.414     4.724 r  read_rsp\\.data[8]_INST_0/O
                         net (fo=0)                   0.000     4.724    read_rsp\\.data[8]
    AN32                                                              r  read_rsp\\.data[8]
  -------------------------------------------------------------------    -------------------

Slack:                    inf
  Source:                 vector_main_ixc/read_path/master_queue[0].response_mem_reg_0_7_6_11/RAMB_D1/CLK
                            (rising edge-triggered cell RAMD32 clocked by sys_clk  {rise@0.000ns fall@2.500ns period=5.000ns})
  Destination:            read_rsp\\.data[9]
                            (output port)
  Path Group:             (none)
  Path Type:              Min at Fast Process Corner
  Data Path Delay:        2.749ns  (logic 1.662ns (60.442%)  route 1.088ns (39.558%))
  Logic Levels:           1  (OBUF=1)
  Clock Uncertainty:      0.025ns  ((TSJ^2 + TIJ^2)^1/2 + DJ) / 2 + PE
    Total System Jitter     (TSJ):    0.050ns
    Total Input Jitter      (TIJ):    0.000ns
    Discrete Jitter          (DJ):    0.000ns
    Phase Error              (PE):    0.000ns

    Location             Delay type                Incr(ns)  Path(ns)    Netlist Resource(s)
  -------------------------------------------------------------------    -------------------
                         (clock sys_clk rise edge)    0.000     0.000 r  <hidden>
    AL25                                              0.000     0.000 r  clk
                         net (fo=0)                   0.000     0.000    clk
    AL25                 IBUF (Prop_ibuf_I_O)         0.131     0.131 r  clk_IBUF_inst/O
                         net (fo=1, estimated)        1.178     1.309    clk_IBUF
    BUFGCTRL_X0Y0        BUFG (Prop_bufg_I_O)         0.026     1.335 r  clk_IBUF_BUFG_inst/O
                         net (fo=16647, estimated)    0.640     1.975    vector_main_ixc/read_path/master_queue[0].response_mem_reg_0_7_6_11/WCLK
    SLICE_X46Y101        RAMD32                                       r  vector_main_ixc/read_path/master_queue[0].response_mem_reg_0_7_6_11/RAMB_D1/CLK
  -------------------------------------------------------------------    -------------------
    SLICE_X46Y101        RAMD32 (Prop_ramd32_CLK_O)
                                                      0.297     2.272 r  vector_main_ixc/read_path/master_queue[0].response_mem_reg_0_7_6_11/RAMB_D1/O
                         net (fo=1, estimated)        1.088     3.360    read_rsp\\.data_OBUF[9]
    AN34                 OBUF (Prop_obuf_I_O)         1.365     4.725 r  read_rsp\\.data[9]_INST_0/O
                         net (fo=0)                   0.000     4.725    read_rsp\\.data[9]
    AN34                                                              r  read_rsp\\.data[9]
  -------------------------------------------------------------------    -------------------

Slack:                    inf
  Source:                 vector_main_ixc/read_path/master_queue[0].response_mem_reg_0_7_0_5/RAMC_D1/CLK
                            (rising edge-triggered cell RAMD32 clocked by sys_clk  {rise@0.000ns fall@2.500ns period=5.000ns})
  Destination:            read_rsp\\.data[5]
                            (output port)
  Path Group:             (none)
  Path Type:              Min at Fast Process Corner
  Data Path Delay:        2.700ns  (logic 1.666ns (61.701%)  route 1.034ns (38.299%))
  Logic Levels:           1  (OBUF=1)
  Clock Uncertainty:      0.025ns  ((TSJ^2 + TIJ^2)^1/2 + DJ) / 2 + PE
    Total System Jitter     (TSJ):    0.050ns
    Total Input Jitter      (TIJ):    0.000ns
    Discrete Jitter          (DJ):    0.000ns
    Phase Error              (PE):    0.000ns

    Location             Delay type                Incr(ns)  Path(ns)    Netlist Resource(s)
  -------------------------------------------------------------------    -------------------
                         (clock sys_clk rise edge)    0.000     0.000 r  <hidden>
    AL25                                              0.000     0.000 r  clk
                         net (fo=0)                   0.000     0.000    clk
    AL25                 IBUF (Prop_ibuf_I_O)         0.131     0.131 r  clk_IBUF_inst/O
                         net (fo=1, estimated)        1.178     1.309    clk_IBUF
    BUFGCTRL_X0Y0        BUFG (Prop_bufg_I_O)         0.026     1.335 r  clk_IBUF_BUFG_inst/O
                         net (fo=16647, estimated)    0.692     2.027    vector_main_ixc/read_path/master_queue[0].response_mem_reg_0_7_0_5/WCLK
    SLICE_X46Y98         RAMD32                                       r  vector_main_ixc/read_path/master_queue[0].response_mem_reg_0_7_0_5/RAMC_D1/CLK
  -------------------------------------------------------------------    -------------------
    SLICE_X46Y98         RAMD32 (Prop_ramd32_CLK_O)
                                                      0.294     2.321 r  vector_main_ixc/read_path/master_queue[0].response_mem_reg_0_7_0_5/RAMC_D1/O
                         net (fo=1, estimated)        1.034     3.355    read_rsp\\.data_OBUF[5]
    AP32                 OBUF (Prop_obuf_I_O)         1.372     4.727 r  read_rsp\\.data[5]_INST_0/O
                         net (fo=0)                   0.000     4.727    read_rsp\\.data[5]
    AP32                                                              r  read_rsp\\.data[5]
  -------------------------------------------------------------------    -------------------

Slack:                    inf
  Source:                 vector_main_ixc/read_path/master_queue[0].response_mem_reg_0_7_18_23/RAMB/CLK
                            (rising edge-triggered cell RAMD32 clocked by sys_clk  {rise@0.000ns fall@2.500ns period=5.000ns})
  Destination:            read_rsp\\.data[20]
                            (output port)
  Path Group:             (none)
  Path Type:              Min at Fast Process Corner
  Data Path Delay:        2.758ns  (logic 1.696ns (61.488%)  route 1.062ns (38.512%))
  Logic Levels:           1  (OBUF=1)
  Clock Uncertainty:      0.025ns  ((TSJ^2 + TIJ^2)^1/2 + DJ) / 2 + PE
    Total System Jitter     (TSJ):    0.050ns
    Total Input Jitter      (TIJ):    0.000ns
    Discrete Jitter          (DJ):    0.000ns
    Phase Error              (PE):    0.000ns

    Location             Delay type                Incr(ns)  Path(ns)    Netlist Resource(s)
  -------------------------------------------------------------------    -------------------
                         (clock sys_clk rise edge)    0.000     0.000 r  <hidden>
    AL25                                              0.000     0.000 r  clk
                         net (fo=0)                   0.000     0.000    clk
    AL25                 IBUF (Prop_ibuf_I_O)         0.131     0.131 r  clk_IBUF_inst/O
                         net (fo=1, estimated)        1.178     1.309    clk_IBUF
    BUFGCTRL_X0Y0        BUFG (Prop_bufg_I_O)         0.026     1.335 r  clk_IBUF_BUFG_inst/O
                         net (fo=16647, estimated)    0.640     1.975    vector_main_ixc/read_path/master_queue[0].response_mem_reg_0_7_18_23/WCLK
    SLICE_X48Y102        RAMD32                                       r  vector_main_ixc/read_path/master_queue[0].response_mem_reg_0_7_18_23/RAMB/CLK
  -------------------------------------------------------------------    -------------------
    SLICE_X48Y102        RAMD32 (Prop_ramd32_CLK_O)
                                                      0.301     2.276 r  vector_main_ixc/read_path/master_queue[0].response_mem_reg_0_7_18_23/RAMB/O
                         net (fo=1, estimated)        1.062     3.339    read_rsp\\.data_OBUF[20]
    AK33                 OBUF (Prop_obuf_I_O)         1.395     4.734 r  read_rsp\\.data[20]_INST_0/O
                         net (fo=0)                   0.000     4.734    read_rsp\\.data[20]
    AK33                                                              r  read_rsp\\.data[20]
  -------------------------------------------------------------------    -------------------

Slack:                    inf
  Source:                 vector_main_ixc/read_path/master_queue[0].response_mem_reg_0_7_24_29/RAMB_D1/CLK
                            (rising edge-triggered cell RAMD32 clocked by sys_clk  {rise@0.000ns fall@2.500ns period=5.000ns})
  Destination:            read_rsp\\.data[27]
                            (output port)
  Path Group:             (none)
  Path Type:              Min at Fast Process Corner
  Data Path Delay:        2.768ns  (logic 1.628ns (58.829%)  route 1.140ns (41.171%))
  Logic Levels:           1  (OBUF=1)
  Clock Uncertainty:      0.025ns  ((TSJ^2 + TIJ^2)^1/2 + DJ) / 2 + PE
    Total System Jitter     (TSJ):    0.050ns
    Total Input Jitter      (TIJ):    0.000ns
    Discrete Jitter          (DJ):    0.000ns
    Phase Error              (PE):    0.000ns

    Location             Delay type                Incr(ns)  Path(ns)    Netlist Resource(s)
  -------------------------------------------------------------------    -------------------
                         (clock sys_clk rise edge)    0.000     0.000 r  <hidden>
    AL25                                              0.000     0.000 r  clk
                         net (fo=0)                   0.000     0.000    clk
    AL25                 IBUF (Prop_ibuf_I_O)         0.131     0.131 r  clk_IBUF_inst/O
                         net (fo=1, estimated)        1.178     1.309    clk_IBUF
    BUFGCTRL_X0Y0        BUFG (Prop_bufg_I_O)         0.026     1.335 r  clk_IBUF_BUFG_inst/O
                         net (fo=16647, estimated)    0.640     1.975    vector_main_ixc/read_path/master_queue[0].response_mem_reg_0_7_24_29/WCLK
    SLICE_X46Y102        RAMD32                                       r  vector_main_ixc/read_path/master_queue[0].response_mem_reg_0_7_24_29/RAMB_D1/CLK
  -------------------------------------------------------------------    -------------------
    SLICE_X46Y102        RAMD32 (Prop_ramd32_CLK_O)
                                                      0.297     2.272 r  vector_main_ixc/read_path/master_queue[0].response_mem_reg_0_7_24_29/RAMB_D1/O
                         net (fo=1, estimated)        1.140     3.412    read_rsp\\.data_OBUF[27]
    AH32                 OBUF (Prop_obuf_I_O)         1.331     4.743 r  read_rsp\\.data[27]_INST_0/O
                         net (fo=0)                   0.000     4.743    read_rsp\\.data[27]
    AH32                                                              r  read_rsp\\.data[27]
  -------------------------------------------------------------------    -------------------

Slack:                    inf
  Source:                 vector_main_ixc/read_path/master_queue[0].response_addr_mem_reg_0_7_30_31/RAMB/CLK
                            (rising edge-triggered cell RAMD32 clocked by sys_clk  {rise@0.000ns fall@2.500ns period=5.000ns})
  Destination:            read_rsp\\.tag[0]
                            (output port)
  Path Group:             (none)
  Path Type:              Min at Fast Process Corner
  Data Path Delay:        2.719ns  (logic 1.711ns (62.935%)  route 1.008ns (37.065%))
  Logic Levels:           1  (OBUF=1)
  Clock Uncertainty:      0.025ns  ((TSJ^2 + TIJ^2)^1/2 + DJ) / 2 + PE
    Total System Jitter     (TSJ):    0.050ns
    Total Input Jitter      (TIJ):    0.000ns
    Discrete Jitter          (DJ):    0.000ns
    Phase Error              (PE):    0.000ns

    Location             Delay type                Incr(ns)  Path(ns)    Netlist Resource(s)
  -------------------------------------------------------------------    -------------------
                         (clock sys_clk rise edge)    0.000     0.000 r  <hidden>
    AL25                                              0.000     0.000 r  clk
                         net (fo=0)                   0.000     0.000    clk
    AL25                 IBUF (Prop_ibuf_I_O)         0.131     0.131 r  clk_IBUF_inst/O
                         net (fo=1, estimated)        1.178     1.309    clk_IBUF
    BUFGCTRL_X0Y0        BUFG (Prop_bufg_I_O)         0.026     1.335 r  clk_IBUF_BUFG_inst/O
                         net (fo=16647, estimated)    0.692     2.027    vector_main_ixc/read_path/master_queue[0].response_addr_mem_reg_0_7_30_31/WCLK
    SLICE_X38Y93         RAMD32                                       r  vector_main_ixc/read_path/master_queue[0].response_addr_mem_reg_0_7_30_31/RAMB/CLK
  -------------------------------------------------------------------    -------------------
    SLICE_X38Y93         RAMD32 (Prop_ramd32_CLK_O)
                                                      0.301     2.328 r  vector_main_ixc/read_path/master_queue[0].response_addr_mem_reg_0_7_30_31/RAMB/O
                         net (fo=1, estimated)        1.008     3.336    read_rsp\\.tag_OBUF[0]
    AP27                 OBUF (Prop_obuf_I_O)         1.410     4.746 r  read_rsp\\.tag[0]_INST_0/O
                         net (fo=0)                   0.000     4.746    read_rsp\\.tag[0]
    AP27                                                              r  read_rsp\\.tag[0]
  -------------------------------------------------------------------    -------------------

Slack:                    inf
  Source:                 vector_main_ixc/read_path/master_queue[0].response_mem_reg_0_7_6_11/RAMC/CLK
                            (rising edge-triggered cell RAMD32 clocked by sys_clk  {rise@0.000ns fall@2.500ns period=5.000ns})
  Destination:            read_rsp\\.data[10]
                            (output port)
  Path Group:             (none)
  Path Type:              Min at Fast Process Corner
  Data Path Delay:        2.773ns  (logic 1.696ns (61.161%)  route 1.077ns (38.839%))
  Logic Levels:           1  (OBUF=1)
  Clock Uncertainty:      0.025ns  ((TSJ^2 + TIJ^2)^1/2 + DJ) / 2 + PE
    Total System Jitter     (TSJ):    0.050ns
    Total Input Jitter      (TIJ):    0.000ns
    Discrete Jitter          (DJ):    0.000ns
    Phase Error              (PE):    0.000ns

    Location             Delay type                Incr(ns)  Path(ns)    Netlist Resource(s)
  -------------------------------------------------------------------    -------------------
                         (clock sys_clk rise edge)    0.000     0.000 r  <hidden>
    AL25                                              0.000     0.000 r  clk
                         net (fo=0)                   0.000     0.000    clk
    AL25                 IBUF (Prop_ibuf_I_O)         0.131     0.131 r  clk_IBUF_inst/O
                         net (fo=1, estimated)        1.178     1.309    clk_IBUF
    BUFGCTRL_X0Y0        BUFG (Prop_bufg_I_O)         0.026     1.335 r  clk_IBUF_BUFG_inst/O
                         net (fo=16647, estimated)    0.640     1.975    vector_main_ixc/read_path/master_queue[0].response_mem_reg_0_7_6_11/WCLK
    SLICE_X46Y101        RAMD32                                       r  vector_main_ixc/read_path/master_queue[0].response_mem_reg_0_7_6_11/RAMC/CLK
  -------------------------------------------------------------------    -------------------
    SLICE_X46Y101        RAMD32 (Prop_ramd32_CLK_O)
                                                      0.296     2.271 r  vector_main_ixc/read_path/master_queue[0].response_mem_reg_0_7_6_11/RAMC/O
                         net (fo=1, estimated)        1.077     3.349    read_rsp\\.data_OBUF[10]
    AM33                 OBUF (Prop_obuf_I_O)         1.400     4.749 r  read_rsp\\.data[10]_INST_0/O
                         net (fo=0)                   0.000     4.749    read_rsp\\.data[10]
    AM33                                                              r  read_rsp\\.data[10]
  -------------------------------------------------------------------    -------------------

Slack:                    inf
  Source:                 vector_main_ixc/read_path/master_queue[0].response_mem_reg_0_7_0_5/RAMB/CLK
                            (rising edge-triggered cell RAMD32 clocked by sys_clk  {rise@0.000ns fall@2.500ns period=5.000ns})
  Destination:            read_rsp\\.data[2]
                            (output port)
  Path Group:             (none)
  Path Type:              Min at Fast Process Corner
  Data Path Delay:        2.728ns  (logic 1.698ns (62.249%)  route 1.030ns (37.751%))
  Logic Levels:           1  (OBUF=1)
  Clock Uncertainty:      0.025ns  ((TSJ^2 + TIJ^2)^1/2 + DJ) / 2 + PE
    Total System Jitter     (TSJ):    0.050ns
    Total Input Jitter      (TIJ):    0.000ns
    Discrete Jitter          (DJ):    0.000ns
    Phase Error              (PE):    0.000ns

    Location             Delay type                Incr(ns)  Path(ns)    Netlist Resource(s)
  -------------------------------------------------------------------    -------------------
                         (clock sys_clk rise edge)    0.000     0.000 r  <hidden>
    AL25                                              0.000     0.000 r  clk
                         net (fo=0)                   0.000     0.000    clk
    AL25                 IBUF (Prop_ibuf_I_O)         0.131     0.131 r  clk_IBUF_inst/O
                         net (fo=1, estimated)        1.178     1.309    clk_IBUF
    BUFGCTRL_X0Y0        BUFG (Prop_bufg_I_O)         0.026     1.335 r  clk_IBUF_BUFG_inst/O
                         net (fo=16647, estimated)    0.692     2.027    vector_main_ixc/read_path/master_queue[0].response_mem_reg_0_7_0_5/WCLK
    SLICE_X46Y98         RAMD32                                       r  vector_main_ixc/read_path/master_queue[0].response_mem_reg_0_7_0_5/RAMB/CLK
  -------------------------------------------------------------------    -------------------
    SLICE_X46Y98         RAMD32 (Prop_ramd32_CLK_O)
                                                      0.301     2.328 r  vector_main_ixc/read_path/master_queue[0].response_mem_reg_0_7_0_5/RAMB/O
                         net (fo=1, estimated)        1.030     3.358    read_rsp\\.data_OBUF[2]
    AN29                 OBUF (Prop_obuf_I_O)         1.397     4.756 r  read_rsp\\.data[2]_INST_0/O
                         net (fo=0)                   0.000     4.756    read_rsp\\.data[2]
    AN29                                                              r  read_rsp\\.data[2]
  -------------------------------------------------------------------    -------------------

Slack:                    inf
  Source:                 vector_main_ixc/read_path/master_queue[0].response_mem_reg_0_7_18_23/RAMC_D1/CLK
                            (rising edge-triggered cell RAMD32 clocked by sys_clk  {rise@0.000ns fall@2.500ns period=5.000ns})
  Destination:            read_rsp\\.data[23]
                            (output port)
  Path Group:             (none)
  Path Type:              Min at Fast Process Corner
  Data Path Delay:        2.781ns  (logic 1.632ns (58.698%)  route 1.149ns (41.302%))
  Logic Levels:           1  (OBUF=1)
  Clock Uncertainty:      0.025ns  ((TSJ^2 + TIJ^2)^1/2 + DJ) / 2 + PE
    Total System Jitter     (TSJ):    0.050ns
    Total Input Jitter      (TIJ):    0.000ns
    Discrete Jitter          (DJ):    0.000ns
    Phase Error              (PE):    0.000ns

    Location             Delay type                Incr(ns)  Path(ns)    Netlist Resource(s)
  -------------------------------------------------------------------    -------------------
                         (clock sys_clk rise edge)    0.000     0.000 r  <hidden>
    AL25                                              0.000     0.000 r  clk
                         net (fo=0)                   0.000     0.000    clk
    AL25                 IBUF (Prop_ibuf_I_O)         0.131     0.131 r  clk_IBUF_inst/O
                         net (fo=1, estimated)        1.178     1.309    clk_IBUF
    BUFGCTRL_X0Y0        BUFG (Prop_bufg_I_O)         0.026     1.335 r  clk_IBUF_BUFG_inst/O
                         net (fo=16647, estimated)    0.640     1.975    vector_main_ixc/read_path/master_queue[0].response_mem_reg_0_7_18_23/WCLK
    SLICE_X48Y102        RAMD32                                       r  vector_main_ixc/read_path/master_queue[0].response_mem_reg_0_7_18_23/RAMC_D1/CLK
  -------------------------------------------------------------------    -------------------
    SLICE_X48Y102        RAMD32 (Prop_ramd32_CLK_O)
                                                      0.294     2.269 r  vector_main_ixc/read_path/master_queue[0].response_mem_reg_0_7_18_23/RAMC_D1/O
                         net (fo=1, estimated)        1.149     3.418    read_rsp\\.data_OBUF[23]
    AK31                 OBUF (Prop_obuf_I_O)         1.338     4.756 r  read_rsp\\.data[23]_INST_0/O
                         net (fo=0)                   0.000     4.756    read_rsp\\.data[23]
    AK31                                                              r  read_rsp\\.data[23]
  -------------------------------------------------------------------    -------------------

Slack:                    inf
  Source:                 vector_main_ixc/read_path/master_queue[0].response_mem_reg_0_7_0_5/RAMA_D1/CLK
                            (rising edge-triggered cell RAMD32 clocked by sys_clk  {rise@0.000ns fall@2.500ns period=5.000ns})
  Destination:            read_rsp\\.data[1]
                            (output port)
  Path Group:             (none)
  Path Type:              Min at Fast Process Corner
  Data Path Delay:        2.731ns  (logic 1.721ns (63.028%)  route 1.010ns (36.972%))
  Logic Levels:           1  (OBUF=1)
  Clock Uncertainty:      0.025ns  ((TSJ^2 + TIJ^2)^1/2 + DJ) / 2 + PE
    Total System Jitter     (TSJ):    0.050ns
    Total Input Jitter      (TIJ):    0.000ns
    Discrete Jitter          (DJ):    0.000ns
    Phase Error              (PE):    0.000ns

    Location             Delay type                Incr(ns)  Path(ns)    Netlist Resource(s)
  -------------------------------------------------------------------    -------------------
                         (clock sys_clk rise edge)    0.000     0.000 r  <hidden>
    AL25                                              0.000     0.000 r  clk
                         net (fo=0)                   0.000     0.000    clk
    AL25                 IBUF (Prop_ibuf_I_O)         0.131     0.131 r  clk_IBUF_inst/O
                         net (fo=1, estimated)        1.178     1.309    clk_IBUF
    BUFGCTRL_X0Y0        BUFG (Prop_bufg_I_O)         0.026     1.335 r  clk_IBUF_BUFG_inst/O
                         net (fo=16647, estimated)    0.692     2.027    vector_main_ixc/read_path/master_queue[0].response_mem_reg_0_7_0_5/WCLK
    SLICE_X46Y98         RAMD32                                       r  vector_main_ixc/read_path/master_queue[0].response_mem_reg_0_7_0_5/RAMA_D1/CLK
  -------------------------------------------------------------------    -------------------
    SLICE_X46Y98         RAMD32 (Prop_ramd32_CLK_O)
                                                      0.374     2.401 r  vector_main_ixc/read_path/master_queue[0].response_mem_reg_0_7_0_5/RAMA_D1/O
                         net (fo=1, estimated)        1.010     3.411    read_rsp\\.data_OBUF[1]
    AN30                 OBUF (Prop_obuf_I_O)         1.347     4.758 r  read_rsp\\.data[1]_INST_0/O
                         net (fo=0)                   0.000     4.758    read_rsp\\.data[1]
    AN30                                                              r  read_rsp\\.data[1]
  -------------------------------------------------------------------    -------------------

Slack:                    inf
  Source:                 vector_main_ixc/read_path/master_queue[0].response_mem_reg_0_7_0_5/RAMA/CLK
                            (rising edge-triggered cell RAMD32 clocked by sys_clk  {rise@0.000ns fall@2.500ns period=5.000ns})
  Destination:            read_rsp\\.data[0]
                            (output port)
  Path Group:             (none)
  Path Type:              Min at Fast Process Corner
  Data Path Delay:        2.743ns  (logic 1.717ns (62.590%)  route 1.026ns (37.410%))
  Logic Levels:           1  (OBUF=1)
  Clock Uncertainty:      0.025ns  ((TSJ^2 + TIJ^2)^1/2 + DJ) / 2 + PE
    Total System Jitter     (TSJ):    0.050ns
    Total Input Jitter      (TIJ):    0.000ns
    Discrete Jitter          (DJ):    0.000ns
    Phase Error              (PE):    0.000ns

    Location             Delay type                Incr(ns)  Path(ns)    Netlist Resource(s)
  -------------------------------------------------------------------    -------------------
                         (clock sys_clk rise edge)    0.000     0.000 r  <hidden>
    AL25                                              0.000     0.000 r  clk
                         net (fo=0)                   0.000     0.000    clk
    AL25                 IBUF (Prop_ibuf_I_O)         0.131     0.131 r  clk_IBUF_inst/O
                         net (fo=1, estimated)        1.178     1.309    clk_IBUF
    BUFGCTRL_X0Y0        BUFG (Prop_bufg_I_O)         0.026     1.335 r  clk_IBUF_BUFG_inst/O
                         net (fo=16647, estimated)    0.692     2.027    vector_main_ixc/read_path/master_queue[0].response_mem_reg_0_7_0_5/WCLK
    SLICE_X46Y98         RAMD32                                       r  vector_main_ixc/read_path/master_queue[0].response_mem_reg_0_7_0_5/RAMA/CLK
  -------------------------------------------------------------------    -------------------
    SLICE_X46Y98         RAMD32 (Prop_ramd32_CLK_O)
                                                      0.385     2.412 r  vector_main_ixc/read_path/master_queue[0].response_mem_reg_0_7_0_5/RAMA/O
                         net (fo=1, estimated)        1.026     3.439    read_rsp\\.data_OBUF[0]
    AD30                 OBUF (Prop_obuf_I_O)         1.332     4.770 r  read_rsp\\.data[0]_INST_0/O
                         net (fo=0)                   0.000     4.770    read_rsp\\.data[0]
    AD30                                                              r  read_rsp\\.data[0]
  -------------------------------------------------------------------    -------------------

Slack:                    inf
  Source:                 vector_main_ixc/read_path/master_queue[0].response_mem_reg_0_7_18_23/RAMC/CLK
                            (rising edge-triggered cell RAMD32 clocked by sys_clk  {rise@0.000ns fall@2.500ns period=5.000ns})
  Destination:            read_rsp\\.data[22]
                            (output port)
  Path Group:             (none)
  Path Type:              Min at Fast Process Corner
  Data Path Delay:        2.795ns  (logic 1.672ns (59.814%)  route 1.123ns (40.186%))
  Logic Levels:           1  (OBUF=1)
  Clock Uncertainty:      0.025ns  ((TSJ^2 + TIJ^2)^1/2 + DJ) / 2 + PE
    Total System Jitter     (TSJ):    0.050ns
    Total Input Jitter      (TIJ):    0.000ns
    Discrete Jitter          (DJ):    0.000ns
    Phase Error              (PE):    0.000ns

    Location             Delay type                Incr(ns)  Path(ns)    Netlist Resource(s)
  -------------------------------------------------------------------    -------------------
                         (clock sys_clk rise edge)    0.000     0.000 r  <hidden>
    AL25                                              0.000     0.000 r  clk
                         net (fo=0)                   0.000     0.000    clk
    AL25                 IBUF (Prop_ibuf_I_O)         0.131     0.131 r  clk_IBUF_inst/O
                         net (fo=1, estimated)        1.178     1.309    clk_IBUF
    BUFGCTRL_X0Y0        BUFG (Prop_bufg_I_O)         0.026     1.335 r  clk_IBUF_BUFG_inst/O
                         net (fo=16647, estimated)    0.640     1.975    vector_main_ixc/read_path/master_queue[0].response_mem_reg_0_7_18_23/WCLK
    SLICE_X48Y102        RAMD32                                       r  vector_main_ixc/read_path/master_queue[0].response_mem_reg_0_7_18_23/RAMC/CLK
  -------------------------------------------------------------------    -------------------
    SLICE_X48Y102        RAMD32 (Prop_ramd32_CLK_O)
                                                      0.296     2.271 r  vector_main_ixc/read_path/master_queue[0].response_mem_reg_0_7_18_23/RAMC/O
                         net (fo=1, estimated)        1.123     3.395    read_rsp\\.data_OBUF[22]
    AJ32                 OBUF (Prop_obuf_I_O)         1.376     4.771 r  read_rsp\\.data[22]_INST_0/O
                         net (fo=0)                   0.000     4.771    read_rsp\\.data[22]
    AJ32                                                              r  read_rsp\\.data[22]
  -------------------------------------------------------------------    -------------------





--------------------------------------------------------------------------------------
Path Group:  (none)
From Clock:  
  To Clock:  sys_clk

Max Delay         20201 Endpoints
Min Delay         20201 Endpoints
--------------------------------------------------------------------------------------


Max Delay Paths
--------------------------------------------------------------------------------------
Slack:                    inf
  Source:                 write_req\\.data[126]
                            (input port)
  Destination:            vector_main_ixc/write_data_reg_reg[0][1][126]/D
                            (rising edge-triggered cell FDRE clocked by sys_clk  {rise@0.000ns fall@2.500ns period=5.000ns})
  Path Group:             (none)
  Path Type:              Setup (Max at Slow Process Corner)
  Data Path Delay:        6.794ns  (logic 0.756ns (11.132%)  route 6.038ns (88.868%))
  Logic Levels:           1  (IBUF=1)
  Clock Path Skew:        4.475ns (DCD - SCD + CPR)
    Destination Clock Delay (DCD):    4.475ns
    Source Clock Delay      (SCD):    0.000ns
    Clock Pessimism Removal (CPR):    0.000ns
  Clock Uncertainty:      0.025ns  ((TSJ^2 + TIJ^2)^1/2 + DJ) / 2 + PE
    Total System Jitter     (TSJ):    0.050ns
    Total Input Jitter      (TIJ):    0.000ns
    Discrete Jitter          (DJ):    0.000ns
    Phase Error              (PE):    0.000ns

    Location             Delay type                Incr(ns)  Path(ns)    Netlist Resource(s)
  -------------------------------------------------------------------    -------------------
    E21                                               0.000     0.000 r  write_req\\.data[126]
                         net (fo=0)                   0.000     0.000    write_req\\.data[126]
    E21                  IBUF (Prop_ibuf_I_O)         0.756     0.756 r  write_data_reg_reg[0][1][126]_i_1/O
                         net (fo=2, estimated)        6.038     6.794    vector_main_ixc/write_data_reg_reg[0][0][127]_0[126]
    SLICE_X80Y75         FDRE                                         r  vector_main_ixc/write_data_reg_reg[0][1][126]/D
  -------------------------------------------------------------------    -------------------

                         (clock sys_clk rise edge)    0.000     0.000 r  <hidden>
    AL25                                              0.000     0.000 r  clk
                         net (fo=0)                   0.000     0.000    clk
    AL25                 IBUF (Prop_ibuf_I_O)         0.714     0.714 r  clk_IBUF_inst/O
                         net (fo=1, estimated)        2.257     2.971    clk_IBUF
    BUFGCTRL_X0Y0        BUFG (Prop_bufg_I_O)         0.083     3.054 r  clk_IBUF_BUFG_inst/O
                         net (fo=16647, estimated)    1.421     4.475    vector_main_ixc/clk_IBUF_BUFG
    SLICE_X80Y75         FDRE                                         r  vector_main_ixc/write_data_reg_reg[0][1][126]/C

Slack:                    inf
  Source:                 write_req\\.data[123]
                            (input port)
  Destination:            vector_main_ixc/write_data_reg_reg[0][0][123]/D
                            (rising edge-triggered cell FDRE clocked by sys_clk  {rise@0.000ns fall@2.500ns period=5.000ns})
  Path Group:             (none)
  Path Type:              Setup (Max at Slow Process Corner)
  Data Path Delay:        6.769ns  (logic 0.780ns (11.517%)  route 5.989ns (88.483%))
  Logic Levels:           1  (IBUF=1)
  Clock Path Skew:        4.476ns (DCD - SCD + CPR)
    Destination Clock Delay (DCD):    4.476ns
    Source Clock Delay      (SCD):    0.000ns
    Clock Pessimism Removal (CPR):    0.000ns
  Clock Uncertainty:      0.025ns  ((TSJ^2 + TIJ^2)^1/2 + DJ) / 2 + PE
    Total System Jitter     (TSJ):    0.050ns
    Total Input Jitter      (TIJ):    0.000ns
    Discrete Jitter          (DJ):    0.000ns
    Phase Error              (PE):    0.000ns

    Location             Delay type                Incr(ns)  Path(ns)    Netlist Resource(s)
  -------------------------------------------------------------------    -------------------
    D19                                               0.000     0.000 r  write_req\\.data[123]
                         net (fo=0)                   0.000     0.000    write_req\\.data[123]
    D19                  IBUF (Prop_ibuf_I_O)         0.780     0.780 r  write_data_reg_reg[0][1][123]_i_1/O
                         net (fo=2, estimated)        5.989     6.769    vector_main_ixc/write_data_reg_reg[0][0][127]_0[123]
    SLICE_X77Y76         FDRE                                         r  vector_main_ixc/write_data_reg_reg[0][0][123]/D
  -------------------------------------------------------------------    -------------------

                         (clock sys_clk rise edge)    0.000     0.000 r  <hidden>
    AL25                                              0.000     0.000 r  clk
                         net (fo=0)                   0.000     0.000    clk
    AL25                 IBUF (Prop_ibuf_I_O)         0.714     0.714 r  clk_IBUF_inst/O
                         net (fo=1, estimated)        2.257     2.971    clk_IBUF
    BUFGCTRL_X0Y0        BUFG (Prop_bufg_I_O)         0.083     3.054 r  clk_IBUF_BUFG_inst/O
                         net (fo=16647, estimated)    1.422     4.476    vector_main_ixc/clk_IBUF_BUFG
    SLICE_X77Y76         FDRE                                         r  vector_main_ixc/write_data_reg_reg[0][0][123]/C

Slack:                    inf
  Source:                 write_req\\.data[123]
                            (input port)
  Destination:            vector_main_ixc/write_data_reg_reg[0][1][123]/D
                            (rising edge-triggered cell FDRE clocked by sys_clk  {rise@0.000ns fall@2.500ns period=5.000ns})
  Path Group:             (none)
  Path Type:              Setup (Max at Slow Process Corner)
  Data Path Delay:        6.769ns  (logic 0.780ns (11.517%)  route 5.989ns (88.483%))
  Logic Levels:           1  (IBUF=1)
  Clock Path Skew:        4.476ns (DCD - SCD + CPR)
    Destination Clock Delay (DCD):    4.476ns
    Source Clock Delay      (SCD):    0.000ns
    Clock Pessimism Removal (CPR):    0.000ns
  Clock Uncertainty:      0.025ns  ((TSJ^2 + TIJ^2)^1/2 + DJ) / 2 + PE
    Total System Jitter     (TSJ):    0.050ns
    Total Input Jitter      (TIJ):    0.000ns
    Discrete Jitter          (DJ):    0.000ns
    Phase Error              (PE):    0.000ns

    Location             Delay type                Incr(ns)  Path(ns)    Netlist Resource(s)
  -------------------------------------------------------------------    -------------------
    D19                                               0.000     0.000 r  write_req\\.data[123]
                         net (fo=0)                   0.000     0.000    write_req\\.data[123]
    D19                  IBUF (Prop_ibuf_I_O)         0.780     0.780 r  write_data_reg_reg[0][1][123]_i_1/O
                         net (fo=2, estimated)        5.989     6.769    vector_main_ixc/write_data_reg_reg[0][0][127]_0[123]
    SLICE_X78Y76         FDRE                                         r  vector_main_ixc/write_data_reg_reg[0][1][123]/D
  -------------------------------------------------------------------    -------------------

                         (clock sys_clk rise edge)    0.000     0.000 r  <hidden>
    AL25                                              0.000     0.000 r  clk
                         net (fo=0)                   0.000     0.000    clk
    AL25                 IBUF (Prop_ibuf_I_O)         0.714     0.714 r  clk_IBUF_inst/O
                         net (fo=1, estimated)        2.257     2.971    clk_IBUF
    BUFGCTRL_X0Y0        BUFG (Prop_bufg_I_O)         0.083     3.054 r  clk_IBUF_BUFG_inst/O
                         net (fo=16647, estimated)    1.422     4.476    vector_main_ixc/clk_IBUF_BUFG
    SLICE_X78Y76         FDRE                                         r  vector_main_ixc/write_data_reg_reg[0][1][123]/C

Slack:                    inf
  Source:                 write_req\\.data[124]
                            (input port)
  Destination:            vector_main_ixc/write_data_reg_reg[0][0][124]/D
                            (rising edge-triggered cell FDRE clocked by sys_clk  {rise@0.000ns fall@2.500ns period=5.000ns})
  Path Group:             (none)
  Path Type:              Setup (Max at Slow Process Corner)
  Data Path Delay:        6.767ns  (logic 0.781ns (11.543%)  route 5.986ns (88.457%))
  Logic Levels:           1  (IBUF=1)
  Clock Path Skew:        4.476ns (DCD - SCD + CPR)
    Destination Clock Delay (DCD):    4.476ns
    Source Clock Delay      (SCD):    0.000ns
    Clock Pessimism Removal (CPR):    0.000ns
  Clock Uncertainty:      0.025ns  ((TSJ^2 + TIJ^2)^1/2 + DJ) / 2 + PE
    Total System Jitter     (TSJ):    0.050ns
    Total Input Jitter      (TIJ):    0.000ns
    Discrete Jitter          (DJ):    0.000ns
    Phase Error              (PE):    0.000ns

    Location             Delay type                Incr(ns)  Path(ns)    Netlist Resource(s)
  -------------------------------------------------------------------    -------------------
    E19                                               0.000     0.000 r  write_req\\.data[124]
                         net (fo=0)                   0.000     0.000    write_req\\.data[124]
    E19                  IBUF (Prop_ibuf_I_O)         0.781     0.781 r  write_data_reg_reg[0][1][124]_i_1/O
                         net (fo=2, estimated)        5.986     6.767    vector_main_ixc/write_data_reg_reg[0][0][127]_0[124]
    SLICE_X77Y76         FDRE                                         r  vector_main_ixc/write_data_reg_reg[0][0][124]/D
  -------------------------------------------------------------------    -------------------

                         (clock sys_clk rise edge)    0.000     0.000 r  <hidden>
    AL25                                              0.000     0.000 r  clk
                         net (fo=0)                   0.000     0.000    clk
    AL25                 IBUF (Prop_ibuf_I_O)         0.714     0.714 r  clk_IBUF_inst/O
                         net (fo=1, estimated)        2.257     2.971    clk_IBUF
    BUFGCTRL_X0Y0        BUFG (Prop_bufg_I_O)         0.083     3.054 r  clk_IBUF_BUFG_inst/O
                         net (fo=16647, estimated)    1.422     4.476    vector_main_ixc/clk_IBUF_BUFG
    SLICE_X77Y76         FDRE                                         r  vector_main_ixc/write_data_reg_reg[0][0][124]/C

Slack:                    inf
  Source:                 write_req\\.data[126]
                            (input port)
  Destination:            vector_main_ixc/write_data_reg_reg[0][0][126]/D
                            (rising edge-triggered cell FDRE clocked by sys_clk  {rise@0.000ns fall@2.500ns period=5.000ns})
  Path Group:             (none)
  Path Type:              Setup (Max at Slow Process Corner)
  Data Path Delay:        6.755ns  (logic 0.756ns (11.196%)  route 5.999ns (88.804%))
  Logic Levels:           1  (IBUF=1)
  Clock Path Skew:        4.475ns (DCD - SCD + CPR)
    Destination Clock Delay (DCD):    4.475ns
    Source Clock Delay      (SCD):    0.000ns
    Clock Pessimism Removal (CPR):    0.000ns
  Clock Uncertainty:      0.025ns  ((TSJ^2 + TIJ^2)^1/2 + DJ) / 2 + PE
    Total System Jitter     (TSJ):    0.050ns
    Total Input Jitter      (TIJ):    0.000ns
    Discrete Jitter          (DJ):    0.000ns
    Phase Error              (PE):    0.000ns

    Location             Delay type                Incr(ns)  Path(ns)    Netlist Resource(s)
  -------------------------------------------------------------------    -------------------
    E21                                               0.000     0.000 r  write_req\\.data[126]
                         net (fo=0)                   0.000     0.000    write_req\\.data[126]
    E21                  IBUF (Prop_ibuf_I_O)         0.756     0.756 r  write_data_reg_reg[0][1][126]_i_1/O
                         net (fo=2, estimated)        5.999     6.755    vector_main_ixc/write_data_reg_reg[0][0][127]_0[126]
    SLICE_X80Y74         FDRE                                         r  vector_main_ixc/write_data_reg_reg[0][0][126]/D
  -------------------------------------------------------------------    -------------------

                         (clock sys_clk rise edge)    0.000     0.000 r  <hidden>
    AL25                                              0.000     0.000 r  clk
                         net (fo=0)                   0.000     0.000    clk
    AL25                 IBUF (Prop_ibuf_I_O)         0.714     0.714 r  clk_IBUF_inst/O
                         net (fo=1, estimated)        2.257     2.971    clk_IBUF
    BUFGCTRL_X0Y0        BUFG (Prop_bufg_I_O)         0.083     3.054 r  clk_IBUF_BUFG_inst/O
                         net (fo=16647, estimated)    1.421     4.475    vector_main_ixc/clk_IBUF_BUFG
    SLICE_X80Y74         FDRE                                         r  vector_main_ixc/write_data_reg_reg[0][0][126]/C

Slack:                    inf
  Source:                 write_req\\.data[112]
                            (input port)
  Destination:            vector_main_ixc/write_data_reg_reg[0][1][112]/D
                            (rising edge-triggered cell FDRE clocked by sys_clk  {rise@0.000ns fall@2.500ns period=5.000ns})
  Path Group:             (none)
  Path Type:              Setup (Max at Slow Process Corner)
  Data Path Delay:        6.753ns  (logic 0.778ns (11.527%)  route 5.975ns (88.473%))
  Logic Levels:           1  (IBUF=1)
  Clock Path Skew:        4.472ns (DCD - SCD + CPR)
    Destination Clock Delay (DCD):    4.472ns
    Source Clock Delay      (SCD):    0.000ns
    Clock Pessimism Removal (CPR):    0.000ns
  Clock Uncertainty:      0.025ns  ((TSJ^2 + TIJ^2)^1/2 + DJ) / 2 + PE
    Total System Jitter     (TSJ):    0.050ns
    Total Input Jitter      (TIJ):    0.000ns
    Discrete Jitter          (DJ):    0.000ns
    Phase Error              (PE):    0.000ns

    Location             Delay type                Incr(ns)  Path(ns)    Netlist Resource(s)
  -------------------------------------------------------------------    -------------------
    D22                                               0.000     0.000 r  write_req\\.data[112]
                         net (fo=0)                   0.000     0.000    write_req\\.data[112]
    D22                  IBUF (Prop_ibuf_I_O)         0.778     0.778 r  write_data_reg_reg[0][1][112]_i_1/O
                         net (fo=2, estimated)        5.975     6.753    vector_main_ixc/write_data_reg_reg[0][0][127]_0[112]
    SLICE_X88Y77         FDRE                                         r  vector_main_ixc/write_data_reg_reg[0][1][112]/D
  -------------------------------------------------------------------    -------------------

                         (clock sys_clk rise edge)    0.000     0.000 r  <hidden>
    AL25                                              0.000     0.000 r  clk
                         net (fo=0)                   0.000     0.000    clk
    AL25                 IBUF (Prop_ibuf_I_O)         0.714     0.714 r  clk_IBUF_inst/O
                         net (fo=1, estimated)        2.257     2.971    clk_IBUF
    BUFGCTRL_X0Y0        BUFG (Prop_bufg_I_O)         0.083     3.054 r  clk_IBUF_BUFG_inst/O
                         net (fo=16647, estimated)    1.418     4.472    vector_main_ixc/clk_IBUF_BUFG
    SLICE_X88Y77         FDRE                                         r  vector_main_ixc/write_data_reg_reg[0][1][112]/C

Slack:                    inf
  Source:                 write_req\\.data[125]
                            (input port)
  Destination:            vector_main_ixc/write_data_reg_reg[0][1][125]/D
                            (rising edge-triggered cell FDRE clocked by sys_clk  {rise@0.000ns fall@2.500ns period=5.000ns})
  Path Group:             (none)
  Path Type:              Setup (Max at Slow Process Corner)
  Data Path Delay:        6.753ns  (logic 0.756ns (11.199%)  route 5.997ns (88.801%))
  Logic Levels:           1  (IBUF=1)
  Clock Path Skew:        4.475ns (DCD - SCD + CPR)
    Destination Clock Delay (DCD):    4.475ns
    Source Clock Delay      (SCD):    0.000ns
    Clock Pessimism Removal (CPR):    0.000ns
  Clock Uncertainty:      0.025ns  ((TSJ^2 + TIJ^2)^1/2 + DJ) / 2 + PE
    Total System Jitter     (TSJ):    0.050ns
    Total Input Jitter      (TIJ):    0.000ns
    Discrete Jitter          (DJ):    0.000ns
    Phase Error              (PE):    0.000ns

    Location             Delay type                Incr(ns)  Path(ns)    Netlist Resource(s)
  -------------------------------------------------------------------    -------------------
    E22                                               0.000     0.000 r  write_req\\.data[125]
                         net (fo=0)                   0.000     0.000    write_req\\.data[125]
    E22                  IBUF (Prop_ibuf_I_O)         0.756     0.756 r  write_data_reg_reg[0][1][125]_i_1/O
                         net (fo=2, estimated)        5.997     6.753    vector_main_ixc/write_data_reg_reg[0][0][127]_0[125]
    SLICE_X80Y75         FDRE                                         r  vector_main_ixc/write_data_reg_reg[0][1][125]/D
  -------------------------------------------------------------------    -------------------

                         (clock sys_clk rise edge)    0.000     0.000 r  <hidden>
    AL25                                              0.000     0.000 r  clk
                         net (fo=0)                   0.000     0.000    clk
    AL25                 IBUF (Prop_ibuf_I_O)         0.714     0.714 r  clk_IBUF_inst/O
                         net (fo=1, estimated)        2.257     2.971    clk_IBUF
    BUFGCTRL_X0Y0        BUFG (Prop_bufg_I_O)         0.083     3.054 r  clk_IBUF_BUFG_inst/O
                         net (fo=16647, estimated)    1.421     4.475    vector_main_ixc/clk_IBUF_BUFG
    SLICE_X80Y75         FDRE                                         r  vector_main_ixc/write_data_reg_reg[0][1][125]/C

Slack:                    inf
  Source:                 write_req\\.data[125]
                            (input port)
  Destination:            vector_main_ixc/write_data_reg_reg[0][0][125]/D
                            (rising edge-triggered cell FDRE clocked by sys_clk  {rise@0.000ns fall@2.500ns period=5.000ns})
  Path Group:             (none)
  Path Type:              Setup (Max at Slow Process Corner)
  Data Path Delay:        6.746ns  (logic 0.756ns (11.210%)  route 5.990ns (88.790%))
  Logic Levels:           1  (IBUF=1)
  Clock Path Skew:        4.475ns (DCD - SCD + CPR)
    Destination Clock Delay (DCD):    4.475ns
    Source Clock Delay      (SCD):    0.000ns
    Clock Pessimism Removal (CPR):    0.000ns
  Clock Uncertainty:      0.025ns  ((TSJ^2 + TIJ^2)^1/2 + DJ) / 2 + PE
    Total System Jitter     (TSJ):    0.050ns
    Total Input Jitter      (TIJ):    0.000ns
    Discrete Jitter          (DJ):    0.000ns
    Phase Error              (PE):    0.000ns

    Location             Delay type                Incr(ns)  Path(ns)    Netlist Resource(s)
  -------------------------------------------------------------------    -------------------
    E22                                               0.000     0.000 r  write_req\\.data[125]
                         net (fo=0)                   0.000     0.000    write_req\\.data[125]
    E22                  IBUF (Prop_ibuf_I_O)         0.756     0.756 r  write_data_reg_reg[0][1][125]_i_1/O
                         net (fo=2, estimated)        5.990     6.746    vector_main_ixc/write_data_reg_reg[0][0][127]_0[125]
    SLICE_X80Y74         FDRE                                         r  vector_main_ixc/write_data_reg_reg[0][0][125]/D
  -------------------------------------------------------------------    -------------------

                         (clock sys_clk rise edge)    0.000     0.000 r  <hidden>
    AL25                                              0.000     0.000 r  clk
                         net (fo=0)                   0.000     0.000    clk
    AL25                 IBUF (Prop_ibuf_I_O)         0.714     0.714 r  clk_IBUF_inst/O
                         net (fo=1, estimated)        2.257     2.971    clk_IBUF
    BUFGCTRL_X0Y0        BUFG (Prop_bufg_I_O)         0.083     3.054 r  clk_IBUF_BUFG_inst/O
                         net (fo=16647, estimated)    1.421     4.475    vector_main_ixc/clk_IBUF_BUFG
    SLICE_X80Y74         FDRE                                         r  vector_main_ixc/write_data_reg_reg[0][0][125]/C

Slack:                    inf
  Source:                 write_req\\.data[111]
                            (input port)
  Destination:            vector_main_ixc/write_data_reg_reg[0][1][111]/D
                            (rising edge-triggered cell FDRE clocked by sys_clk  {rise@0.000ns fall@2.500ns period=5.000ns})
  Path Group:             (none)
  Path Type:              Setup (Max at Slow Process Corner)
  Data Path Delay:        6.734ns  (logic 0.788ns (11.701%)  route 5.946ns (88.299%))
  Logic Levels:           1  (IBUF=1)
  Clock Path Skew:        4.472ns (DCD - SCD + CPR)
    Destination Clock Delay (DCD):    4.472ns
    Source Clock Delay      (SCD):    0.000ns
    Clock Pessimism Removal (CPR):    0.000ns
  Clock Uncertainty:      0.025ns  ((TSJ^2 + TIJ^2)^1/2 + DJ) / 2 + PE
    Total System Jitter     (TSJ):    0.050ns
    Total Input Jitter      (TIJ):    0.000ns
    Discrete Jitter          (DJ):    0.000ns
    Phase Error              (PE):    0.000ns

    Location             Delay type                Incr(ns)  Path(ns)    Netlist Resource(s)
  -------------------------------------------------------------------    -------------------
    C22                                               0.000     0.000 r  write_req\\.data[111]
                         net (fo=0)                   0.000     0.000    write_req\\.data[111]
    C22                  IBUF (Prop_ibuf_I_O)         0.788     0.788 r  write_data_reg_reg[0][1][111]_i_1/O
                         net (fo=2, estimated)        5.946     6.734    vector_main_ixc/write_data_reg_reg[0][0][127]_0[111]
    SLICE_X88Y77         FDRE                                         r  vector_main_ixc/write_data_reg_reg[0][1][111]/D
  -------------------------------------------------------------------    -------------------

                         (clock sys_clk rise edge)    0.000     0.000 r  <hidden>
    AL25                                              0.000     0.000 r  clk
                         net (fo=0)                   0.000     0.000    clk
    AL25                 IBUF (Prop_ibuf_I_O)         0.714     0.714 r  clk_IBUF_inst/O
                         net (fo=1, estimated)        2.257     2.971    clk_IBUF
    BUFGCTRL_X0Y0        BUFG (Prop_bufg_I_O)         0.083     3.054 r  clk_IBUF_BUFG_inst/O
                         net (fo=16647, estimated)    1.418     4.472    vector_main_ixc/clk_IBUF_BUFG
    SLICE_X88Y77         FDRE                                         r  vector_main_ixc/write_data_reg_reg[0][1][111]/C

Slack:                    inf
  Source:                 write_req\\.data[111]
                            (input port)
  Destination:            vector_main_ixc/write_data_reg_reg[0][0][111]/D
                            (rising edge-triggered cell FDRE clocked by sys_clk  {rise@0.000ns fall@2.500ns period=5.000ns})
  Path Group:             (none)
  Path Type:              Setup (Max at Slow Process Corner)
  Data Path Delay:        6.702ns  (logic 0.788ns (11.757%)  route 5.914ns (88.243%))
  Logic Levels:           1  (IBUF=1)
  Clock Path Skew:        4.473ns (DCD - SCD + CPR)
    Destination Clock Delay (DCD):    4.473ns
    Source Clock Delay      (SCD):    0.000ns
    Clock Pessimism Removal (CPR):    0.000ns
  Clock Uncertainty:      0.025ns  ((TSJ^2 + TIJ^2)^1/2 + DJ) / 2 + PE
    Total System Jitter     (TSJ):    0.050ns
    Total Input Jitter      (TIJ):    0.000ns
    Discrete Jitter          (DJ):    0.000ns
    Phase Error              (PE):    0.000ns

    Location             Delay type                Incr(ns)  Path(ns)    Netlist Resource(s)
  -------------------------------------------------------------------    -------------------
    C22                                               0.000     0.000 r  write_req\\.data[111]
                         net (fo=0)                   0.000     0.000    write_req\\.data[111]
    C22                  IBUF (Prop_ibuf_I_O)         0.788     0.788 r  write_data_reg_reg[0][1][111]_i_1/O
                         net (fo=2, estimated)        5.914     6.702    vector_main_ixc/write_data_reg_reg[0][0][127]_0[111]
    SLICE_X87Y78         FDRE                                         r  vector_main_ixc/write_data_reg_reg[0][0][111]/D
  -------------------------------------------------------------------    -------------------

                         (clock sys_clk rise edge)    0.000     0.000 r  <hidden>
    AL25                                              0.000     0.000 r  clk
                         net (fo=0)                   0.000     0.000    clk
    AL25                 IBUF (Prop_ibuf_I_O)         0.714     0.714 r  clk_IBUF_inst/O
                         net (fo=1, estimated)        2.257     2.971    clk_IBUF
    BUFGCTRL_X0Y0        BUFG (Prop_bufg_I_O)         0.083     3.054 r  clk_IBUF_BUFG_inst/O
                         net (fo=16647, estimated)    1.419     4.473    vector_main_ixc/clk_IBUF_BUFG
    SLICE_X87Y78         FDRE                                         r  vector_main_ixc/write_data_reg_reg[0][0][111]/C

Slack:                    inf
  Source:                 write_req\\.data[124]
                            (input port)
  Destination:            vector_main_ixc/write_data_reg_reg[0][1][124]/D
                            (rising edge-triggered cell FDRE clocked by sys_clk  {rise@0.000ns fall@2.500ns period=5.000ns})
  Path Group:             (none)
  Path Type:              Setup (Max at Slow Process Corner)
  Data Path Delay:        6.694ns  (logic 0.781ns (11.669%)  route 5.913ns (88.331%))
  Logic Levels:           1  (IBUF=1)
  Clock Path Skew:        4.476ns (DCD - SCD + CPR)
    Destination Clock Delay (DCD):    4.476ns
    Source Clock Delay      (SCD):    0.000ns
    Clock Pessimism Removal (CPR):    0.000ns
  Clock Uncertainty:      0.025ns  ((TSJ^2 + TIJ^2)^1/2 + DJ) / 2 + PE
    Total System Jitter     (TSJ):    0.050ns
    Total Input Jitter      (TIJ):    0.000ns
    Discrete Jitter          (DJ):    0.000ns
    Phase Error              (PE):    0.000ns

    Location             Delay type                Incr(ns)  Path(ns)    Netlist Resource(s)
  -------------------------------------------------------------------    -------------------
    E19                                               0.000     0.000 r  write_req\\.data[124]
                         net (fo=0)                   0.000     0.000    write_req\\.data[124]
    E19                  IBUF (Prop_ibuf_I_O)         0.781     0.781 r  write_data_reg_reg[0][1][124]_i_1/O
                         net (fo=2, estimated)        5.913     6.694    vector_main_ixc/write_data_reg_reg[0][0][127]_0[124]
    SLICE_X78Y76         FDRE                                         r  vector_main_ixc/write_data_reg_reg[0][1][124]/D
  -------------------------------------------------------------------    -------------------

                         (clock sys_clk rise edge)    0.000     0.000 r  <hidden>
    AL25                                              0.000     0.000 r  clk
                         net (fo=0)                   0.000     0.000    clk
    AL25                 IBUF (Prop_ibuf_I_O)         0.714     0.714 r  clk_IBUF_inst/O
                         net (fo=1, estimated)        2.257     2.971    clk_IBUF
    BUFGCTRL_X0Y0        BUFG (Prop_bufg_I_O)         0.083     3.054 r  clk_IBUF_BUFG_inst/O
                         net (fo=16647, estimated)    1.422     4.476    vector_main_ixc/clk_IBUF_BUFG
    SLICE_X78Y76         FDRE                                         r  vector_main_ixc/write_data_reg_reg[0][1][124]/C

Slack:                    inf
  Source:                 write_req\\.data[113]
                            (input port)
  Destination:            vector_main_ixc/write_data_reg_reg[0][0][113]/D
                            (rising edge-triggered cell FDRE clocked by sys_clk  {rise@0.000ns fall@2.500ns period=5.000ns})
  Path Group:             (none)
  Path Type:              Setup (Max at Slow Process Corner)
  Data Path Delay:        6.688ns  (logic 0.808ns (12.078%)  route 5.880ns (87.922%))
  Logic Levels:           1  (IBUF=1)
  Clock Path Skew:        4.474ns (DCD - SCD + CPR)
    Destination Clock Delay (DCD):    4.474ns
    Source Clock Delay      (SCD):    0.000ns
    Clock Pessimism Removal (CPR):    0.000ns
  Clock Uncertainty:      0.025ns  ((TSJ^2 + TIJ^2)^1/2 + DJ) / 2 + PE
    Total System Jitter     (TSJ):    0.050ns
    Total Input Jitter      (TIJ):    0.000ns
    Discrete Jitter          (DJ):    0.000ns
    Phase Error              (PE):    0.000ns

    Location             Delay type                Incr(ns)  Path(ns)    Netlist Resource(s)
  -------------------------------------------------------------------    -------------------
    A18                                               0.000     0.000 r  write_req\\.data[113]
                         net (fo=0)                   0.000     0.000    write_req\\.data[113]
    A18                  IBUF (Prop_ibuf_I_O)         0.808     0.808 r  write_data_reg_reg[0][1][113]_i_1/O
                         net (fo=2, estimated)        5.880     6.688    vector_main_ixc/write_data_reg_reg[0][0][127]_0[113]
    SLICE_X82Y74         FDRE                                         r  vector_main_ixc/write_data_reg_reg[0][0][113]/D
  -------------------------------------------------------------------    -------------------

                         (clock sys_clk rise edge)    0.000     0.000 r  <hidden>
    AL25                                              0.000     0.000 r  clk
                         net (fo=0)                   0.000     0.000    clk
    AL25                 IBUF (Prop_ibuf_I_O)         0.714     0.714 r  clk_IBUF_inst/O
                         net (fo=1, estimated)        2.257     2.971    clk_IBUF
    BUFGCTRL_X0Y0        BUFG (Prop_bufg_I_O)         0.083     3.054 r  clk_IBUF_BUFG_inst/O
                         net (fo=16647, estimated)    1.420     4.474    vector_main_ixc/clk_IBUF_BUFG
    SLICE_X82Y74         FDRE                                         r  vector_main_ixc/write_data_reg_reg[0][0][113]/C

Slack:                    inf
  Source:                 write_req\\.data[117]
                            (input port)
  Destination:            vector_main_ixc/write_data_reg_reg[0][1][117]/D
                            (rising edge-triggered cell FDRE clocked by sys_clk  {rise@0.000ns fall@2.500ns period=5.000ns})
  Path Group:             (none)
  Path Type:              Setup (Max at Slow Process Corner)
  Data Path Delay:        6.683ns  (logic 0.812ns (12.149%)  route 5.871ns (87.851%))
  Logic Levels:           1  (IBUF=1)
  Clock Path Skew:        4.476ns (DCD - SCD + CPR)
    Destination Clock Delay (DCD):    4.476ns
    Source Clock Delay      (SCD):    0.000ns
    Clock Pessimism Removal (CPR):    0.000ns
  Clock Uncertainty:      0.025ns  ((TSJ^2 + TIJ^2)^1/2 + DJ) / 2 + PE
    Total System Jitter     (TSJ):    0.050ns
    Total Input Jitter      (TIJ):    0.000ns
    Discrete Jitter          (DJ):    0.000ns
    Phase Error              (PE):    0.000ns

    Location             Delay type                Incr(ns)  Path(ns)    Netlist Resource(s)
  -------------------------------------------------------------------    -------------------
    B17                                               0.000     0.000 r  write_req\\.data[117]
                         net (fo=0)                   0.000     0.000    write_req\\.data[117]
    B17                  IBUF (Prop_ibuf_I_O)         0.812     0.812 r  write_data_reg_reg[0][1][117]_i_1/O
                         net (fo=2, estimated)        5.871     6.683    vector_main_ixc/write_data_reg_reg[0][0][127]_0[117]
    SLICE_X78Y76         FDRE                                         r  vector_main_ixc/write_data_reg_reg[0][1][117]/D
  -------------------------------------------------------------------    -------------------

                         (clock sys_clk rise edge)    0.000     0.000 r  <hidden>
    AL25                                              0.000     0.000 r  clk
                         net (fo=0)                   0.000     0.000    clk
    AL25                 IBUF (Prop_ibuf_I_O)         0.714     0.714 r  clk_IBUF_inst/O
                         net (fo=1, estimated)        2.257     2.971    clk_IBUF
    BUFGCTRL_X0Y0        BUFG (Prop_bufg_I_O)         0.083     3.054 r  clk_IBUF_BUFG_inst/O
                         net (fo=16647, estimated)    1.422     4.476    vector_main_ixc/clk_IBUF_BUFG
    SLICE_X78Y76         FDRE                                         r  vector_main_ixc/write_data_reg_reg[0][1][117]/C

Slack:                    inf
  Source:                 write_req\\.data[112]
                            (input port)
  Destination:            vector_main_ixc/write_data_reg_reg[0][0][112]/D
                            (rising edge-triggered cell FDRE clocked by sys_clk  {rise@0.000ns fall@2.500ns period=5.000ns})
  Path Group:             (none)
  Path Type:              Setup (Max at Slow Process Corner)
  Data Path Delay:        6.680ns  (logic 0.778ns (11.653%)  route 5.902ns (88.347%))
  Logic Levels:           1  (IBUF=1)
  Clock Path Skew:        4.473ns (DCD - SCD + CPR)
    Destination Clock Delay (DCD):    4.473ns
    Source Clock Delay      (SCD):    0.000ns
    Clock Pessimism Removal (CPR):    0.000ns
  Clock Uncertainty:      0.025ns  ((TSJ^2 + TIJ^2)^1/2 + DJ) / 2 + PE
    Total System Jitter     (TSJ):    0.050ns
    Total Input Jitter      (TIJ):    0.000ns
    Discrete Jitter          (DJ):    0.000ns
    Phase Error              (PE):    0.000ns

    Location             Delay type                Incr(ns)  Path(ns)    Netlist Resource(s)
  -------------------------------------------------------------------    -------------------
    D22                                               0.000     0.000 r  write_req\\.data[112]
                         net (fo=0)                   0.000     0.000    write_req\\.data[112]
    D22                  IBUF (Prop_ibuf_I_O)         0.778     0.778 r  write_data_reg_reg[0][1][112]_i_1/O
                         net (fo=2, estimated)        5.902     6.680    vector_main_ixc/write_data_reg_reg[0][0][127]_0[112]
    SLICE_X87Y78         FDRE                                         r  vector_main_ixc/write_data_reg_reg[0][0][112]/D
  -------------------------------------------------------------------    -------------------

                         (clock sys_clk rise edge)    0.000     0.000 r  <hidden>
    AL25                                              0.000     0.000 r  clk
                         net (fo=0)                   0.000     0.000    clk
    AL25                 IBUF (Prop_ibuf_I_O)         0.714     0.714 r  clk_IBUF_inst/O
                         net (fo=1, estimated)        2.257     2.971    clk_IBUF
    BUFGCTRL_X0Y0        BUFG (Prop_bufg_I_O)         0.083     3.054 r  clk_IBUF_BUFG_inst/O
                         net (fo=16647, estimated)    1.419     4.473    vector_main_ixc/clk_IBUF_BUFG
    SLICE_X87Y78         FDRE                                         r  vector_main_ixc/write_data_reg_reg[0][0][112]/C

Slack:                    inf
  Source:                 write_req\\.data[114]
                            (input port)
  Destination:            vector_main_ixc/write_data_reg_reg[0][0][114]/D
                            (rising edge-triggered cell FDRE clocked by sys_clk  {rise@0.000ns fall@2.500ns period=5.000ns})
  Path Group:             (none)
  Path Type:              Setup (Max at Slow Process Corner)
  Data Path Delay:        6.674ns  (logic 0.809ns (12.128%)  route 5.865ns (87.872%))
  Logic Levels:           1  (IBUF=1)
  Clock Path Skew:        4.474ns (DCD - SCD + CPR)
    Destination Clock Delay (DCD):    4.474ns
    Source Clock Delay      (SCD):    0.000ns
    Clock Pessimism Removal (CPR):    0.000ns
  Clock Uncertainty:      0.025ns  ((TSJ^2 + TIJ^2)^1/2 + DJ) / 2 + PE
    Total System Jitter     (TSJ):    0.050ns
    Total Input Jitter      (TIJ):    0.000ns
    Discrete Jitter          (DJ):    0.000ns
    Phase Error              (PE):    0.000ns

    Location             Delay type                Incr(ns)  Path(ns)    Netlist Resource(s)
  -------------------------------------------------------------------    -------------------
    B18                                               0.000     0.000 r  write_req\\.data[114]
                         net (fo=0)                   0.000     0.000    write_req\\.data[114]
    B18                  IBUF (Prop_ibuf_I_O)         0.809     0.809 r  write_data_reg_reg[0][1][114]_i_1/O
                         net (fo=2, estimated)        5.865     6.674    vector_main_ixc/write_data_reg_reg[0][0][127]_0[114]
    SLICE_X82Y74         FDRE                                         r  vector_main_ixc/write_data_reg_reg[0][0][114]/D
  -------------------------------------------------------------------    -------------------

                         (clock sys_clk rise edge)    0.000     0.000 r  <hidden>
    AL25                                              0.000     0.000 r  clk
                         net (fo=0)                   0.000     0.000    clk
    AL25                 IBUF (Prop_ibuf_I_O)         0.714     0.714 r  clk_IBUF_inst/O
                         net (fo=1, estimated)        2.257     2.971    clk_IBUF
    BUFGCTRL_X0Y0        BUFG (Prop_bufg_I_O)         0.083     3.054 r  clk_IBUF_BUFG_inst/O
                         net (fo=16647, estimated)    1.420     4.474    vector_main_ixc/clk_IBUF_BUFG
    SLICE_X82Y74         FDRE                                         r  vector_main_ixc/write_data_reg_reg[0][0][114]/C

Slack:                    inf
  Source:                 rst_n
                            (input port)
  Destination:            vector_alu_0/lane_out_skid_reg[13][0]/CE
                            (rising edge-triggered cell FDRE clocked by sys_clk  {rise@0.000ns fall@2.500ns period=5.000ns})
  Path Group:             (none)
  Path Type:              Setup (Max at Slow Process Corner)
  Data Path Delay:        6.673ns  (logic 1.152ns (17.268%)  route 5.521ns (82.732%))
  Logic Levels:           4  (IBUF=1 LUT2=2 LUT3=1)
  Clock Path Skew:        4.331ns (DCD - SCD + CPR)
    Destination Clock Delay (DCD):    4.331ns
    Source Clock Delay      (SCD):    0.000ns
    Clock Pessimism Removal (CPR):    0.000ns
  Clock Uncertainty:      0.025ns  ((TSJ^2 + TIJ^2)^1/2 + DJ) / 2 + PE
    Total System Jitter     (TSJ):    0.050ns
    Total Input Jitter      (TIJ):    0.000ns
    Discrete Jitter          (DJ):    0.000ns
    Phase Error              (PE):    0.000ns

    Location             Delay type                Incr(ns)  Path(ns)    Netlist Resource(s)
  -------------------------------------------------------------------    -------------------
    AN28                                              0.000     0.000 f  rst_n
                         net (fo=0)                   0.000     0.000    rst_n
    AN28                 IBUF (Prop_ibuf_I_O)         0.819     0.819 f  rst_n_IBUF_inst/O
                         net (fo=185, estimated)      1.956     2.775    vector_accumulate_0/rst_n_IBUF
    SLICE_X38Y105        LUT3 (Prop_lut3_I1_O)        0.050     2.825 f  vector_accumulate_0/out_valid_i_2/O
                         net (fo=7, estimated)        0.470     3.295    vector_accumulate_0/vector_accumulate_0__data__ready
    SLICE_X38Y105        LUT2 (Prop_lut2_I0_O)        0.140     3.435 f  vector_accumulate_0/out_valid_i_3/O
                         net (fo=94, estimated)       0.825     4.260    handshake_join_0/output_skid/out_valid0
    SLICE_X23Y105        LUT2 (Prop_lut2_I1_O)        0.143     4.403 r  handshake_join_0/output_skid/lane_out_skid[0][15]_i_1/O
                         net (fo=259, estimated)      2.270     6.673    vector_alu_0/control_skid_reg[6]_0[0]
    SLICE_X108Y131       FDRE                                         r  vector_alu_0/lane_out_skid_reg[13][0]/CE
  -------------------------------------------------------------------    -------------------

                         (clock sys_clk rise edge)    0.000     0.000 r  <hidden>
    AL25                                              0.000     0.000 r  clk
                         net (fo=0)                   0.000     0.000    clk
    AL25                 IBUF (Prop_ibuf_I_O)         0.714     0.714 r  clk_IBUF_inst/O
                         net (fo=1, estimated)        2.257     2.971    clk_IBUF
    BUFGCTRL_X0Y0        BUFG (Prop_bufg_I_O)         0.083     3.054 r  clk_IBUF_BUFG_inst/O
                         net (fo=16647, estimated)    1.277     4.331    vector_alu_0/clk_IBUF_BUFG
    SLICE_X108Y131       FDRE                                         r  vector_alu_0/lane_out_skid_reg[13][0]/C

Slack:                    inf
  Source:                 rst_n
                            (input port)
  Destination:            vector_alu_0/lane_out_skid_reg[13][2]/CE
                            (rising edge-triggered cell FDRE clocked by sys_clk  {rise@0.000ns fall@2.500ns period=5.000ns})
  Path Group:             (none)
  Path Type:              Setup (Max at Slow Process Corner)
  Data Path Delay:        6.670ns  (logic 1.152ns (17.275%)  route 5.518ns (82.725%))
  Logic Levels:           4  (IBUF=1 LUT2=2 LUT3=1)
  Clock Path Skew:        4.331ns (DCD - SCD + CPR)
    Destination Clock Delay (DCD):    4.331ns
    Source Clock Delay      (SCD):    0.000ns
    Clock Pessimism Removal (CPR):    0.000ns
  Clock Uncertainty:      0.025ns  ((TSJ^2 + TIJ^2)^1/2 + DJ) / 2 + PE
    Total System Jitter     (TSJ):    0.050ns
    Total Input Jitter      (TIJ):    0.000ns
    Discrete Jitter          (DJ):    0.000ns
    Phase Error              (PE):    0.000ns

    Location             Delay type                Incr(ns)  Path(ns)    Netlist Resource(s)
  -------------------------------------------------------------------    -------------------
    AN28                                              0.000     0.000 f  rst_n
                         net (fo=0)                   0.000     0.000    rst_n
    AN28                 IBUF (Prop_ibuf_I_O)         0.819     0.819 f  rst_n_IBUF_inst/O
                         net (fo=185, estimated)      1.956     2.775    vector_accumulate_0/rst_n_IBUF
    SLICE_X38Y105        LUT3 (Prop_lut3_I1_O)        0.050     2.825 f  vector_accumulate_0/out_valid_i_2/O
                         net (fo=7, estimated)        0.470     3.295    vector_accumulate_0/vector_accumulate_0__data__ready
    SLICE_X38Y105        LUT2 (Prop_lut2_I0_O)        0.140     3.435 f  vector_accumulate_0/out_valid_i_3/O
                         net (fo=94, estimated)       0.825     4.260    handshake_join_0/output_skid/out_valid0
    SLICE_X23Y105        LUT2 (Prop_lut2_I1_O)        0.143     4.403 r  handshake_join_0/output_skid/lane_out_skid[0][15]_i_1/O
                         net (fo=259, estimated)      2.267     6.670    vector_alu_0/control_skid_reg[6]_0[0]
    SLICE_X104Y132       FDRE                                         r  vector_alu_0/lane_out_skid_reg[13][2]/CE
  -------------------------------------------------------------------    -------------------

                         (clock sys_clk rise edge)    0.000     0.000 r  <hidden>
    AL25                                              0.000     0.000 r  clk
                         net (fo=0)                   0.000     0.000    clk
    AL25                 IBUF (Prop_ibuf_I_O)         0.714     0.714 r  clk_IBUF_inst/O
                         net (fo=1, estimated)        2.257     2.971    clk_IBUF
    BUFGCTRL_X0Y0        BUFG (Prop_bufg_I_O)         0.083     3.054 r  clk_IBUF_BUFG_inst/O
                         net (fo=16647, estimated)    1.277     4.331    vector_alu_0/clk_IBUF_BUFG
    SLICE_X104Y132       FDRE                                         r  vector_alu_0/lane_out_skid_reg[13][2]/C

Slack:                    inf
  Source:                 write_req\\.data[116]
                            (input port)
  Destination:            vector_main_ixc/write_data_reg_reg[0][0][116]/D
                            (rising edge-triggered cell FDRE clocked by sys_clk  {rise@0.000ns fall@2.500ns period=5.000ns})
  Path Group:             (none)
  Path Type:              Setup (Max at Slow Process Corner)
  Data Path Delay:        6.658ns  (logic 0.818ns (12.288%)  route 5.840ns (87.712%))
  Logic Levels:           1  (IBUF=1)
  Clock Path Skew:        4.474ns (DCD - SCD + CPR)
    Destination Clock Delay (DCD):    4.474ns
    Source Clock Delay      (SCD):    0.000ns
    Clock Pessimism Removal (CPR):    0.000ns
  Clock Uncertainty:      0.025ns  ((TSJ^2 + TIJ^2)^1/2 + DJ) / 2 + PE
    Total System Jitter     (TSJ):    0.050ns
    Total Input Jitter      (TIJ):    0.000ns
    Discrete Jitter          (DJ):    0.000ns
    Phase Error              (PE):    0.000ns

    Location             Delay type                Incr(ns)  Path(ns)    Netlist Resource(s)
  -------------------------------------------------------------------    -------------------
    B16                                               0.000     0.000 r  write_req\\.data[116]
                         net (fo=0)                   0.000     0.000    write_req\\.data[116]
    B16                  IBUF (Prop_ibuf_I_O)         0.818     0.818 r  write_data_reg_reg[0][1][116]_i_1/O
                         net (fo=2, estimated)        5.840     6.658    vector_main_ixc/write_data_reg_reg[0][0][127]_0[116]
    SLICE_X82Y74         FDRE                                         r  vector_main_ixc/write_data_reg_reg[0][0][116]/D
  -------------------------------------------------------------------    -------------------

                         (clock sys_clk rise edge)    0.000     0.000 r  <hidden>
    AL25                                              0.000     0.000 r  clk
                         net (fo=0)                   0.000     0.000    clk
    AL25                 IBUF (Prop_ibuf_I_O)         0.714     0.714 r  clk_IBUF_inst/O
                         net (fo=1, estimated)        2.257     2.971    clk_IBUF
    BUFGCTRL_X0Y0        BUFG (Prop_bufg_I_O)         0.083     3.054 r  clk_IBUF_BUFG_inst/O
                         net (fo=16647, estimated)    1.420     4.474    vector_main_ixc/clk_IBUF_BUFG
    SLICE_X82Y74         FDRE                                         r  vector_main_ixc/write_data_reg_reg[0][0][116]/C

Slack:                    inf
  Source:                 write_req\\.data[115]
                            (input port)
  Destination:            vector_main_ixc/write_data_reg_reg[0][1][115]/D
                            (rising edge-triggered cell FDRE clocked by sys_clk  {rise@0.000ns fall@2.500ns period=5.000ns})
  Path Group:             (none)
  Path Type:              Setup (Max at Slow Process Corner)
  Data Path Delay:        6.656ns  (logic 0.816ns (12.259%)  route 5.840ns (87.741%))
  Logic Levels:           1  (IBUF=1)
  Clock Path Skew:        4.474ns (DCD - SCD + CPR)
    Destination Clock Delay (DCD):    4.474ns
    Source Clock Delay      (SCD):    0.000ns
    Clock Pessimism Removal (CPR):    0.000ns
  Clock Uncertainty:      0.025ns  ((TSJ^2 + TIJ^2)^1/2 + DJ) / 2 + PE
    Total System Jitter     (TSJ):    0.050ns
    Total Input Jitter      (TIJ):    0.000ns
    Discrete Jitter          (DJ):    0.000ns
    Phase Error              (PE):    0.000ns

    Location             Delay type                Incr(ns)  Path(ns)    Netlist Resource(s)
  -------------------------------------------------------------------    -------------------
    A16                                               0.000     0.000 r  write_req\\.data[115]
                         net (fo=0)                   0.000     0.000    write_req\\.data[115]
    A16                  IBUF (Prop_ibuf_I_O)         0.816     0.816 r  write_data_reg_reg[0][1][115]_i_1/O
                         net (fo=2, estimated)        5.840     6.656    vector_main_ixc/write_data_reg_reg[0][0][127]_0[115]
    SLICE_X82Y75         FDRE                                         r  vector_main_ixc/write_data_reg_reg[0][1][115]/D
  -------------------------------------------------------------------    -------------------

                         (clock sys_clk rise edge)    0.000     0.000 r  <hidden>
    AL25                                              0.000     0.000 r  clk
                         net (fo=0)                   0.000     0.000    clk
    AL25                 IBUF (Prop_ibuf_I_O)         0.714     0.714 r  clk_IBUF_inst/O
                         net (fo=1, estimated)        2.257     2.971    clk_IBUF
    BUFGCTRL_X0Y0        BUFG (Prop_bufg_I_O)         0.083     3.054 r  clk_IBUF_BUFG_inst/O
                         net (fo=16647, estimated)    1.420     4.474    vector_main_ixc/clk_IBUF_BUFG
    SLICE_X82Y75         FDRE                                         r  vector_main_ixc/write_data_reg_reg[0][1][115]/C

Slack:                    inf
  Source:                 write_req\\.data[120]
                            (input port)
  Destination:            vector_main_ixc/write_data_reg_reg[0][1][120]/D
                            (rising edge-triggered cell FDRE clocked by sys_clk  {rise@0.000ns fall@2.500ns period=5.000ns})
  Path Group:             (none)
  Path Type:              Setup (Max at Slow Process Corner)
  Data Path Delay:        6.649ns  (logic 0.805ns (12.114%)  route 5.844ns (87.886%))
  Logic Levels:           1  (IBUF=1)
  Clock Path Skew:        4.479ns (DCD - SCD + CPR)
    Destination Clock Delay (DCD):    4.479ns
    Source Clock Delay      (SCD):    0.000ns
    Clock Pessimism Removal (CPR):    0.000ns
  Clock Uncertainty:      0.025ns  ((TSJ^2 + TIJ^2)^1/2 + DJ) / 2 + PE
    Total System Jitter     (TSJ):    0.050ns
    Total Input Jitter      (TIJ):    0.000ns
    Discrete Jitter          (DJ):    0.000ns
    Phase Error              (PE):    0.000ns

    Location             Delay type                Incr(ns)  Path(ns)    Netlist Resource(s)
  -------------------------------------------------------------------    -------------------
    D16                                               0.000     0.000 r  write_req\\.data[120]
                         net (fo=0)                   0.000     0.000    write_req\\.data[120]
    D16                  IBUF (Prop_ibuf_I_O)         0.805     0.805 r  write_data_reg_reg[0][1][120]_i_1/O
                         net (fo=2, estimated)        5.844     6.649    vector_main_ixc/write_data_reg_reg[0][0][127]_0[120]
    SLICE_X82Y79         FDRE                                         r  vector_main_ixc/write_data_reg_reg[0][1][120]/D
  -------------------------------------------------------------------    -------------------

                         (clock sys_clk rise edge)    0.000     0.000 r  <hidden>
    AL25                                              0.000     0.000 r  clk
                         net (fo=0)                   0.000     0.000    clk
    AL25                 IBUF (Prop_ibuf_I_O)         0.714     0.714 r  clk_IBUF_inst/O
                         net (fo=1, estimated)        2.257     2.971    clk_IBUF
    BUFGCTRL_X0Y0        BUFG (Prop_bufg_I_O)         0.083     3.054 r  clk_IBUF_BUFG_inst/O
                         net (fo=16647, estimated)    1.425     4.479    vector_main_ixc/clk_IBUF_BUFG
    SLICE_X82Y79         FDRE                                         r  vector_main_ixc/write_data_reg_reg[0][1][120]/C





Min Delay Paths
--------------------------------------------------------------------------------------
Slack:                    inf
  Source:                 read_req\\.addr[15]
                            (input port)
  Destination:            vector_main_ixc/read_path/master_queue[0].addr_mem_reg_0_3_12_17/RAMB_D1/I
                            (rising edge-triggered cell RAMD32 clocked by sys_clk  {rise@0.000ns fall@2.500ns period=5.000ns})
  Path Group:             (none)
  Path Type:              Hold (Min at Fast Process Corner)
  Data Path Delay:        0.636ns  (logic 0.091ns (14.350%)  route 0.545ns (85.650%))
  Logic Levels:           1  (IBUF=1)
  Clock Path Skew:        2.620ns (DCD - SCD - CPR)
    Destination Clock Delay (DCD):    2.620ns
    Source Clock Delay      (SCD):    0.000ns
    Clock Pessimism Removal (CPR):    -0.000ns

    Location             Delay type                Incr(ns)  Path(ns)    Netlist Resource(s)
  -------------------------------------------------------------------    -------------------
    AG27                                              0.000     0.000 r  read_req\\.addr[15]
                         net (fo=0)                   0.000     0.000    read_req\\.addr[15]
    AG27                 IBUF (Prop_ibuf_I_O)         0.091     0.091 r  master_queue[0].addr_mem_reg_0_3_12_17_i_3/O
                         net (fo=1, estimated)        0.545     0.636    vector_main_ixc/read_path/master_queue[0].addr_mem_reg_0_3_12_17/DIB1
    SLICE_X16Y84         RAMD32                                       r  vector_main_ixc/read_path/master_queue[0].addr_mem_reg_0_3_12_17/RAMB_D1/I
  -------------------------------------------------------------------    -------------------

                         (clock sys_clk rise edge)    0.000     0.000 r  <hidden>
    AL25                                              0.000     0.000 r  clk
                         net (fo=0)                   0.000     0.000    clk
    AL25                 IBUF (Prop_ibuf_I_O)         0.380     0.380 r  clk_IBUF_inst/O
                         net (fo=1, estimated)        1.240     1.620    clk_IBUF
    BUFGCTRL_X0Y0        BUFG (Prop_bufg_I_O)         0.030     1.650 r  clk_IBUF_BUFG_inst/O
                         net (fo=16647, estimated)    0.970     2.620    vector_main_ixc/read_path/master_queue[0].addr_mem_reg_0_3_12_17/WCLK
    SLICE_X16Y84         RAMD32                                       r  vector_main_ixc/read_path/master_queue[0].addr_mem_reg_0_3_12_17/RAMB_D1/CLK

Slack:                    inf
  Source:                 read_req\\.addr[11]
                            (input port)
  Destination:            vector_main_ixc/read_path/master_queue[0].addr_mem_reg_0_3_6_11/RAMC_D1/I
                            (rising edge-triggered cell RAMD32 clocked by sys_clk  {rise@0.000ns fall@2.500ns period=5.000ns})
  Path Group:             (none)
  Path Type:              Hold (Min at Fast Process Corner)
  Data Path Delay:        0.670ns  (logic 0.085ns (12.639%)  route 0.585ns (87.361%))
  Logic Levels:           1  (IBUF=1)
  Clock Path Skew:        2.616ns (DCD - SCD - CPR)
    Destination Clock Delay (DCD):    2.616ns
    Source Clock Delay      (SCD):    0.000ns
    Clock Pessimism Removal (CPR):    -0.000ns

    Location             Delay type                Incr(ns)  Path(ns)    Netlist Resource(s)
  -------------------------------------------------------------------    -------------------
    AE29                                              0.000     0.000 r  read_req\\.addr[11]
                         net (fo=0)                   0.000     0.000    read_req\\.addr[11]
    AE29                 IBUF (Prop_ibuf_I_O)         0.085     0.085 r  master_queue[0].addr_mem_reg_0_3_6_11_i_5/O
                         net (fo=1, estimated)        0.585     0.670    vector_main_ixc/read_path/master_queue[0].addr_mem_reg_0_3_6_11/DIC1
    SLICE_X22Y82         RAMD32                                       r  vector_main_ixc/read_path/master_queue[0].addr_mem_reg_0_3_6_11/RAMC_D1/I
  -------------------------------------------------------------------    -------------------

                         (clock sys_clk rise edge)    0.000     0.000 r  <hidden>
    AL25                                              0.000     0.000 r  clk
                         net (fo=0)                   0.000     0.000    clk
    AL25                 IBUF (Prop_ibuf_I_O)         0.380     0.380 r  clk_IBUF_inst/O
                         net (fo=1, estimated)        1.240     1.620    clk_IBUF
    BUFGCTRL_X0Y0        BUFG (Prop_bufg_I_O)         0.030     1.650 r  clk_IBUF_BUFG_inst/O
                         net (fo=16647, estimated)    0.966     2.616    vector_main_ixc/read_path/master_queue[0].addr_mem_reg_0_3_6_11/WCLK
    SLICE_X22Y82         RAMD32                                       r  vector_main_ixc/read_path/master_queue[0].addr_mem_reg_0_3_6_11/RAMC_D1/CLK

Slack:                    inf
  Source:                 read_req\\.addr[22]
                            (input port)
  Destination:            vector_main_ixc/read_path/master_queue[0].addr_mem_reg_0_3_18_23/RAMC/I
                            (rising edge-triggered cell RAMD32 clocked by sys_clk  {rise@0.000ns fall@2.500ns period=5.000ns})
  Path Group:             (none)
  Path Type:              Hold (Min at Fast Process Corner)
  Data Path Delay:        0.675ns  (logic 0.102ns (15.114%)  route 0.573ns (84.886%))
  Logic Levels:           1  (IBUF=1)
  Clock Path Skew:        2.625ns (DCD - SCD - CPR)
    Destination Clock Delay (DCD):    2.625ns
    Source Clock Delay      (SCD):    0.000ns
    Clock Pessimism Removal (CPR):    -0.000ns

    Location             Delay type                Incr(ns)  Path(ns)    Netlist Resource(s)
  -------------------------------------------------------------------    -------------------
    AH27                                              0.000     0.000 r  read_req\\.addr[22]
                         net (fo=0)                   0.000     0.000    read_req\\.addr[22]
    AH27                 IBUF (Prop_ibuf_I_O)         0.102     0.102 r  master_queue[0].addr_mem_reg_0_3_18_23_i_6/O
                         net (fo=1, estimated)        0.573     0.675    vector_main_ixc/read_path/master_queue[0].addr_mem_reg_0_3_18_23/DIC0
    SLICE_X18Y90         RAMD32                                       r  vector_main_ixc/read_path/master_queue[0].addr_mem_reg_0_3_18_23/RAMC/I
  -------------------------------------------------------------------    -------------------

                         (clock sys_clk rise edge)    0.000     0.000 r  <hidden>
    AL25                                              0.000     0.000 r  clk
                         net (fo=0)                   0.000     0.000    clk
    AL25                 IBUF (Prop_ibuf_I_O)         0.380     0.380 r  clk_IBUF_inst/O
                         net (fo=1, estimated)        1.240     1.620    clk_IBUF
    BUFGCTRL_X0Y0        BUFG (Prop_bufg_I_O)         0.030     1.650 r  clk_IBUF_BUFG_inst/O
                         net (fo=16647, estimated)    0.975     2.625    vector_main_ixc/read_path/master_queue[0].addr_mem_reg_0_3_18_23/WCLK
    SLICE_X18Y90         RAMD32                                       r  vector_main_ixc/read_path/master_queue[0].addr_mem_reg_0_3_18_23/RAMC/CLK

Slack:                    inf
  Source:                 read_req\\.epoch[2]
                            (input port)
  Destination:            vector_main_ixc/read_path/master_queue[0].addr_mem_reg_0_3_30_31/RAMC/I
                            (rising edge-triggered cell RAMD32 clocked by sys_clk  {rise@0.000ns fall@2.500ns period=5.000ns})
  Path Group:             (none)
  Path Type:              Hold (Min at Fast Process Corner)
  Data Path Delay:        0.685ns  (logic 0.134ns (19.621%)  route 0.550ns (80.379%))
  Logic Levels:           1  (IBUF=1)
  Clock Path Skew:        2.624ns (DCD - SCD - CPR)
    Destination Clock Delay (DCD):    2.624ns
    Source Clock Delay      (SCD):    0.000ns
    Clock Pessimism Removal (CPR):    -0.000ns

    Location             Delay type                Incr(ns)  Path(ns)    Netlist Resource(s)
  -------------------------------------------------------------------    -------------------
    AM26                                              0.000     0.000 r  read_req\\.epoch[2]
                         net (fo=0)                   0.000     0.000    read_req\\.epoch[2]
    AM26                 IBUF (Prop_ibuf_I_O)         0.134     0.134 r  master_queue[0].addr_mem_reg_0_3_30_31_i_6/O
                         net (fo=1, estimated)        0.550     0.685    vector_main_ixc/read_path/master_queue[0].addr_mem_reg_0_3_30_31/DIC0
    SLICE_X20Y90         RAMD32                                       r  vector_main_ixc/read_path/master_queue[0].addr_mem_reg_0_3_30_31/RAMC/I
  -------------------------------------------------------------------    -------------------

                         (clock sys_clk rise edge)    0.000     0.000 r  <hidden>
    AL25                                              0.000     0.000 r  clk
                         net (fo=0)                   0.000     0.000    clk
    AL25                 IBUF (Prop_ibuf_I_O)         0.380     0.380 r  clk_IBUF_inst/O
                         net (fo=1, estimated)        1.240     1.620    clk_IBUF
    BUFGCTRL_X0Y0        BUFG (Prop_bufg_I_O)         0.030     1.650 r  clk_IBUF_BUFG_inst/O
                         net (fo=16647, estimated)    0.974     2.624    vector_main_ixc/read_path/master_queue[0].addr_mem_reg_0_3_30_31/WCLK
    SLICE_X20Y90         RAMD32                                       r  vector_main_ixc/read_path/master_queue[0].addr_mem_reg_0_3_30_31/RAMC/CLK

Slack:                    inf
  Source:                 read_req\\.addr[24]
                            (input port)
  Destination:            vector_main_ixc/read_path/master_queue[0].addr_mem_reg_0_3_24_29/RAMA/I
                            (rising edge-triggered cell RAMD32 clocked by sys_clk  {rise@0.000ns fall@2.500ns period=5.000ns})
  Path Group:             (none)
  Path Type:              Hold (Min at Fast Process Corner)
  Data Path Delay:        0.690ns  (logic 0.108ns (15.597%)  route 0.583ns (84.403%))
  Logic Levels:           1  (IBUF=1)
  Clock Path Skew:        2.625ns (DCD - SCD - CPR)
    Destination Clock Delay (DCD):    2.625ns
    Source Clock Delay      (SCD):    0.000ns
    Clock Pessimism Removal (CPR):    -0.000ns

    Location             Delay type                Incr(ns)  Path(ns)    Netlist Resource(s)
  -------------------------------------------------------------------    -------------------
    AJ26                                              0.000     0.000 r  read_req\\.addr[24]
                         net (fo=0)                   0.000     0.000    read_req\\.addr[24]
    AJ26                 IBUF (Prop_ibuf_I_O)         0.108     0.108 r  master_queue[0].addr_mem_reg_0_3_24_29_i_2/O
                         net (fo=1, estimated)        0.583     0.690    vector_main_ixc/read_path/master_queue[0].addr_mem_reg_0_3_24_29/DIA0
    SLICE_X16Y92         RAMD32                                       r  vector_main_ixc/read_path/master_queue[0].addr_mem_reg_0_3_24_29/RAMA/I
  -------------------------------------------------------------------    -------------------

                         (clock sys_clk rise edge)    0.000     0.000 r  <hidden>
    AL25                                              0.000     0.000 r  clk
                         net (fo=0)                   0.000     0.000    clk
    AL25                 IBUF (Prop_ibuf_I_O)         0.380     0.380 r  clk_IBUF_inst/O
                         net (fo=1, estimated)        1.240     1.620    clk_IBUF
    BUFGCTRL_X0Y0        BUFG (Prop_bufg_I_O)         0.030     1.650 r  clk_IBUF_BUFG_inst/O
                         net (fo=16647, estimated)    0.975     2.625    vector_main_ixc/read_path/master_queue[0].addr_mem_reg_0_3_24_29/WCLK
    SLICE_X16Y92         RAMD32                                       r  vector_main_ixc/read_path/master_queue[0].addr_mem_reg_0_3_24_29/RAMA/CLK

Slack:                    inf
  Source:                 read_req\\.addr[23]
                            (input port)
  Destination:            vector_main_ixc/read_path/master_queue[0].addr_mem_reg_0_3_18_23/RAMC_D1/I
                            (rising edge-triggered cell RAMD32 clocked by sys_clk  {rise@0.000ns fall@2.500ns period=5.000ns})
  Path Group:             (none)
  Path Type:              Hold (Min at Fast Process Corner)
  Data Path Delay:        0.694ns  (logic 0.107ns (15.349%)  route 0.588ns (84.651%))
  Logic Levels:           1  (IBUF=1)
  Clock Path Skew:        2.625ns (DCD - SCD - CPR)
    Destination Clock Delay (DCD):    2.625ns
    Source Clock Delay      (SCD):    0.000ns
    Clock Pessimism Removal (CPR):    -0.000ns

    Location             Delay type                Incr(ns)  Path(ns)    Netlist Resource(s)
  -------------------------------------------------------------------    -------------------
    AJ27                                              0.000     0.000 r  read_req\\.addr[23]
                         net (fo=0)                   0.000     0.000    read_req\\.addr[23]
    AJ27                 IBUF (Prop_ibuf_I_O)         0.107     0.107 r  master_queue[0].addr_mem_reg_0_3_18_23_i_5/O
                         net (fo=1, estimated)        0.588     0.694    vector_main_ixc/read_path/master_queue[0].addr_mem_reg_0_3_18_23/DIC1
    SLICE_X18Y90         RAMD32                                       r  vector_main_ixc/read_path/master_queue[0].addr_mem_reg_0_3_18_23/RAMC_D1/I
  -------------------------------------------------------------------    -------------------

                         (clock sys_clk rise edge)    0.000     0.000 r  <hidden>
    AL25                                              0.000     0.000 r  clk
                         net (fo=0)                   0.000     0.000    clk
    AL25                 IBUF (Prop_ibuf_I_O)         0.380     0.380 r  clk_IBUF_inst/O
                         net (fo=1, estimated)        1.240     1.620    clk_IBUF
    BUFGCTRL_X0Y0        BUFG (Prop_bufg_I_O)         0.030     1.650 r  clk_IBUF_BUFG_inst/O
                         net (fo=16647, estimated)    0.975     2.625    vector_main_ixc/read_path/master_queue[0].addr_mem_reg_0_3_18_23/WCLK
    SLICE_X18Y90         RAMD32                                       r  vector_main_ixc/read_path/master_queue[0].addr_mem_reg_0_3_18_23/RAMC_D1/CLK

Slack:                    inf
  Source:                 read_req\\.epoch[0]
                            (input port)
  Destination:            vector_main_ixc/read_path/master_queue[0].addr_mem_reg_0_3_30_31/RAMB/I
                            (rising edge-triggered cell RAMD32 clocked by sys_clk  {rise@0.000ns fall@2.500ns period=5.000ns})
  Path Group:             (none)
  Path Type:              Hold (Min at Fast Process Corner)
  Data Path Delay:        0.695ns  (logic 0.122ns (17.502%)  route 0.574ns (82.498%))
  Logic Levels:           1  (IBUF=1)
  Clock Path Skew:        2.624ns (DCD - SCD - CPR)
    Destination Clock Delay (DCD):    2.624ns
    Source Clock Delay      (SCD):    0.000ns
    Clock Pessimism Removal (CPR):    -0.000ns

    Location             Delay type                Incr(ns)  Path(ns)    Netlist Resource(s)
  -------------------------------------------------------------------    -------------------
    AK29                                              0.000     0.000 r  read_req\\.epoch[0]
                         net (fo=0)                   0.000     0.000    read_req\\.epoch[0]
    AK29                 IBUF (Prop_ibuf_I_O)         0.122     0.122 r  master_queue[0].addr_mem_reg_0_3_30_31_i_4/O
                         net (fo=1, estimated)        0.574     0.695    vector_main_ixc/read_path/master_queue[0].addr_mem_reg_0_3_30_31/DIB0
    SLICE_X20Y90         RAMD32                                       r  vector_main_ixc/read_path/master_queue[0].addr_mem_reg_0_3_30_31/RAMB/I
  -------------------------------------------------------------------    -------------------

                         (clock sys_clk rise edge)    0.000     0.000 r  <hidden>
    AL25                                              0.000     0.000 r  clk
                         net (fo=0)                   0.000     0.000    clk
    AL25                 IBUF (Prop_ibuf_I_O)         0.380     0.380 r  clk_IBUF_inst/O
                         net (fo=1, estimated)        1.240     1.620    clk_IBUF
    BUFGCTRL_X0Y0        BUFG (Prop_bufg_I_O)         0.030     1.650 r  clk_IBUF_BUFG_inst/O
                         net (fo=16647, estimated)    0.974     2.624    vector_main_ixc/read_path/master_queue[0].addr_mem_reg_0_3_30_31/WCLK
    SLICE_X20Y90         RAMD32                                       r  vector_main_ixc/read_path/master_queue[0].addr_mem_reg_0_3_30_31/RAMB/CLK

Slack:                    inf
  Source:                 read_req\\.epoch[1]
                            (input port)
  Destination:            vector_main_ixc/read_path/master_queue[0].addr_mem_reg_0_3_30_31/RAMB_D1/I
                            (rising edge-triggered cell RAMD32 clocked by sys_clk  {rise@0.000ns fall@2.500ns period=5.000ns})
  Path Group:             (none)
  Path Type:              Hold (Min at Fast Process Corner)
  Data Path Delay:        0.699ns  (logic 0.116ns (16.670%)  route 0.582ns (83.330%))
  Logic Levels:           1  (IBUF=1)
  Clock Path Skew:        2.624ns (DCD - SCD - CPR)
    Destination Clock Delay (DCD):    2.624ns
    Source Clock Delay      (SCD):    0.000ns
    Clock Pessimism Removal (CPR):    -0.000ns

    Location             Delay type                Incr(ns)  Path(ns)    Netlist Resource(s)
  -------------------------------------------------------------------    -------------------
    AJ29                                              0.000     0.000 r  read_req\\.epoch[1]
                         net (fo=0)                   0.000     0.000    read_req\\.epoch[1]
    AJ29                 IBUF (Prop_ibuf_I_O)         0.116     0.116 r  master_queue[0].addr_mem_reg_0_3_30_31_i_3/O
                         net (fo=1, estimated)        0.582     0.699    vector_main_ixc/read_path/master_queue[0].addr_mem_reg_0_3_30_31/DIB1
    SLICE_X20Y90         RAMD32                                       r  vector_main_ixc/read_path/master_queue[0].addr_mem_reg_0_3_30_31/RAMB_D1/I
  -------------------------------------------------------------------    -------------------

                         (clock sys_clk rise edge)    0.000     0.000 r  <hidden>
    AL25                                              0.000     0.000 r  clk
                         net (fo=0)                   0.000     0.000    clk
    AL25                 IBUF (Prop_ibuf_I_O)         0.380     0.380 r  clk_IBUF_inst/O
                         net (fo=1, estimated)        1.240     1.620    clk_IBUF
    BUFGCTRL_X0Y0        BUFG (Prop_bufg_I_O)         0.030     1.650 r  clk_IBUF_BUFG_inst/O
                         net (fo=16647, estimated)    0.974     2.624    vector_main_ixc/read_path/master_queue[0].addr_mem_reg_0_3_30_31/WCLK
    SLICE_X20Y90         RAMD32                                       r  vector_main_ixc/read_path/master_queue[0].addr_mem_reg_0_3_30_31/RAMB_D1/CLK

Slack:                    inf
  Source:                 read_req\\.addr[12]
                            (input port)
  Destination:            vector_main_ixc/read_path/master_queue[0].addr_mem_reg_0_3_12_17/RAMA/I
                            (rising edge-triggered cell RAMD32 clocked by sys_clk  {rise@0.000ns fall@2.500ns period=5.000ns})
  Path Group:             (none)
  Path Type:              Hold (Min at Fast Process Corner)
  Data Path Delay:        0.706ns  (logic 0.092ns (12.997%)  route 0.614ns (87.003%))
  Logic Levels:           1  (IBUF=1)
  Clock Path Skew:        2.620ns (DCD - SCD - CPR)
    Destination Clock Delay (DCD):    2.620ns
    Source Clock Delay      (SCD):    0.000ns
    Clock Pessimism Removal (CPR):    -0.000ns

    Location             Delay type                Incr(ns)  Path(ns)    Netlist Resource(s)
  -------------------------------------------------------------------    -------------------
    AD29                                              0.000     0.000 r  read_req\\.addr[12]
                         net (fo=0)                   0.000     0.000    read_req\\.addr[12]
    AD29                 IBUF (Prop_ibuf_I_O)         0.092     0.092 r  master_queue[0].addr_mem_reg_0_3_12_17_i_2/O
                         net (fo=1, estimated)        0.614     0.706    vector_main_ixc/read_path/master_queue[0].addr_mem_reg_0_3_12_17/DIA0
    SLICE_X16Y84         RAMD32                                       r  vector_main_ixc/read_path/master_queue[0].addr_mem_reg_0_3_12_17/RAMA/I
  -------------------------------------------------------------------    -------------------

                         (clock sys_clk rise edge)    0.000     0.000 r  <hidden>
    AL25                                              0.000     0.000 r  clk
                         net (fo=0)                   0.000     0.000    clk
    AL25                 IBUF (Prop_ibuf_I_O)         0.380     0.380 r  clk_IBUF_inst/O
                         net (fo=1, estimated)        1.240     1.620    clk_IBUF
    BUFGCTRL_X0Y0        BUFG (Prop_bufg_I_O)         0.030     1.650 r  clk_IBUF_BUFG_inst/O
                         net (fo=16647, estimated)    0.970     2.620    vector_main_ixc/read_path/master_queue[0].addr_mem_reg_0_3_12_17/WCLK
    SLICE_X16Y84         RAMD32                                       r  vector_main_ixc/read_path/master_queue[0].addr_mem_reg_0_3_12_17/RAMA/CLK

Slack:                    inf
  Source:                 read_req\\.addr[26]
                            (input port)
  Destination:            vector_main_ixc/read_path/master_queue[0].addr_mem_reg_0_3_24_29/RAMB/I
                            (rising edge-triggered cell RAMD32 clocked by sys_clk  {rise@0.000ns fall@2.500ns period=5.000ns})
  Path Group:             (none)
  Path Type:              Hold (Min at Fast Process Corner)
  Data Path Delay:        0.707ns  (logic 0.112ns (15.807%)  route 0.595ns (84.193%))
  Logic Levels:           1  (IBUF=1)
  Clock Path Skew:        2.625ns (DCD - SCD - CPR)
    Destination Clock Delay (DCD):    2.625ns
    Source Clock Delay      (SCD):    0.000ns
    Clock Pessimism Removal (CPR):    -0.000ns

    Location             Delay type                Incr(ns)  Path(ns)    Netlist Resource(s)
  -------------------------------------------------------------------    -------------------
    AK26                                              0.000     0.000 r  read_req\\.addr[26]
                         net (fo=0)                   0.000     0.000    read_req\\.addr[26]
    AK26                 IBUF (Prop_ibuf_I_O)         0.112     0.112 r  master_queue[0].addr_mem_reg_0_3_24_29_i_4/O
                         net (fo=1, estimated)        0.595     0.707    vector_main_ixc/read_path/master_queue[0].addr_mem_reg_0_3_24_29/DIB0
    SLICE_X16Y92         RAMD32                                       r  vector_main_ixc/read_path/master_queue[0].addr_mem_reg_0_3_24_29/RAMB/I
  -------------------------------------------------------------------    -------------------

                         (clock sys_clk rise edge)    0.000     0.000 r  <hidden>
    AL25                                              0.000     0.000 r  clk
                         net (fo=0)                   0.000     0.000    clk
    AL25                 IBUF (Prop_ibuf_I_O)         0.380     0.380 r  clk_IBUF_inst/O
                         net (fo=1, estimated)        1.240     1.620    clk_IBUF
    BUFGCTRL_X0Y0        BUFG (Prop_bufg_I_O)         0.030     1.650 r  clk_IBUF_BUFG_inst/O
                         net (fo=16647, estimated)    0.975     2.625    vector_main_ixc/read_path/master_queue[0].addr_mem_reg_0_3_24_29/WCLK
    SLICE_X16Y92         RAMD32                                       r  vector_main_ixc/read_path/master_queue[0].addr_mem_reg_0_3_24_29/RAMB/CLK

Slack:                    inf
  Source:                 read_req\\.addr[13]
                            (input port)
  Destination:            vector_main_ixc/read_path/master_queue[0].addr_mem_reg_0_3_12_17/RAMA_D1/I
                            (rising edge-triggered cell RAMD32 clocked by sys_clk  {rise@0.000ns fall@2.500ns period=5.000ns})
  Path Group:             (none)
  Path Type:              Hold (Min at Fast Process Corner)
  Data Path Delay:        0.710ns  (logic 0.099ns (13.886%)  route 0.611ns (86.114%))
  Logic Levels:           1  (IBUF=1)
  Clock Path Skew:        2.620ns (DCD - SCD - CPR)
    Destination Clock Delay (DCD):    2.620ns
    Source Clock Delay      (SCD):    0.000ns
    Clock Pessimism Removal (CPR):    -0.000ns

    Location             Delay type                Incr(ns)  Path(ns)    Netlist Resource(s)
  -------------------------------------------------------------------    -------------------
    AH29                                              0.000     0.000 r  read_req\\.addr[13]
                         net (fo=0)                   0.000     0.000    read_req\\.addr[13]
    AH29                 IBUF (Prop_ibuf_I_O)         0.099     0.099 r  master_queue[0].addr_mem_reg_0_3_12_17_i_1/O
                         net (fo=1, estimated)        0.611     0.710    vector_main_ixc/read_path/master_queue[0].addr_mem_reg_0_3_12_17/DIA1
    SLICE_X16Y84         RAMD32                                       r  vector_main_ixc/read_path/master_queue[0].addr_mem_reg_0_3_12_17/RAMA_D1/I
  -------------------------------------------------------------------    -------------------

                         (clock sys_clk rise edge)    0.000     0.000 r  <hidden>
    AL25                                              0.000     0.000 r  clk
                         net (fo=0)                   0.000     0.000    clk
    AL25                 IBUF (Prop_ibuf_I_O)         0.380     0.380 r  clk_IBUF_inst/O
                         net (fo=1, estimated)        1.240     1.620    clk_IBUF
    BUFGCTRL_X0Y0        BUFG (Prop_bufg_I_O)         0.030     1.650 r  clk_IBUF_BUFG_inst/O
                         net (fo=16647, estimated)    0.970     2.620    vector_main_ixc/read_path/master_queue[0].addr_mem_reg_0_3_12_17/WCLK
    SLICE_X16Y84         RAMD32                                       r  vector_main_ixc/read_path/master_queue[0].addr_mem_reg_0_3_12_17/RAMA_D1/CLK

Slack:                    inf
  Source:                 read_req\\.epoch[3]
                            (input port)
  Destination:            vector_main_ixc/read_path/master_queue[0].addr_mem_reg_0_3_30_31/RAMC_D1/I
                            (rising edge-triggered cell RAMD32 clocked by sys_clk  {rise@0.000ns fall@2.500ns period=5.000ns})
  Path Group:             (none)
  Path Type:              Hold (Min at Fast Process Corner)
  Data Path Delay:        0.712ns  (logic 0.137ns (19.310%)  route 0.574ns (80.690%))
  Logic Levels:           1  (IBUF=1)
  Clock Path Skew:        2.624ns (DCD - SCD - CPR)
    Destination Clock Delay (DCD):    2.624ns
    Source Clock Delay      (SCD):    0.000ns
    Clock Pessimism Removal (CPR):    -0.000ns

    Location             Delay type                Incr(ns)  Path(ns)    Netlist Resource(s)
  -------------------------------------------------------------------    -------------------
    AM25                                              0.000     0.000 r  read_req\\.epoch[3]
                         net (fo=0)                   0.000     0.000    read_req\\.epoch[3]
    AM25                 IBUF (Prop_ibuf_I_O)         0.137     0.137 r  master_queue[0].addr_mem_reg_0_3_30_31_i_5/O
                         net (fo=1, estimated)        0.574     0.712    vector_main_ixc/read_path/master_queue[0].addr_mem_reg_0_3_30_31/DIC1
    SLICE_X20Y90         RAMD32                                       r  vector_main_ixc/read_path/master_queue[0].addr_mem_reg_0_3_30_31/RAMC_D1/I
  -------------------------------------------------------------------    -------------------

                         (clock sys_clk rise edge)    0.000     0.000 r  <hidden>
    AL25                                              0.000     0.000 r  clk
                         net (fo=0)                   0.000     0.000    clk
    AL25                 IBUF (Prop_ibuf_I_O)         0.380     0.380 r  clk_IBUF_inst/O
                         net (fo=1, estimated)        1.240     1.620    clk_IBUF
    BUFGCTRL_X0Y0        BUFG (Prop_bufg_I_O)         0.030     1.650 r  clk_IBUF_BUFG_inst/O
                         net (fo=16647, estimated)    0.974     2.624    vector_main_ixc/read_path/master_queue[0].addr_mem_reg_0_3_30_31/WCLK
    SLICE_X20Y90         RAMD32                                       r  vector_main_ixc/read_path/master_queue[0].addr_mem_reg_0_3_30_31/RAMC_D1/CLK

Slack:                    inf
  Source:                 read_req\\.addr[20]
                            (input port)
  Destination:            vector_main_ixc/read_path/master_queue[0].addr_mem_reg_0_3_18_23/RAMB/I
                            (rising edge-triggered cell RAMD32 clocked by sys_clk  {rise@0.000ns fall@2.500ns period=5.000ns})
  Path Group:             (none)
  Path Type:              Hold (Min at Fast Process Corner)
  Data Path Delay:        0.713ns  (logic 0.108ns (15.161%)  route 0.605ns (84.839%))
  Logic Levels:           1  (IBUF=1)
  Clock Path Skew:        2.625ns (DCD - SCD - CPR)
    Destination Clock Delay (DCD):    2.625ns
    Source Clock Delay      (SCD):    0.000ns
    Clock Pessimism Removal (CPR):    -0.000ns

    Location             Delay type                Incr(ns)  Path(ns)    Netlist Resource(s)
  -------------------------------------------------------------------    -------------------
    AH25                                              0.000     0.000 r  read_req\\.addr[20]
                         net (fo=0)                   0.000     0.000    read_req\\.addr[20]
    AH25                 IBUF (Prop_ibuf_I_O)         0.108     0.108 r  master_queue[0].addr_mem_reg_0_3_18_23_i_4/O
                         net (fo=1, estimated)        0.605     0.713    vector_main_ixc/read_path/master_queue[0].addr_mem_reg_0_3_18_23/DIB0
    SLICE_X18Y90         RAMD32                                       r  vector_main_ixc/read_path/master_queue[0].addr_mem_reg_0_3_18_23/RAMB/I
  -------------------------------------------------------------------    -------------------

                         (clock sys_clk rise edge)    0.000     0.000 r  <hidden>
    AL25                                              0.000     0.000 r  clk
                         net (fo=0)                   0.000     0.000    clk
    AL25                 IBUF (Prop_ibuf_I_O)         0.380     0.380 r  clk_IBUF_inst/O
                         net (fo=1, estimated)        1.240     1.620    clk_IBUF
    BUFGCTRL_X0Y0        BUFG (Prop_bufg_I_O)         0.030     1.650 r  clk_IBUF_BUFG_inst/O
                         net (fo=16647, estimated)    0.975     2.625    vector_main_ixc/read_path/master_queue[0].addr_mem_reg_0_3_18_23/WCLK
    SLICE_X18Y90         RAMD32                                       r  vector_main_ixc/read_path/master_queue[0].addr_mem_reg_0_3_18_23/RAMB/CLK

Slack:                    inf
  Source:                 read_req\\.addr[29]
                            (input port)
  Destination:            vector_main_ixc/read_path/master_queue[0].addr_mem_reg_0_3_24_29/RAMC_D1/I
                            (rising edge-triggered cell RAMD32 clocked by sys_clk  {rise@0.000ns fall@2.500ns period=5.000ns})
  Path Group:             (none)
  Path Type:              Hold (Min at Fast Process Corner)
  Data Path Delay:        0.714ns  (logic 0.117ns (16.400%)  route 0.597ns (83.600%))
  Logic Levels:           1  (IBUF=1)
  Clock Path Skew:        2.625ns (DCD - SCD - CPR)
    Destination Clock Delay (DCD):    2.625ns
    Source Clock Delay      (SCD):    0.000ns
    Clock Pessimism Removal (CPR):    -0.000ns

    Location             Delay type                Incr(ns)  Path(ns)    Netlist Resource(s)
  -------------------------------------------------------------------    -------------------
    AK28                                              0.000     0.000 r  read_req\\.addr[29]
                         net (fo=0)                   0.000     0.000    read_req\\.addr[29]
    AK28                 IBUF (Prop_ibuf_I_O)         0.117     0.117 r  master_queue[0].addr_mem_reg_0_3_24_29_i_5/O
                         net (fo=1, estimated)        0.597     0.714    vector_main_ixc/read_path/master_queue[0].addr_mem_reg_0_3_24_29/DIC1
    SLICE_X16Y92         RAMD32                                       r  vector_main_ixc/read_path/master_queue[0].addr_mem_reg_0_3_24_29/RAMC_D1/I
  -------------------------------------------------------------------    -------------------

                         (clock sys_clk rise edge)    0.000     0.000 r  <hidden>
    AL25                                              0.000     0.000 r  clk
                         net (fo=0)                   0.000     0.000    clk
    AL25                 IBUF (Prop_ibuf_I_O)         0.380     0.380 r  clk_IBUF_inst/O
                         net (fo=1, estimated)        1.240     1.620    clk_IBUF
    BUFGCTRL_X0Y0        BUFG (Prop_bufg_I_O)         0.030     1.650 r  clk_IBUF_BUFG_inst/O
                         net (fo=16647, estimated)    0.975     2.625    vector_main_ixc/read_path/master_queue[0].addr_mem_reg_0_3_24_29/WCLK
    SLICE_X16Y92         RAMD32                                       r  vector_main_ixc/read_path/master_queue[0].addr_mem_reg_0_3_24_29/RAMC_D1/CLK

Slack:                    inf
  Source:                 read_req\\.addr[9]
                            (input port)
  Destination:            vector_main_ixc/read_path/master_queue[0].addr_mem_reg_0_3_6_11/RAMB_D1/I
                            (rising edge-triggered cell RAMD32 clocked by sys_clk  {rise@0.000ns fall@2.500ns period=5.000ns})
  Path Group:             (none)
  Path Type:              Hold (Min at Fast Process Corner)
  Data Path Delay:        0.714ns  (logic 0.083ns (11.559%)  route 0.632ns (88.441%))
  Logic Levels:           1  (IBUF=1)
  Clock Path Skew:        2.616ns (DCD - SCD - CPR)
    Destination Clock Delay (DCD):    2.616ns
    Source Clock Delay      (SCD):    0.000ns
    Clock Pessimism Removal (CPR):    -0.000ns

    Location             Delay type                Incr(ns)  Path(ns)    Netlist Resource(s)
  -------------------------------------------------------------------    -------------------
    AF29                                              0.000     0.000 r  read_req\\.addr[9]
                         net (fo=0)                   0.000     0.000    read_req\\.addr[9]
    AF29                 IBUF (Prop_ibuf_I_O)         0.083     0.083 r  master_queue[0].addr_mem_reg_0_3_6_11_i_3/O
                         net (fo=1, estimated)        0.632     0.714    vector_main_ixc/read_path/master_queue[0].addr_mem_reg_0_3_6_11/DIB1
    SLICE_X22Y82         RAMD32                                       r  vector_main_ixc/read_path/master_queue[0].addr_mem_reg_0_3_6_11/RAMB_D1/I
  -------------------------------------------------------------------    -------------------

                         (clock sys_clk rise edge)    0.000     0.000 r  <hidden>
    AL25                                              0.000     0.000 r  clk
                         net (fo=0)                   0.000     0.000    clk
    AL25                 IBUF (Prop_ibuf_I_O)         0.380     0.380 r  clk_IBUF_inst/O
                         net (fo=1, estimated)        1.240     1.620    clk_IBUF
    BUFGCTRL_X0Y0        BUFG (Prop_bufg_I_O)         0.030     1.650 r  clk_IBUF_BUFG_inst/O
                         net (fo=16647, estimated)    0.966     2.616    vector_main_ixc/read_path/master_queue[0].addr_mem_reg_0_3_6_11/WCLK
    SLICE_X22Y82         RAMD32                                       r  vector_main_ixc/read_path/master_queue[0].addr_mem_reg_0_3_6_11/RAMB_D1/CLK

Slack:                    inf
  Source:                 read_req\\.addr[8]
                            (input port)
  Destination:            vector_main_ixc/read_path/master_queue[0].addr_mem_reg_0_3_6_11/RAMB/I
                            (rising edge-triggered cell RAMD32 clocked by sys_clk  {rise@0.000ns fall@2.500ns period=5.000ns})
  Path Group:             (none)
  Path Type:              Hold (Min at Fast Process Corner)
  Data Path Delay:        0.715ns  (logic 0.071ns (9.926%)  route 0.644ns (90.074%))
  Logic Levels:           1  (IBUF=1)
  Clock Path Skew:        2.616ns (DCD - SCD - CPR)
    Destination Clock Delay (DCD):    2.616ns
    Source Clock Delay      (SCD):    0.000ns
    Clock Pessimism Removal (CPR):    -0.000ns

    Location             Delay type                Incr(ns)  Path(ns)    Netlist Resource(s)
  -------------------------------------------------------------------    -------------------
    AE27                                              0.000     0.000 r  read_req\\.addr[8]
                         net (fo=0)                   0.000     0.000    read_req\\.addr[8]
    AE27                 IBUF (Prop_ibuf_I_O)         0.071     0.071 r  master_queue[0].addr_mem_reg_0_3_6_11_i_4/O
                         net (fo=1, estimated)        0.644     0.715    vector_main_ixc/read_path/master_queue[0].addr_mem_reg_0_3_6_11/DIB0
    SLICE_X22Y82         RAMD32                                       r  vector_main_ixc/read_path/master_queue[0].addr_mem_reg_0_3_6_11/RAMB/I
  -------------------------------------------------------------------    -------------------

                         (clock sys_clk rise edge)    0.000     0.000 r  <hidden>
    AL25                                              0.000     0.000 r  clk
                         net (fo=0)                   0.000     0.000    clk
    AL25                 IBUF (Prop_ibuf_I_O)         0.380     0.380 r  clk_IBUF_inst/O
                         net (fo=1, estimated)        1.240     1.620    clk_IBUF
    BUFGCTRL_X0Y0        BUFG (Prop_bufg_I_O)         0.030     1.650 r  clk_IBUF_BUFG_inst/O
                         net (fo=16647, estimated)    0.966     2.616    vector_main_ixc/read_path/master_queue[0].addr_mem_reg_0_3_6_11/WCLK
    SLICE_X22Y82         RAMD32                                       r  vector_main_ixc/read_path/master_queue[0].addr_mem_reg_0_3_6_11/RAMB/CLK

Slack:                    inf
  Source:                 read_req\\.addr[10]
                            (input port)
  Destination:            vector_main_ixc/read_path/master_queue[0].addr_mem_reg_0_3_6_11/RAMC/I
                            (rising edge-triggered cell RAMD32 clocked by sys_clk  {rise@0.000ns fall@2.500ns period=5.000ns})
  Path Group:             (none)
  Path Type:              Hold (Min at Fast Process Corner)
  Data Path Delay:        0.715ns  (logic 0.080ns (11.128%)  route 0.635ns (88.872%))
  Logic Levels:           1  (IBUF=1)
  Clock Path Skew:        2.616ns (DCD - SCD - CPR)
    Destination Clock Delay (DCD):    2.616ns
    Source Clock Delay      (SCD):    0.000ns
    Clock Pessimism Removal (CPR):    -0.000ns

    Location             Delay type                Incr(ns)  Path(ns)    Netlist Resource(s)
  -------------------------------------------------------------------    -------------------
    AF28                                              0.000     0.000 r  read_req\\.addr[10]
                         net (fo=0)                   0.000     0.000    read_req\\.addr[10]
    AF28                 IBUF (Prop_ibuf_I_O)         0.080     0.080 r  master_queue[0].addr_mem_reg_0_3_6_11_i_6/O
                         net (fo=1, estimated)        0.635     0.715    vector_main_ixc/read_path/master_queue[0].addr_mem_reg_0_3_6_11/DIC0
    SLICE_X22Y82         RAMD32                                       r  vector_main_ixc/read_path/master_queue[0].addr_mem_reg_0_3_6_11/RAMC/I
  -------------------------------------------------------------------    -------------------

                         (clock sys_clk rise edge)    0.000     0.000 r  <hidden>
    AL25                                              0.000     0.000 r  clk
                         net (fo=0)                   0.000     0.000    clk
    AL25                 IBUF (Prop_ibuf_I_O)         0.380     0.380 r  clk_IBUF_inst/O
                         net (fo=1, estimated)        1.240     1.620    clk_IBUF
    BUFGCTRL_X0Y0        BUFG (Prop_bufg_I_O)         0.030     1.650 r  clk_IBUF_BUFG_inst/O
                         net (fo=16647, estimated)    0.966     2.616    vector_main_ixc/read_path/master_queue[0].addr_mem_reg_0_3_6_11/WCLK
    SLICE_X22Y82         RAMD32                                       r  vector_main_ixc/read_path/master_queue[0].addr_mem_reg_0_3_6_11/RAMC/CLK

Slack:                    inf
  Source:                 read_req\\.addr[21]
                            (input port)
  Destination:            vector_main_ixc/read_path/master_queue[0].addr_mem_reg_0_3_18_23/RAMB_D1/I
                            (rising edge-triggered cell RAMD32 clocked by sys_clk  {rise@0.000ns fall@2.500ns period=5.000ns})
  Path Group:             (none)
  Path Type:              Hold (Min at Fast Process Corner)
  Data Path Delay:        0.718ns  (logic 0.103ns (14.326%)  route 0.615ns (85.674%))
  Logic Levels:           1  (IBUF=1)
  Clock Path Skew:        2.625ns (DCD - SCD - CPR)
    Destination Clock Delay (DCD):    2.625ns
    Source Clock Delay      (SCD):    0.000ns
    Clock Pessimism Removal (CPR):    -0.000ns

    Location             Delay type                Incr(ns)  Path(ns)    Netlist Resource(s)
  -------------------------------------------------------------------    -------------------
    AH28                                              0.000     0.000 r  read_req\\.addr[21]
                         net (fo=0)                   0.000     0.000    read_req\\.addr[21]
    AH28                 IBUF (Prop_ibuf_I_O)         0.103     0.103 r  master_queue[0].addr_mem_reg_0_3_18_23_i_3/O
                         net (fo=1, estimated)        0.615     0.718    vector_main_ixc/read_path/master_queue[0].addr_mem_reg_0_3_18_23/DIB1
    SLICE_X18Y90         RAMD32                                       r  vector_main_ixc/read_path/master_queue[0].addr_mem_reg_0_3_18_23/RAMB_D1/I
  -------------------------------------------------------------------    -------------------

                         (clock sys_clk rise edge)    0.000     0.000 r  <hidden>
    AL25                                              0.000     0.000 r  clk
                         net (fo=0)                   0.000     0.000    clk
    AL25                 IBUF (Prop_ibuf_I_O)         0.380     0.380 r  clk_IBUF_inst/O
                         net (fo=1, estimated)        1.240     1.620    clk_IBUF
    BUFGCTRL_X0Y0        BUFG (Prop_bufg_I_O)         0.030     1.650 r  clk_IBUF_BUFG_inst/O
                         net (fo=16647, estimated)    0.975     2.625    vector_main_ixc/read_path/master_queue[0].addr_mem_reg_0_3_18_23/WCLK
    SLICE_X18Y90         RAMD32                                       r  vector_main_ixc/read_path/master_queue[0].addr_mem_reg_0_3_18_23/RAMB_D1/CLK

Slack:                    inf
  Source:                 read_req\\.addr[25]
                            (input port)
  Destination:            vector_main_ixc/read_path/master_queue[0].addr_mem_reg_0_3_24_29/RAMA_D1/I
                            (rising edge-triggered cell RAMD32 clocked by sys_clk  {rise@0.000ns fall@2.500ns period=5.000ns})
  Path Group:             (none)
  Path Type:              Hold (Min at Fast Process Corner)
  Data Path Delay:        0.721ns  (logic 0.108ns (14.964%)  route 0.613ns (85.036%))
  Logic Levels:           1  (IBUF=1)
  Clock Path Skew:        2.625ns (DCD - SCD - CPR)
    Destination Clock Delay (DCD):    2.625ns
    Source Clock Delay      (SCD):    0.000ns
    Clock Pessimism Removal (CPR):    -0.000ns

    Location             Delay type                Incr(ns)  Path(ns)    Netlist Resource(s)
  -------------------------------------------------------------------    -------------------
    AK27                                              0.000     0.000 r  read_req\\.addr[25]
                         net (fo=0)                   0.000     0.000    read_req\\.addr[25]
    AK27                 IBUF (Prop_ibuf_I_O)         0.108     0.108 r  master_queue[0].addr_mem_reg_0_3_24_29_i_1/O
                         net (fo=1, estimated)        0.613     0.721    vector_main_ixc/read_path/master_queue[0].addr_mem_reg_0_3_24_29/DIA1
    SLICE_X16Y92         RAMD32                                       r  vector_main_ixc/read_path/master_queue[0].addr_mem_reg_0_3_24_29/RAMA_D1/I
  -------------------------------------------------------------------    -------------------

                         (clock sys_clk rise edge)    0.000     0.000 r  <hidden>
    AL25                                              0.000     0.000 r  clk
                         net (fo=0)                   0.000     0.000    clk
    AL25                 IBUF (Prop_ibuf_I_O)         0.380     0.380 r  clk_IBUF_inst/O
                         net (fo=1, estimated)        1.240     1.620    clk_IBUF
    BUFGCTRL_X0Y0        BUFG (Prop_bufg_I_O)         0.030     1.650 r  clk_IBUF_BUFG_inst/O
                         net (fo=16647, estimated)    0.975     2.625    vector_main_ixc/read_path/master_queue[0].addr_mem_reg_0_3_24_29/WCLK
    SLICE_X16Y92         RAMD32                                       r  vector_main_ixc/read_path/master_queue[0].addr_mem_reg_0_3_24_29/RAMA_D1/CLK

Slack:                    inf
  Source:                 read_req\\.addr[30]
                            (input port)
  Destination:            vector_main_ixc/read_path/master_queue[0].addr_mem_reg_0_3_30_31/RAMA/I
                            (rising edge-triggered cell RAMD32 clocked by sys_clk  {rise@0.000ns fall@2.500ns period=5.000ns})
  Path Group:             (none)
  Path Type:              Hold (Min at Fast Process Corner)
  Data Path Delay:        0.727ns  (logic 0.138ns (19.005%)  route 0.589ns (80.995%))
  Logic Levels:           1  (IBUF=1)
  Clock Path Skew:        2.624ns (DCD - SCD - CPR)
    Destination Clock Delay (DCD):    2.624ns
    Source Clock Delay      (SCD):    0.000ns
    Clock Pessimism Removal (CPR):    -0.000ns

    Location             Delay type                Incr(ns)  Path(ns)    Netlist Resource(s)
  -------------------------------------------------------------------    -------------------
    AL24                                              0.000     0.000 r  read_req\\.addr[30]
                         net (fo=0)                   0.000     0.000    read_req\\.addr[30]
    AL24                 IBUF (Prop_ibuf_I_O)         0.138     0.138 r  master_queue[0].addr_mem_reg_0_3_30_31_i_2/O
                         net (fo=1, estimated)        0.589     0.727    vector_main_ixc/read_path/master_queue[0].addr_mem_reg_0_3_30_31/DIA0
    SLICE_X20Y90         RAMD32                                       r  vector_main_ixc/read_path/master_queue[0].addr_mem_reg_0_3_30_31/RAMA/I
  -------------------------------------------------------------------    -------------------

                         (clock sys_clk rise edge)    0.000     0.000 r  <hidden>
    AL25                                              0.000     0.000 r  clk
                         net (fo=0)                   0.000     0.000    clk
    AL25                 IBUF (Prop_ibuf_I_O)         0.380     0.380 r  clk_IBUF_inst/O
                         net (fo=1, estimated)        1.240     1.620    clk_IBUF
    BUFGCTRL_X0Y0        BUFG (Prop_bufg_I_O)         0.030     1.650 r  clk_IBUF_BUFG_inst/O
                         net (fo=16647, estimated)    0.974     2.624    vector_main_ixc/read_path/master_queue[0].addr_mem_reg_0_3_30_31/WCLK
    SLICE_X20Y90         RAMD32                                       r  vector_main_ixc/read_path/master_queue[0].addr_mem_reg_0_3_30_31/RAMA/CLK





